"","sim","G","sampler","relabalg","ellipsealg","thamesalg","estimate","value"
"1","1","2","underfitting_rho0","ECR","standard","simple","upper","0.914909510253011"
"2","2","2","underfitting_rho0","ECR","standard","simple","upper","0.500818519326863"
"3","3","2","underfitting_rho0","ECR","standard","simple","upper","0.316626411535587"
"4","4","2","underfitting_rho0","ECR","standard","simple","upper","0.134364034709421"
"5","5","2","underfitting_rho0","ECR","standard","simple","upper","0.267277364556001"
"6","6","2","underfitting_rho0","ECR","standard","simple","upper","0.246466452204722"
"7","7","2","underfitting_rho0","ECR","standard","simple","upper","0.593660353408019"
"8","8","2","underfitting_rho0","ECR","standard","simple","upper","0.206388173185104"
"9","9","2","underfitting_rho0","ECR","standard","simple","upper","0.26520790144771"
"10","10","2","underfitting_rho0","ECR","standard","simple","upper","0.706065645870261"
"11","11","2","underfitting_rho0","ECR","standard","simple","upper","0.315074315915453"
"12","12","2","underfitting_rho0","ECR","standard","simple","upper","1.95752826928902"
"13","13","2","underfitting_rho0","ECR","standard","simple","upper","0.800500704785655"
"14","14","2","underfitting_rho0","ECR","standard","simple","upper","0.264942280347476"
"15","15","2","underfitting_rho0","ECR","standard","simple","upper","0.35411534010958"
"16","16","2","underfitting_rho0","ECR","standard","simple","upper","0.206209451179042"
"17","17","2","underfitting_rho0","ECR","standard","simple","upper","0.267606190718823"
"18","18","2","underfitting_rho0","ECR","standard","simple","upper","0.409390288933793"
"19","19","2","underfitting_rho0","ECR","standard","simple","upper","0.448743819852844"
"20","20","2","underfitting_rho0","ECR","standard","simple","upper","0.167867802596035"
"21","21","2","underfitting_rho0","ECR","standard","simple","upper","0.421330944837855"
"22","22","2","underfitting_rho0","ECR","standard","simple","upper","1.54542731770198"
"23","23","2","underfitting_rho0","ECR","standard","simple","upper","0.125226970164903"
"24","24","2","underfitting_rho0","ECR","standard","simple","upper","0.392968562513573"
"25","25","2","underfitting_rho0","ECR","standard","simple","upper","2.2946215444858"
"26","26","2","underfitting_rho0","ECR","standard","simple","upper","0.209331228801268"
"27","27","2","underfitting_rho0","ECR","standard","simple","upper","0.249391029504451"
"28","28","2","underfitting_rho0","ECR","standard","simple","upper","0.496039930109831"
"29","29","2","underfitting_rho0","ECR","standard","simple","upper","0.321909253828544"
"30","30","2","underfitting_rho0","ECR","standard","simple","upper","1.4246753507905"
"31","31","2","underfitting_rho0","ECR","standard","simple","upper","0.227111884934871"
"32","32","2","underfitting_rho0","ECR","standard","simple","upper","0.60638165452022"
"33","33","2","underfitting_rho0","ECR","standard","simple","upper","0.167673647452389"
"34","34","2","underfitting_rho0","ECR","standard","simple","upper","1.9572802420152"
"35","35","2","underfitting_rho0","ECR","standard","simple","upper","0.265141482078526"
"36","36","2","underfitting_rho0","ECR","standard","simple","upper","0.176523839172198"
"37","37","2","underfitting_rho0","ECR","standard","simple","upper","0.332219379439863"
"38","38","2","underfitting_rho0","ECR","standard","simple","upper","1.01249818224736"
"39","39","2","underfitting_rho0","ECR","standard","simple","upper","0.334436975972167"
"40","40","2","underfitting_rho0","ECR","standard","simple","upper","0.645701518698438"
"41","41","2","underfitting_rho0","ECR","standard","simple","upper","0.469521316104373"
"42","42","2","underfitting_rho0","ECR","standard","simple","upper","0.210617978707397"
"43","43","2","underfitting_rho0","ECR","standard","simple","upper","0.820300668671258"
"44","44","2","underfitting_rho0","ECR","standard","simple","upper","0.330225480167151"
"45","45","2","underfitting_rho0","ECR","standard","simple","upper","0.350453682506995"
"46","46","2","underfitting_rho0","ECR","standard","simple","upper","0.256440503132858"
"47","47","2","underfitting_rho0","ECR","standard","simple","upper","2.22130254274907"
"48","48","2","underfitting_rho0","ECR","standard","simple","upper","0.194151815698497"
"49","49","2","underfitting_rho0","ECR","standard","simple","upper","0.262808968263627"
"50","50","2","underfitting_rho0","ECR","standard","simple","upper","0.613323878037086"
"51","1","2","underfitting_rho.5","ECR","standard","simple","upper","0.540976859395109"
"52","2","2","underfitting_rho.5","ECR","standard","simple","upper","0.506091016968838"
"53","3","2","underfitting_rho.5","ECR","standard","simple","upper","0.0816895453125568"
"54","4","2","underfitting_rho.5","ECR","standard","simple","upper","0.362809994561054"
"55","5","2","underfitting_rho.5","ECR","standard","simple","upper","0.210821491261413"
"56","6","2","underfitting_rho.5","ECR","standard","simple","upper","0.313962572038832"
"57","7","2","underfitting_rho.5","ECR","standard","simple","upper","0.561005365366455"
"58","8","2","underfitting_rho.5","ECR","standard","simple","upper","0.382205123770071"
"59","9","2","underfitting_rho.5","ECR","standard","simple","upper","0.350621309661001"
"60","10","2","underfitting_rho.5","ECR","standard","simple","upper","0.726281566539704"
"61","11","2","underfitting_rho.5","ECR","standard","simple","upper","0.816815238254954"
"62","12","2","underfitting_rho.5","ECR","standard","simple","upper","0.652599925475272"
"63","13","2","underfitting_rho.5","ECR","standard","simple","upper","1.57175557369877"
"64","14","2","underfitting_rho.5","ECR","standard","simple","upper","0.376389861602938"
"65","15","2","underfitting_rho.5","ECR","standard","simple","upper","1.58960501012698"
"66","16","2","underfitting_rho.5","ECR","standard","simple","upper","0.19946699867171"
"67","17","2","underfitting_rho.5","ECR","standard","simple","upper","0.286236698368405"
"68","18","2","underfitting_rho.5","ECR","standard","simple","upper","0.430116689901112"
"69","19","2","underfitting_rho.5","ECR","standard","simple","upper","0.97205940651898"
"70","20","2","underfitting_rho.5","ECR","standard","simple","upper","0.175373305495498"
"71","21","2","underfitting_rho.5","ECR","standard","simple","upper","0.415991347266896"
"72","22","2","underfitting_rho.5","ECR","standard","simple","upper","0.355372549249147"
"73","23","2","underfitting_rho.5","ECR","standard","simple","upper","0.292573551691468"
"74","24","2","underfitting_rho.5","ECR","standard","simple","upper","0.857044772045761"
"75","25","2","underfitting_rho.5","ECR","standard","simple","upper","2.36326707170689"
"76","26","2","underfitting_rho.5","ECR","standard","simple","upper","0.243403195430702"
"77","27","2","underfitting_rho.5","ECR","standard","simple","upper","0.231943169263324"
"78","28","2","underfitting_rho.5","ECR","standard","simple","upper","0.334555782866808"
"79","29","2","underfitting_rho.5","ECR","standard","simple","upper","1.67244217468883"
"80","30","2","underfitting_rho.5","ECR","standard","simple","upper","1.48159822108582"
"81","31","2","underfitting_rho.5","ECR","standard","simple","upper","0.39304487279135"
"82","32","2","underfitting_rho.5","ECR","standard","simple","upper","0.350764638545257"
"83","33","2","underfitting_rho.5","ECR","standard","simple","upper","1.63204234278437"
"84","34","2","underfitting_rho.5","ECR","standard","simple","upper","0.479368996459677"
"85","35","2","underfitting_rho.5","ECR","standard","simple","upper","1.67263629652884"
"86","36","2","underfitting_rho.5","ECR","standard","simple","upper","0.393908444012432"
"87","37","2","underfitting_rho.5","ECR","standard","simple","upper","0.439551855015289"
"88","38","2","underfitting_rho.5","ECR","standard","simple","upper","0.758600302964403"
"89","39","2","underfitting_rho.5","ECR","standard","simple","upper","0.330428585182368"
"90","40","2","underfitting_rho.5","ECR","standard","simple","upper","2.10966026080995"
"91","41","2","underfitting_rho.5","ECR","standard","simple","upper","0.450606631293013"
"92","42","2","underfitting_rho.5","ECR","standard","simple","upper","0.193701429173842"
"93","43","2","underfitting_rho.5","ECR","standard","simple","upper","1.15082795657557"
"94","44","2","underfitting_rho.5","ECR","standard","simple","upper","0.299820451476364"
"95","45","2","underfitting_rho.5","ECR","standard","simple","upper","0.583345110555946"
"96","46","2","underfitting_rho.5","ECR","standard","simple","upper","0.572633474388965"
"97","47","2","underfitting_rho.5","ECR","standard","simple","upper","2.3059110037819"
"98","48","2","underfitting_rho.5","ECR","standard","simple","upper","1.03615218981679"
"99","49","2","underfitting_rho.5","ECR","standard","simple","upper","0.245932054883276"
"100","50","2","underfitting_rho.5","ECR","standard","simple","upper","0.559657543367358"
"101","1","2","underfitting_rho1","ECR","standard","simple","upper","0.188216689983893"
"102","2","2","underfitting_rho1","ECR","standard","simple","upper","0.591073731288255"
"103","3","2","underfitting_rho1","ECR","standard","simple","upper","2.02743912693135"
"104","4","2","underfitting_rho1","ECR","standard","simple","upper","0.287293648872769"
"105","5","2","underfitting_rho1","ECR","standard","simple","upper","0.154406741187977"
"106","6","2","underfitting_rho1","ECR","standard","simple","upper","0.561674073579042"
"107","7","2","underfitting_rho1","ECR","standard","simple","upper","2.43656778415671"
"108","8","2","underfitting_rho1","ECR","standard","simple","upper","0.278640069055939"
"109","9","2","underfitting_rho1","ECR","standard","simple","upper","0.264961666779378"
"110","10","2","underfitting_rho1","ECR","standard","simple","upper","0.674496258738536"
"111","11","2","underfitting_rho1","ECR","standard","simple","upper","0.159634326321719"
"112","12","2","underfitting_rho1","ECR","standard","simple","upper","0.239422516389478"
"113","13","2","underfitting_rho1","ECR","standard","simple","upper","1.77844249991984"
"114","14","2","underfitting_rho1","ECR","standard","simple","upper","0.258093595119369"
"115","15","2","underfitting_rho1","ECR","standard","simple","upper","0.160892709260757"
"116","16","2","underfitting_rho1","ECR","standard","simple","upper","0.377990475012922"
"117","17","2","underfitting_rho1","ECR","standard","simple","upper","2.41808959297714"
"118","18","2","underfitting_rho1","ECR","standard","simple","upper","0.249104872323997"
"119","19","2","underfitting_rho1","ECR","standard","simple","upper","2.52853663669749"
"120","20","2","underfitting_rho1","ECR","standard","simple","upper","0.188861201127828"
"121","21","2","underfitting_rho1","ECR","standard","simple","upper","0.546374137999532"
"122","22","2","underfitting_rho1","ECR","standard","simple","upper","0.319752080171341"
"123","23","2","underfitting_rho1","ECR","standard","simple","upper","0.866560648287845"
"124","24","2","underfitting_rho1","ECR","standard","simple","upper","0.387345636018832"
"125","25","2","underfitting_rho1","ECR","standard","simple","upper","0.29323137424101"
"126","26","2","underfitting_rho1","ECR","standard","simple","upper","0.995261514964373"
"127","27","2","underfitting_rho1","ECR","standard","simple","upper","1.59411814668688"
"128","28","2","underfitting_rho1","ECR","standard","simple","upper","0.428911665663978"
"129","29","2","underfitting_rho1","ECR","standard","simple","upper","0.174212482436946"
"130","30","2","underfitting_rho1","ECR","standard","simple","upper","0.805308156057187"
"131","31","2","underfitting_rho1","ECR","standard","simple","upper","0.982182576652299"
"132","32","2","underfitting_rho1","ECR","standard","simple","upper","1.77277947955398"
"133","33","2","underfitting_rho1","ECR","standard","simple","upper","0.205388557967861"
"134","34","2","underfitting_rho1","ECR","standard","simple","upper","0.293146055952455"
"135","35","2","underfitting_rho1","ECR","standard","simple","upper","2.40224858848322"
"136","36","2","underfitting_rho1","ECR","standard","simple","upper","0.288135756664698"
"137","37","2","underfitting_rho1","ECR","standard","simple","upper","0.474395048354666"
"138","38","2","underfitting_rho1","ECR","standard","simple","upper","0.56574461849667"
"139","39","2","underfitting_rho1","ECR","standard","simple","upper","0.847981174852837"
"140","40","2","underfitting_rho1","ECR","standard","simple","upper","0.65481699174796"
"141","41","2","underfitting_rho1","ECR","standard","simple","upper","0.673695257734565"
"142","42","2","underfitting_rho1","ECR","standard","simple","upper","0.267720141224117"
"143","43","2","underfitting_rho1","ECR","standard","simple","upper","0.614990786485471"
"144","44","2","underfitting_rho1","ECR","standard","simple","upper","0.132886458065482"
"145","45","2","underfitting_rho1","ECR","standard","simple","upper","0.462708503125619"
"146","46","2","underfitting_rho1","ECR","standard","simple","upper","0.327390637864298"
"147","47","2","underfitting_rho1","ECR","standard","simple","upper","0.462798539124876"
"148","48","2","underfitting_rho1","ECR","standard","simple","upper","0.223021904094281"
"149","49","2","underfitting_rho1","ECR","standard","simple","upper","0.261441427630146"
"150","50","2","underfitting_rho1","ECR","standard","simple","upper","0.671619993012996"
"151","1","2","underfitting_rho0","ECR","standard","bridge","upper","-0.695059066492618"
"152","2","2","underfitting_rho0","ECR","standard","bridge","upper","-0.695947290916699"
"153","3","2","underfitting_rho0","ECR","standard","bridge","upper","-0.694438978384028"
"154","4","2","underfitting_rho0","ECR","standard","bridge","upper","-0.693011906608163"
"155","5","2","underfitting_rho0","ECR","standard","bridge","upper","-0.69463304439428"
"156","6","2","underfitting_rho0","ECR","standard","bridge","upper","-0.693805432970613"
"157","7","2","underfitting_rho0","ECR","standard","bridge","upper","-0.694392675799499"
"158","8","2","underfitting_rho0","ECR","standard","bridge","upper","-0.69307868668902"
"159","9","2","underfitting_rho0","ECR","standard","bridge","upper","-0.695210497335012"
"160","10","2","underfitting_rho0","ECR","standard","bridge","upper","-0.693840769808112"
"161","11","2","underfitting_rho0","ECR","standard","bridge","upper","-0.69408278116515"
"162","12","2","underfitting_rho0","ECR","standard","bridge","upper","-0.693994267132602"
"163","13","2","underfitting_rho0","ECR","standard","bridge","upper","-0.693254977227525"
"164","14","2","underfitting_rho0","ECR","standard","bridge","upper","-0.694065889370421"
"165","15","2","underfitting_rho0","ECR","standard","bridge","upper","-0.694135058113112"
"166","16","2","underfitting_rho0","ECR","standard","bridge","upper","-0.694088828604315"
"167","17","2","underfitting_rho0","ECR","standard","bridge","upper","-0.693606227389104"
"168","18","2","underfitting_rho0","ECR","standard","bridge","upper","-0.69449331137119"
"169","19","2","underfitting_rho0","ECR","standard","bridge","upper","-0.693378656193111"
"170","20","2","underfitting_rho0","ECR","standard","bridge","upper","-0.693624750617232"
"171","21","2","underfitting_rho0","ECR","standard","bridge","upper","-0.693481762383584"
"172","22","2","underfitting_rho0","ECR","standard","bridge","upper","-0.693475780419945"
"173","23","2","underfitting_rho0","ECR","standard","bridge","upper","-0.695090154090913"
"174","24","2","underfitting_rho0","ECR","standard","bridge","upper","-0.697282130108128"
"175","25","2","underfitting_rho0","ECR","standard","bridge","upper","-0.697448288467093"
"176","26","2","underfitting_rho0","ECR","standard","bridge","upper","-0.693529425279735"
"177","27","2","underfitting_rho0","ECR","standard","bridge","upper","-0.693903279798775"
"178","28","2","underfitting_rho0","ECR","standard","bridge","upper","-0.695880704464116"
"179","29","2","underfitting_rho0","ECR","standard","bridge","upper","-0.694583461646658"
"180","30","2","underfitting_rho0","ECR","standard","bridge","upper","-0.694505691329141"
"181","31","2","underfitting_rho0","ECR","standard","bridge","upper","-0.693772548936003"
"182","32","2","underfitting_rho0","ECR","standard","bridge","upper","-0.693602419068803"
"183","33","2","underfitting_rho0","ECR","standard","bridge","upper","-0.693500886579315"
"184","34","2","underfitting_rho0","ECR","standard","bridge","upper","-0.694962999505833"
"185","35","2","underfitting_rho0","ECR","standard","bridge","upper","-0.693788651200308"
"186","36","2","underfitting_rho0","ECR","standard","bridge","upper","-0.694190547059094"
"187","37","2","underfitting_rho0","ECR","standard","bridge","upper","-0.693591650100423"
"188","38","2","underfitting_rho0","ECR","standard","bridge","upper","-0.693493991583793"
"189","39","2","underfitting_rho0","ECR","standard","bridge","upper","-0.693336401288484"
"190","40","2","underfitting_rho0","ECR","standard","bridge","upper","-0.693780000592035"
"191","41","2","underfitting_rho0","ECR","standard","bridge","upper","-0.69495732807033"
"192","42","2","underfitting_rho0","ECR","standard","bridge","upper","-0.694035724804785"
"193","43","2","underfitting_rho0","ECR","standard","bridge","upper","-0.697117423475767"
"194","44","2","underfitting_rho0","ECR","standard","bridge","upper","-0.694589009101769"
"195","45","2","underfitting_rho0","ECR","standard","bridge","upper","-0.695805462958369"
"196","46","2","underfitting_rho0","ECR","standard","bridge","upper","-0.696670681236938"
"197","47","2","underfitting_rho0","ECR","standard","bridge","upper","-0.695156564170681"
"198","48","2","underfitting_rho0","ECR","standard","bridge","upper","-0.694765338898151"
"199","49","2","underfitting_rho0","ECR","standard","bridge","upper","-0.693856921768194"
"200","50","2","underfitting_rho0","ECR","standard","bridge","upper","-0.693627902138367"
"201","1","2","underfitting_rho.5","ECR","standard","bridge","upper","-0.696147984921268"
"202","2","2","underfitting_rho.5","ECR","standard","bridge","upper","-0.690799030435137"
"203","3","2","underfitting_rho.5","ECR","standard","bridge","upper","-0.696043326271209"
"204","4","2","underfitting_rho.5","ECR","standard","bridge","upper","-0.692971637502012"
"205","5","2","underfitting_rho.5","ECR","standard","bridge","upper","-0.660707523679477"
"206","6","2","underfitting_rho.5","ECR","standard","bridge","upper","-0.693830137892633"
"207","7","2","underfitting_rho.5","ECR","standard","bridge","upper","-0.694822691757892"
"208","8","2","underfitting_rho.5","ECR","standard","bridge","upper","-0.69433692405692"
"209","9","2","underfitting_rho.5","ECR","standard","bridge","upper","-0.693143586370205"
"210","10","2","underfitting_rho.5","ECR","standard","bridge","upper","-0.692945653450487"
"211","11","2","underfitting_rho.5","ECR","standard","bridge","upper","-0.693895118417579"
"212","12","2","underfitting_rho.5","ECR","standard","bridge","upper","-0.695441778425653"
"213","13","2","underfitting_rho.5","ECR","standard","bridge","upper","-0.693280927009575"
"214","14","2","underfitting_rho.5","ECR","standard","bridge","upper","-0.694231317875605"
"215","15","2","underfitting_rho.5","ECR","standard","bridge","upper","-0.697053559132897"
"216","16","2","underfitting_rho.5","ECR","standard","bridge","upper","-0.698109950893979"
"217","17","2","underfitting_rho.5","ECR","standard","bridge","upper","-0.69707462363882"
"218","18","2","underfitting_rho.5","ECR","standard","bridge","upper","-0.693456432167594"
"219","19","2","underfitting_rho.5","ECR","standard","bridge","upper","-0.695691470699771"
"220","20","2","underfitting_rho.5","ECR","standard","bridge","upper","-0.694909782549566"
"221","21","2","underfitting_rho.5","ECR","standard","bridge","upper","-0.695099097438835"
"222","22","2","underfitting_rho.5","ECR","standard","bridge","upper","-0.693686026166155"
"223","23","2","underfitting_rho.5","ECR","standard","bridge","upper","-0.6801220647795"
"224","24","2","underfitting_rho.5","ECR","standard","bridge","upper","-0.694298261398778"
"225","25","2","underfitting_rho.5","ECR","standard","bridge","upper","-0.695711720107809"
"226","26","2","underfitting_rho.5","ECR","standard","bridge","upper","-0.694613457016402"
"227","27","2","underfitting_rho.5","ECR","standard","bridge","upper","-0.695483674040119"
"228","28","2","underfitting_rho.5","ECR","standard","bridge","upper","-0.695473750903702"
"229","29","2","underfitting_rho.5","ECR","standard","bridge","upper","-0.694590260969242"
"230","30","2","underfitting_rho.5","ECR","standard","bridge","upper","-0.6942828120347"
"231","31","2","underfitting_rho.5","ECR","standard","bridge","upper","-0.693762990432901"
"232","32","2","underfitting_rho.5","ECR","standard","bridge","upper","-0.692196567461089"
"233","33","2","underfitting_rho.5","ECR","standard","bridge","upper","-0.693336842830547"
"234","34","2","underfitting_rho.5","ECR","standard","bridge","upper","-0.696386060265084"
"235","35","2","underfitting_rho.5","ECR","standard","bridge","upper","-0.685947068586074"
"236","36","2","underfitting_rho.5","ECR","standard","bridge","upper","-0.693599246129082"
"237","37","2","underfitting_rho.5","ECR","standard","bridge","upper","-0.686134611540915"
"238","38","2","underfitting_rho.5","ECR","standard","bridge","upper","-0.693895535840923"
"239","39","2","underfitting_rho.5","ECR","standard","bridge","upper","-0.694168838065153"
"240","40","2","underfitting_rho.5","ECR","standard","bridge","upper","-0.693503908076778"
"241","41","2","underfitting_rho.5","ECR","standard","bridge","upper","-0.63406416631938"
"242","42","2","underfitting_rho.5","ECR","standard","bridge","upper","-0.694260108875483"
"243","43","2","underfitting_rho.5","ECR","standard","bridge","upper","-0.695064296384189"
"244","44","2","underfitting_rho.5","ECR","standard","bridge","upper","-0.694452137982772"
"245","45","2","underfitting_rho.5","ECR","standard","bridge","upper","-0.694731661699976"
"246","46","2","underfitting_rho.5","ECR","standard","bridge","upper","-0.695486168557672"
"247","47","2","underfitting_rho.5","ECR","standard","bridge","upper","-0.694412302301494"
"248","48","2","underfitting_rho.5","ECR","standard","bridge","upper","-0.695957039840891"
"249","49","2","underfitting_rho.5","ECR","standard","bridge","upper","-0.694430777200438"
"250","50","2","underfitting_rho.5","ECR","standard","bridge","upper","-0.695188913091343"
"251","1","2","underfitting_rho1","ECR","standard","bridge","upper","-0.697241822479427"
"252","2","2","underfitting_rho1","ECR","standard","bridge","upper","-0.607829248515493"
"253","3","2","underfitting_rho1","ECR","standard","bridge","upper","-0.66785737202941"
"254","4","2","underfitting_rho1","ECR","standard","bridge","upper","-0.676358897040004"
"255","5","2","underfitting_rho1","ECR","standard","bridge","upper","-0.577878477384118"
"256","6","2","underfitting_rho1","ECR","standard","bridge","upper","-0.550648864303689"
"257","7","2","underfitting_rho1","ECR","standard","bridge","upper","-0.694647900043424"
"258","8","2","underfitting_rho1","ECR","standard","bridge","upper","-0.696223567463775"
"259","9","2","underfitting_rho1","ECR","standard","bridge","upper","-0.694747628722077"
"260","10","2","underfitting_rho1","ECR","standard","bridge","upper","-0.698914986172053"
"261","11","2","underfitting_rho1","ECR","standard","bridge","upper","-0.423455676591544"
"262","12","2","underfitting_rho1","ECR","standard","bridge","upper","-0.683962846026805"
"263","13","2","underfitting_rho1","ECR","standard","bridge","upper","-0.449661534165799"
"264","14","2","underfitting_rho1","ECR","standard","bridge","upper","-0.651936587551589"
"265","15","2","underfitting_rho1","ECR","standard","bridge","upper","-0.661669118194119"
"266","16","2","underfitting_rho1","ECR","standard","bridge","upper","-0.692149857196469"
"267","17","2","underfitting_rho1","ECR","standard","bridge","upper","-0.650790420840966"
"268","18","2","underfitting_rho1","ECR","standard","bridge","upper","-0.696294592801806"
"269","19","2","underfitting_rho1","ECR","standard","bridge","upper","-0.649531089408157"
"270","20","2","underfitting_rho1","ECR","standard","bridge","upper","-0.572034760010702"
"271","21","2","underfitting_rho1","ECR","standard","bridge","upper","-0.694230531212455"
"272","22","2","underfitting_rho1","ECR","standard","bridge","upper","-0.64291384508504"
"273","23","2","underfitting_rho1","ECR","standard","bridge","upper","-0.532254790341376"
"274","24","2","underfitting_rho1","ECR","standard","bridge","upper","-0.593240147500964"
"275","25","2","underfitting_rho1","ECR","standard","bridge","upper","-0.669355367505219"
"276","26","2","underfitting_rho1","ECR","standard","bridge","upper","-0.545836019592436"
"277","27","2","underfitting_rho1","ECR","standard","bridge","upper","-0.609962742662493"
"278","28","2","underfitting_rho1","ECR","standard","bridge","upper","-0.695356865211544"
"279","29","2","underfitting_rho1","ECR","standard","bridge","upper","-0.624185892955317"
"280","30","2","underfitting_rho1","ECR","standard","bridge","upper","-0.634943349532534"
"281","31","2","underfitting_rho1","ECR","standard","bridge","upper","-0.639674031033778"
"282","32","2","underfitting_rho1","ECR","standard","bridge","upper","-0.534054715510599"
"283","33","2","underfitting_rho1","ECR","standard","bridge","upper","-0.68135939240937"
"284","34","2","underfitting_rho1","ECR","standard","bridge","upper","-0.665677909559655"
"285","35","2","underfitting_rho1","ECR","standard","bridge","upper","-0.29677046039355"
"286","36","2","underfitting_rho1","ECR","standard","bridge","upper","-0.672139986332805"
"287","37","2","underfitting_rho1","ECR","standard","bridge","upper","-0.497029593726957"
"288","38","2","underfitting_rho1","ECR","standard","bridge","upper","-0.692424507892532"
"289","39","2","underfitting_rho1","ECR","standard","bridge","upper","-0.47345738204638"
"290","40","2","underfitting_rho1","ECR","standard","bridge","upper","-0.617938869776207"
"291","41","2","underfitting_rho1","ECR","standard","bridge","upper","-0.423913255695272"
"292","42","2","underfitting_rho1","ECR","standard","bridge","upper","-0.696853827580192"
"293","43","2","underfitting_rho1","ECR","standard","bridge","upper","-0.6972794951892"
"294","44","2","underfitting_rho1","ECR","standard","bridge","upper","-0.683385843284462"
"295","45","2","underfitting_rho1","ECR","standard","bridge","upper","-0.662976900128207"
"296","46","2","underfitting_rho1","ECR","standard","bridge","upper","-0.636850032343361"
"297","47","2","underfitting_rho1","ECR","standard","bridge","upper","-0.695404151726855"
"298","48","2","underfitting_rho1","ECR","standard","bridge","upper","-0.690651866973504"
"299","49","2","underfitting_rho1","ECR","standard","bridge","upper","-0.683708748142756"
"300","50","2","underfitting_rho1","ECR","standard","bridge","upper","-0.652953616828825"
"301","1","2","underfitting_rho0","ECR","standard","standard","upper","0.221762329693064"
"302","2","2","underfitting_rho0","ECR","standard","standard","upper","-0.192328661233084"
"303","3","2","underfitting_rho0","ECR","standard","standard","upper","-0.37652076902436"
"304","4","2","underfitting_rho0","ECR","standard","standard","upper","-0.558783145850526"
"305","5","2","underfitting_rho0","ECR","standard","standard","upper","-0.425869816003946"
"306","6","2","underfitting_rho0","ECR","standard","standard","upper","-0.446680728355226"
"307","7","2","underfitting_rho0","ECR","standard","standard","upper","-0.099486827151928"
"308","8","2","underfitting_rho0","ECR","standard","standard","upper","-0.486759007374843"
"309","9","2","underfitting_rho0","ECR","standard","standard","upper","-0.427939279112238"
"310","10","2","underfitting_rho0","ECR","standard","standard","upper","0.0129184653103138"
"311","11","2","underfitting_rho0","ECR","standard","standard","upper","-0.378072864644494"
"312","12","2","underfitting_rho0","ECR","standard","standard","upper","1.26438108872907"
"313","13","2","underfitting_rho0","ECR","standard","standard","upper","0.107353524225708"
"314","14","2","underfitting_rho0","ECR","standard","standard","upper","-0.428204900212471"
"315","15","2","underfitting_rho0","ECR","standard","standard","upper","-0.339031840450367"
"316","16","2","underfitting_rho0","ECR","standard","standard","upper","-0.486937729380905"
"317","17","2","underfitting_rho0","ECR","standard","standard","upper","-0.425540989841124"
"318","18","2","underfitting_rho0","ECR","standard","standard","upper","-0.283756891626155"
"319","19","2","underfitting_rho0","ECR","standard","standard","upper","-0.244403360707103"
"320","20","2","underfitting_rho0","ECR","standard","standard","upper","-0.525279377963912"
"321","21","2","underfitting_rho0","ECR","standard","standard","upper","-0.271816235722092"
"322","22","2","underfitting_rho0","ECR","standard","standard","upper","0.852280137142031"
"323","23","2","underfitting_rho0","ECR","standard","standard","upper","-0.567920210395044"
"324","24","2","underfitting_rho0","ECR","standard","standard","upper","-0.300178618046374"
"325","25","2","underfitting_rho0","ECR","standard","standard","upper","1.60147436392585"
"326","26","2","underfitting_rho0","ECR","standard","standard","upper","-0.483815951758679"
"327","27","2","underfitting_rho0","ECR","standard","standard","upper","-0.443756151055496"
"328","28","2","underfitting_rho0","ECR","standard","standard","upper","-0.197107250450117"
"329","29","2","underfitting_rho0","ECR","standard","standard","upper","-0.371237926731403"
"330","30","2","underfitting_rho0","ECR","standard","standard","upper","0.731528170230554"
"331","31","2","underfitting_rho0","ECR","standard","standard","upper","-0.466035295625076"
"332","32","2","underfitting_rho0","ECR","standard","standard","upper","-0.0867655260397271"
"333","33","2","underfitting_rho0","ECR","standard","standard","upper","-0.525473533107558"
"334","34","2","underfitting_rho0","ECR","standard","standard","upper","1.26413306145525"
"335","35","2","underfitting_rho0","ECR","standard","standard","upper","-0.428005698481421"
"336","36","2","underfitting_rho0","ECR","standard","standard","upper","-0.516623341387749"
"337","37","2","underfitting_rho0","ECR","standard","standard","upper","-0.360927801120084"
"338","38","2","underfitting_rho0","ECR","standard","standard","upper","0.319351001687409"
"339","39","2","underfitting_rho0","ECR","standard","standard","upper","-0.35871020458778"
"340","40","2","underfitting_rho0","ECR","standard","standard","upper","-0.0474456618615093"
"341","41","2","underfitting_rho0","ECR","standard","standard","upper","-0.220879061233493"
"342","42","2","underfitting_rho0","ECR","standard","standard","upper","-0.48252920185255"
"343","43","2","underfitting_rho0","ECR","standard","standard","upper","0.127153488111311"
"344","44","2","underfitting_rho0","ECR","standard","standard","upper","-0.362921700392796"
"345","45","2","underfitting_rho0","ECR","standard","standard","upper","-0.342693498052952"
"346","46","2","underfitting_rho0","ECR","standard","standard","upper","-0.43670667742709"
"347","47","2","underfitting_rho0","ECR","standard","standard","upper","1.52815536218912"
"348","48","2","underfitting_rho0","ECR","standard","standard","upper","-0.49899536486145"
"349","49","2","underfitting_rho0","ECR","standard","standard","upper","-0.43033821229632"
"350","50","2","underfitting_rho0","ECR","standard","standard","upper","-0.0798233025228612"
"351","1","2","underfitting_rho.5","ECR","standard","standard","upper","-0.152170321164839"
"352","2","2","underfitting_rho.5","ECR","standard","standard","upper","-0.187056163591109"
"353","3","2","underfitting_rho.5","ECR","standard","standard","upper","-0.61145763524739"
"354","4","2","underfitting_rho.5","ECR","standard","standard","upper","-0.330337185998893"
"355","5","2","underfitting_rho.5","ECR","standard","standard","upper","-0.482325689298534"
"356","6","2","underfitting_rho.5","ECR","standard","standard","upper","-0.379184608521108"
"357","7","2","underfitting_rho.5","ECR","standard","standard","upper","-0.132141815193492"
"358","8","2","underfitting_rho.5","ECR","standard","standard","upper","-0.310942056789877"
"359","9","2","underfitting_rho.5","ECR","standard","standard","upper","-0.342525870898946"
"360","10","2","underfitting_rho.5","ECR","standard","standard","upper","0.033134385979757"
"361","11","2","underfitting_rho.5","ECR","standard","standard","upper","0.123668057695006"
"362","12","2","underfitting_rho.5","ECR","standard","standard","upper","-0.0405472550846753"
"363","13","2","underfitting_rho.5","ECR","standard","standard","upper","0.878608393138819"
"364","14","2","underfitting_rho.5","ECR","standard","standard","upper","-0.316757318957009"
"365","15","2","underfitting_rho.5","ECR","standard","standard","upper","0.896457829567034"
"366","16","2","underfitting_rho.5","ECR","standard","standard","upper","-0.493680181888237"
"367","17","2","underfitting_rho.5","ECR","standard","standard","upper","-0.406910482191542"
"368","18","2","underfitting_rho.5","ECR","standard","standard","upper","-0.263030490658835"
"369","19","2","underfitting_rho.5","ECR","standard","standard","upper","0.278912225959033"
"370","20","2","underfitting_rho.5","ECR","standard","standard","upper","-0.517773875064449"
"371","21","2","underfitting_rho.5","ECR","standard","standard","upper","-0.277155833293051"
"372","22","2","underfitting_rho.5","ECR","standard","standard","upper","-0.337774631310801"
"373","23","2","underfitting_rho.5","ECR","standard","standard","upper","-0.3979979513012"
"374","24","2","underfitting_rho.5","ECR","standard","standard","upper","0.163897591485814"
"375","25","2","underfitting_rho.5","ECR","standard","standard","upper","1.67011989114694"
"376","26","2","underfitting_rho.5","ECR","standard","standard","upper","-0.449743985129246"
"377","27","2","underfitting_rho.5","ECR","standard","standard","upper","-0.461204011296619"
"378","28","2","underfitting_rho.5","ECR","standard","standard","upper","-0.358591397693139"
"379","29","2","underfitting_rho.5","ECR","standard","standard","upper","0.979294994128885"
"380","30","2","underfitting_rho.5","ECR","standard","standard","upper","0.788451040525871"
"381","31","2","underfitting_rho.5","ECR","standard","standard","upper","-0.300102307768597"
"382","32","2","underfitting_rho.5","ECR","standard","standard","upper","-0.3414387994968"
"383","33","2","underfitting_rho.5","ECR","standard","standard","upper","0.938895162224426"
"384","34","2","underfitting_rho.5","ECR","standard","standard","upper","-0.213778184100271"
"385","35","2","underfitting_rho.5","ECR","standard","standard","upper","0.979489115968896"
"386","36","2","underfitting_rho.5","ECR","standard","standard","upper","-0.299238736547515"
"387","37","2","underfitting_rho.5","ECR","standard","standard","upper","-0.250991422913778"
"388","38","2","underfitting_rho.5","ECR","standard","standard","upper","0.0654531224044561"
"389","39","2","underfitting_rho.5","ECR","standard","standard","upper","-0.362718595377579"
"390","40","2","underfitting_rho.5","ECR","standard","standard","upper","1.41651308025001"
"391","41","2","underfitting_rho.5","ECR","standard","standard","upper","-0.231609108652236"
"392","42","2","underfitting_rho.5","ECR","standard","standard","upper","-0.499445751386105"
"393","43","2","underfitting_rho.5","ECR","standard","standard","upper","0.457680776015621"
"394","44","2","underfitting_rho.5","ECR","standard","standard","upper","-0.393326729083583"
"395","45","2","underfitting_rho.5","ECR","standard","standard","upper","-0.109802070004001"
"396","46","2","underfitting_rho.5","ECR","standard","standard","upper","-0.120513706170982"
"397","47","2","underfitting_rho.5","ECR","standard","standard","upper","1.61276382322195"
"398","48","2","underfitting_rho.5","ECR","standard","standard","upper","0.343005009256842"
"399","49","2","underfitting_rho.5","ECR","standard","standard","upper","-0.447215125676671"
"400","50","2","underfitting_rho.5","ECR","standard","standard","upper","-0.133489637192589"
"401","1","2","underfitting_rho1","ECR","standard","standard","upper","-0.504930490576051"
"402","2","2","underfitting_rho1","ECR","standard","standard","upper","-0.0656827588602837"
"403","3","2","underfitting_rho1","ECR","standard","standard","upper","1.3342919463714"
"404","4","2","underfitting_rho1","ECR","standard","standard","upper","-0.405853531687175"
"405","5","2","underfitting_rho1","ECR","standard","standard","upper","-0.481195257286025"
"406","6","2","underfitting_rho1","ECR","standard","standard","upper","-0.00113521234251124"
"407","7","2","underfitting_rho1","ECR","standard","standard","upper","1.74342060359677"
"408","8","2","underfitting_rho1","ECR","standard","standard","upper","-0.414507111504005"
"409","9","2","underfitting_rho1","ECR","standard","standard","upper","-0.428185513780569"
"410","10","2","underfitting_rho1","ECR","standard","standard","upper","-0.0186509218214077"
"411","11","2","underfitting_rho1","ECR","standard","standard","upper","0.0289118853492774"
"412","12","2","underfitting_rho1","ECR","standard","standard","upper","-0.453724664170466"
"413","13","2","underfitting_rho1","ECR","standard","standard","upper","1.36571891385277"
"414","14","2","underfitting_rho1","ECR","standard","standard","upper","-0.412446799773001"
"415","15","2","underfitting_rho1","ECR","standard","standard","upper","-0.532254471299186"
"416","16","2","underfitting_rho1","ECR","standard","standard","upper","-0.315156705547025"
"417","17","2","underfitting_rho1","ECR","standard","standard","upper","1.72839726739782"
"418","18","2","underfitting_rho1","ECR","standard","standard","upper","-0.44404230823595"
"419","19","2","underfitting_rho1","ECR","standard","standard","upper","1.84539894383743"
"420","20","2","underfitting_rho1","ECR","standard","standard","upper","-0.473462204664749"
"421","21","2","underfitting_rho1","ECR","standard","standard","upper","-0.143558741111882"
"422","22","2","underfitting_rho1","ECR","standard","standard","upper","-0.369087298284754"
"423","23","2","underfitting_rho1","ECR","standard","standard","upper","0.332760250174566"
"424","24","2","underfitting_rho1","ECR","standard","standard","upper","-0.274149870930458"
"425","25","2","underfitting_rho1","ECR","standard","standard","upper","-0.385219740227704"
"426","26","2","underfitting_rho1","ECR","standard","standard","upper","0.339015790088602"
"427","27","2","underfitting_rho1","ECR","standard","standard","upper","0.905552091956174"
"428","28","2","underfitting_rho1","ECR","standard","standard","upper","-0.264235514895965"
"429","29","2","underfitting_rho1","ECR","standard","standard","upper","-0.481569719393754"
"430","30","2","underfitting_rho1","ECR","standard","standard","upper","0.118085650782454"
"431","31","2","underfitting_rho1","ECR","standard","standard","upper","0.305871329926298"
"432","32","2","underfitting_rho1","ECR","standard","standard","upper","1.22670817530437"
"433","33","2","underfitting_rho1","ECR","standard","standard","upper","-0.487758622592082"
"434","34","2","underfitting_rho1","ECR","standard","standard","upper","-0.397483613526944"
"435","35","2","underfitting_rho1","ECR","standard","standard","upper","2.09091724129442"
"436","36","2","underfitting_rho1","ECR","standard","standard","upper","-0.405011423895246"
"437","37","2","underfitting_rho1","ECR","standard","standard","upper","-0.151564027407847"
"438","38","2","underfitting_rho1","ECR","standard","standard","upper","-0.127402562063274"
"439","39","2","underfitting_rho1","ECR","standard","standard","upper","0.338340578746894"
"440","40","2","underfitting_rho1","ECR","standard","standard","upper","0.0185187653953527"
"441","41","2","underfitting_rho1","ECR","standard","standard","upper","0.3296387092395"
"442","42","2","underfitting_rho1","ECR","standard","standard","upper","-0.425427039335823"
"443","43","2","underfitting_rho1","ECR","standard","standard","upper","-0.078156394074476"
"444","44","2","underfitting_rho1","ECR","standard","standard","upper","-0.560260722494462"
"445","45","2","underfitting_rho1","ECR","standard","standard","upper","-0.230438677434325"
"446","46","2","underfitting_rho1","ECR","standard","standard","upper","-0.344492495995738"
"447","47","2","underfitting_rho1","ECR","standard","standard","upper","-0.230348641435068"
"448","48","2","underfitting_rho1","ECR","standard","standard","upper","-0.468511532581068"
"449","49","2","underfitting_rho1","ECR","standard","standard","upper","-0.431705752929798"
"450","50","2","underfitting_rho1","ECR","standard","standard","upper","-0.0215271875469476"
"451","1","2","underfitting_rho0","ECR","standard","simple","estim","0.0207335539849396"
"452","2","2","underfitting_rho0","ECR","standard","simple","estim","0.00229549699702858"
"453","3","2","underfitting_rho0","ECR","standard","simple","estim","0.000190171624687707"
"454","4","2","underfitting_rho0","ECR","standard","simple","estim","-0.0527196533332486"
"455","5","2","underfitting_rho0","ECR","standard","simple","estim","-0.0162894934842228"
"456","6","2","underfitting_rho0","ECR","standard","simple","estim","-0.0429610618390939"
"457","7","2","underfitting_rho0","ECR","standard","simple","estim","0.0164447225968587"
"458","8","2","underfitting_rho0","ECR","standard","simple","estim","-0.0263107720990661"
"459","9","2","underfitting_rho0","ECR","standard","simple","estim","0.0145914903585123"
"460","10","2","underfitting_rho0","ECR","standard","simple","estim","-0.00127320742890191"
"461","11","2","underfitting_rho0","ECR","standard","simple","estim","0.0296550349169848"
"462","12","2","underfitting_rho0","ECR","standard","simple","estim","0.060679364881608"
"463","13","2","underfitting_rho0","ECR","standard","simple","estim","-0.0162709127565108"
"464","14","2","underfitting_rho0","ECR","standard","simple","estim","0.00974076535909063"
"465","15","2","underfitting_rho0","ECR","standard","simple","estim","-0.00824453959054949"
"466","16","2","underfitting_rho0","ECR","standard","simple","estim","0.00420282455089449"
"467","17","2","underfitting_rho0","ECR","standard","simple","estim","0.0395042045118288"
"468","18","2","underfitting_rho0","ECR","standard","simple","estim","-0.0386074186096508"
"469","19","2","underfitting_rho0","ECR","standard","simple","estim","-0.0097804504952208"
"470","20","2","underfitting_rho0","ECR","standard","simple","estim","-0.00803861725656674"
"471","21","2","underfitting_rho0","ECR","standard","simple","estim","0.0513581582469982"
"472","22","2","underfitting_rho0","ECR","standard","simple","estim","-0.0200634695347972"
"473","23","2","underfitting_rho0","ECR","standard","simple","estim","-0.0623672966384845"
"474","24","2","underfitting_rho0","ECR","standard","simple","estim","0.00718923401276328"
"475","25","2","underfitting_rho0","ECR","standard","simple","estim","-0.0389635501179413"
"476","26","2","underfitting_rho0","ECR","standard","simple","estim","0.0307166606430371"
"477","27","2","underfitting_rho0","ECR","standard","simple","estim","0.0103717875285412"
"478","28","2","underfitting_rho0","ECR","standard","simple","estim","0.0250335048806392"
"479","29","2","underfitting_rho0","ECR","standard","simple","estim","-0.00772240012559422"
"480","30","2","underfitting_rho0","ECR","standard","simple","estim","-0.0311283041517427"
"481","31","2","underfitting_rho0","ECR","standard","simple","estim","0.020282930517368"
"482","32","2","underfitting_rho0","ECR","standard","simple","estim","-0.0140605062014387"
"483","33","2","underfitting_rho0","ECR","standard","simple","estim","-0.00474930264907414"
"484","34","2","underfitting_rho0","ECR","standard","simple","estim","-0.00451419967917843"
"485","35","2","underfitting_rho0","ECR","standard","simple","estim","-0.0374771678114456"
"486","36","2","underfitting_rho0","ECR","standard","simple","estim","0.00664198262303017"
"487","37","2","underfitting_rho0","ECR","standard","simple","estim","0.0190391053060424"
"488","38","2","underfitting_rho0","ECR","standard","simple","estim","0.0102603468093108"
"489","39","2","underfitting_rho0","ECR","standard","simple","estim","0.0435864651116162"
"490","40","2","underfitting_rho0","ECR","standard","simple","estim","0.0352192927323074"
"491","41","2","underfitting_rho0","ECR","standard","simple","estim","-0.00905534357444893"
"492","42","2","underfitting_rho0","ECR","standard","simple","estim","-0.0175261791220152"
"493","43","2","underfitting_rho0","ECR","standard","simple","estim","-0.00121495097585722"
"494","44","2","underfitting_rho0","ECR","standard","simple","estim","-0.0270338335205409"
"495","45","2","underfitting_rho0","ECR","standard","simple","estim","0.0109837930919596"
"496","46","2","underfitting_rho0","ECR","standard","simple","estim","0.0467427820731814"
"497","47","2","underfitting_rho0","ECR","standard","simple","estim","0.0547029347386498"
"498","48","2","underfitting_rho0","ECR","standard","simple","estim","0.0292882332158442"
"499","49","2","underfitting_rho0","ECR","standard","simple","estim","0.0517318062832715"
"500","50","2","underfitting_rho0","ECR","standard","simple","estim","-0.0262988740768435"
"501","1","2","underfitting_rho.5","ECR","standard","simple","estim","0.00249930838076295"
"502","2","2","underfitting_rho.5","ECR","standard","simple","estim","-0.0263977997325355"
"503","3","2","underfitting_rho.5","ECR","standard","simple","estim","-0.0713787190916619"
"504","4","2","underfitting_rho.5","ECR","standard","simple","estim","-0.0120142597441273"
"505","5","2","underfitting_rho.5","ECR","standard","simple","estim","-0.0314167701957615"
"506","6","2","underfitting_rho.5","ECR","standard","simple","estim","-0.00303913225197761"
"507","7","2","underfitting_rho.5","ECR","standard","simple","estim","0.0192287769563535"
"508","8","2","underfitting_rho.5","ECR","standard","simple","estim","0.0138247119056487"
"509","9","2","underfitting_rho.5","ECR","standard","simple","estim","0.0243155091040563"
"510","10","2","underfitting_rho.5","ECR","standard","simple","estim","0.0283101318705761"
"511","11","2","underfitting_rho.5","ECR","standard","simple","estim","0.0323697322697996"
"512","12","2","underfitting_rho.5","ECR","standard","simple","estim","0.0121491672987588"
"513","13","2","underfitting_rho.5","ECR","standard","simple","estim","-0.0317202823664431"
"514","14","2","underfitting_rho.5","ECR","standard","simple","estim","-0.00844497287884849"
"515","15","2","underfitting_rho.5","ECR","standard","simple","estim","0.0173309011112863"
"516","16","2","underfitting_rho.5","ECR","standard","simple","estim","0.00325618344776757"
"517","17","2","underfitting_rho.5","ECR","standard","simple","estim","-0.0265455420829142"
"518","18","2","underfitting_rho.5","ECR","standard","simple","estim","-0.0367617689288053"
"519","19","2","underfitting_rho.5","ECR","standard","simple","estim","-0.0060768953466237"
"520","20","2","underfitting_rho.5","ECR","standard","simple","estim","0.011717687720143"
"521","21","2","underfitting_rho.5","ECR","standard","simple","estim","-0.0116572662051269"
"522","22","2","underfitting_rho.5","ECR","standard","simple","estim","-0.012219660164547"
"523","23","2","underfitting_rho.5","ECR","standard","simple","estim","-0.0134513997432322"
"524","24","2","underfitting_rho.5","ECR","standard","simple","estim","0.0156128234141306"
"525","25","2","underfitting_rho.5","ECR","standard","simple","estim","-0.0650582875557149"
"526","26","2","underfitting_rho.5","ECR","standard","simple","estim","0.030990564870315"
"527","27","2","underfitting_rho.5","ECR","standard","simple","estim","-0.00535639180696279"
"528","28","2","underfitting_rho.5","ECR","standard","simple","estim","0.0432813294902914"
"529","29","2","underfitting_rho.5","ECR","standard","simple","estim","-0.0297372163860814"
"530","30","2","underfitting_rho.5","ECR","standard","simple","estim","0.0153862220978027"
"531","31","2","underfitting_rho.5","ECR","standard","simple","estim","-0.0151210780003126"
"532","32","2","underfitting_rho.5","ECR","standard","simple","estim","-0.0306439899964204"
"533","33","2","underfitting_rho.5","ECR","standard","simple","estim","-0.00338595615533421"
"534","34","2","underfitting_rho.5","ECR","standard","simple","estim","-0.00150565186880414"
"535","35","2","underfitting_rho.5","ECR","standard","simple","estim","-0.0473195463342861"
"536","36","2","underfitting_rho.5","ECR","standard","simple","estim","0.0558763796591322"
"537","37","2","underfitting_rho.5","ECR","standard","simple","estim","-0.0313096575753278"
"538","38","2","underfitting_rho.5","ECR","standard","simple","estim","0.0104855805328725"
"539","39","2","underfitting_rho.5","ECR","standard","simple","estim","0.0249344576832939"
"540","40","2","underfitting_rho.5","ECR","standard","simple","estim","-0.00305467934283143"
"541","41","2","underfitting_rho.5","ECR","standard","simple","estim","0.00280763438060916"
"542","42","2","underfitting_rho.5","ECR","standard","simple","estim","-0.00120525736322463"
"543","43","2","underfitting_rho.5","ECR","standard","simple","estim","0.0482399789560759"
"544","44","2","underfitting_rho.5","ECR","standard","simple","estim","0.0329690655914021"
"545","45","2","underfitting_rho.5","ECR","standard","simple","estim","0.00383579714923599"
"546","46","2","underfitting_rho.5","ECR","standard","simple","estim","-0.000664158529275483"
"547","47","2","underfitting_rho.5","ECR","standard","simple","estim","0.0505434253994324"
"548","48","2","underfitting_rho.5","ECR","standard","simple","estim","0.0371723616391719"
"549","49","2","underfitting_rho.5","ECR","standard","simple","estim","0.0578230234667174"
"550","50","2","underfitting_rho.5","ECR","standard","simple","estim","-0.107627414788759"
"551","1","2","underfitting_rho1","ECR","standard","simple","estim","-0.00276071513696508"
"552","2","2","underfitting_rho1","ECR","standard","simple","estim","-0.000805062494592335"
"553","3","2","underfitting_rho1","ECR","standard","simple","estim","0.0113401079735276"
"554","4","2","underfitting_rho1","ECR","standard","simple","estim","0.0220699601851706"
"555","5","2","underfitting_rho1","ECR","standard","simple","estim","0.00811400206301016"
"556","6","2","underfitting_rho1","ECR","standard","simple","estim","0.0418565780183222"
"557","7","2","underfitting_rho1","ECR","standard","simple","estim","0.0279287934506272"
"558","8","2","underfitting_rho1","ECR","standard","simple","estim","-0.0563166102105335"
"559","9","2","underfitting_rho1","ECR","standard","simple","estim","-0.0106254046540002"
"560","10","2","underfitting_rho1","ECR","standard","simple","estim","-0.00665601072968514"
"561","11","2","underfitting_rho1","ECR","standard","simple","estim","0.00271464732406557"
"562","12","2","underfitting_rho1","ECR","standard","simple","estim","-0.0257111116057267"
"563","13","2","underfitting_rho1","ECR","standard","simple","estim","0.078831361680642"
"564","14","2","underfitting_rho1","ECR","standard","simple","estim","0.00569904627103313"
"565","15","2","underfitting_rho1","ECR","standard","simple","estim","-0.0177452295137996"
"566","16","2","underfitting_rho1","ECR","standard","simple","estim","-0.0412299346908895"
"567","17","2","underfitting_rho1","ECR","standard","simple","estim","-0.019345570371307"
"568","18","2","underfitting_rho1","ECR","standard","simple","estim","0.0105821760613907"
"569","19","2","underfitting_rho1","ECR","standard","simple","estim","0.0430389018695116"
"570","20","2","underfitting_rho1","ECR","standard","simple","estim","0.00668121181442416"
"571","21","2","underfitting_rho1","ECR","standard","simple","estim","-0.00365889769951266"
"572","22","2","underfitting_rho1","ECR","standard","simple","estim","-0.00540222321109951"
"573","23","2","underfitting_rho1","ECR","standard","simple","estim","-0.0441165876401364"
"574","24","2","underfitting_rho1","ECR","standard","simple","estim","0.0321521036907519"
"575","25","2","underfitting_rho1","ECR","standard","simple","estim","-0.0758933943975393"
"576","26","2","underfitting_rho1","ECR","standard","simple","estim","-0.0322930570292392"
"577","27","2","underfitting_rho1","ECR","standard","simple","estim","-0.0204435179168243"
"578","28","2","underfitting_rho1","ECR","standard","simple","estim","0.0232089307705792"
"579","29","2","underfitting_rho1","ECR","standard","simple","estim","0.0262186968200986"
"580","30","2","underfitting_rho1","ECR","standard","simple","estim","-0.0372091171168805"
"581","31","2","underfitting_rho1","ECR","standard","simple","estim","-0.00835454510222533"
"582","32","2","underfitting_rho1","ECR","standard","simple","estim","-0.057550544687416"
"583","33","2","underfitting_rho1","ECR","standard","simple","estim","-0.015805115203186"
"584","34","2","underfitting_rho1","ECR","standard","simple","estim","0.0013022489891803"
"585","35","2","underfitting_rho1","ECR","standard","simple","estim","-0.00153782492990118"
"586","36","2","underfitting_rho1","ECR","standard","simple","estim","-0.0386366223554333"
"587","37","2","underfitting_rho1","ECR","standard","simple","estim","-0.0576548204155394"
"588","38","2","underfitting_rho1","ECR","standard","simple","estim","0.0269941400043656"
"589","39","2","underfitting_rho1","ECR","standard","simple","estim","0.00826396090019088"
"590","40","2","underfitting_rho1","ECR","standard","simple","estim","0.0289235311519853"
"591","41","2","underfitting_rho1","ECR","standard","simple","estim","0.0341507161377521"
"592","42","2","underfitting_rho1","ECR","standard","simple","estim","-0.0184686986004934"
"593","43","2","underfitting_rho1","ECR","standard","simple","estim","0.0370843219238353"
"594","44","2","underfitting_rho1","ECR","standard","simple","estim","0.00825800547428912"
"595","45","2","underfitting_rho1","ECR","standard","simple","estim","-0.0171455145461792"
"596","46","2","underfitting_rho1","ECR","standard","simple","estim","-0.0389605053993733"
"597","47","2","underfitting_rho1","ECR","standard","simple","estim","0.0434056029626362"
"598","48","2","underfitting_rho1","ECR","standard","simple","estim","-0.0282505192802063"
"599","49","2","underfitting_rho1","ECR","standard","simple","estim","-0.0165630108403185"
"600","50","2","underfitting_rho1","ECR","standard","simple","estim","0.00670566025247155"
"601","1","2","underfitting_rho0","ECR","standard","bridge","estim","-0.694078696553703"
"602","2","2","underfitting_rho0","ECR","standard","bridge","estim","-0.694374333340804"
"603","3","2","underfitting_rho0","ECR","standard","bridge","estim","-0.693427411729282"
"604","4","2","underfitting_rho0","ECR","standard","bridge","estim","-0.692260906906817"
"605","5","2","underfitting_rho0","ECR","standard","bridge","estim","-0.693684107579038"
"606","6","2","underfitting_rho0","ECR","standard","bridge","estim","-0.693235752197808"
"607","7","2","underfitting_rho0","ECR","standard","bridge","estim","-0.693769384556674"
"608","8","2","underfitting_rho0","ECR","standard","bridge","estim","-0.692697166837867"
"609","9","2","underfitting_rho0","ECR","standard","bridge","estim","-0.693900856832272"
"610","10","2","underfitting_rho0","ECR","standard","bridge","estim","-0.693357013060123"
"611","11","2","underfitting_rho0","ECR","standard","bridge","estim","-0.693213034570896"
"612","12","2","underfitting_rho0","ECR","standard","bridge","estim","-0.693392109730695"
"613","13","2","underfitting_rho0","ECR","standard","bridge","estim","-0.692665618353381"
"614","14","2","underfitting_rho0","ECR","standard","bridge","estim","-0.69279725051414"
"615","15","2","underfitting_rho0","ECR","standard","bridge","estim","-0.693012881826412"
"616","16","2","underfitting_rho0","ECR","standard","bridge","estim","-0.692241829659785"
"617","17","2","underfitting_rho0","ECR","standard","bridge","estim","-0.693013174117326"
"618","18","2","underfitting_rho0","ECR","standard","bridge","estim","-0.693177953235704"
"619","19","2","underfitting_rho0","ECR","standard","bridge","estim","-0.693053829711637"
"620","20","2","underfitting_rho0","ECR","standard","bridge","estim","-0.693265474143907"
"621","21","2","underfitting_rho0","ECR","standard","bridge","estim","-0.693206314859964"
"622","22","2","underfitting_rho0","ECR","standard","bridge","estim","-0.693171925401359"
"623","23","2","underfitting_rho0","ECR","standard","bridge","estim","-0.693942157083264"
"624","24","2","underfitting_rho0","ECR","standard","bridge","estim","-0.695396430143056"
"625","25","2","underfitting_rho0","ECR","standard","bridge","estim","-0.695086718660647"
"626","26","2","underfitting_rho0","ECR","standard","bridge","estim","-0.693153684317004"
"627","27","2","underfitting_rho0","ECR","standard","bridge","estim","-0.693034577523662"
"628","28","2","underfitting_rho0","ECR","standard","bridge","estim","-0.693530508903535"
"629","29","2","underfitting_rho0","ECR","standard","bridge","estim","-0.693926658277725"
"630","30","2","underfitting_rho0","ECR","standard","bridge","estim","-0.693321418520505"
"631","31","2","underfitting_rho0","ECR","standard","bridge","estim","-0.693224225389862"
"632","32","2","underfitting_rho0","ECR","standard","bridge","estim","-0.693064845002787"
"633","33","2","underfitting_rho0","ECR","standard","bridge","estim","-0.692545152982163"
"634","34","2","underfitting_rho0","ECR","standard","bridge","estim","-0.693748902171322"
"635","35","2","underfitting_rho0","ECR","standard","bridge","estim","-0.69343104071001"
"636","36","2","underfitting_rho0","ECR","standard","bridge","estim","-0.692473206688184"
"637","37","2","underfitting_rho0","ECR","standard","bridge","estim","-0.693333749931149"
"638","38","2","underfitting_rho0","ECR","standard","bridge","estim","-0.693153933586167"
"639","39","2","underfitting_rho0","ECR","standard","bridge","estim","-0.692472091614569"
"640","40","2","underfitting_rho0","ECR","standard","bridge","estim","-0.692724239643184"
"641","41","2","underfitting_rho0","ECR","standard","bridge","estim","-0.691490602654092"
"642","42","2","underfitting_rho0","ECR","standard","bridge","estim","-0.693000023594401"
"643","43","2","underfitting_rho0","ECR","standard","bridge","estim","-0.694772758468325"
"644","44","2","underfitting_rho0","ECR","standard","bridge","estim","-0.692729631261571"
"645","45","2","underfitting_rho0","ECR","standard","bridge","estim","-0.693885861908001"
"646","46","2","underfitting_rho0","ECR","standard","bridge","estim","-0.693549417754753"
"647","47","2","underfitting_rho0","ECR","standard","bridge","estim","-0.69429801490223"
"648","48","2","underfitting_rho0","ECR","standard","bridge","estim","-0.693800573077347"
"649","49","2","underfitting_rho0","ECR","standard","bridge","estim","-0.69333987989954"
"650","50","2","underfitting_rho0","ECR","standard","bridge","estim","-0.693349573735027"
"651","1","2","underfitting_rho.5","ECR","standard","bridge","estim","-0.69388499230341"
"652","2","2","underfitting_rho.5","ECR","standard","bridge","estim","-0.686119236691489"
"653","3","2","underfitting_rho.5","ECR","standard","bridge","estim","-0.692943310092105"
"654","4","2","underfitting_rho.5","ECR","standard","bridge","estim","-0.690690889115707"
"655","5","2","underfitting_rho.5","ECR","standard","bridge","estim","-0.636760571443155"
"656","6","2","underfitting_rho.5","ECR","standard","bridge","estim","-0.690791248914785"
"657","7","2","underfitting_rho.5","ECR","standard","bridge","estim","-0.694140894046981"
"658","8","2","underfitting_rho.5","ECR","standard","bridge","estim","-0.693202588293587"
"659","9","2","underfitting_rho.5","ECR","standard","bridge","estim","-0.692216731889516"
"660","10","2","underfitting_rho.5","ECR","standard","bridge","estim","-0.692349104634538"
"661","11","2","underfitting_rho.5","ECR","standard","bridge","estim","-0.691572534013581"
"662","12","2","underfitting_rho.5","ECR","standard","bridge","estim","-0.693972706075108"
"663","13","2","underfitting_rho.5","ECR","standard","bridge","estim","-0.692207100184895"
"664","14","2","underfitting_rho.5","ECR","standard","bridge","estim","-0.692877541595792"
"665","15","2","underfitting_rho.5","ECR","standard","bridge","estim","-0.693206750947418"
"666","16","2","underfitting_rho.5","ECR","standard","bridge","estim","-0.69575585416424"
"667","17","2","underfitting_rho.5","ECR","standard","bridge","estim","-0.692588410706094"
"668","18","2","underfitting_rho.5","ECR","standard","bridge","estim","-0.692792431974745"
"669","19","2","underfitting_rho.5","ECR","standard","bridge","estim","-0.69438450835456"
"670","20","2","underfitting_rho.5","ECR","standard","bridge","estim","-0.69423967023306"
"671","21","2","underfitting_rho.5","ECR","standard","bridge","estim","-0.693823475545983"
"672","22","2","underfitting_rho.5","ECR","standard","bridge","estim","-0.693155309494649"
"673","23","2","underfitting_rho.5","ECR","standard","bridge","estim","-0.674867504023133"
"674","24","2","underfitting_rho.5","ECR","standard","bridge","estim","-0.691654639197402"
"675","25","2","underfitting_rho.5","ECR","standard","bridge","estim","-0.693950325807435"
"676","26","2","underfitting_rho.5","ECR","standard","bridge","estim","-0.693670657561512"
"677","27","2","underfitting_rho.5","ECR","standard","bridge","estim","-0.693785047932963"
"678","28","2","underfitting_rho.5","ECR","standard","bridge","estim","-0.693815002598058"
"679","29","2","underfitting_rho.5","ECR","standard","bridge","estim","-0.690513177286817"
"680","30","2","underfitting_rho.5","ECR","standard","bridge","estim","-0.69248922991985"
"681","31","2","underfitting_rho.5","ECR","standard","bridge","estim","-0.692530490175663"
"682","32","2","underfitting_rho.5","ECR","standard","bridge","estim","-0.687405262130191"
"683","33","2","underfitting_rho.5","ECR","standard","bridge","estim","-0.69261397320416"
"684","34","2","underfitting_rho.5","ECR","standard","bridge","estim","-0.694557038486259"
"685","35","2","underfitting_rho.5","ECR","standard","bridge","estim","-0.680392245134783"
"686","36","2","underfitting_rho.5","ECR","standard","bridge","estim","-0.692636869462383"
"687","37","2","underfitting_rho.5","ECR","standard","bridge","estim","-0.677797127553433"
"688","38","2","underfitting_rho.5","ECR","standard","bridge","estim","-0.692901226961418"
"689","39","2","underfitting_rho.5","ECR","standard","bridge","estim","-0.691548455196212"
"690","40","2","underfitting_rho.5","ECR","standard","bridge","estim","-0.692122047262103"
"691","41","2","underfitting_rho.5","ECR","standard","bridge","estim","-0.62944575516255"
"692","42","2","underfitting_rho.5","ECR","standard","bridge","estim","-0.692561830025866"
"693","43","2","underfitting_rho.5","ECR","standard","bridge","estim","-0.692848752782211"
"694","44","2","underfitting_rho.5","ECR","standard","bridge","estim","-0.693461971591333"
"695","45","2","underfitting_rho.5","ECR","standard","bridge","estim","-0.693592265172384"
"696","46","2","underfitting_rho.5","ECR","standard","bridge","estim","-0.693614431672756"
"697","47","2","underfitting_rho.5","ECR","standard","bridge","estim","-0.693726255149841"
"698","48","2","underfitting_rho.5","ECR","standard","bridge","estim","-0.694760185981814"
"699","49","2","underfitting_rho.5","ECR","standard","bridge","estim","-0.693785166685785"
"700","50","2","underfitting_rho.5","ECR","standard","bridge","estim","-0.691735340760133"
"701","1","2","underfitting_rho1","ECR","standard","bridge","estim","-0.694293325129728"
"702","2","2","underfitting_rho1","ECR","standard","bridge","estim","-0.598406568389841"
"703","3","2","underfitting_rho1","ECR","standard","bridge","estim","-0.663100643653241"
"704","4","2","underfitting_rho1","ECR","standard","bridge","estim","-0.671333998125078"
"705","5","2","underfitting_rho1","ECR","standard","bridge","estim","-0.56635062406778"
"706","6","2","underfitting_rho1","ECR","standard","bridge","estim","-0.541649313135725"
"707","7","2","underfitting_rho1","ECR","standard","bridge","estim","-0.692114795706555"
"708","8","2","underfitting_rho1","ECR","standard","bridge","estim","-0.693641514688878"
"709","9","2","underfitting_rho1","ECR","standard","bridge","estim","-0.693155665480148"
"710","10","2","underfitting_rho1","ECR","standard","bridge","estim","-0.695924866413922"
"711","11","2","underfitting_rho1","ECR","standard","bridge","estim","-0.411071616664945"
"712","12","2","underfitting_rho1","ECR","standard","bridge","estim","-0.679102972506616"
"713","13","2","underfitting_rho1","ECR","standard","bridge","estim","-0.436348372865325"
"714","14","2","underfitting_rho1","ECR","standard","bridge","estim","-0.642196730195167"
"715","15","2","underfitting_rho1","ECR","standard","bridge","estim","-0.657048992519421"
"716","16","2","underfitting_rho1","ECR","standard","bridge","estim","-0.690087677399042"
"717","17","2","underfitting_rho1","ECR","standard","bridge","estim","-0.644061800041932"
"718","18","2","underfitting_rho1","ECR","standard","bridge","estim","-0.694291971505052"
"719","19","2","underfitting_rho1","ECR","standard","bridge","estim","-0.642798632983993"
"720","20","2","underfitting_rho1","ECR","standard","bridge","estim","-0.562814517799964"
"721","21","2","underfitting_rho1","ECR","standard","bridge","estim","-0.689796716935881"
"722","22","2","underfitting_rho1","ECR","standard","bridge","estim","-0.635139455342397"
"723","23","2","underfitting_rho1","ECR","standard","bridge","estim","-0.523744343263044"
"724","24","2","underfitting_rho1","ECR","standard","bridge","estim","-0.582863413603363"
"725","25","2","underfitting_rho1","ECR","standard","bridge","estim","-0.657829120011442"
"726","26","2","underfitting_rho1","ECR","standard","bridge","estim","-0.534838494258807"
"727","27","2","underfitting_rho1","ECR","standard","bridge","estim","-0.603853213374332"
"728","28","2","underfitting_rho1","ECR","standard","bridge","estim","-0.691249917299302"
"729","29","2","underfitting_rho1","ECR","standard","bridge","estim","-0.616297695146834"
"730","30","2","underfitting_rho1","ECR","standard","bridge","estim","-0.628767863946099"
"731","31","2","underfitting_rho1","ECR","standard","bridge","estim","-0.632221757490086"
"732","32","2","underfitting_rho1","ECR","standard","bridge","estim","-0.523641212749823"
"733","33","2","underfitting_rho1","ECR","standard","bridge","estim","-0.678362187230086"
"734","34","2","underfitting_rho1","ECR","standard","bridge","estim","-0.659455308480339"
"735","35","2","underfitting_rho1","ECR","standard","bridge","estim","-0.278077119354815"
"736","36","2","underfitting_rho1","ECR","standard","bridge","estim","-0.66843108371831"
"737","37","2","underfitting_rho1","ECR","standard","bridge","estim","-0.484726438245662"
"738","38","2","underfitting_rho1","ECR","standard","bridge","estim","-0.689942535207692"
"739","39","2","underfitting_rho1","ECR","standard","bridge","estim","-0.461954444696214"
"740","40","2","underfitting_rho1","ECR","standard","bridge","estim","-0.609783290532036"
"741","41","2","underfitting_rho1","ECR","standard","bridge","estim","-0.41511239149537"
"742","42","2","underfitting_rho1","ECR","standard","bridge","estim","-0.695335169941991"
"743","43","2","underfitting_rho1","ECR","standard","bridge","estim","-0.695156799882206"
"744","44","2","underfitting_rho1","ECR","standard","bridge","estim","-0.680309911166034"
"745","45","2","underfitting_rho1","ECR","standard","bridge","estim","-0.658066456940258"
"746","46","2","underfitting_rho1","ECR","standard","bridge","estim","-0.629173076994334"
"747","47","2","underfitting_rho1","ECR","standard","bridge","estim","-0.693591792851112"
"748","48","2","underfitting_rho1","ECR","standard","bridge","estim","-0.685243461635636"
"749","49","2","underfitting_rho1","ECR","standard","bridge","estim","-0.680519892682995"
"750","50","2","underfitting_rho1","ECR","standard","bridge","estim","-0.648370635380839"
"751","1","2","underfitting_rho0","ECR","standard","standard","estim","-0.672413626575008"
"752","2","2","underfitting_rho0","ECR","standard","standard","estim","-0.690851683562919"
"753","3","2","underfitting_rho0","ECR","standard","standard","estim","-0.69295700893526"
"754","4","2","underfitting_rho0","ECR","standard","standard","estim","-0.745866833893196"
"755","5","2","underfitting_rho0","ECR","standard","standard","estim","-0.70943667404417"
"756","6","2","underfitting_rho0","ECR","standard","standard","estim","-0.736108242399041"
"757","7","2","underfitting_rho0","ECR","standard","standard","estim","-0.676702457963088"
"758","8","2","underfitting_rho0","ECR","standard","standard","estim","-0.719457952659013"
"759","9","2","underfitting_rho0","ECR","standard","standard","estim","-0.678555690201435"
"760","10","2","underfitting_rho0","ECR","standard","standard","estim","-0.694420387988849"
"761","11","2","underfitting_rho0","ECR","standard","standard","estim","-0.663492145642962"
"762","12","2","underfitting_rho0","ECR","standard","standard","estim","-0.632467815678339"
"763","13","2","underfitting_rho0","ECR","standard","standard","estim","-0.709418093316458"
"764","14","2","underfitting_rho0","ECR","standard","standard","estim","-0.683406415200857"
"765","15","2","underfitting_rho0","ECR","standard","standard","estim","-0.701391720150497"
"766","16","2","underfitting_rho0","ECR","standard","standard","estim","-0.688944356009053"
"767","17","2","underfitting_rho0","ECR","standard","standard","estim","-0.653642976048118"
"768","18","2","underfitting_rho0","ECR","standard","standard","estim","-0.731754599169598"
"769","19","2","underfitting_rho0","ECR","standard","standard","estim","-0.702927631055168"
"770","20","2","underfitting_rho0","ECR","standard","standard","estim","-0.701185797816514"
"771","21","2","underfitting_rho0","ECR","standard","standard","estim","-0.641789022312949"
"772","22","2","underfitting_rho0","ECR","standard","standard","estim","-0.713210650094744"
"773","23","2","underfitting_rho0","ECR","standard","standard","estim","-0.755514477198432"
"774","24","2","underfitting_rho0","ECR","standard","standard","estim","-0.685957946547184"
"775","25","2","underfitting_rho0","ECR","standard","standard","estim","-0.732110730677888"
"776","26","2","underfitting_rho0","ECR","standard","standard","estim","-0.66243051991691"
"777","27","2","underfitting_rho0","ECR","standard","standard","estim","-0.682775393031406"
"778","28","2","underfitting_rho0","ECR","standard","standard","estim","-0.668113675679308"
"779","29","2","underfitting_rho0","ECR","standard","standard","estim","-0.700869580685541"
"780","30","2","underfitting_rho0","ECR","standard","standard","estim","-0.72427548471169"
"781","31","2","underfitting_rho0","ECR","standard","standard","estim","-0.672864250042579"
"782","32","2","underfitting_rho0","ECR","standard","standard","estim","-0.707207686761386"
"783","33","2","underfitting_rho0","ECR","standard","standard","estim","-0.697896483209021"
"784","34","2","underfitting_rho0","ECR","standard","standard","estim","-0.697661380239126"
"785","35","2","underfitting_rho0","ECR","standard","standard","estim","-0.730624348371393"
"786","36","2","underfitting_rho0","ECR","standard","standard","estim","-0.686505197936917"
"787","37","2","underfitting_rho0","ECR","standard","standard","estim","-0.674108075253905"
"788","38","2","underfitting_rho0","ECR","standard","standard","estim","-0.682886833750636"
"789","39","2","underfitting_rho0","ECR","standard","standard","estim","-0.649560715448331"
"790","40","2","underfitting_rho0","ECR","standard","standard","estim","-0.65792788782764"
"791","41","2","underfitting_rho0","ECR","standard","standard","estim","-0.700186916398124"
"792","42","2","underfitting_rho0","ECR","standard","standard","estim","-0.710673359681962"
"793","43","2","underfitting_rho0","ECR","standard","standard","estim","-0.694362131535804"
"794","44","2","underfitting_rho0","ECR","standard","standard","estim","-0.720181014080488"
"795","45","2","underfitting_rho0","ECR","standard","standard","estim","-0.682163387467988"
"796","46","2","underfitting_rho0","ECR","standard","standard","estim","-0.646404398486766"
"797","47","2","underfitting_rho0","ECR","standard","standard","estim","-0.638444245821297"
"798","48","2","underfitting_rho0","ECR","standard","standard","estim","-0.663858947344103"
"799","49","2","underfitting_rho0","ECR","standard","standard","estim","-0.641415374276676"
"800","50","2","underfitting_rho0","ECR","standard","standard","estim","-0.719446054636791"
"801","1","2","underfitting_rho.5","ECR","standard","standard","estim","-0.690647872179184"
"802","2","2","underfitting_rho.5","ECR","standard","standard","estim","-0.719544980292483"
"803","3","2","underfitting_rho.5","ECR","standard","standard","estim","-0.764525899651609"
"804","4","2","underfitting_rho.5","ECR","standard","standard","estim","-0.705161440304074"
"805","5","2","underfitting_rho.5","ECR","standard","standard","estim","-0.724563950755709"
"806","6","2","underfitting_rho.5","ECR","standard","standard","estim","-0.696186312811925"
"807","7","2","underfitting_rho.5","ECR","standard","standard","estim","-0.673918403603594"
"808","8","2","underfitting_rho.5","ECR","standard","standard","estim","-0.679322468654298"
"809","9","2","underfitting_rho.5","ECR","standard","standard","estim","-0.668831671455891"
"810","10","2","underfitting_rho.5","ECR","standard","standard","estim","-0.664837048689371"
"811","11","2","underfitting_rho.5","ECR","standard","standard","estim","-0.66077744829014"
"812","12","2","underfitting_rho.5","ECR","standard","standard","estim","-0.680998013261188"
"813","13","2","underfitting_rho.5","ECR","standard","standard","estim","-0.72486746292639"
"814","14","2","underfitting_rho.5","ECR","standard","standard","estim","-0.701592153438796"
"815","15","2","underfitting_rho.5","ECR","standard","standard","estim","-0.675816279448661"
"816","16","2","underfitting_rho.5","ECR","standard","standard","estim","-0.68989099711218"
"817","17","2","underfitting_rho.5","ECR","standard","standard","estim","-0.719692722642861"
"818","18","2","underfitting_rho.5","ECR","standard","standard","estim","-0.729908949488745"
"819","19","2","underfitting_rho.5","ECR","standard","standard","estim","-0.699224075906571"
"820","20","2","underfitting_rho.5","ECR","standard","standard","estim","-0.681429492839804"
"821","21","2","underfitting_rho.5","ECR","standard","standard","estim","-0.704804446765074"
"822","22","2","underfitting_rho.5","ECR","standard","standard","estim","-0.705366840724494"
"823","23","2","underfitting_rho.5","ECR","standard","standard","estim","-0.703832993173414"
"824","24","2","underfitting_rho.5","ECR","standard","standard","estim","-0.677534357145817"
"825","25","2","underfitting_rho.5","ECR","standard","standard","estim","-0.758205468115662"
"826","26","2","underfitting_rho.5","ECR","standard","standard","estim","-0.662156615689632"
"827","27","2","underfitting_rho.5","ECR","standard","standard","estim","-0.698503572366906"
"828","28","2","underfitting_rho.5","ECR","standard","standard","estim","-0.649865851069656"
"829","29","2","underfitting_rho.5","ECR","standard","standard","estim","-0.722884396946029"
"830","30","2","underfitting_rho.5","ECR","standard","standard","estim","-0.677760958462144"
"831","31","2","underfitting_rho.5","ECR","standard","standard","estim","-0.70826825856026"
"832","32","2","underfitting_rho.5","ECR","standard","standard","estim","-0.723154330154685"
"833","33","2","underfitting_rho.5","ECR","standard","standard","estim","-0.696533136715281"
"834","34","2","underfitting_rho.5","ECR","standard","standard","estim","-0.694652832428751"
"835","35","2","underfitting_rho.5","ECR","standard","standard","estim","-0.740466726894226"
"836","36","2","underfitting_rho.5","ECR","standard","standard","estim","-0.637270800900815"
"837","37","2","underfitting_rho.5","ECR","standard","standard","estim","-0.72253854729199"
"838","38","2","underfitting_rho.5","ECR","standard","standard","estim","-0.682661600027075"
"839","39","2","underfitting_rho.5","ECR","standard","standard","estim","-0.668212722876646"
"840","40","2","underfitting_rho.5","ECR","standard","standard","estim","-0.696201859902779"
"841","41","2","underfitting_rho.5","ECR","standard","standard","estim","-0.680592479280037"
"842","42","2","underfitting_rho.5","ECR","standard","standard","estim","-0.694352437923172"
"843","43","2","underfitting_rho.5","ECR","standard","standard","estim","-0.644907201603871"
"844","44","2","underfitting_rho.5","ECR","standard","standard","estim","-0.660178114968545"
"845","45","2","underfitting_rho.5","ECR","standard","standard","estim","-0.689311383410711"
"846","46","2","underfitting_rho.5","ECR","standard","standard","estim","-0.693811339089223"
"847","47","2","underfitting_rho.5","ECR","standard","standard","estim","-0.642603755160515"
"848","48","2","underfitting_rho.5","ECR","standard","standard","estim","-0.655974818920775"
"849","49","2","underfitting_rho.5","ECR","standard","standard","estim","-0.63532415709323"
"850","50","2","underfitting_rho.5","ECR","standard","standard","estim","-0.800774595348699"
"851","1","2","underfitting_rho1","ECR","standard","standard","estim","-0.695907895696905"
"852","2","2","underfitting_rho1","ECR","standard","standard","estim","-0.665818700989092"
"853","3","2","underfitting_rho1","ECR","standard","standard","estim","-0.681807072586416"
"854","4","2","underfitting_rho1","ECR","standard","standard","estim","-0.671077220374773"
"855","5","2","underfitting_rho1","ECR","standard","standard","estim","-0.631069419366582"
"856","6","2","underfitting_rho1","ECR","standard","standard","estim","-0.513684442833053"
"857","7","2","underfitting_rho1","ECR","standard","standard","estim","-0.665218387109316"
"858","8","2","underfitting_rho1","ECR","standard","standard","estim","-0.749463790770477"
"859","9","2","underfitting_rho1","ECR","standard","standard","estim","-0.703772585213947"
"860","10","2","underfitting_rho1","ECR","standard","standard","estim","-0.699803191289629"
"861","11","2","underfitting_rho1","ECR","standard","standard","estim","-0.125478383836867"
"862","12","2","underfitting_rho1","ECR","standard","standard","estim","-0.71885829216567"
"863","13","2","underfitting_rho1","ECR","standard","standard","estim","-0.338070018702595"
"864","14","2","underfitting_rho1","ECR","standard","standard","estim","-0.667419558146193"
"865","15","2","underfitting_rho1","ECR","standard","standard","estim","-0.710892410073743"
"866","16","2","underfitting_rho1","ECR","standard","standard","estim","-0.734377115250837"
"867","17","2","underfitting_rho1","ECR","standard","standard","estim","-0.710383185761913"
"868","18","2","underfitting_rho1","ECR","standard","standard","estim","-0.682565004498549"
"869","19","2","underfitting_rho1","ECR","standard","standard","estim","-0.641782304758046"
"870","20","2","underfitting_rho1","ECR","standard","standard","estim","-0.657385384248176"
"871","21","2","underfitting_rho1","ECR","standard","standard","estim","-0.694022014406826"
"872","22","2","underfitting_rho1","ECR","standard","standard","estim","-0.692753748891654"
"873","23","2","underfitting_rho1","ECR","standard","standard","estim","-0.562336585027115"
"874","24","2","underfitting_rho1","ECR","standard","standard","estim","-0.630738127630547"
"875","25","2","underfitting_rho1","ECR","standard","standard","estim","-0.753237288839642"
"876","26","2","underfitting_rho1","ECR","standard","standard","estim","-0.6845093876445"
"877","27","2","underfitting_rho1","ECR","standard","standard","estim","-0.71159965849391"
"878","28","2","underfitting_rho1","ECR","standard","standard","estim","-0.669938249789368"
"879","29","2","underfitting_rho1","ECR","standard","standard","estim","-0.633571974065003"
"880","30","2","underfitting_rho1","ECR","standard","standard","estim","-0.725840155383466"
"881","31","2","underfitting_rho1","ECR","standard","standard","estim","-0.686753069669155"
"882","32","2","underfitting_rho1","ECR","standard","standard","estim","-0.572675675787927"
"883","33","2","underfitting_rho1","ECR","standard","standard","estim","-0.70895229576313"
"884","34","2","underfitting_rho1","ECR","standard","standard","estim","-0.689501890242965"
"885","35","2","underfitting_rho1","ECR","standard","standard","estim","-0.142720075652385"
"886","36","2","underfitting_rho1","ECR","standard","standard","estim","-0.731783802915377"
"887","37","2","underfitting_rho1","ECR","standard","standard","estim","-0.679900706725618"
"888","38","2","underfitting_rho1","ECR","standard","standard","estim","-0.666153040555578"
"889","39","2","underfitting_rho1","ECR","standard","standard","estim","-0.394083595918136"
"890","40","2","underfitting_rho1","ECR","standard","standard","estim","-0.61429851719685"
"891","41","2","underfitting_rho1","ECR","standard","standard","estim","-0.299160899563997"
"892","42","2","underfitting_rho1","ECR","standard","standard","estim","-0.711615879160433"
"893","43","2","underfitting_rho1","ECR","standard","standard","estim","-0.656062858636112"
"894","44","2","underfitting_rho1","ECR","standard","standard","estim","-0.684889175085655"
"895","45","2","underfitting_rho1","ECR","standard","standard","estim","-0.710292695106123"
"896","46","2","underfitting_rho1","ECR","standard","standard","estim","-0.713082409483441"
"897","47","2","underfitting_rho1","ECR","standard","standard","estim","-0.649741577597307"
"898","48","2","underfitting_rho1","ECR","standard","standard","estim","-0.71977721451313"
"899","49","2","underfitting_rho1","ECR","standard","standard","estim","-0.709710191400262"
"900","50","2","underfitting_rho1","ECR","standard","standard","estim","-0.686441520307472"
"901","1","2","underfitting_rho0","ECR","standard","simple","lower","-0.445210594205875"
"902","2","2","underfitting_rho0","ECR","standard","simple","lower","-0.328858240696512"
"903","3","2","underfitting_rho0","ECR","standard","simple","lower","-0.239817202968041"
"904","4","2","underfitting_rho0","ECR","standard","simple","lower","-0.210258024363306"
"905","5","2","underfitting_rho0","ECR","standard","simple","lower","-0.236955762747385"
"906","6","2","underfitting_rho0","ECR","standard","simple","lower","-0.26715041762597"
"907","7","2","underfitting_rho0","ECR","standard","simple","lower","-0.347194783316361"
"908","8","2","underfitting_rho0","ECR","standard","simple","lower","-0.214952240286486"
"909","9","2","underfitting_rho0","ECR","standard","simple","lower","-0.185634758530362"
"910","10","2","underfitting_rho0","ECR","standard","simple","lower","-0.411588451437211"
"911","11","2","underfitting_rho0","ECR","standard","simple","lower","-0.192128379731791"
"912","12","2","underfitting_rho0","ECR","standard","simple","lower","-0.649723613605758"
"913","13","2","underfitting_rho0","ECR","standard","simple","lower","-0.460479480795151"
"914","14","2","underfitting_rho0","ECR","standard","simple","lower","-0.193395686929577"
"915","15","2","underfitting_rho0","ECR","standard","simple","lower","-0.273656589541545"
"916","16","2","underfitting_rho0","ECR","standard","simple","lower","-0.163775091161604"
"917","17","2","underfitting_rho0","ECR","standard","simple","lower","-0.146109369075411"
"918","18","2","underfitting_rho0","ECR","standard","simple","lower","-0.346896163558142"
"919","19","2","underfitting_rho0","ECR","standard","simple","lower","-0.322972524212318"
"920","20","2","underfitting_rho0","ECR","standard","simple","lower","-0.157581728520761"
"921","21","2","underfitting_rho0","ECR","standard","simple","lower","-0.218093906915122"
"922","22","2","underfitting_rho0","ECR","standard","simple","lower","-0.643872405233289"
"923","23","2","underfitting_rho0","ECR","standard","simple","lower","-0.220267248918276"
"924","24","2","underfitting_rho0","ECR","standard","simple","lower","-0.270502692491071"
"925","25","2","underfitting_rho0","ECR","standard","simple","lower","-0.944421923155502"
"926","26","2","underfitting_rho0","ECR","standard","simple","lower","-0.12077773150515"
"927","27","2","underfitting_rho0","ECR","standard","simple","lower","-0.182395248881619"
"928","28","2","underfitting_rho0","ECR","standard","simple","lower","-0.293875926118993"
"929","29","2","underfitting_rho0","ECR","standard","simple","lower","-0.255216187439551"
"930","30","2","underfitting_rho0","ECR","standard","simple","lower","-0.629644673930812"
"931","31","2","underfitting_rho0","ECR","standard","simple","lower","-0.151012456454517"
"932","32","2","underfitting_rho0","ECR","standard","simple","lower","-0.394097453723937"
"933","33","2","underfitting_rho0","ECR","standard","simple","lower","-0.151769075062177"
"934","34","2","underfitting_rho0","ECR","standard","simple","lower","-0.735183719284144"
"935","35","2","underfitting_rho0","ECR","standard","simple","lower","-0.269476736640001"
"936","36","2","underfitting_rho0","ECR","standard","simple","lower","-0.138527490098745"
"937","37","2","underfitting_rho0","ECR","standard","simple","lower","-0.219097014473235"
"938","38","2","underfitting_rho0","ECR","standard","simple","lower","-0.483725622249082"
"939","39","2","underfitting_rho0","ECR","standard","simple","lower","-0.181453341696148"
"940","40","2","underfitting_rho0","ECR","standard","simple","lower","-0.341123744324562"
"941","41","2","underfitting_rho0","ECR","standard","simple","lower","-0.331382049950143"
"942","42","2","underfitting_rho0","ECR","standard","simple","lower","-0.203167635145171"
"943","43","2","underfitting_rho0","ECR","standard","simple","lower","-0.446803281715027"
"944","44","2","underfitting_rho0","ECR","standard","simple","lower","-0.289712617303429"
"945","45","2","underfitting_rho0","ECR","standard","simple","lower","-0.241992123228535"
"946","46","2","underfitting_rho0","ECR","standard","simple","lower","-0.126513386682731"
"947","47","2","underfitting_rho0","ECR","standard","simple","lower","-0.754185758268449"
"948","48","2","underfitting_rho0","ECR","standard","simple","lower","-0.11220318706993"
"949","49","2","underfitting_rho0","ECR","standard","simple","lower","-0.122463836582668"
"950","50","2","underfitting_rho0","ECR","standard","simple","lower","-0.413313455573935"
"951","1","2","underfitting_rho.5","ECR","standard","simple","lower","-0.345596843539056"
"952","2","2","underfitting_rho.5","ECR","standard","simple","lower","-0.372015131040847"
"953","3","2","underfitting_rho.5","ECR","standard","simple","lower","-0.204097530577009"
"954","4","2","underfitting_rho.5","ECR","standard","simple","lower","-0.284016485608447"
"955","5","2","underfitting_rho.5","ECR","standard","simple","lower","-0.226268535671558"
"956","6","2","underfitting_rho.5","ECR","standard","simple","lower","-0.243370511850223"
"957","7","2","underfitting_rho.5","ECR","standard","simple","lower","-0.330224009192236"
"958","8","2","underfitting_rho.5","ECR","standard","simple","lower","-0.25478620010653"
"959","9","2","underfitting_rho.5","ECR","standard","simple","lower","-0.22130591705637"
"960","10","2","underfitting_rho.5","ECR","standard","simple","lower","-0.378898506810373"
"961","11","2","underfitting_rho.5","ECR","standard","simple","lower","-0.402252876919718"
"962","12","2","underfitting_rho.5","ECR","standard","simple","lower","-0.375162686589029"
"963","13","2","underfitting_rho.5","ECR","standard","simple","lower","-0.664530035912946"
"964","14","2","underfitting_rho.5","ECR","standard","simple","lower","-0.285650079630543"
"965","15","2","underfitting_rho.5","ECR","standard","simple","lower","-0.608074366274693"
"966","16","2","underfitting_rho.5","ECR","standard","simple","lower","-0.160698598507871"
"967","17","2","underfitting_rho.5","ECR","standard","simple","lower","-0.264452246546597"
"968","18","2","underfitting_rho.5","ECR","standard","simple","lower","-0.353791909470104"
"969","19","2","underfitting_rho.5","ECR","standard","simple","lower","-0.494001930829967"
"970","20","2","underfitting_rho.5","ECR","standard","simple","lower","-0.128883585899146"
"971","21","2","underfitting_rho.5","ECR","standard","simple","lower","-0.31024925906501"
"972","22","2","underfitting_rho.5","ECR","standard","simple","lower","-0.280413455340906"
"973","23","2","underfitting_rho.5","ECR","standard","simple","lower","-0.247441319333262"
"974","24","2","underfitting_rho.5","ECR","standard","simple","lower","-0.435696619646933"
"975","25","2","underfitting_rho.5","ECR","standard","simple","lower","-1.06346097511098"
"976","26","2","underfitting_rho.5","ECR","standard","simple","lower","-0.14411253236139"
"977","27","2","underfitting_rho.5","ECR","standard","simple","lower","-0.197005170890165"
"978","28","2","underfitting_rho.5","ECR","standard","simple","lower","-0.182011472156383"
"979","29","2","underfitting_rho.5","ECR","standard","simple","lower","-0.68678659571404"
"980","30","2","underfitting_rho.5","ECR","standard","simple","lower","-0.585496179680987"
"981","31","2","underfitting_rho.5","ECR","standard","simple","lower","-0.304150846693112"
"982","32","2","underfitting_rho.5","ECR","standard","simple","lower","-0.306077266461294"
"983","33","2","underfitting_rho.5","ECR","standard","simple","lower","-0.643895018892522"
"984","34","2","underfitting_rho.5","ECR","standard","simple","lower","-0.324862298188883"
"985","35","2","underfitting_rho.5","ECR","standard","simple","lower","-0.708894286653376"
"986","36","2","underfitting_rho.5","ECR","standard","simple","lower","-0.196303569421467"
"987","37","2","underfitting_rho.5","ECR","standard","simple","lower","-0.350153306753597"
"988","38","2","underfitting_rho.5","ECR","standard","simple","lower","-0.412952957138451"
"989","39","2","underfitting_rho.5","ECR","standard","simple","lower","-0.208745999792605"
"990","40","2","underfitting_rho.5","ECR","standard","simple","lower","-0.788578119939906"
"991","41","2","underfitting_rho.5","ECR","standard","simple","lower","-0.305387820189274"
"992","42","2","underfitting_rho.5","ECR","standard","simple","lower","-0.164249322241886"
"993","43","2","underfitting_rho.5","ECR","standard","simple","lower","-0.470061004138202"
"994","44","2","underfitting_rho.5","ECR","standard","simple","lower","-0.177464559932012"
"995","45","2","underfitting_rho.5","ECR","standard","simple","lower","-0.36069818366969"
"996","46","2","underfitting_rho.5","ECR","standard","simple","lower","-0.362769220614801"
"997","47","2","underfitting_rho.5","ECR","standard","simple","lower","-0.803709873782005"
"998","48","2","underfitting_rho.5","ECR","standard","simple","lower","-0.456000006981462"
"999","49","2","underfitting_rho.5","ECR","standard","simple","lower","-0.100441155348904"
"1000","50","2","underfitting_rho.5","ECR","standard","simple","lower","-0.504402600448472"
"1001","1","2","underfitting_rho1","ECR","standard","simple","lower","-0.163048591165946"
"1002","2","2","underfitting_rho1","ECR","standard","simple","lower","-0.37011475692892"
"1003","3","2","underfitting_rho1","ECR","standard","simple","lower","-0.737624103859048"
"1004","4","2","underfitting_rho1","ECR","standard","simple","lower","-0.1873524015841"
"1005","5","2","underfitting_rho1","ECR","standard","simple","lower","-0.119483146202327"
"1006","6","2","underfitting_rho1","ECR","standard","simple","lower","-0.298446380449828"
"1007","7","2","underfitting_rho1","ECR","standard","simple","lower","-0.946238408856576"
"1008","8","2","underfitting_rho1","ECR","standard","simple","lower","-0.306788068635381"
"1009","9","2","underfitting_rho1","ECR","standard","simple","lower","-0.22644110795212"
"1010","10","2","underfitting_rho1","ECR","standard","simple","lower","-0.40819582149706"
"1011","11","2","underfitting_rho1","ECR","standard","simple","lower","-0.132888474557806"
"1012","12","2","underfitting_rho1","ECR","standard","simple","lower","-0.235077442056195"
"1013","13","2","underfitting_rho1","ECR","standard","simple","lower","-0.577568741640377"
"1014","14","2","underfitting_rho1","ECR","standard","simple","lower","-0.195658391704967"
"1015","15","2","underfitting_rho1","ECR","standard","simple","lower","-0.169256421184688"
"1016","16","2","underfitting_rho1","ECR","standard","simple","lower","-0.335719360999967"
"1017","17","2","underfitting_rho1","ECR","standard","simple","lower","-1.0304843418397"
"1018","18","2","underfitting_rho1","ECR","standard","simple","lower","-0.181862297230602"
"1019","19","2","underfitting_rho1","ECR","standard","simple","lower","-1.07389032886956"
"1020","20","2","underfitting_rho1","ECR","standard","simple","lower","-0.147368336112248"
"1021","21","2","underfitting_rho1","ECR","standard","simple","lower","-0.356479564424475"
"1022","22","2","underfitting_rho1","ECR","standard","simple","lower","-0.250373116329207"
"1023","23","2","underfitting_rho1","ECR","standard","simple","lower","-0.514498828074718"
"1024","24","2","underfitting_rho1","ECR","standard","simple","lower","-0.229413567726301"
"1025","25","2","underfitting_rho1","ECR","standard","simple","lower","-0.344897758883207"
"1026","26","2","underfitting_rho1","ECR","standard","simple","lower","-0.532544096626737"
"1027","27","2","underfitting_rho1","ECR","standard","simple","lower","-0.655910329431883"
"1028","28","2","underfitting_rho1","ECR","standard","simple","lower","-0.26459193845993"
"1029","29","2","underfitting_rho1","ECR","standard","simple","lower","-0.102670020113095"
"1030","30","2","underfitting_rho1","ECR","standard","simple","lower","-0.488827095594921"
"1031","31","2","underfitting_rho1","ECR","standard","simple","lower","-0.499410399525445"
"1032","32","2","underfitting_rho1","ECR","standard","simple","lower","-0.74865833501271"
"1033","33","2","underfitting_rho1","ECR","standard","simple","lower","-0.196824637790549"
"1034","34","2","underfitting_rho1","ECR","standard","simple","lower","-0.224330054707352"
"1035","35","2","underfitting_rho1","ECR","standard","simple","lower","-0.970279899602154"
"1036","36","2","underfitting_rho1","ECR","standard","simple","lower","-0.284521306390399"
"1037","37","2","underfitting_rho1","ECR","standard","simple","lower","-0.403089641885138"
"1038","38","2","underfitting_rho1","ECR","standard","simple","lower","-0.321214483961278"
"1039","39","2","underfitting_rho1","ECR","standard","simple","lower","-0.442557349789876"
"1040","40","2","underfitting_rho1","ECR","standard","simple","lower","-0.353114533868332"
"1041","41","2","underfitting_rho1","ECR","standard","simple","lower","-0.352835769422253"
"1042","42","2","underfitting_rho1","ECR","standard","simple","lower","-0.2407152388881"
"1043","43","2","underfitting_rho1","ECR","standard","simple","lower","-0.326824886838267"
"1044","44","2","underfitting_rho1","ECR","standard","simple","lower","-0.102545303625291"
"1045","45","2","underfitting_rho1","ECR","standard","simple","lower","-0.340045145111702"
"1046","46","2","underfitting_rho1","ECR","standard","simple","lower","-0.30649650803673"
"1047","47","2","underfitting_rho1","ECR","standard","simple","lower","-0.251168320162108"
"1048","48","2","underfitting_rho1","ECR","standard","simple","lower","-0.228894483428668"
"1049","49","2","underfitting_rho1","ECR","standard","simple","lower","-0.233854705163552"
"1050","50","2","underfitting_rho1","ECR","standard","simple","lower","-0.389246589796674"
"1051","1","2","underfitting_rho0","ECR","standard","bridge","lower","-0.693099286798748"
"1052","2","2","underfitting_rho0","ECR","standard","bridge","lower","-0.692803846075257"
"1053","3","2","underfitting_rho0","ECR","standard","bridge","lower","-0.692416867307657"
"1054","4","2","underfitting_rho0","ECR","standard","bridge","lower","-0.691510470782802"
"1055","5","2","underfitting_rho0","ECR","standard","bridge","lower","-0.692736070391248"
"1056","6","2","underfitting_rho0","ECR","standard","bridge","lower","-0.692666395776413"
"1057","7","2","underfitting_rho0","ECR","standard","bridge","lower","-0.693146481563844"
"1058","8","2","underfitting_rho0","ECR","standard","bridge","lower","-0.6923157924886"
"1059","9","2","underfitting_rho0","ECR","standard","bridge","lower","-0.692592929244725"
"1060","10","2","underfitting_rho0","ECR","standard","bridge","lower","-0.692873490219576"
"1061","11","2","underfitting_rho0","ECR","standard","bridge","lower","-0.692344043778469"
"1062","12","2","underfitting_rho0","ECR","standard","bridge","lower","-0.692790314704126"
"1063","13","2","underfitting_rho0","ECR","standard","bridge","lower","-0.692076606618542"
"1064","14","2","underfitting_rho0","ECR","standard","bridge","lower","-0.691530219063402"
"1065","15","2","underfitting_rho0","ECR","standard","bridge","lower","-0.691891963407912"
"1066","16","2","underfitting_rho0","ECR","standard","bridge","lower","-0.690398235832077"
"1067","17","2","underfitting_rho0","ECR","standard","bridge","lower","-0.692420472349276"
"1068","18","2","underfitting_rho0","ECR","standard","bridge","lower","-0.69186432299469"
"1069","19","2","underfitting_rho0","ECR","standard","bridge","lower","-0.69272910870815"
"1070","20","2","underfitting_rho0","ECR","standard","bridge","lower","-0.692906326703806"
"1071","21","2","underfitting_rho0","ECR","standard","bridge","lower","-0.692930943186788"
"1072","22","2","underfitting_rho0","ECR","standard","bridge","lower","-0.6928681626826"
"1073","23","2","underfitting_rho0","ECR","standard","bridge","lower","-0.692795476461683"
"1074","24","2","underfitting_rho0","ECR","standard","bridge","lower","-0.693514279350715"
"1075","25","2","underfitting_rho0","ECR","standard","bridge","lower","-0.692730712729258"
"1076","26","2","underfitting_rho0","ECR","standard","bridge","lower","-0.692778084482519"
"1077","27","2","underfitting_rho0","ECR","standard","bridge","lower","-0.692166629237249"
"1078","28","2","underfitting_rho0","ECR","standard","bridge","lower","-0.691185823813967"
"1079","29","2","underfitting_rho0","ECR","standard","bridge","lower","-0.693270286016322"
"1080","30","2","underfitting_rho0","ECR","standard","bridge","lower","-0.692138546555135"
"1081","31","2","underfitting_rho0","ECR","standard","bridge","lower","-0.692676202337672"
"1082","32","2","underfitting_rho0","ECR","standard","bridge","lower","-0.692527559767385"
"1083","33","2","underfitting_rho0","ECR","standard","bridge","lower","-0.691590331939629"
"1084","34","2","underfitting_rho0","ECR","standard","bridge","lower","-0.692536277081878"
"1085","35","2","underfitting_rho0","ECR","standard","bridge","lower","-0.693073558059254"
"1086","36","2","underfitting_rho0","ECR","standard","bridge","lower","-0.690758810519753"
"1087","37","2","underfitting_rho0","ECR","standard","bridge","lower","-0.693075916257222"
"1088","38","2","underfitting_rho0","ECR","standard","bridge","lower","-0.692813991188672"
"1089","39","2","underfitting_rho0","ECR","standard","bridge","lower","-0.691608528326803"
"1090","40","2","underfitting_rho0","ECR","standard","bridge","lower","-0.69166959215007"
"1091","41","2","underfitting_rho0","ECR","standard","bridge","lower","-0.688035853915068"
"1092","42","2","underfitting_rho0","ECR","standard","bridge","lower","-0.691965393951286"
"1093","43","2","underfitting_rho0","ECR","standard","bridge","lower","-0.692433578057845"
"1094","44","2","underfitting_rho0","ECR","standard","bridge","lower","-0.690873704291846"
"1095","45","2","underfitting_rho0","ECR","standard","bridge","lower","-0.691969938667029"
"1096","46","2","underfitting_rho0","ECR","standard","bridge","lower","-0.690437866252502"
"1097","47","2","underfitting_rho0","ECR","standard","bridge","lower","-0.693440202108377"
"1098","48","2","underfitting_rho0","ECR","standard","bridge","lower","-0.692836737132595"
"1099","49","2","underfitting_rho0","ECR","standard","bridge","lower","-0.692823105225031"
"1100","50","2","underfitting_rho0","ECR","standard","bridge","lower","-0.693071322776831"
"1101","1","2","underfitting_rho.5","ECR","standard","bridge","lower","-0.691627109260388"
"1102","2","2","underfitting_rho.5","ECR","standard","bridge","lower","-0.681461241444453"
"1103","3","2","underfitting_rho.5","ECR","standard","bridge","lower","-0.689852874321538"
"1104","4","2","underfitting_rho.5","ECR","standard","bridge","lower","-0.688415330707812"
"1105","5","2","underfitting_rho.5","ECR","standard","bridge","lower","-0.613373689880547"
"1106","6","2","underfitting_rho.5","ECR","standard","bridge","lower","-0.687761566811552"
"1107","7","2","underfitting_rho.5","ECR","standard","bridge","lower","-0.693459560867488"
"1108","8","2","underfitting_rho.5","ECR","standard","bridge","lower","-0.692069537790104"
"1109","9","2","underfitting_rho.5","ECR","standard","bridge","lower","-0.691290735672631"
"1110","10","2","underfitting_rho.5","ECR","standard","bridge","lower","-0.691752911476918"
"1111","11","2","underfitting_rho.5","ECR","standard","bridge","lower","-0.689255331510388"
"1112","12","2","underfitting_rho.5","ECR","standard","bridge","lower","-0.692505788732653"
"1113","13","2","underfitting_rho.5","ECR","standard","bridge","lower","-0.691134425227467"
"1114","14","2","underfitting_rho.5","ECR","standard","bridge","lower","-0.691525595548747"
"1115","15","2","underfitting_rho.5","ECR","standard","bridge","lower","-0.689374684006523"
"1116","16","2","underfitting_rho.5","ECR","standard","bridge","lower","-0.693407286193228"
"1117","17","2","underfitting_rho.5","ECR","standard","bridge","lower","-0.688122234026409"
"1118","18","2","underfitting_rho.5","ECR","standard","bridge","lower","-0.692128872385609"
"1119","19","2","underfitting_rho.5","ECR","standard","bridge","lower","-0.693079251930584"
"1120","20","2","underfitting_rho.5","ECR","standard","bridge","lower","-0.69357000666637"
"1121","21","2","underfitting_rho.5","ECR","standard","bridge","lower","-0.692549478791499"
"1122","22","2","underfitting_rho.5","ECR","standard","bridge","lower","-0.69262487433393"
"1123","23","2","underfitting_rho.5","ECR","standard","bridge","lower","-0.669640409415827"
"1124","24","2","underfitting_rho.5","ECR","standard","bridge","lower","-0.689017987311537"
"1125","25","2","underfitting_rho.5","ECR","standard","bridge","lower","-0.692192028562609"
"1126","26","2","underfitting_rho.5","ECR","standard","bridge","lower","-0.692728746140261"
"1127","27","2","underfitting_rho.5","ECR","standard","bridge","lower","-0.69208930226436"
"1128","28","2","underfitting_rho.5","ECR","standard","bridge","lower","-0.692159001182581"
"1129","29","2","underfitting_rho.5","ECR","standard","bridge","lower","-0.686452648741906"
"1130","30","2","underfitting_rho.5","ECR","standard","bridge","lower","-0.690698858983147"
"1131","31","2","underfitting_rho.5","ECR","standard","bridge","lower","-0.691299507105569"
"1132","32","2","underfitting_rho.5","ECR","standard","bridge","lower","-0.682636803981737"
"1133","33","2","underfitting_rho.5","ECR","standard","bridge","lower","-0.691891625740837"
"1134","34","2","underfitting_rho.5","ECR","standard","bridge","lower","-0.692731355921538"
"1135","35","2","underfitting_rho.5","ECR","standard","bridge","lower","-0.67486810737195"
"1136","36","2","underfitting_rho.5","ECR","standard","bridge","lower","-0.691675418074141"
"1137","37","2","underfitting_rho.5","ECR","standard","bridge","lower","-0.6695285828213"
"1138","38","2","underfitting_rho.5","ECR","standard","bridge","lower","-0.691907905750092"
"1139","39","2","underfitting_rho.5","ECR","standard","bridge","lower","-0.688934920791965"
"1140","40","2","underfitting_rho.5","ECR","standard","bridge","lower","-0.690742093351965"
"1141","41","2","underfitting_rho.5","ECR","standard","bridge","lower","-0.624848575708167"
"1142","42","2","underfitting_rho.5","ECR","standard","bridge","lower","-0.690866430438199"
"1143","43","2","underfitting_rho.5","ECR","standard","bridge","lower","-0.690638106964428"
"1144","44","2","underfitting_rho.5","ECR","standard","bridge","lower","-0.692472784659628"
"1145","45","2","underfitting_rho.5","ECR","standard","bridge","lower","-0.692454165391872"
"1146","46","2","underfitting_rho.5","ECR","standard","bridge","lower","-0.691746191642629"
"1147","47","2","underfitting_rho.5","ECR","standard","bridge","lower","-0.693040678336224"
"1148","48","2","underfitting_rho.5","ECR","standard","bridge","lower","-0.69356476286967"
"1149","49","2","underfitting_rho.5","ECR","standard","bridge","lower","-0.693139972715159"
"1150","50","2","underfitting_rho.5","ECR","standard","bridge","lower","-0.688293654552957"
"1151","1","2","underfitting_rho1","ECR","standard","bridge","lower","-0.69135349586508"
"1152","2","2","underfitting_rho1","ECR","standard","bridge","lower","-0.5890718470026"
"1153","3","2","underfitting_rho1","ECR","standard","bridge","lower","-0.658366434665563"
"1154","4","2","underfitting_rho1","ECR","standard","bridge","lower","-0.666334222629214"
"1155","5","2","underfitting_rho1","ECR","standard","bridge","lower","-0.554954149081738"
"1156","6","2","underfitting_rho1","ECR","standard","bridge","lower","-0.532730032031374"
"1157","7","2","underfitting_rho1","ECR","standard","bridge","lower","-0.689588091777779"
"1158","8","2","underfitting_rho1","ECR","standard","bridge","lower","-0.691066111743982"
"1159","9","2","underfitting_rho1","ECR","standard","bridge","lower","-0.691566232557541"
"1160","10","2","underfitting_rho1","ECR","standard","bridge","lower","-0.692943660824149"
"1161","11","2","underfitting_rho1","ECR","standard","bridge","lower","-0.398839047520106"
"1162","12","2","underfitting_rho1","ECR","standard","bridge","lower","-0.674266603175706"
"1163","13","2","underfitting_rho1","ECR","standard","bridge","lower","-0.423210125717851"
"1164","14","2","underfitting_rho1","ECR","standard","bridge","lower","-0.632550823331222"
"1165","15","2","underfitting_rho1","ECR","standard","bridge","lower","-0.65245011427778"
"1166","16","2","underfitting_rho1","ECR","standard","bridge","lower","-0.688029741437077"
"1167","17","2","underfitting_rho1","ECR","standard","bridge","lower","-0.637378151150379"
"1168","18","2","underfitting_rho1","ECR","standard","bridge","lower","-0.692293352686246"
"1169","19","2","underfitting_rho1","ECR","standard","bridge","lower","-0.636111199582714"
"1170","20","2","underfitting_rho1","ECR","standard","bridge","lower","-0.553678512363504"
"1171","21","2","underfitting_rho1","ECR","standard","bridge","lower","-0.685382474621818"
"1172","22","2","underfitting_rho1","ECR","standard","bridge","lower","-0.627425040765068"
"1173","23","2","underfitting_rho1","ECR","standard","bridge","lower","-0.515305713129674"
"1174","24","2","underfitting_rho1","ECR","standard","bridge","lower","-0.572593251392558"
"1175","25","2","underfitting_rho1","ECR","standard","bridge","lower","-0.646434214456789"
"1176","26","2","underfitting_rho1","ECR","standard","bridge","lower","-0.523960600035096"
"1177","27","2","underfitting_rho1","ECR","standard","bridge","lower","-0.597780783886677"
"1178","28","2","underfitting_rho1","ECR","standard","bridge","lower","-0.687159767442992"
"1179","29","2","underfitting_rho1","ECR","standard","bridge","lower","-0.608471234327055"
"1180","30","2","underfitting_rho1","ECR","standard","bridge","lower","-0.622630281034191"
"1181","31","2","underfitting_rho1","ECR","standard","bridge","lower","-0.624824609767899"
"1182","32","2","underfitting_rho1","ECR","standard","bridge","lower","-0.513335034365962"
"1183","33","2","underfitting_rho1","ECR","standard","bridge","lower","-0.6753739384522"
"1184","34","2","underfitting_rho1","ECR","standard","bridge","lower","-0.653271188834012"
"1185","35","2","underfitting_rho1","ECR","standard","bridge","lower","-0.259726816589659"
"1186","36","2","underfitting_rho1","ECR","standard","bridge","lower","-0.66473588624703"
"1187","37","2","underfitting_rho1","ECR","standard","bridge","lower","-0.472572812573894"
"1188","38","2","underfitting_rho1","ECR","standard","bridge","lower","-0.687466707462836"
"1189","39","2","underfitting_rho1","ECR","standard","bridge","lower","-0.450582321591664"
"1190","40","2","underfitting_rho1","ECR","standard","bridge","lower","-0.601693687052823"
"1191","41","2","underfitting_rho1","ECR","standard","bridge","lower","-0.406388307267285"
"1192","42","2","underfitting_rho1","ECR","standard","bridge","lower","-0.693818815128054"
"1193","43","2","underfitting_rho1","ECR","standard","bridge","lower","-0.693038600868"
"1194","44","2","underfitting_rho1","ECR","standard","bridge","lower","-0.677243411400141"
"1195","45","2","underfitting_rho1","ECR","standard","bridge","lower","-0.653180008428098"
"1196","46","2","underfitting_rho1","ECR","standard","bridge","lower","-0.621554608572268"
"1197","47","2","underfitting_rho1","ECR","standard","bridge","lower","-0.691782712678773"
"1198","48","2","underfitting_rho1","ECR","standard","bridge","lower","-0.679864149866795"
"1199","49","2","underfitting_rho1","ECR","standard","bridge","lower","-0.677341173707156"
"1200","50","2","underfitting_rho1","ECR","standard","bridge","lower","-0.643808561867559"
"1201","1","2","underfitting_rho0","ECR","standard","standard","lower","-1.13835777476582"
"1202","2","2","underfitting_rho0","ECR","standard","standard","lower","-1.02200542125646"
"1203","3","2","underfitting_rho0","ECR","standard","standard","lower","-0.932964383527988"
"1204","4","2","underfitting_rho0","ECR","standard","standard","lower","-0.903405204923253"
"1205","5","2","underfitting_rho0","ECR","standard","standard","lower","-0.930102943307332"
"1206","6","2","underfitting_rho0","ECR","standard","standard","lower","-0.960297598185917"
"1207","7","2","underfitting_rho0","ECR","standard","standard","lower","-1.04034196387631"
"1208","8","2","underfitting_rho0","ECR","standard","standard","lower","-0.908099420846433"
"1209","9","2","underfitting_rho0","ECR","standard","standard","lower","-0.87878193909031"
"1210","10","2","underfitting_rho0","ECR","standard","standard","lower","-1.10473563199716"
"1211","11","2","underfitting_rho0","ECR","standard","standard","lower","-0.885275560291738"
"1212","12","2","underfitting_rho0","ECR","standard","standard","lower","-1.34287079416571"
"1213","13","2","underfitting_rho0","ECR","standard","standard","lower","-1.1536266613551"
"1214","14","2","underfitting_rho0","ECR","standard","standard","lower","-0.886542867489524"
"1215","15","2","underfitting_rho0","ECR","standard","standard","lower","-0.966803770101492"
"1216","16","2","underfitting_rho0","ECR","standard","standard","lower","-0.856922271721551"
"1217","17","2","underfitting_rho0","ECR","standard","standard","lower","-0.839256549635358"
"1218","18","2","underfitting_rho0","ECR","standard","standard","lower","-1.04004334411809"
"1219","19","2","underfitting_rho0","ECR","standard","standard","lower","-1.01611970477227"
"1220","20","2","underfitting_rho0","ECR","standard","standard","lower","-0.850728909080708"
"1221","21","2","underfitting_rho0","ECR","standard","standard","lower","-0.911241087475069"
"1222","22","2","underfitting_rho0","ECR","standard","standard","lower","-1.33701958579324"
"1223","23","2","underfitting_rho0","ECR","standard","standard","lower","-0.913414429478223"
"1224","24","2","underfitting_rho0","ECR","standard","standard","lower","-0.963649873051018"
"1225","25","2","underfitting_rho0","ECR","standard","standard","lower","-1.63756910371545"
"1226","26","2","underfitting_rho0","ECR","standard","standard","lower","-0.813924912065097"
"1227","27","2","underfitting_rho0","ECR","standard","standard","lower","-0.875542429441566"
"1228","28","2","underfitting_rho0","ECR","standard","standard","lower","-0.98702310667894"
"1229","29","2","underfitting_rho0","ECR","standard","standard","lower","-0.948363367999498"
"1230","30","2","underfitting_rho0","ECR","standard","standard","lower","-1.32279185449076"
"1231","31","2","underfitting_rho0","ECR","standard","standard","lower","-0.844159637014464"
"1232","32","2","underfitting_rho0","ECR","standard","standard","lower","-1.08724463428388"
"1233","33","2","underfitting_rho0","ECR","standard","standard","lower","-0.844916255622124"
"1234","34","2","underfitting_rho0","ECR","standard","standard","lower","-1.42833089984409"
"1235","35","2","underfitting_rho0","ECR","standard","standard","lower","-0.962623917199949"
"1236","36","2","underfitting_rho0","ECR","standard","standard","lower","-0.831674670658693"
"1237","37","2","underfitting_rho0","ECR","standard","standard","lower","-0.912244195033182"
"1238","38","2","underfitting_rho0","ECR","standard","standard","lower","-1.17687280280903"
"1239","39","2","underfitting_rho0","ECR","standard","standard","lower","-0.874600522256095"
"1240","40","2","underfitting_rho0","ECR","standard","standard","lower","-1.03427092488451"
"1241","41","2","underfitting_rho0","ECR","standard","standard","lower","-1.02284171022296"
"1242","42","2","underfitting_rho0","ECR","standard","standard","lower","-0.896314815705118"
"1243","43","2","underfitting_rho0","ECR","standard","standard","lower","-1.13995046227497"
"1244","44","2","underfitting_rho0","ECR","standard","standard","lower","-0.982859797863377"
"1245","45","2","underfitting_rho0","ECR","standard","standard","lower","-0.935139303788482"
"1246","46","2","underfitting_rho0","ECR","standard","standard","lower","-0.819660567242678"
"1247","47","2","underfitting_rho0","ECR","standard","standard","lower","-1.4473329388284"
"1248","48","2","underfitting_rho0","ECR","standard","standard","lower","-0.805350367629877"
"1249","49","2","underfitting_rho0","ECR","standard","standard","lower","-0.815611017142615"
"1250","50","2","underfitting_rho0","ECR","standard","standard","lower","-1.10646063613388"
"1251","1","2","underfitting_rho.5","ECR","standard","standard","lower","-1.038744024099"
"1252","2","2","underfitting_rho.5","ECR","standard","standard","lower","-1.06516231160079"
"1253","3","2","underfitting_rho.5","ECR","standard","standard","lower","-0.897244711136956"
"1254","4","2","underfitting_rho.5","ECR","standard","standard","lower","-0.977163666168394"
"1255","5","2","underfitting_rho.5","ECR","standard","standard","lower","-0.919415716231505"
"1256","6","2","underfitting_rho.5","ECR","standard","standard","lower","-0.936517692410163"
"1257","7","2","underfitting_rho.5","ECR","standard","standard","lower","-1.02337118975218"
"1258","8","2","underfitting_rho.5","ECR","standard","standard","lower","-0.947933380666477"
"1259","9","2","underfitting_rho.5","ECR","standard","standard","lower","-0.914453097616317"
"1260","10","2","underfitting_rho.5","ECR","standard","standard","lower","-1.07204568737032"
"1261","11","2","underfitting_rho.5","ECR","standard","standard","lower","-1.09540005747966"
"1262","12","2","underfitting_rho.5","ECR","standard","standard","lower","-1.06830986714898"
"1263","13","2","underfitting_rho.5","ECR","standard","standard","lower","-1.35767721647289"
"1264","14","2","underfitting_rho.5","ECR","standard","standard","lower","-0.97879726019049"
"1265","15","2","underfitting_rho.5","ECR","standard","standard","lower","-1.30122154683463"
"1266","16","2","underfitting_rho.5","ECR","standard","standard","lower","-0.853845779067818"
"1267","17","2","underfitting_rho.5","ECR","standard","standard","lower","-0.957599427106544"
"1268","18","2","underfitting_rho.5","ECR","standard","standard","lower","-1.04693909003005"
"1269","19","2","underfitting_rho.5","ECR","standard","standard","lower","-1.18714911138991"
"1270","20","2","underfitting_rho.5","ECR","standard","standard","lower","-0.822030766459093"
"1271","21","2","underfitting_rho.5","ECR","standard","standard","lower","-1.00339643962496"
"1272","22","2","underfitting_rho.5","ECR","standard","standard","lower","-0.973560635900853"
"1273","23","2","underfitting_rho.5","ECR","standard","standard","lower","-0.937712228309152"
"1274","24","2","underfitting_rho.5","ECR","standard","standard","lower","-1.12884380020688"
"1275","25","2","underfitting_rho.5","ECR","standard","standard","lower","-1.75660815567093"
"1276","26","2","underfitting_rho.5","ECR","standard","standard","lower","-0.837259712921337"
"1277","27","2","underfitting_rho.5","ECR","standard","standard","lower","-0.890152351450109"
"1278","28","2","underfitting_rho.5","ECR","standard","standard","lower","-0.87515865271633"
"1279","29","2","underfitting_rho.5","ECR","standard","standard","lower","-1.37993377627399"
"1280","30","2","underfitting_rho.5","ECR","standard","standard","lower","-1.27864336024093"
"1281","31","2","underfitting_rho.5","ECR","standard","standard","lower","-0.997298027253059"
"1282","32","2","underfitting_rho.5","ECR","standard","standard","lower","-0.998746694073091"
"1283","33","2","underfitting_rho.5","ECR","standard","standard","lower","-1.33704219945247"
"1284","34","2","underfitting_rho.5","ECR","standard","standard","lower","-1.01800947874883"
"1285","35","2","underfitting_rho.5","ECR","standard","standard","lower","-1.40204146721332"
"1286","36","2","underfitting_rho.5","ECR","standard","standard","lower","-0.889450749981414"
"1287","37","2","underfitting_rho.5","ECR","standard","standard","lower","-1.04169330172613"
"1288","38","2","underfitting_rho.5","ECR","standard","standard","lower","-1.1061001376984"
"1289","39","2","underfitting_rho.5","ECR","standard","standard","lower","-0.901893180352545"
"1290","40","2","underfitting_rho.5","ECR","standard","standard","lower","-1.48172530049985"
"1291","41","2","underfitting_rho.5","ECR","standard","standard","lower","-0.98934356960827"
"1292","42","2","underfitting_rho.5","ECR","standard","standard","lower","-0.857396502801834"
"1293","43","2","underfitting_rho.5","ECR","standard","standard","lower","-1.16320818469815"
"1294","44","2","underfitting_rho.5","ECR","standard","standard","lower","-0.87061174049196"
"1295","45","2","underfitting_rho.5","ECR","standard","standard","lower","-1.05384536422964"
"1296","46","2","underfitting_rho.5","ECR","standard","standard","lower","-1.05591640117475"
"1297","47","2","underfitting_rho.5","ECR","standard","standard","lower","-1.49685705434195"
"1298","48","2","underfitting_rho.5","ECR","standard","standard","lower","-1.14914718754141"
"1299","49","2","underfitting_rho.5","ECR","standard","standard","lower","-0.793588335908851"
"1300","50","2","underfitting_rho.5","ECR","standard","standard","lower","-1.19754978100842"
"1301","1","2","underfitting_rho1","ECR","standard","standard","lower","-0.856195771725886"
"1302","2","2","underfitting_rho1","ECR","standard","standard","lower","-1.03827196160942"
"1303","3","2","underfitting_rho1","ECR","standard","standard","lower","-1.43077128441899"
"1304","4","2","underfitting_rho1","ECR","standard","standard","lower","-0.880499582144044"
"1305","5","2","underfitting_rho1","ECR","standard","standard","lower","-0.761381378849748"
"1306","6","2","underfitting_rho1","ECR","standard","standard","lower","-0.850895737066349"
"1307","7","2","underfitting_rho1","ECR","standard","standard","lower","-1.63938558941652"
"1308","8","2","underfitting_rho1","ECR","standard","standard","lower","-0.999935249195325"
"1309","9","2","underfitting_rho1","ECR","standard","standard","lower","-0.919588288512067"
"1310","10","2","underfitting_rho1","ECR","standard","standard","lower","-1.10134300205701"
"1311","11","2","underfitting_rho1","ECR","standard","standard","lower","-0.259189430817319"
"1312","12","2","underfitting_rho1","ECR","standard","standard","lower","-0.928224622616138"
"1313","13","2","underfitting_rho1","ECR","standard","standard","lower","-0.995526874815376"
"1314","14","2","underfitting_rho1","ECR","standard","standard","lower","-0.870411332899231"
"1315","15","2","underfitting_rho1","ECR","standard","standard","lower","-0.862403601744631"
"1316","16","2","underfitting_rho1","ECR","standard","standard","lower","-1.02886654155991"
"1317","17","2","underfitting_rho1","ECR","standard","standard","lower","-1.72350459070492"
"1318","18","2","underfitting_rho1","ECR","standard","standard","lower","-0.875009477790549"
"1319","19","2","underfitting_rho1","ECR","standard","standard","lower","-1.7656754405941"
"1320","20","2","underfitting_rho1","ECR","standard","standard","lower","-0.812678511859207"
"1321","21","2","underfitting_rho1","ECR","standard","standard","lower","-1.04701711615824"
"1322","22","2","underfitting_rho1","ECR","standard","standard","lower","-0.936882347936212"
"1323","23","2","underfitting_rho1","ECR","standard","standard","lower","-1.02853007267398"
"1324","24","2","underfitting_rho1","ECR","standard","standard","lower","-0.893055711305639"
"1325","25","2","underfitting_rho1","ECR","standard","standard","lower","-1.02165623602163"
"1326","26","2","underfitting_rho1","ECR","standard","standard","lower","-1.18376984178999"
"1327","27","2","underfitting_rho1","ECR","standard","standard","lower","-1.34768938272805"
"1328","28","2","underfitting_rho1","ECR","standard","standard","lower","-0.95773911901987"
"1329","29","2","underfitting_rho1","ECR","standard","standard","lower","-0.765489013315804"
"1330","30","2","underfitting_rho1","ECR","standard","standard","lower","-1.17785806367117"
"1331","31","2","underfitting_rho1","ECR","standard","standard","lower","-1.17833329763328"
"1332","32","2","underfitting_rho1","ECR","standard","standard","lower","-1.25522462401922"
"1333","33","2","underfitting_rho1","ECR","standard","standard","lower","-0.889971818350492"
"1334","34","2","underfitting_rho1","ECR","standard","standard","lower","-0.91523816743944"
"1335","35","2","underfitting_rho1","ECR","standard","standard","lower","-0.984885546401443"
"1336","36","2","underfitting_rho1","ECR","standard","standard","lower","-0.977668486950343"
"1337","37","2","underfitting_rho1","ECR","standard","standard","lower","-1.02378709595315"
"1338","38","2","underfitting_rho1","ECR","standard","standard","lower","-1.01436166452122"
"1339","39","2","underfitting_rho1","ECR","standard","standard","lower","-0.812547010507263"
"1340","40","2","underfitting_rho1","ECR","standard","standard","lower","-0.998857527633522"
"1341","41","2","underfitting_rho1","ECR","standard","standard","lower","-0.682259892017274"
"1342","42","2","underfitting_rho1","ECR","standard","standard","lower","-0.93386241944804"
"1343","43","2","underfitting_rho1","ECR","standard","standard","lower","-1.01997206739821"
"1344","44","2","underfitting_rho1","ECR","standard","standard","lower","-0.795692484185235"
"1345","45","2","underfitting_rho1","ECR","standard","standard","lower","-1.03319232567165"
"1346","46","2","underfitting_rho1","ECR","standard","standard","lower","-0.981804105240876"
"1347","47","2","underfitting_rho1","ECR","standard","standard","lower","-0.944315500722052"
"1348","48","2","underfitting_rho1","ECR","standard","standard","lower","-0.92041688833423"
"1349","49","2","underfitting_rho1","ECR","standard","standard","lower","-0.927001885723492"
"1350","50","2","underfitting_rho1","ECR","standard","standard","lower","-1.08239377035662"
"1351","1","2","underfitting_rho0","ECR","standard","simple","logcor","-1.70210159729752"
"1352","2","2","underfitting_rho0","ECR","standard","simple","logcor","-1.81094228864483"
"1353","3","2","underfitting_rho0","ECR","standard","simple","logcor","-1.70429819345806"
"1354","4","2","underfitting_rho0","ECR","standard","simple","logcor","-1.87080267656851"
"1355","5","2","underfitting_rho0","ECR","standard","simple","logcor","-1.83508459396643"
"1356","6","2","underfitting_rho0","ECR","standard","simple","logcor","-1.88387475813586"
"1357","7","2","underfitting_rho0","ECR","standard","simple","logcor","-1.49521676834408"
"1358","8","2","underfitting_rho0","ECR","standard","simple","logcor","-1.22724143126529"
"1359","9","2","underfitting_rho0","ECR","standard","simple","logcor","-1.87601102167565"
"1360","10","2","underfitting_rho0","ECR","standard","simple","logcor","-1.79396189278326"
"1361","11","2","underfitting_rho0","ECR","standard","simple","logcor","-1.86756118264434"
"1362","12","2","underfitting_rho0","ECR","standard","simple","logcor","-1.78260153144329"
"1363","13","2","underfitting_rho0","ECR","standard","simple","logcor","-1.86820864139146"
"1364","14","2","underfitting_rho0","ECR","standard","simple","logcor","-1.86304067123302"
"1365","15","2","underfitting_rho0","ECR","standard","simple","logcor","-1.88453286938041"
"1366","16","2","underfitting_rho0","ECR","standard","simple","logcor","-1.52188501542624"
"1367","17","2","underfitting_rho0","ECR","standard","simple","logcor","-1.56112405215555"
"1368","18","2","underfitting_rho0","ECR","standard","simple","logcor","-1.92757919237059"
"1369","19","2","underfitting_rho0","ECR","standard","simple","logcor","-1.48677789969821"
"1370","20","2","underfitting_rho0","ECR","standard","simple","logcor","-1.15486523021891"
"1371","21","2","underfitting_rho0","ECR","standard","simple","logcor","-1.82448929385097"
"1372","22","2","underfitting_rho0","ECR","standard","simple","logcor","-1.8623965488275"
"1373","23","2","underfitting_rho0","ECR","standard","simple","logcor","-1.46188034807649"
"1374","24","2","underfitting_rho0","ECR","standard","simple","logcor","-1.69608571915977"
"1375","25","2","underfitting_rho0","ECR","standard","simple","logcor","-1.65391240253593"
"1376","26","2","underfitting_rho0","ECR","standard","simple","logcor","-1.83320665914223"
"1377","27","2","underfitting_rho0","ECR","standard","simple","logcor","-1.81769285125456"
"1378","28","2","underfitting_rho0","ECR","standard","simple","logcor","-1.63680910923023"
"1379","29","2","underfitting_rho0","ECR","standard","simple","logcor","-1.72597172869005"
"1380","30","2","underfitting_rho0","ECR","standard","simple","logcor","-1.83008458354972"
"1381","31","2","underfitting_rho0","ECR","standard","simple","logcor","-1.80120392805605"
"1382","32","2","underfitting_rho0","ECR","standard","simple","logcor","-1.87405471195489"
"1383","33","2","underfitting_rho0","ECR","standard","simple","logcor","-1.47359668952269"
"1384","34","2","underfitting_rho0","ECR","standard","simple","logcor","-1.77431255562433"
"1385","35","2","underfitting_rho0","ECR","standard","simple","logcor","-1.20932041065253"
"1386","36","2","underfitting_rho0","ECR","standard","simple","logcor","-1.48899175935823"
"1387","37","2","underfitting_rho0","ECR","standard","simple","logcor","-1.85278417106583"
"1388","38","2","underfitting_rho0","ECR","standard","simple","logcor","-1.53711725085447"
"1389","39","2","underfitting_rho0","ECR","standard","simple","logcor","-1.57069808411817"
"1390","40","2","underfitting_rho0","ECR","standard","simple","logcor","-1.60544589116456"
"1391","41","2","underfitting_rho0","ECR","standard","simple","logcor","-1.94072362236801"
"1392","42","2","underfitting_rho0","ECR","standard","simple","logcor","-1.82946133641207"
"1393","43","2","underfitting_rho0","ECR","standard","simple","logcor","-1.84706078501314"
"1394","44","2","underfitting_rho0","ECR","standard","simple","logcor","-1.86368520879964"
"1395","45","2","underfitting_rho0","ECR","standard","simple","logcor","-1.74525763557664"
"1396","46","2","underfitting_rho0","ECR","standard","simple","logcor","-1.76142426943198"
"1397","47","2","underfitting_rho0","ECR","standard","simple","logcor","-1.73954659778112"
"1398","48","2","underfitting_rho0","ECR","standard","simple","logcor","-1.81400507817537"
"1399","49","2","underfitting_rho0","ECR","standard","simple","logcor","-1.64558335907045"
"1400","50","2","underfitting_rho0","ECR","standard","simple","logcor","-1.80788885115794"
"1401","1","2","underfitting_rho.5","ECR","standard","simple","logcor","-1.82510944890961"
"1402","2","2","underfitting_rho.5","ECR","standard","simple","logcor","-1.94351302445559"
"1403","3","2","underfitting_rho.5","ECR","standard","simple","logcor","-1.79215954924939"
"1404","4","2","underfitting_rho.5","ECR","standard","simple","logcor","-1.90380897303668"
"1405","5","2","underfitting_rho.5","ECR","standard","simple","logcor","-2.95843648881029"
"1406","6","2","underfitting_rho.5","ECR","standard","simple","logcor","-1.45929525400438"
"1407","7","2","underfitting_rho.5","ECR","standard","simple","logcor","-1.82015894374975"
"1408","8","2","underfitting_rho.5","ECR","standard","simple","logcor","-1.76084236659333"
"1409","9","2","underfitting_rho.5","ECR","standard","simple","logcor","-1.85087273372056"
"1410","10","2","underfitting_rho.5","ECR","standard","simple","logcor","-1.8401097301691"
"1411","11","2","underfitting_rho.5","ECR","standard","simple","logcor","-1.52970294441525"
"1412","12","2","underfitting_rho.5","ECR","standard","simple","logcor","-1.81033085481349"
"1413","13","2","underfitting_rho.5","ECR","standard","simple","logcor","-1.79938849639255"
"1414","14","2","underfitting_rho.5","ECR","standard","simple","logcor","-1.52878000941665"
"1415","15","2","underfitting_rho.5","ECR","standard","simple","logcor","-1.83571135675724"
"1416","16","2","underfitting_rho.5","ECR","standard","simple","logcor","-1.53804791634743"
"1417","17","2","underfitting_rho.5","ECR","standard","simple","logcor","-1.83948020543947"
"1418","18","2","underfitting_rho.5","ECR","standard","simple","logcor","-1.8957875396521"
"1419","19","2","underfitting_rho.5","ECR","standard","simple","logcor","-1.63373060500314"
"1420","20","2","underfitting_rho.5","ECR","standard","simple","logcor","-1.38349827381789"
"1421","21","2","underfitting_rho.5","ECR","standard","simple","logcor","-1.84263179960181"
"1422","22","2","underfitting_rho.5","ECR","standard","simple","logcor","-1.72204685681675"
"1423","23","2","underfitting_rho.5","ECR","standard","simple","logcor","-2.07226733793184"
"1424","24","2","underfitting_rho.5","ECR","standard","simple","logcor","-1.83508459396643"
"1425","25","2","underfitting_rho.5","ECR","standard","simple","logcor","-1.83383224564996"
"1426","26","2","underfitting_rho.5","ECR","standard","simple","logcor","-1.78498248494903"
"1427","27","2","underfitting_rho.5","ECR","standard","simple","logcor","-1.82635091399767"
"1428","28","2","underfitting_rho.5","ECR","standard","simple","logcor","-1.81155409655623"
"1429","29","2","underfitting_rho.5","ECR","standard","simple","logcor","-2.04253118765974"
"1430","30","2","underfitting_rho.5","ECR","standard","simple","logcor","-1.81707727721234"
"1431","31","2","underfitting_rho.5","ECR","standard","simple","logcor","-1.65810308441538"
"1432","32","2","underfitting_rho.5","ECR","standard","simple","logcor","-1.56446454679137"
"1433","33","2","underfitting_rho.5","ECR","standard","simple","logcor","-1.25071506687807"
"1434","34","2","underfitting_rho.5","ECR","standard","simple","logcor","-1.27332288246073"
"1435","35","2","underfitting_rho.5","ECR","standard","simple","logcor","-1.87535849310437"
"1436","36","2","underfitting_rho.5","ECR","standard","simple","logcor","-1.80971979460505"
"1437","37","2","underfitting_rho.5","ECR","standard","simple","logcor","-2.2433732333622"
"1438","38","2","underfitting_rho.5","ECR","standard","simple","logcor","-1.28626804705277"
"1439","39","2","underfitting_rho.5","ECR","standard","simple","logcor","-1.72372705883623"
"1440","40","2","underfitting_rho.5","ECR","standard","simple","logcor","-1.43843011554042"
"1441","41","2","underfitting_rho.5","ECR","standard","simple","logcor","-1.69717682674211"
"1442","42","2","underfitting_rho.5","ECR","standard","simple","logcor","-1.39231243344545"
"1443","43","2","underfitting_rho.5","ECR","standard","simple","logcor","-1.79275996956164"
"1444","44","2","underfitting_rho.5","ECR","standard","simple","logcor","-1.60047817106263"
"1445","45","2","underfitting_rho.5","ECR","standard","simple","logcor","-1.24479479884619"
"1446","46","2","underfitting_rho.5","ECR","standard","simple","logcor","-1.86175284104859"
"1447","47","2","underfitting_rho.5","ECR","standard","simple","logcor","-1.84769510155836"
"1448","48","2","underfitting_rho.5","ECR","standard","simple","logcor","-1.84073965144977"
"1449","49","2","underfitting_rho.5","ECR","standard","simple","logcor","-1.70981088658089"
"1450","50","2","underfitting_rho.5","ECR","standard","simple","logcor","-1.98704469241387"
"1451","1","2","underfitting_rho1","ECR","standard","simple","logcor","-1.91596307268736"
"1452","2","2","underfitting_rho1","ECR","standard","simple","logcor","-2.01365380114183"
"1453","3","2","underfitting_rho1","ECR","standard","simple","logcor","-1.70484809723876"
"1454","4","2","underfitting_rho1","ECR","standard","simple","logcor","-1.80180980508156"
"1455","5","2","underfitting_rho1","ECR","standard","simple","logcor","-1.10442917398967"
"1456","6","2","underfitting_rho1","ECR","standard","simple","logcor","-1.05555279920766"
"1457","7","2","underfitting_rho1","ECR","standard","simple","logcor","-1.78081952918972"
"1458","8","2","underfitting_rho1","ECR","standard","simple","logcor","-1.85725845146075"
"1459","9","2","underfitting_rho1","ECR","standard","simple","logcor","-1.82139427435775"
"1460","10","2","underfitting_rho1","ECR","standard","simple","logcor","-1.93102153656156"
"1461","11","2","underfitting_rho1","ECR","standard","simple","logcor","-1.94561019404632"
"1462","12","2","underfitting_rho1","ECR","standard","simple","logcor","-1.99289694027965"
"1463","13","2","underfitting_rho1","ECR","standard","simple","logcor","-1.98777435315401"
"1464","14","2","underfitting_rho1","ECR","standard","simple","logcor","-2.22192718997659"
"1465","15","2","underfitting_rho1","ECR","standard","simple","logcor","-2.01140913128801"
"1466","16","2","underfitting_rho1","ECR","standard","simple","logcor","-1.75562042261218"
"1467","17","2","underfitting_rho1","ECR","standard","simple","logcor","-0.843272639137583"
"1468","18","2","underfitting_rho1","ECR","standard","simple","logcor","-1.48677789969821"
"1469","19","2","underfitting_rho1","ECR","standard","simple","logcor","-0.787677664406179"
"1470","20","2","underfitting_rho1","ECR","standard","simple","logcor","-2.20818441757256"
"1471","21","2","underfitting_rho1","ECR","standard","simple","logcor","-1.97760723579857"
"1472","22","2","underfitting_rho1","ECR","standard","simple","logcor","-2.11693574610742"
"1473","23","2","underfitting_rho1","ECR","standard","simple","logcor","-1.97544195166135"
"1474","24","2","underfitting_rho1","ECR","standard","simple","logcor","-2.30759763481759"
"1475","25","2","underfitting_rho1","ECR","standard","simple","logcor","-2.28180255381152"
"1476","26","2","underfitting_rho1","ECR","standard","simple","logcor","-2.32483070194137"
"1477","27","2","underfitting_rho1","ECR","standard","simple","logcor","-1.94561019404632"
"1478","28","2","underfitting_rho1","ECR","standard","simple","logcor","-1.37515661670943"
"1479","29","2","underfitting_rho1","ECR","standard","simple","logcor","-0.830801345858741"
"1480","30","2","underfitting_rho1","ECR","standard","simple","logcor","-1.91596307268736"
"1481","31","2","underfitting_rho1","ECR","standard","simple","logcor","-2.13622355577882"
"1482","32","2","underfitting_rho1","ECR","standard","simple","logcor","-1.59159799430577"
"1483","33","2","underfitting_rho1","ECR","standard","simple","logcor","-1.72991206590197"
"1484","34","2","underfitting_rho1","ECR","standard","simple","logcor","-1.29062061105161"
"1485","35","2","underfitting_rho1","ECR","standard","simple","logcor","-1.14853809743784"
"1486","36","2","underfitting_rho1","ECR","standard","simple","logcor","-1.61545598475966"
"1487","37","2","underfitting_rho1","ECR","standard","simple","logcor","-2.55104645229255"
"1488","38","2","underfitting_rho1","ECR","standard","simple","logcor","-1.87862540224972"
"1489","39","2","underfitting_rho1","ECR","standard","simple","logcor","-0.967057848927808"
"1490","40","2","underfitting_rho1","ECR","standard","simple","logcor","-0.891354246584123"
"1491","41","2","underfitting_rho1","ECR","standard","simple","logcor","-1.87405471195489"
"1492","42","2","underfitting_rho1","ECR","standard","simple","logcor","-1.92004748952959"
"1493","43","2","underfitting_rho1","ECR","standard","simple","logcor","-1.70760216122133"
"1494","44","2","underfitting_rho1","ECR","standard","simple","logcor","-1.24236719231325"
"1495","45","2","underfitting_rho1","ECR","standard","simple","logcor","-1.97400102922184"
"1496","46","2","underfitting_rho1","ECR","standard","simple","logcor","-2.25284300109923"
"1497","47","2","underfitting_rho1","ECR","standard","simple","logcor","-1.89912198755655"
"1498","48","2","underfitting_rho1","ECR","standard","simple","logcor","-1.97184353108182"
"1499","49","2","underfitting_rho1","ECR","standard","simple","logcor","-1.89845420789902"
"1500","50","2","underfitting_rho1","ECR","standard","simple","logcor","-1.41881755282545"
"1501","1","2","underfitting_rho0","ECR","standard","bridge","logcor","Inf"
"1502","2","2","underfitting_rho0","ECR","standard","bridge","logcor","Inf"
"1503","3","2","underfitting_rho0","ECR","standard","bridge","logcor","Inf"
"1504","4","2","underfitting_rho0","ECR","standard","bridge","logcor","Inf"
"1505","5","2","underfitting_rho0","ECR","standard","bridge","logcor","Inf"
"1506","6","2","underfitting_rho0","ECR","standard","bridge","logcor","Inf"
"1507","7","2","underfitting_rho0","ECR","standard","bridge","logcor","Inf"
"1508","8","2","underfitting_rho0","ECR","standard","bridge","logcor","Inf"
"1509","9","2","underfitting_rho0","ECR","standard","bridge","logcor","Inf"
"1510","10","2","underfitting_rho0","ECR","standard","bridge","logcor","Inf"
"1511","11","2","underfitting_rho0","ECR","standard","bridge","logcor","Inf"
"1512","12","2","underfitting_rho0","ECR","standard","bridge","logcor","Inf"
"1513","13","2","underfitting_rho0","ECR","standard","bridge","logcor","Inf"
"1514","14","2","underfitting_rho0","ECR","standard","bridge","logcor","Inf"
"1515","15","2","underfitting_rho0","ECR","standard","bridge","logcor","Inf"
"1516","16","2","underfitting_rho0","ECR","standard","bridge","logcor","Inf"
"1517","17","2","underfitting_rho0","ECR","standard","bridge","logcor","Inf"
"1518","18","2","underfitting_rho0","ECR","standard","bridge","logcor","Inf"
"1519","19","2","underfitting_rho0","ECR","standard","bridge","logcor","Inf"
"1520","20","2","underfitting_rho0","ECR","standard","bridge","logcor","Inf"
"1521","21","2","underfitting_rho0","ECR","standard","bridge","logcor","Inf"
"1522","22","2","underfitting_rho0","ECR","standard","bridge","logcor","Inf"
"1523","23","2","underfitting_rho0","ECR","standard","bridge","logcor","Inf"
"1524","24","2","underfitting_rho0","ECR","standard","bridge","logcor","Inf"
"1525","25","2","underfitting_rho0","ECR","standard","bridge","logcor","Inf"
"1526","26","2","underfitting_rho0","ECR","standard","bridge","logcor","Inf"
"1527","27","2","underfitting_rho0","ECR","standard","bridge","logcor","Inf"
"1528","28","2","underfitting_rho0","ECR","standard","bridge","logcor","Inf"
"1529","29","2","underfitting_rho0","ECR","standard","bridge","logcor","Inf"
"1530","30","2","underfitting_rho0","ECR","standard","bridge","logcor","Inf"
"1531","31","2","underfitting_rho0","ECR","standard","bridge","logcor","Inf"
"1532","32","2","underfitting_rho0","ECR","standard","bridge","logcor","Inf"
"1533","33","2","underfitting_rho0","ECR","standard","bridge","logcor","Inf"
"1534","34","2","underfitting_rho0","ECR","standard","bridge","logcor","Inf"
"1535","35","2","underfitting_rho0","ECR","standard","bridge","logcor","Inf"
"1536","36","2","underfitting_rho0","ECR","standard","bridge","logcor","Inf"
"1537","37","2","underfitting_rho0","ECR","standard","bridge","logcor","Inf"
"1538","38","2","underfitting_rho0","ECR","standard","bridge","logcor","Inf"
"1539","39","2","underfitting_rho0","ECR","standard","bridge","logcor","Inf"
"1540","40","2","underfitting_rho0","ECR","standard","bridge","logcor","Inf"
"1541","41","2","underfitting_rho0","ECR","standard","bridge","logcor","Inf"
"1542","42","2","underfitting_rho0","ECR","standard","bridge","logcor","Inf"
"1543","43","2","underfitting_rho0","ECR","standard","bridge","logcor","Inf"
"1544","44","2","underfitting_rho0","ECR","standard","bridge","logcor","Inf"
"1545","45","2","underfitting_rho0","ECR","standard","bridge","logcor","Inf"
"1546","46","2","underfitting_rho0","ECR","standard","bridge","logcor","Inf"
"1547","47","2","underfitting_rho0","ECR","standard","bridge","logcor","Inf"
"1548","48","2","underfitting_rho0","ECR","standard","bridge","logcor","Inf"
"1549","49","2","underfitting_rho0","ECR","standard","bridge","logcor","Inf"
"1550","50","2","underfitting_rho0","ECR","standard","bridge","logcor","Inf"
"1551","1","2","underfitting_rho.5","ECR","standard","bridge","logcor","Inf"
"1552","2","2","underfitting_rho.5","ECR","standard","bridge","logcor","Inf"
"1553","3","2","underfitting_rho.5","ECR","standard","bridge","logcor","Inf"
"1554","4","2","underfitting_rho.5","ECR","standard","bridge","logcor","Inf"
"1555","5","2","underfitting_rho.5","ECR","standard","bridge","logcor","Inf"
"1556","6","2","underfitting_rho.5","ECR","standard","bridge","logcor","Inf"
"1557","7","2","underfitting_rho.5","ECR","standard","bridge","logcor","Inf"
"1558","8","2","underfitting_rho.5","ECR","standard","bridge","logcor","Inf"
"1559","9","2","underfitting_rho.5","ECR","standard","bridge","logcor","Inf"
"1560","10","2","underfitting_rho.5","ECR","standard","bridge","logcor","Inf"
"1561","11","2","underfitting_rho.5","ECR","standard","bridge","logcor","Inf"
"1562","12","2","underfitting_rho.5","ECR","standard","bridge","logcor","Inf"
"1563","13","2","underfitting_rho.5","ECR","standard","bridge","logcor","Inf"
"1564","14","2","underfitting_rho.5","ECR","standard","bridge","logcor","Inf"
"1565","15","2","underfitting_rho.5","ECR","standard","bridge","logcor","Inf"
"1566","16","2","underfitting_rho.5","ECR","standard","bridge","logcor","Inf"
"1567","17","2","underfitting_rho.5","ECR","standard","bridge","logcor","Inf"
"1568","18","2","underfitting_rho.5","ECR","standard","bridge","logcor","Inf"
"1569","19","2","underfitting_rho.5","ECR","standard","bridge","logcor","Inf"
"1570","20","2","underfitting_rho.5","ECR","standard","bridge","logcor","Inf"
"1571","21","2","underfitting_rho.5","ECR","standard","bridge","logcor","Inf"
"1572","22","2","underfitting_rho.5","ECR","standard","bridge","logcor","Inf"
"1573","23","2","underfitting_rho.5","ECR","standard","bridge","logcor","Inf"
"1574","24","2","underfitting_rho.5","ECR","standard","bridge","logcor","Inf"
"1575","25","2","underfitting_rho.5","ECR","standard","bridge","logcor","Inf"
"1576","26","2","underfitting_rho.5","ECR","standard","bridge","logcor","Inf"
"1577","27","2","underfitting_rho.5","ECR","standard","bridge","logcor","Inf"
"1578","28","2","underfitting_rho.5","ECR","standard","bridge","logcor","Inf"
"1579","29","2","underfitting_rho.5","ECR","standard","bridge","logcor","Inf"
"1580","30","2","underfitting_rho.5","ECR","standard","bridge","logcor","Inf"
"1581","31","2","underfitting_rho.5","ECR","standard","bridge","logcor","Inf"
"1582","32","2","underfitting_rho.5","ECR","standard","bridge","logcor","Inf"
"1583","33","2","underfitting_rho.5","ECR","standard","bridge","logcor","Inf"
"1584","34","2","underfitting_rho.5","ECR","standard","bridge","logcor","Inf"
"1585","35","2","underfitting_rho.5","ECR","standard","bridge","logcor","Inf"
"1586","36","2","underfitting_rho.5","ECR","standard","bridge","logcor","Inf"
"1587","37","2","underfitting_rho.5","ECR","standard","bridge","logcor","Inf"
"1588","38","2","underfitting_rho.5","ECR","standard","bridge","logcor","Inf"
"1589","39","2","underfitting_rho.5","ECR","standard","bridge","logcor","Inf"
"1590","40","2","underfitting_rho.5","ECR","standard","bridge","logcor","Inf"
"1591","41","2","underfitting_rho.5","ECR","standard","bridge","logcor","Inf"
"1592","42","2","underfitting_rho.5","ECR","standard","bridge","logcor","Inf"
"1593","43","2","underfitting_rho.5","ECR","standard","bridge","logcor","Inf"
"1594","44","2","underfitting_rho.5","ECR","standard","bridge","logcor","Inf"
"1595","45","2","underfitting_rho.5","ECR","standard","bridge","logcor","Inf"
"1596","46","2","underfitting_rho.5","ECR","standard","bridge","logcor","Inf"
"1597","47","2","underfitting_rho.5","ECR","standard","bridge","logcor","Inf"
"1598","48","2","underfitting_rho.5","ECR","standard","bridge","logcor","Inf"
"1599","49","2","underfitting_rho.5","ECR","standard","bridge","logcor","Inf"
"1600","50","2","underfitting_rho.5","ECR","standard","bridge","logcor","Inf"
"1601","1","2","underfitting_rho1","ECR","standard","bridge","logcor","Inf"
"1602","2","2","underfitting_rho1","ECR","standard","bridge","logcor","Inf"
"1603","3","2","underfitting_rho1","ECR","standard","bridge","logcor","Inf"
"1604","4","2","underfitting_rho1","ECR","standard","bridge","logcor","Inf"
"1605","5","2","underfitting_rho1","ECR","standard","bridge","logcor","Inf"
"1606","6","2","underfitting_rho1","ECR","standard","bridge","logcor","Inf"
"1607","7","2","underfitting_rho1","ECR","standard","bridge","logcor","Inf"
"1608","8","2","underfitting_rho1","ECR","standard","bridge","logcor","Inf"
"1609","9","2","underfitting_rho1","ECR","standard","bridge","logcor","Inf"
"1610","10","2","underfitting_rho1","ECR","standard","bridge","logcor","Inf"
"1611","11","2","underfitting_rho1","ECR","standard","bridge","logcor","Inf"
"1612","12","2","underfitting_rho1","ECR","standard","bridge","logcor","Inf"
"1613","13","2","underfitting_rho1","ECR","standard","bridge","logcor","Inf"
"1614","14","2","underfitting_rho1","ECR","standard","bridge","logcor","Inf"
"1615","15","2","underfitting_rho1","ECR","standard","bridge","logcor","Inf"
"1616","16","2","underfitting_rho1","ECR","standard","bridge","logcor","Inf"
"1617","17","2","underfitting_rho1","ECR","standard","bridge","logcor","Inf"
"1618","18","2","underfitting_rho1","ECR","standard","bridge","logcor","Inf"
"1619","19","2","underfitting_rho1","ECR","standard","bridge","logcor","Inf"
"1620","20","2","underfitting_rho1","ECR","standard","bridge","logcor","Inf"
"1621","21","2","underfitting_rho1","ECR","standard","bridge","logcor","Inf"
"1622","22","2","underfitting_rho1","ECR","standard","bridge","logcor","Inf"
"1623","23","2","underfitting_rho1","ECR","standard","bridge","logcor","Inf"
"1624","24","2","underfitting_rho1","ECR","standard","bridge","logcor","Inf"
"1625","25","2","underfitting_rho1","ECR","standard","bridge","logcor","Inf"
"1626","26","2","underfitting_rho1","ECR","standard","bridge","logcor","Inf"
"1627","27","2","underfitting_rho1","ECR","standard","bridge","logcor","Inf"
"1628","28","2","underfitting_rho1","ECR","standard","bridge","logcor","Inf"
"1629","29","2","underfitting_rho1","ECR","standard","bridge","logcor","Inf"
"1630","30","2","underfitting_rho1","ECR","standard","bridge","logcor","Inf"
"1631","31","2","underfitting_rho1","ECR","standard","bridge","logcor","Inf"
"1632","32","2","underfitting_rho1","ECR","standard","bridge","logcor","Inf"
"1633","33","2","underfitting_rho1","ECR","standard","bridge","logcor","Inf"
"1634","34","2","underfitting_rho1","ECR","standard","bridge","logcor","Inf"
"1635","35","2","underfitting_rho1","ECR","standard","bridge","logcor","Inf"
"1636","36","2","underfitting_rho1","ECR","standard","bridge","logcor","Inf"
"1637","37","2","underfitting_rho1","ECR","standard","bridge","logcor","Inf"
"1638","38","2","underfitting_rho1","ECR","standard","bridge","logcor","Inf"
"1639","39","2","underfitting_rho1","ECR","standard","bridge","logcor","Inf"
"1640","40","2","underfitting_rho1","ECR","standard","bridge","logcor","Inf"
"1641","41","2","underfitting_rho1","ECR","standard","bridge","logcor","Inf"
"1642","42","2","underfitting_rho1","ECR","standard","bridge","logcor","Inf"
"1643","43","2","underfitting_rho1","ECR","standard","bridge","logcor","Inf"
"1644","44","2","underfitting_rho1","ECR","standard","bridge","logcor","Inf"
"1645","45","2","underfitting_rho1","ECR","standard","bridge","logcor","Inf"
"1646","46","2","underfitting_rho1","ECR","standard","bridge","logcor","Inf"
"1647","47","2","underfitting_rho1","ECR","standard","bridge","logcor","Inf"
"1648","48","2","underfitting_rho1","ECR","standard","bridge","logcor","Inf"
"1649","49","2","underfitting_rho1","ECR","standard","bridge","logcor","Inf"
"1650","50","2","underfitting_rho1","ECR","standard","bridge","logcor","Inf"
"1651","1","2","underfitting_rho0","ECR","standard","standard","logcor","-1.70210159729752"
"1652","2","2","underfitting_rho0","ECR","standard","standard","logcor","-1.81094228864483"
"1653","3","2","underfitting_rho0","ECR","standard","standard","logcor","-1.70429819345806"
"1654","4","2","underfitting_rho0","ECR","standard","standard","logcor","-1.87080267656851"
"1655","5","2","underfitting_rho0","ECR","standard","standard","logcor","-1.83508459396643"
"1656","6","2","underfitting_rho0","ECR","standard","standard","logcor","-1.88387475813586"
"1657","7","2","underfitting_rho0","ECR","standard","standard","logcor","-1.49521676834408"
"1658","8","2","underfitting_rho0","ECR","standard","standard","logcor","-1.22724143126529"
"1659","9","2","underfitting_rho0","ECR","standard","standard","logcor","-1.87601102167565"
"1660","10","2","underfitting_rho0","ECR","standard","standard","logcor","-1.79396189278326"
"1661","11","2","underfitting_rho0","ECR","standard","standard","logcor","-1.86756118264434"
"1662","12","2","underfitting_rho0","ECR","standard","standard","logcor","-1.78260153144329"
"1663","13","2","underfitting_rho0","ECR","standard","standard","logcor","-1.86820864139146"
"1664","14","2","underfitting_rho0","ECR","standard","standard","logcor","-1.86304067123302"
"1665","15","2","underfitting_rho0","ECR","standard","standard","logcor","-1.88453286938041"
"1666","16","2","underfitting_rho0","ECR","standard","standard","logcor","-1.52188501542624"
"1667","17","2","underfitting_rho0","ECR","standard","standard","logcor","-1.56112405215555"
"1668","18","2","underfitting_rho0","ECR","standard","standard","logcor","-1.92757919237059"
"1669","19","2","underfitting_rho0","ECR","standard","standard","logcor","-1.48677789969821"
"1670","20","2","underfitting_rho0","ECR","standard","standard","logcor","-1.15486523021891"
"1671","21","2","underfitting_rho0","ECR","standard","standard","logcor","-1.82448929385097"
"1672","22","2","underfitting_rho0","ECR","standard","standard","logcor","-1.8623965488275"
"1673","23","2","underfitting_rho0","ECR","standard","standard","logcor","-1.46188034807649"
"1674","24","2","underfitting_rho0","ECR","standard","standard","logcor","-1.69608571915977"
"1675","25","2","underfitting_rho0","ECR","standard","standard","logcor","-1.65391240253593"
"1676","26","2","underfitting_rho0","ECR","standard","standard","logcor","-1.83320665914223"
"1677","27","2","underfitting_rho0","ECR","standard","standard","logcor","-1.81769285125456"
"1678","28","2","underfitting_rho0","ECR","standard","standard","logcor","-1.63680910923023"
"1679","29","2","underfitting_rho0","ECR","standard","standard","logcor","-1.72597172869005"
"1680","30","2","underfitting_rho0","ECR","standard","standard","logcor","-1.83008458354972"
"1681","31","2","underfitting_rho0","ECR","standard","standard","logcor","-1.80120392805605"
"1682","32","2","underfitting_rho0","ECR","standard","standard","logcor","-1.87405471195489"
"1683","33","2","underfitting_rho0","ECR","standard","standard","logcor","-1.47359668952269"
"1684","34","2","underfitting_rho0","ECR","standard","standard","logcor","-1.77431255562433"
"1685","35","2","underfitting_rho0","ECR","standard","standard","logcor","-1.20932041065253"
"1686","36","2","underfitting_rho0","ECR","standard","standard","logcor","-1.48899175935823"
"1687","37","2","underfitting_rho0","ECR","standard","standard","logcor","-1.85278417106583"
"1688","38","2","underfitting_rho0","ECR","standard","standard","logcor","-1.53711725085447"
"1689","39","2","underfitting_rho0","ECR","standard","standard","logcor","-1.57069808411817"
"1690","40","2","underfitting_rho0","ECR","standard","standard","logcor","-1.60544589116456"
"1691","41","2","underfitting_rho0","ECR","standard","standard","logcor","-1.94072362236801"
"1692","42","2","underfitting_rho0","ECR","standard","standard","logcor","-1.82946133641207"
"1693","43","2","underfitting_rho0","ECR","standard","standard","logcor","-1.84706078501314"
"1694","44","2","underfitting_rho0","ECR","standard","standard","logcor","-1.86368520879964"
"1695","45","2","underfitting_rho0","ECR","standard","standard","logcor","-1.74525763557664"
"1696","46","2","underfitting_rho0","ECR","standard","standard","logcor","-1.76142426943198"
"1697","47","2","underfitting_rho0","ECR","standard","standard","logcor","-1.73954659778112"
"1698","48","2","underfitting_rho0","ECR","standard","standard","logcor","-1.81400507817537"
"1699","49","2","underfitting_rho0","ECR","standard","standard","logcor","-1.64558335907045"
"1700","50","2","underfitting_rho0","ECR","standard","standard","logcor","-1.80788885115794"
"1701","1","2","underfitting_rho.5","ECR","standard","standard","logcor","-1.82510944890961"
"1702","2","2","underfitting_rho.5","ECR","standard","standard","logcor","-1.94351302445559"
"1703","3","2","underfitting_rho.5","ECR","standard","standard","logcor","-1.79215954924939"
"1704","4","2","underfitting_rho.5","ECR","standard","standard","logcor","-1.90380897303668"
"1705","5","2","underfitting_rho.5","ECR","standard","standard","logcor","-2.95843648881029"
"1706","6","2","underfitting_rho.5","ECR","standard","standard","logcor","-1.45929525400438"
"1707","7","2","underfitting_rho.5","ECR","standard","standard","logcor","-1.82015894374975"
"1708","8","2","underfitting_rho.5","ECR","standard","standard","logcor","-1.76084236659333"
"1709","9","2","underfitting_rho.5","ECR","standard","standard","logcor","-1.85087273372056"
"1710","10","2","underfitting_rho.5","ECR","standard","standard","logcor","-1.8401097301691"
"1711","11","2","underfitting_rho.5","ECR","standard","standard","logcor","-1.52970294441525"
"1712","12","2","underfitting_rho.5","ECR","standard","standard","logcor","-1.81033085481349"
"1713","13","2","underfitting_rho.5","ECR","standard","standard","logcor","-1.79938849639255"
"1714","14","2","underfitting_rho.5","ECR","standard","standard","logcor","-1.52878000941665"
"1715","15","2","underfitting_rho.5","ECR","standard","standard","logcor","-1.83571135675724"
"1716","16","2","underfitting_rho.5","ECR","standard","standard","logcor","-1.53804791634743"
"1717","17","2","underfitting_rho.5","ECR","standard","standard","logcor","-1.83948020543947"
"1718","18","2","underfitting_rho.5","ECR","standard","standard","logcor","-1.8957875396521"
"1719","19","2","underfitting_rho.5","ECR","standard","standard","logcor","-1.63373060500314"
"1720","20","2","underfitting_rho.5","ECR","standard","standard","logcor","-1.38349827381789"
"1721","21","2","underfitting_rho.5","ECR","standard","standard","logcor","-1.84263179960181"
"1722","22","2","underfitting_rho.5","ECR","standard","standard","logcor","-1.72204685681675"
"1723","23","2","underfitting_rho.5","ECR","standard","standard","logcor","-2.07226733793184"
"1724","24","2","underfitting_rho.5","ECR","standard","standard","logcor","-1.83508459396643"
"1725","25","2","underfitting_rho.5","ECR","standard","standard","logcor","-1.83383224564996"
"1726","26","2","underfitting_rho.5","ECR","standard","standard","logcor","-1.78498248494903"
"1727","27","2","underfitting_rho.5","ECR","standard","standard","logcor","-1.82635091399767"
"1728","28","2","underfitting_rho.5","ECR","standard","standard","logcor","-1.81155409655623"
"1729","29","2","underfitting_rho.5","ECR","standard","standard","logcor","-2.04253118765974"
"1730","30","2","underfitting_rho.5","ECR","standard","standard","logcor","-1.81707727721234"
"1731","31","2","underfitting_rho.5","ECR","standard","standard","logcor","-1.65810308441538"
"1732","32","2","underfitting_rho.5","ECR","standard","standard","logcor","-1.56446454679137"
"1733","33","2","underfitting_rho.5","ECR","standard","standard","logcor","-1.25071506687807"
"1734","34","2","underfitting_rho.5","ECR","standard","standard","logcor","-1.27332288246073"
"1735","35","2","underfitting_rho.5","ECR","standard","standard","logcor","-1.87535849310437"
"1736","36","2","underfitting_rho.5","ECR","standard","standard","logcor","-1.80971979460505"
"1737","37","2","underfitting_rho.5","ECR","standard","standard","logcor","-2.2433732333622"
"1738","38","2","underfitting_rho.5","ECR","standard","standard","logcor","-1.28626804705277"
"1739","39","2","underfitting_rho.5","ECR","standard","standard","logcor","-1.72372705883623"
"1740","40","2","underfitting_rho.5","ECR","standard","standard","logcor","-1.43843011554042"
"1741","41","2","underfitting_rho.5","ECR","standard","standard","logcor","-1.69717682674211"
"1742","42","2","underfitting_rho.5","ECR","standard","standard","logcor","-1.39231243344545"
"1743","43","2","underfitting_rho.5","ECR","standard","standard","logcor","-1.79275996956164"
"1744","44","2","underfitting_rho.5","ECR","standard","standard","logcor","-1.60047817106263"
"1745","45","2","underfitting_rho.5","ECR","standard","standard","logcor","-1.24479479884619"
"1746","46","2","underfitting_rho.5","ECR","standard","standard","logcor","-1.86175284104859"
"1747","47","2","underfitting_rho.5","ECR","standard","standard","logcor","-1.84769510155836"
"1748","48","2","underfitting_rho.5","ECR","standard","standard","logcor","-1.84073965144977"
"1749","49","2","underfitting_rho.5","ECR","standard","standard","logcor","-1.70981088658089"
"1750","50","2","underfitting_rho.5","ECR","standard","standard","logcor","-1.98704469241387"
"1751","1","2","underfitting_rho1","ECR","standard","standard","logcor","-1.91596307268736"
"1752","2","2","underfitting_rho1","ECR","standard","standard","logcor","-2.01365380114183"
"1753","3","2","underfitting_rho1","ECR","standard","standard","logcor","-1.70484809723876"
"1754","4","2","underfitting_rho1","ECR","standard","standard","logcor","-1.80180980508156"
"1755","5","2","underfitting_rho1","ECR","standard","standard","logcor","-1.10442917398967"
"1756","6","2","underfitting_rho1","ECR","standard","standard","logcor","-1.05555279920766"
"1757","7","2","underfitting_rho1","ECR","standard","standard","logcor","-1.78081952918972"
"1758","8","2","underfitting_rho1","ECR","standard","standard","logcor","-1.85725845146075"
"1759","9","2","underfitting_rho1","ECR","standard","standard","logcor","-1.82139427435775"
"1760","10","2","underfitting_rho1","ECR","standard","standard","logcor","-1.93102153656156"
"1761","11","2","underfitting_rho1","ECR","standard","standard","logcor","-1.94561019404632"
"1762","12","2","underfitting_rho1","ECR","standard","standard","logcor","-1.99289694027965"
"1763","13","2","underfitting_rho1","ECR","standard","standard","logcor","-1.98777435315401"
"1764","14","2","underfitting_rho1","ECR","standard","standard","logcor","-2.22192718997659"
"1765","15","2","underfitting_rho1","ECR","standard","standard","logcor","-2.01140913128801"
"1766","16","2","underfitting_rho1","ECR","standard","standard","logcor","-1.75562042261218"
"1767","17","2","underfitting_rho1","ECR","standard","standard","logcor","-0.843272639137583"
"1768","18","2","underfitting_rho1","ECR","standard","standard","logcor","-1.48677789969821"
"1769","19","2","underfitting_rho1","ECR","standard","standard","logcor","-0.787677664406179"
"1770","20","2","underfitting_rho1","ECR","standard","standard","logcor","-2.20818441757256"
"1771","21","2","underfitting_rho1","ECR","standard","standard","logcor","-1.97760723579857"
"1772","22","2","underfitting_rho1","ECR","standard","standard","logcor","-2.11693574610742"
"1773","23","2","underfitting_rho1","ECR","standard","standard","logcor","-1.97544195166135"
"1774","24","2","underfitting_rho1","ECR","standard","standard","logcor","-2.30759763481759"
"1775","25","2","underfitting_rho1","ECR","standard","standard","logcor","-2.28180255381152"
"1776","26","2","underfitting_rho1","ECR","standard","standard","logcor","-2.32483070194137"
"1777","27","2","underfitting_rho1","ECR","standard","standard","logcor","-1.94561019404632"
"1778","28","2","underfitting_rho1","ECR","standard","standard","logcor","-1.37515661670943"
"1779","29","2","underfitting_rho1","ECR","standard","standard","logcor","-0.830801345858741"
"1780","30","2","underfitting_rho1","ECR","standard","standard","logcor","-1.91596307268736"
"1781","31","2","underfitting_rho1","ECR","standard","standard","logcor","-2.13622355577882"
"1782","32","2","underfitting_rho1","ECR","standard","standard","logcor","-1.59159799430577"
"1783","33","2","underfitting_rho1","ECR","standard","standard","logcor","-1.72991206590197"
"1784","34","2","underfitting_rho1","ECR","standard","standard","logcor","-1.29062061105161"
"1785","35","2","underfitting_rho1","ECR","standard","standard","logcor","-1.14853809743784"
"1786","36","2","underfitting_rho1","ECR","standard","standard","logcor","-1.61545598475966"
"1787","37","2","underfitting_rho1","ECR","standard","standard","logcor","-2.55104645229255"
"1788","38","2","underfitting_rho1","ECR","standard","standard","logcor","-1.87862540224972"
"1789","39","2","underfitting_rho1","ECR","standard","standard","logcor","-0.967057848927808"
"1790","40","2","underfitting_rho1","ECR","standard","standard","logcor","-0.891354246584123"
"1791","41","2","underfitting_rho1","ECR","standard","standard","logcor","-1.87405471195489"
"1792","42","2","underfitting_rho1","ECR","standard","standard","logcor","-1.92004748952959"
"1793","43","2","underfitting_rho1","ECR","standard","standard","logcor","-1.70760216122133"
"1794","44","2","underfitting_rho1","ECR","standard","standard","logcor","-1.24236719231325"
"1795","45","2","underfitting_rho1","ECR","standard","standard","logcor","-1.97400102922184"
"1796","46","2","underfitting_rho1","ECR","standard","standard","logcor","-2.25284300109923"
"1797","47","2","underfitting_rho1","ECR","standard","standard","logcor","-1.89912198755655"
"1798","48","2","underfitting_rho1","ECR","standard","standard","logcor","-1.97184353108182"
"1799","49","2","underfitting_rho1","ECR","standard","standard","logcor","-1.89845420789902"
"1800","50","2","underfitting_rho1","ECR","standard","standard","logcor","-1.41881755282545"
"1801","1","2","underfitting_rho0","ECR","standard","simple","permlen","1"
"1802","2","2","underfitting_rho0","ECR","standard","simple","permlen","1"
"1803","3","2","underfitting_rho0","ECR","standard","simple","permlen","1"
"1804","4","2","underfitting_rho0","ECR","standard","simple","permlen","1"
"1805","5","2","underfitting_rho0","ECR","standard","simple","permlen","1"
"1806","6","2","underfitting_rho0","ECR","standard","simple","permlen","1"
"1807","7","2","underfitting_rho0","ECR","standard","simple","permlen","1"
"1808","8","2","underfitting_rho0","ECR","standard","simple","permlen","1"
"1809","9","2","underfitting_rho0","ECR","standard","simple","permlen","1"
"1810","10","2","underfitting_rho0","ECR","standard","simple","permlen","1"
"1811","11","2","underfitting_rho0","ECR","standard","simple","permlen","1"
"1812","12","2","underfitting_rho0","ECR","standard","simple","permlen","1"
"1813","13","2","underfitting_rho0","ECR","standard","simple","permlen","1"
"1814","14","2","underfitting_rho0","ECR","standard","simple","permlen","1"
"1815","15","2","underfitting_rho0","ECR","standard","simple","permlen","1"
"1816","16","2","underfitting_rho0","ECR","standard","simple","permlen","1"
"1817","17","2","underfitting_rho0","ECR","standard","simple","permlen","1"
"1818","18","2","underfitting_rho0","ECR","standard","simple","permlen","1"
"1819","19","2","underfitting_rho0","ECR","standard","simple","permlen","1"
"1820","20","2","underfitting_rho0","ECR","standard","simple","permlen","1"
"1821","21","2","underfitting_rho0","ECR","standard","simple","permlen","1"
"1822","22","2","underfitting_rho0","ECR","standard","simple","permlen","1"
"1823","23","2","underfitting_rho0","ECR","standard","simple","permlen","1"
"1824","24","2","underfitting_rho0","ECR","standard","simple","permlen","1"
"1825","25","2","underfitting_rho0","ECR","standard","simple","permlen","1"
"1826","26","2","underfitting_rho0","ECR","standard","simple","permlen","1"
"1827","27","2","underfitting_rho0","ECR","standard","simple","permlen","1"
"1828","28","2","underfitting_rho0","ECR","standard","simple","permlen","1"
"1829","29","2","underfitting_rho0","ECR","standard","simple","permlen","1"
"1830","30","2","underfitting_rho0","ECR","standard","simple","permlen","1"
"1831","31","2","underfitting_rho0","ECR","standard","simple","permlen","1"
"1832","32","2","underfitting_rho0","ECR","standard","simple","permlen","1"
"1833","33","2","underfitting_rho0","ECR","standard","simple","permlen","1"
"1834","34","2","underfitting_rho0","ECR","standard","simple","permlen","1"
"1835","35","2","underfitting_rho0","ECR","standard","simple","permlen","1"
"1836","36","2","underfitting_rho0","ECR","standard","simple","permlen","1"
"1837","37","2","underfitting_rho0","ECR","standard","simple","permlen","1"
"1838","38","2","underfitting_rho0","ECR","standard","simple","permlen","1"
"1839","39","2","underfitting_rho0","ECR","standard","simple","permlen","1"
"1840","40","2","underfitting_rho0","ECR","standard","simple","permlen","1"
"1841","41","2","underfitting_rho0","ECR","standard","simple","permlen","1"
"1842","42","2","underfitting_rho0","ECR","standard","simple","permlen","1"
"1843","43","2","underfitting_rho0","ECR","standard","simple","permlen","1"
"1844","44","2","underfitting_rho0","ECR","standard","simple","permlen","1"
"1845","45","2","underfitting_rho0","ECR","standard","simple","permlen","1"
"1846","46","2","underfitting_rho0","ECR","standard","simple","permlen","1"
"1847","47","2","underfitting_rho0","ECR","standard","simple","permlen","1"
"1848","48","2","underfitting_rho0","ECR","standard","simple","permlen","1"
"1849","49","2","underfitting_rho0","ECR","standard","simple","permlen","1"
"1850","50","2","underfitting_rho0","ECR","standard","simple","permlen","1"
"1851","1","2","underfitting_rho.5","ECR","standard","simple","permlen","1"
"1852","2","2","underfitting_rho.5","ECR","standard","simple","permlen","1"
"1853","3","2","underfitting_rho.5","ECR","standard","simple","permlen","1"
"1854","4","2","underfitting_rho.5","ECR","standard","simple","permlen","1"
"1855","5","2","underfitting_rho.5","ECR","standard","simple","permlen","2"
"1856","6","2","underfitting_rho.5","ECR","standard","simple","permlen","1"
"1857","7","2","underfitting_rho.5","ECR","standard","simple","permlen","1"
"1858","8","2","underfitting_rho.5","ECR","standard","simple","permlen","1"
"1859","9","2","underfitting_rho.5","ECR","standard","simple","permlen","1"
"1860","10","2","underfitting_rho.5","ECR","standard","simple","permlen","1"
"1861","11","2","underfitting_rho.5","ECR","standard","simple","permlen","1"
"1862","12","2","underfitting_rho.5","ECR","standard","simple","permlen","1"
"1863","13","2","underfitting_rho.5","ECR","standard","simple","permlen","1"
"1864","14","2","underfitting_rho.5","ECR","standard","simple","permlen","1"
"1865","15","2","underfitting_rho.5","ECR","standard","simple","permlen","1"
"1866","16","2","underfitting_rho.5","ECR","standard","simple","permlen","1"
"1867","17","2","underfitting_rho.5","ECR","standard","simple","permlen","1"
"1868","18","2","underfitting_rho.5","ECR","standard","simple","permlen","1"
"1869","19","2","underfitting_rho.5","ECR","standard","simple","permlen","1"
"1870","20","2","underfitting_rho.5","ECR","standard","simple","permlen","1"
"1871","21","2","underfitting_rho.5","ECR","standard","simple","permlen","1"
"1872","22","2","underfitting_rho.5","ECR","standard","simple","permlen","1"
"1873","23","2","underfitting_rho.5","ECR","standard","simple","permlen","1"
"1874","24","2","underfitting_rho.5","ECR","standard","simple","permlen","1"
"1875","25","2","underfitting_rho.5","ECR","standard","simple","permlen","1"
"1876","26","2","underfitting_rho.5","ECR","standard","simple","permlen","1"
"1877","27","2","underfitting_rho.5","ECR","standard","simple","permlen","1"
"1878","28","2","underfitting_rho.5","ECR","standard","simple","permlen","1"
"1879","29","2","underfitting_rho.5","ECR","standard","simple","permlen","1"
"1880","30","2","underfitting_rho.5","ECR","standard","simple","permlen","1"
"1881","31","2","underfitting_rho.5","ECR","standard","simple","permlen","1"
"1882","32","2","underfitting_rho.5","ECR","standard","simple","permlen","1"
"1883","33","2","underfitting_rho.5","ECR","standard","simple","permlen","1"
"1884","34","2","underfitting_rho.5","ECR","standard","simple","permlen","1"
"1885","35","2","underfitting_rho.5","ECR","standard","simple","permlen","1"
"1886","36","2","underfitting_rho.5","ECR","standard","simple","permlen","1"
"1887","37","2","underfitting_rho.5","ECR","standard","simple","permlen","1"
"1888","38","2","underfitting_rho.5","ECR","standard","simple","permlen","1"
"1889","39","2","underfitting_rho.5","ECR","standard","simple","permlen","1"
"1890","40","2","underfitting_rho.5","ECR","standard","simple","permlen","1"
"1891","41","2","underfitting_rho.5","ECR","standard","simple","permlen","2"
"1892","42","2","underfitting_rho.5","ECR","standard","simple","permlen","1"
"1893","43","2","underfitting_rho.5","ECR","standard","simple","permlen","1"
"1894","44","2","underfitting_rho.5","ECR","standard","simple","permlen","1"
"1895","45","2","underfitting_rho.5","ECR","standard","simple","permlen","1"
"1896","46","2","underfitting_rho.5","ECR","standard","simple","permlen","1"
"1897","47","2","underfitting_rho.5","ECR","standard","simple","permlen","1"
"1898","48","2","underfitting_rho.5","ECR","standard","simple","permlen","1"
"1899","49","2","underfitting_rho.5","ECR","standard","simple","permlen","1"
"1900","50","2","underfitting_rho.5","ECR","standard","simple","permlen","1"
"1901","1","2","underfitting_rho1","ECR","standard","simple","permlen","1"
"1902","2","2","underfitting_rho1","ECR","standard","simple","permlen","2"
"1903","3","2","underfitting_rho1","ECR","standard","simple","permlen","2"
"1904","4","2","underfitting_rho1","ECR","standard","simple","permlen","1"
"1905","5","2","underfitting_rho1","ECR","standard","simple","permlen","2"
"1906","6","2","underfitting_rho1","ECR","standard","simple","permlen","2"
"1907","7","2","underfitting_rho1","ECR","standard","simple","permlen","1"
"1908","8","2","underfitting_rho1","ECR","standard","simple","permlen","1"
"1909","9","2","underfitting_rho1","ECR","standard","simple","permlen","1"
"1910","10","2","underfitting_rho1","ECR","standard","simple","permlen","1"
"1911","11","2","underfitting_rho1","ECR","standard","simple","permlen","2"
"1912","12","2","underfitting_rho1","ECR","standard","simple","permlen","1"
"1913","13","2","underfitting_rho1","ECR","standard","simple","permlen","2"
"1914","14","2","underfitting_rho1","ECR","standard","simple","permlen","2"
"1915","15","2","underfitting_rho1","ECR","standard","simple","permlen","2"
"1916","16","2","underfitting_rho1","ECR","standard","simple","permlen","1"
"1917","17","2","underfitting_rho1","ECR","standard","simple","permlen","1"
"1918","18","2","underfitting_rho1","ECR","standard","simple","permlen","1"
"1919","19","2","underfitting_rho1","ECR","standard","simple","permlen","1"
"1920","20","2","underfitting_rho1","ECR","standard","simple","permlen","2"
"1921","21","2","underfitting_rho1","ECR","standard","simple","permlen","1"
"1922","22","2","underfitting_rho1","ECR","standard","simple","permlen","1"
"1923","23","2","underfitting_rho1","ECR","standard","simple","permlen","2"
"1924","24","2","underfitting_rho1","ECR","standard","simple","permlen","2"
"1925","25","2","underfitting_rho1","ECR","standard","simple","permlen","2"
"1926","26","2","underfitting_rho1","ECR","standard","simple","permlen","2"
"1927","27","2","underfitting_rho1","ECR","standard","simple","permlen","1"
"1928","28","2","underfitting_rho1","ECR","standard","simple","permlen","1"
"1929","29","2","underfitting_rho1","ECR","standard","simple","permlen","2"
"1930","30","2","underfitting_rho1","ECR","standard","simple","permlen","1"
"1931","31","2","underfitting_rho1","ECR","standard","simple","permlen","2"
"1932","32","2","underfitting_rho1","ECR","standard","simple","permlen","2"
"1933","33","2","underfitting_rho1","ECR","standard","simple","permlen","1"
"1934","34","2","underfitting_rho1","ECR","standard","simple","permlen","1"
"1935","35","2","underfitting_rho1","ECR","standard","simple","permlen","2"
"1936","36","2","underfitting_rho1","ECR","standard","simple","permlen","1"
"1937","37","2","underfitting_rho1","ECR","standard","simple","permlen","2"
"1938","38","2","underfitting_rho1","ECR","standard","simple","permlen","1"
"1939","39","2","underfitting_rho1","ECR","standard","simple","permlen","2"
"1940","40","2","underfitting_rho1","ECR","standard","simple","permlen","2"
"1941","41","2","underfitting_rho1","ECR","standard","simple","permlen","2"
"1942","42","2","underfitting_rho1","ECR","standard","simple","permlen","1"
"1943","43","2","underfitting_rho1","ECR","standard","simple","permlen","1"
"1944","44","2","underfitting_rho1","ECR","standard","simple","permlen","1"
"1945","45","2","underfitting_rho1","ECR","standard","simple","permlen","2"
"1946","46","2","underfitting_rho1","ECR","standard","simple","permlen","2"
"1947","47","2","underfitting_rho1","ECR","standard","simple","permlen","1"
"1948","48","2","underfitting_rho1","ECR","standard","simple","permlen","1"
"1949","49","2","underfitting_rho1","ECR","standard","simple","permlen","1"
"1950","50","2","underfitting_rho1","ECR","standard","simple","permlen","1"
"1951","1","2","underfitting_rho0","ECR","standard","bridge","permlen","1"
"1952","2","2","underfitting_rho0","ECR","standard","bridge","permlen","1"
"1953","3","2","underfitting_rho0","ECR","standard","bridge","permlen","1"
"1954","4","2","underfitting_rho0","ECR","standard","bridge","permlen","1"
"1955","5","2","underfitting_rho0","ECR","standard","bridge","permlen","1"
"1956","6","2","underfitting_rho0","ECR","standard","bridge","permlen","1"
"1957","7","2","underfitting_rho0","ECR","standard","bridge","permlen","1"
"1958","8","2","underfitting_rho0","ECR","standard","bridge","permlen","1"
"1959","9","2","underfitting_rho0","ECR","standard","bridge","permlen","1"
"1960","10","2","underfitting_rho0","ECR","standard","bridge","permlen","1"
"1961","11","2","underfitting_rho0","ECR","standard","bridge","permlen","1"
"1962","12","2","underfitting_rho0","ECR","standard","bridge","permlen","1"
"1963","13","2","underfitting_rho0","ECR","standard","bridge","permlen","1"
"1964","14","2","underfitting_rho0","ECR","standard","bridge","permlen","1"
"1965","15","2","underfitting_rho0","ECR","standard","bridge","permlen","1"
"1966","16","2","underfitting_rho0","ECR","standard","bridge","permlen","1"
"1967","17","2","underfitting_rho0","ECR","standard","bridge","permlen","1"
"1968","18","2","underfitting_rho0","ECR","standard","bridge","permlen","1"
"1969","19","2","underfitting_rho0","ECR","standard","bridge","permlen","1"
"1970","20","2","underfitting_rho0","ECR","standard","bridge","permlen","1"
"1971","21","2","underfitting_rho0","ECR","standard","bridge","permlen","1"
"1972","22","2","underfitting_rho0","ECR","standard","bridge","permlen","1"
"1973","23","2","underfitting_rho0","ECR","standard","bridge","permlen","1"
"1974","24","2","underfitting_rho0","ECR","standard","bridge","permlen","1"
"1975","25","2","underfitting_rho0","ECR","standard","bridge","permlen","1"
"1976","26","2","underfitting_rho0","ECR","standard","bridge","permlen","1"
"1977","27","2","underfitting_rho0","ECR","standard","bridge","permlen","1"
"1978","28","2","underfitting_rho0","ECR","standard","bridge","permlen","1"
"1979","29","2","underfitting_rho0","ECR","standard","bridge","permlen","1"
"1980","30","2","underfitting_rho0","ECR","standard","bridge","permlen","1"
"1981","31","2","underfitting_rho0","ECR","standard","bridge","permlen","1"
"1982","32","2","underfitting_rho0","ECR","standard","bridge","permlen","1"
"1983","33","2","underfitting_rho0","ECR","standard","bridge","permlen","1"
"1984","34","2","underfitting_rho0","ECR","standard","bridge","permlen","1"
"1985","35","2","underfitting_rho0","ECR","standard","bridge","permlen","1"
"1986","36","2","underfitting_rho0","ECR","standard","bridge","permlen","1"
"1987","37","2","underfitting_rho0","ECR","standard","bridge","permlen","1"
"1988","38","2","underfitting_rho0","ECR","standard","bridge","permlen","1"
"1989","39","2","underfitting_rho0","ECR","standard","bridge","permlen","1"
"1990","40","2","underfitting_rho0","ECR","standard","bridge","permlen","1"
"1991","41","2","underfitting_rho0","ECR","standard","bridge","permlen","1"
"1992","42","2","underfitting_rho0","ECR","standard","bridge","permlen","1"
"1993","43","2","underfitting_rho0","ECR","standard","bridge","permlen","1"
"1994","44","2","underfitting_rho0","ECR","standard","bridge","permlen","1"
"1995","45","2","underfitting_rho0","ECR","standard","bridge","permlen","1"
"1996","46","2","underfitting_rho0","ECR","standard","bridge","permlen","1"
"1997","47","2","underfitting_rho0","ECR","standard","bridge","permlen","1"
"1998","48","2","underfitting_rho0","ECR","standard","bridge","permlen","1"
"1999","49","2","underfitting_rho0","ECR","standard","bridge","permlen","1"
"2000","50","2","underfitting_rho0","ECR","standard","bridge","permlen","1"
"2001","1","2","underfitting_rho.5","ECR","standard","bridge","permlen","1"
"2002","2","2","underfitting_rho.5","ECR","standard","bridge","permlen","1"
"2003","3","2","underfitting_rho.5","ECR","standard","bridge","permlen","1"
"2004","4","2","underfitting_rho.5","ECR","standard","bridge","permlen","1"
"2005","5","2","underfitting_rho.5","ECR","standard","bridge","permlen","1"
"2006","6","2","underfitting_rho.5","ECR","standard","bridge","permlen","1"
"2007","7","2","underfitting_rho.5","ECR","standard","bridge","permlen","1"
"2008","8","2","underfitting_rho.5","ECR","standard","bridge","permlen","1"
"2009","9","2","underfitting_rho.5","ECR","standard","bridge","permlen","1"
"2010","10","2","underfitting_rho.5","ECR","standard","bridge","permlen","1"
"2011","11","2","underfitting_rho.5","ECR","standard","bridge","permlen","1"
"2012","12","2","underfitting_rho.5","ECR","standard","bridge","permlen","1"
"2013","13","2","underfitting_rho.5","ECR","standard","bridge","permlen","1"
"2014","14","2","underfitting_rho.5","ECR","standard","bridge","permlen","1"
"2015","15","2","underfitting_rho.5","ECR","standard","bridge","permlen","1"
"2016","16","2","underfitting_rho.5","ECR","standard","bridge","permlen","1"
"2017","17","2","underfitting_rho.5","ECR","standard","bridge","permlen","1"
"2018","18","2","underfitting_rho.5","ECR","standard","bridge","permlen","1"
"2019","19","2","underfitting_rho.5","ECR","standard","bridge","permlen","1"
"2020","20","2","underfitting_rho.5","ECR","standard","bridge","permlen","1"
"2021","21","2","underfitting_rho.5","ECR","standard","bridge","permlen","1"
"2022","22","2","underfitting_rho.5","ECR","standard","bridge","permlen","1"
"2023","23","2","underfitting_rho.5","ECR","standard","bridge","permlen","1"
"2024","24","2","underfitting_rho.5","ECR","standard","bridge","permlen","1"
"2025","25","2","underfitting_rho.5","ECR","standard","bridge","permlen","1"
"2026","26","2","underfitting_rho.5","ECR","standard","bridge","permlen","1"
"2027","27","2","underfitting_rho.5","ECR","standard","bridge","permlen","1"
"2028","28","2","underfitting_rho.5","ECR","standard","bridge","permlen","1"
"2029","29","2","underfitting_rho.5","ECR","standard","bridge","permlen","1"
"2030","30","2","underfitting_rho.5","ECR","standard","bridge","permlen","1"
"2031","31","2","underfitting_rho.5","ECR","standard","bridge","permlen","1"
"2032","32","2","underfitting_rho.5","ECR","standard","bridge","permlen","1"
"2033","33","2","underfitting_rho.5","ECR","standard","bridge","permlen","1"
"2034","34","2","underfitting_rho.5","ECR","standard","bridge","permlen","1"
"2035","35","2","underfitting_rho.5","ECR","standard","bridge","permlen","1"
"2036","36","2","underfitting_rho.5","ECR","standard","bridge","permlen","1"
"2037","37","2","underfitting_rho.5","ECR","standard","bridge","permlen","1"
"2038","38","2","underfitting_rho.5","ECR","standard","bridge","permlen","1"
"2039","39","2","underfitting_rho.5","ECR","standard","bridge","permlen","1"
"2040","40","2","underfitting_rho.5","ECR","standard","bridge","permlen","1"
"2041","41","2","underfitting_rho.5","ECR","standard","bridge","permlen","1"
"2042","42","2","underfitting_rho.5","ECR","standard","bridge","permlen","1"
"2043","43","2","underfitting_rho.5","ECR","standard","bridge","permlen","1"
"2044","44","2","underfitting_rho.5","ECR","standard","bridge","permlen","1"
"2045","45","2","underfitting_rho.5","ECR","standard","bridge","permlen","1"
"2046","46","2","underfitting_rho.5","ECR","standard","bridge","permlen","1"
"2047","47","2","underfitting_rho.5","ECR","standard","bridge","permlen","1"
"2048","48","2","underfitting_rho.5","ECR","standard","bridge","permlen","1"
"2049","49","2","underfitting_rho.5","ECR","standard","bridge","permlen","1"
"2050","50","2","underfitting_rho.5","ECR","standard","bridge","permlen","1"
"2051","1","2","underfitting_rho1","ECR","standard","bridge","permlen","1"
"2052","2","2","underfitting_rho1","ECR","standard","bridge","permlen","1"
"2053","3","2","underfitting_rho1","ECR","standard","bridge","permlen","1"
"2054","4","2","underfitting_rho1","ECR","standard","bridge","permlen","1"
"2055","5","2","underfitting_rho1","ECR","standard","bridge","permlen","1"
"2056","6","2","underfitting_rho1","ECR","standard","bridge","permlen","1"
"2057","7","2","underfitting_rho1","ECR","standard","bridge","permlen","1"
"2058","8","2","underfitting_rho1","ECR","standard","bridge","permlen","1"
"2059","9","2","underfitting_rho1","ECR","standard","bridge","permlen","1"
"2060","10","2","underfitting_rho1","ECR","standard","bridge","permlen","1"
"2061","11","2","underfitting_rho1","ECR","standard","bridge","permlen","1"
"2062","12","2","underfitting_rho1","ECR","standard","bridge","permlen","1"
"2063","13","2","underfitting_rho1","ECR","standard","bridge","permlen","1"
"2064","14","2","underfitting_rho1","ECR","standard","bridge","permlen","1"
"2065","15","2","underfitting_rho1","ECR","standard","bridge","permlen","1"
"2066","16","2","underfitting_rho1","ECR","standard","bridge","permlen","1"
"2067","17","2","underfitting_rho1","ECR","standard","bridge","permlen","1"
"2068","18","2","underfitting_rho1","ECR","standard","bridge","permlen","1"
"2069","19","2","underfitting_rho1","ECR","standard","bridge","permlen","1"
"2070","20","2","underfitting_rho1","ECR","standard","bridge","permlen","1"
"2071","21","2","underfitting_rho1","ECR","standard","bridge","permlen","1"
"2072","22","2","underfitting_rho1","ECR","standard","bridge","permlen","1"
"2073","23","2","underfitting_rho1","ECR","standard","bridge","permlen","1"
"2074","24","2","underfitting_rho1","ECR","standard","bridge","permlen","1"
"2075","25","2","underfitting_rho1","ECR","standard","bridge","permlen","1"
"2076","26","2","underfitting_rho1","ECR","standard","bridge","permlen","1"
"2077","27","2","underfitting_rho1","ECR","standard","bridge","permlen","1"
"2078","28","2","underfitting_rho1","ECR","standard","bridge","permlen","1"
"2079","29","2","underfitting_rho1","ECR","standard","bridge","permlen","1"
"2080","30","2","underfitting_rho1","ECR","standard","bridge","permlen","1"
"2081","31","2","underfitting_rho1","ECR","standard","bridge","permlen","1"
"2082","32","2","underfitting_rho1","ECR","standard","bridge","permlen","1"
"2083","33","2","underfitting_rho1","ECR","standard","bridge","permlen","1"
"2084","34","2","underfitting_rho1","ECR","standard","bridge","permlen","1"
"2085","35","2","underfitting_rho1","ECR","standard","bridge","permlen","1"
"2086","36","2","underfitting_rho1","ECR","standard","bridge","permlen","1"
"2087","37","2","underfitting_rho1","ECR","standard","bridge","permlen","1"
"2088","38","2","underfitting_rho1","ECR","standard","bridge","permlen","1"
"2089","39","2","underfitting_rho1","ECR","standard","bridge","permlen","1"
"2090","40","2","underfitting_rho1","ECR","standard","bridge","permlen","1"
"2091","41","2","underfitting_rho1","ECR","standard","bridge","permlen","1"
"2092","42","2","underfitting_rho1","ECR","standard","bridge","permlen","1"
"2093","43","2","underfitting_rho1","ECR","standard","bridge","permlen","1"
"2094","44","2","underfitting_rho1","ECR","standard","bridge","permlen","1"
"2095","45","2","underfitting_rho1","ECR","standard","bridge","permlen","1"
"2096","46","2","underfitting_rho1","ECR","standard","bridge","permlen","1"
"2097","47","2","underfitting_rho1","ECR","standard","bridge","permlen","1"
"2098","48","2","underfitting_rho1","ECR","standard","bridge","permlen","1"
"2099","49","2","underfitting_rho1","ECR","standard","bridge","permlen","1"
"2100","50","2","underfitting_rho1","ECR","standard","bridge","permlen","1"
"2101","1","2","underfitting_rho0","ECR","standard","standard","permlen","1"
"2102","2","2","underfitting_rho0","ECR","standard","standard","permlen","1"
"2103","3","2","underfitting_rho0","ECR","standard","standard","permlen","1"
"2104","4","2","underfitting_rho0","ECR","standard","standard","permlen","1"
"2105","5","2","underfitting_rho0","ECR","standard","standard","permlen","1"
"2106","6","2","underfitting_rho0","ECR","standard","standard","permlen","1"
"2107","7","2","underfitting_rho0","ECR","standard","standard","permlen","1"
"2108","8","2","underfitting_rho0","ECR","standard","standard","permlen","1"
"2109","9","2","underfitting_rho0","ECR","standard","standard","permlen","1"
"2110","10","2","underfitting_rho0","ECR","standard","standard","permlen","1"
"2111","11","2","underfitting_rho0","ECR","standard","standard","permlen","1"
"2112","12","2","underfitting_rho0","ECR","standard","standard","permlen","1"
"2113","13","2","underfitting_rho0","ECR","standard","standard","permlen","1"
"2114","14","2","underfitting_rho0","ECR","standard","standard","permlen","1"
"2115","15","2","underfitting_rho0","ECR","standard","standard","permlen","1"
"2116","16","2","underfitting_rho0","ECR","standard","standard","permlen","1"
"2117","17","2","underfitting_rho0","ECR","standard","standard","permlen","1"
"2118","18","2","underfitting_rho0","ECR","standard","standard","permlen","1"
"2119","19","2","underfitting_rho0","ECR","standard","standard","permlen","1"
"2120","20","2","underfitting_rho0","ECR","standard","standard","permlen","1"
"2121","21","2","underfitting_rho0","ECR","standard","standard","permlen","1"
"2122","22","2","underfitting_rho0","ECR","standard","standard","permlen","1"
"2123","23","2","underfitting_rho0","ECR","standard","standard","permlen","1"
"2124","24","2","underfitting_rho0","ECR","standard","standard","permlen","1"
"2125","25","2","underfitting_rho0","ECR","standard","standard","permlen","1"
"2126","26","2","underfitting_rho0","ECR","standard","standard","permlen","1"
"2127","27","2","underfitting_rho0","ECR","standard","standard","permlen","1"
"2128","28","2","underfitting_rho0","ECR","standard","standard","permlen","1"
"2129","29","2","underfitting_rho0","ECR","standard","standard","permlen","1"
"2130","30","2","underfitting_rho0","ECR","standard","standard","permlen","1"
"2131","31","2","underfitting_rho0","ECR","standard","standard","permlen","1"
"2132","32","2","underfitting_rho0","ECR","standard","standard","permlen","1"
"2133","33","2","underfitting_rho0","ECR","standard","standard","permlen","1"
"2134","34","2","underfitting_rho0","ECR","standard","standard","permlen","1"
"2135","35","2","underfitting_rho0","ECR","standard","standard","permlen","1"
"2136","36","2","underfitting_rho0","ECR","standard","standard","permlen","1"
"2137","37","2","underfitting_rho0","ECR","standard","standard","permlen","1"
"2138","38","2","underfitting_rho0","ECR","standard","standard","permlen","1"
"2139","39","2","underfitting_rho0","ECR","standard","standard","permlen","1"
"2140","40","2","underfitting_rho0","ECR","standard","standard","permlen","1"
"2141","41","2","underfitting_rho0","ECR","standard","standard","permlen","1"
"2142","42","2","underfitting_rho0","ECR","standard","standard","permlen","1"
"2143","43","2","underfitting_rho0","ECR","standard","standard","permlen","1"
"2144","44","2","underfitting_rho0","ECR","standard","standard","permlen","1"
"2145","45","2","underfitting_rho0","ECR","standard","standard","permlen","1"
"2146","46","2","underfitting_rho0","ECR","standard","standard","permlen","1"
"2147","47","2","underfitting_rho0","ECR","standard","standard","permlen","1"
"2148","48","2","underfitting_rho0","ECR","standard","standard","permlen","1"
"2149","49","2","underfitting_rho0","ECR","standard","standard","permlen","1"
"2150","50","2","underfitting_rho0","ECR","standard","standard","permlen","1"
"2151","1","2","underfitting_rho.5","ECR","standard","standard","permlen","1"
"2152","2","2","underfitting_rho.5","ECR","standard","standard","permlen","1"
"2153","3","2","underfitting_rho.5","ECR","standard","standard","permlen","1"
"2154","4","2","underfitting_rho.5","ECR","standard","standard","permlen","1"
"2155","5","2","underfitting_rho.5","ECR","standard","standard","permlen","1"
"2156","6","2","underfitting_rho.5","ECR","standard","standard","permlen","1"
"2157","7","2","underfitting_rho.5","ECR","standard","standard","permlen","1"
"2158","8","2","underfitting_rho.5","ECR","standard","standard","permlen","1"
"2159","9","2","underfitting_rho.5","ECR","standard","standard","permlen","1"
"2160","10","2","underfitting_rho.5","ECR","standard","standard","permlen","1"
"2161","11","2","underfitting_rho.5","ECR","standard","standard","permlen","1"
"2162","12","2","underfitting_rho.5","ECR","standard","standard","permlen","1"
"2163","13","2","underfitting_rho.5","ECR","standard","standard","permlen","1"
"2164","14","2","underfitting_rho.5","ECR","standard","standard","permlen","1"
"2165","15","2","underfitting_rho.5","ECR","standard","standard","permlen","1"
"2166","16","2","underfitting_rho.5","ECR","standard","standard","permlen","1"
"2167","17","2","underfitting_rho.5","ECR","standard","standard","permlen","1"
"2168","18","2","underfitting_rho.5","ECR","standard","standard","permlen","1"
"2169","19","2","underfitting_rho.5","ECR","standard","standard","permlen","1"
"2170","20","2","underfitting_rho.5","ECR","standard","standard","permlen","1"
"2171","21","2","underfitting_rho.5","ECR","standard","standard","permlen","1"
"2172","22","2","underfitting_rho.5","ECR","standard","standard","permlen","1"
"2173","23","2","underfitting_rho.5","ECR","standard","standard","permlen","1"
"2174","24","2","underfitting_rho.5","ECR","standard","standard","permlen","1"
"2175","25","2","underfitting_rho.5","ECR","standard","standard","permlen","1"
"2176","26","2","underfitting_rho.5","ECR","standard","standard","permlen","1"
"2177","27","2","underfitting_rho.5","ECR","standard","standard","permlen","1"
"2178","28","2","underfitting_rho.5","ECR","standard","standard","permlen","1"
"2179","29","2","underfitting_rho.5","ECR","standard","standard","permlen","1"
"2180","30","2","underfitting_rho.5","ECR","standard","standard","permlen","1"
"2181","31","2","underfitting_rho.5","ECR","standard","standard","permlen","1"
"2182","32","2","underfitting_rho.5","ECR","standard","standard","permlen","1"
"2183","33","2","underfitting_rho.5","ECR","standard","standard","permlen","1"
"2184","34","2","underfitting_rho.5","ECR","standard","standard","permlen","1"
"2185","35","2","underfitting_rho.5","ECR","standard","standard","permlen","1"
"2186","36","2","underfitting_rho.5","ECR","standard","standard","permlen","1"
"2187","37","2","underfitting_rho.5","ECR","standard","standard","permlen","1"
"2188","38","2","underfitting_rho.5","ECR","standard","standard","permlen","1"
"2189","39","2","underfitting_rho.5","ECR","standard","standard","permlen","1"
"2190","40","2","underfitting_rho.5","ECR","standard","standard","permlen","1"
"2191","41","2","underfitting_rho.5","ECR","standard","standard","permlen","1"
"2192","42","2","underfitting_rho.5","ECR","standard","standard","permlen","1"
"2193","43","2","underfitting_rho.5","ECR","standard","standard","permlen","1"
"2194","44","2","underfitting_rho.5","ECR","standard","standard","permlen","1"
"2195","45","2","underfitting_rho.5","ECR","standard","standard","permlen","1"
"2196","46","2","underfitting_rho.5","ECR","standard","standard","permlen","1"
"2197","47","2","underfitting_rho.5","ECR","standard","standard","permlen","1"
"2198","48","2","underfitting_rho.5","ECR","standard","standard","permlen","1"
"2199","49","2","underfitting_rho.5","ECR","standard","standard","permlen","1"
"2200","50","2","underfitting_rho.5","ECR","standard","standard","permlen","1"
"2201","1","2","underfitting_rho1","ECR","standard","standard","permlen","1"
"2202","2","2","underfitting_rho1","ECR","standard","standard","permlen","1"
"2203","3","2","underfitting_rho1","ECR","standard","standard","permlen","1"
"2204","4","2","underfitting_rho1","ECR","standard","standard","permlen","1"
"2205","5","2","underfitting_rho1","ECR","standard","standard","permlen","1"
"2206","6","2","underfitting_rho1","ECR","standard","standard","permlen","1"
"2207","7","2","underfitting_rho1","ECR","standard","standard","permlen","1"
"2208","8","2","underfitting_rho1","ECR","standard","standard","permlen","1"
"2209","9","2","underfitting_rho1","ECR","standard","standard","permlen","1"
"2210","10","2","underfitting_rho1","ECR","standard","standard","permlen","1"
"2211","11","2","underfitting_rho1","ECR","standard","standard","permlen","1"
"2212","12","2","underfitting_rho1","ECR","standard","standard","permlen","1"
"2213","13","2","underfitting_rho1","ECR","standard","standard","permlen","1"
"2214","14","2","underfitting_rho1","ECR","standard","standard","permlen","1"
"2215","15","2","underfitting_rho1","ECR","standard","standard","permlen","1"
"2216","16","2","underfitting_rho1","ECR","standard","standard","permlen","1"
"2217","17","2","underfitting_rho1","ECR","standard","standard","permlen","1"
"2218","18","2","underfitting_rho1","ECR","standard","standard","permlen","1"
"2219","19","2","underfitting_rho1","ECR","standard","standard","permlen","1"
"2220","20","2","underfitting_rho1","ECR","standard","standard","permlen","1"
"2221","21","2","underfitting_rho1","ECR","standard","standard","permlen","1"
"2222","22","2","underfitting_rho1","ECR","standard","standard","permlen","1"
"2223","23","2","underfitting_rho1","ECR","standard","standard","permlen","1"
"2224","24","2","underfitting_rho1","ECR","standard","standard","permlen","1"
"2225","25","2","underfitting_rho1","ECR","standard","standard","permlen","1"
"2226","26","2","underfitting_rho1","ECR","standard","standard","permlen","1"
"2227","27","2","underfitting_rho1","ECR","standard","standard","permlen","1"
"2228","28","2","underfitting_rho1","ECR","standard","standard","permlen","1"
"2229","29","2","underfitting_rho1","ECR","standard","standard","permlen","1"
"2230","30","2","underfitting_rho1","ECR","standard","standard","permlen","1"
"2231","31","2","underfitting_rho1","ECR","standard","standard","permlen","1"
"2232","32","2","underfitting_rho1","ECR","standard","standard","permlen","1"
"2233","33","2","underfitting_rho1","ECR","standard","standard","permlen","1"
"2234","34","2","underfitting_rho1","ECR","standard","standard","permlen","1"
"2235","35","2","underfitting_rho1","ECR","standard","standard","permlen","1"
"2236","36","2","underfitting_rho1","ECR","standard","standard","permlen","1"
"2237","37","2","underfitting_rho1","ECR","standard","standard","permlen","1"
"2238","38","2","underfitting_rho1","ECR","standard","standard","permlen","1"
"2239","39","2","underfitting_rho1","ECR","standard","standard","permlen","1"
"2240","40","2","underfitting_rho1","ECR","standard","standard","permlen","1"
"2241","41","2","underfitting_rho1","ECR","standard","standard","permlen","1"
"2242","42","2","underfitting_rho1","ECR","standard","standard","permlen","1"
"2243","43","2","underfitting_rho1","ECR","standard","standard","permlen","1"
"2244","44","2","underfitting_rho1","ECR","standard","standard","permlen","1"
"2245","45","2","underfitting_rho1","ECR","standard","standard","permlen","1"
"2246","46","2","underfitting_rho1","ECR","standard","standard","permlen","1"
"2247","47","2","underfitting_rho1","ECR","standard","standard","permlen","1"
"2248","48","2","underfitting_rho1","ECR","standard","standard","permlen","1"
"2249","49","2","underfitting_rho1","ECR","standard","standard","permlen","1"
"2250","50","2","underfitting_rho1","ECR","standard","standard","permlen","1"
"2251","1","2","underfitting_rho0","ECR","standard","simple","alpha","0.2398"
"2252","2","2","underfitting_rho0","ECR","standard","simple","alpha","0.2198"
"2253","3","2","underfitting_rho0","ECR","standard","simple","alpha","0.2498"
"2254","4","2","underfitting_rho0","ECR","standard","simple","alpha","0.2098"
"2255","5","2","underfitting_rho0","ECR","standard","simple","alpha","0.2198"
"2256","6","2","underfitting_rho0","ECR","standard","simple","alpha","0.2098"
"2257","7","2","underfitting_rho0","ECR","standard","simple","alpha","0.2798"
"2258","8","2","underfitting_rho0","ECR","standard","simple","alpha","0.3598"
"2259","9","2","underfitting_rho0","ECR","standard","simple","alpha","0.2098"
"2260","10","2","underfitting_rho0","ECR","standard","simple","alpha","0.2198"
"2261","11","2","underfitting_rho0","ECR","standard","simple","alpha","0.2098"
"2262","12","2","underfitting_rho0","ECR","standard","simple","alpha","0.2198"
"2263","13","2","underfitting_rho0","ECR","standard","simple","alpha","0.2098"
"2264","14","2","underfitting_rho0","ECR","standard","simple","alpha","0.2098"
"2265","15","2","underfitting_rho0","ECR","standard","simple","alpha","0.2098"
"2266","16","2","underfitting_rho0","ECR","standard","simple","alpha","0.2798"
"2267","17","2","underfitting_rho0","ECR","standard","simple","alpha","0.2698"
"2268","18","2","underfitting_rho0","ECR","standard","simple","alpha","0.2098"
"2269","19","2","underfitting_rho0","ECR","standard","simple","alpha","0.2898"
"2270","20","2","underfitting_rho0","ECR","standard","simple","alpha","0.3798"
"2271","21","2","underfitting_rho0","ECR","standard","simple","alpha","0.2098"
"2272","22","2","underfitting_rho0","ECR","standard","simple","alpha","0.2098"
"2273","23","2","underfitting_rho0","ECR","standard","simple","alpha","0.2998"
"2274","24","2","underfitting_rho0","ECR","standard","simple","alpha","0.2398"
"2275","25","2","underfitting_rho0","ECR","standard","simple","alpha","0.2598"
"2276","26","2","underfitting_rho0","ECR","standard","simple","alpha","0.2098"
"2277","27","2","underfitting_rho0","ECR","standard","simple","alpha","0.2098"
"2278","28","2","underfitting_rho0","ECR","standard","simple","alpha","0.2598"
"2279","29","2","underfitting_rho0","ECR","standard","simple","alpha","0.2398"
"2280","30","2","underfitting_rho0","ECR","standard","simple","alpha","0.2098"
"2281","31","2","underfitting_rho0","ECR","standard","simple","alpha","0.2198"
"2282","32","2","underfitting_rho0","ECR","standard","simple","alpha","0.2098"
"2283","33","2","underfitting_rho0","ECR","standard","simple","alpha","0.2998"
"2284","34","2","underfitting_rho0","ECR","standard","simple","alpha","0.2198"
"2285","35","2","underfitting_rho0","ECR","standard","simple","alpha","0.3698"
"2286","36","2","underfitting_rho0","ECR","standard","simple","alpha","0.2798"
"2287","37","2","underfitting_rho0","ECR","standard","simple","alpha","0.2098"
"2288","38","2","underfitting_rho0","ECR","standard","simple","alpha","0.2698"
"2289","39","2","underfitting_rho0","ECR","standard","simple","alpha","0.2598"
"2290","40","2","underfitting_rho0","ECR","standard","simple","alpha","0.2598"
"2291","41","2","underfitting_rho0","ECR","standard","simple","alpha","0.2098"
"2292","42","2","underfitting_rho0","ECR","standard","simple","alpha","0.2198"
"2293","43","2","underfitting_rho0","ECR","standard","simple","alpha","0.2298"
"2294","44","2","underfitting_rho0","ECR","standard","simple","alpha","0.2098"
"2295","45","2","underfitting_rho0","ECR","standard","simple","alpha","0.2198"
"2296","46","2","underfitting_rho0","ECR","standard","simple","alpha","0.2098"
"2297","47","2","underfitting_rho0","ECR","standard","simple","alpha","0.2298"
"2298","48","2","underfitting_rho0","ECR","standard","simple","alpha","0.2198"
"2299","49","2","underfitting_rho0","ECR","standard","simple","alpha","0.2398"
"2300","50","2","underfitting_rho0","ECR","standard","simple","alpha","0.2198"
"2301","1","2","underfitting_rho.5","ECR","standard","simple","alpha","0.2098"
"2302","2","2","underfitting_rho.5","ECR","standard","simple","alpha","0.2298"
"2303","3","2","underfitting_rho.5","ECR","standard","simple","alpha","0.2398"
"2304","4","2","underfitting_rho.5","ECR","standard","simple","alpha","0.2098"
"2305","5","2","underfitting_rho.5","ECR","standard","simple","alpha","0.2098"
"2306","6","2","underfitting_rho.5","ECR","standard","simple","alpha","0.3098"
"2307","7","2","underfitting_rho.5","ECR","standard","simple","alpha","0.2098"
"2308","8","2","underfitting_rho.5","ECR","standard","simple","alpha","0.2298"
"2309","9","2","underfitting_rho.5","ECR","standard","simple","alpha","0.2098"
"2310","10","2","underfitting_rho.5","ECR","standard","simple","alpha","0.2098"
"2311","11","2","underfitting_rho.5","ECR","standard","simple","alpha","0.2898"
"2312","12","2","underfitting_rho.5","ECR","standard","simple","alpha","0.2298"
"2313","13","2","underfitting_rho.5","ECR","standard","simple","alpha","0.2298"
"2314","14","2","underfitting_rho.5","ECR","standard","simple","alpha","0.2798"
"2315","15","2","underfitting_rho.5","ECR","standard","simple","alpha","0.2098"
"2316","16","2","underfitting_rho.5","ECR","standard","simple","alpha","0.2898"
"2317","17","2","underfitting_rho.5","ECR","standard","simple","alpha","0.2498"
"2318","18","2","underfitting_rho.5","ECR","standard","simple","alpha","0.2098"
"2319","19","2","underfitting_rho.5","ECR","standard","simple","alpha","0.2598"
"2320","20","2","underfitting_rho.5","ECR","standard","simple","alpha","0.3198"
"2321","21","2","underfitting_rho.5","ECR","standard","simple","alpha","0.2198"
"2322","22","2","underfitting_rho.5","ECR","standard","simple","alpha","0.2398"
"2323","23","2","underfitting_rho.5","ECR","standard","simple","alpha","0.2198"
"2324","24","2","underfitting_rho.5","ECR","standard","simple","alpha","0.2198"
"2325","25","2","underfitting_rho.5","ECR","standard","simple","alpha","0.2298"
"2326","26","2","underfitting_rho.5","ECR","standard","simple","alpha","0.2198"
"2327","27","2","underfitting_rho.5","ECR","standard","simple","alpha","0.2198"
"2328","28","2","underfitting_rho.5","ECR","standard","simple","alpha","0.2098"
"2329","29","2","underfitting_rho.5","ECR","standard","simple","alpha","0.2098"
"2330","30","2","underfitting_rho.5","ECR","standard","simple","alpha","0.2198"
"2331","31","2","underfitting_rho.5","ECR","standard","simple","alpha","0.2598"
"2332","32","2","underfitting_rho.5","ECR","standard","simple","alpha","0.3198"
"2333","33","2","underfitting_rho.5","ECR","standard","simple","alpha","0.3498"
"2334","34","2","underfitting_rho.5","ECR","standard","simple","alpha","0.3498"
"2335","35","2","underfitting_rho.5","ECR","standard","simple","alpha","0.2498"
"2336","36","2","underfitting_rho.5","ECR","standard","simple","alpha","0.2098"
"2337","37","2","underfitting_rho.5","ECR","standard","simple","alpha","0.2098"
"2338","38","2","underfitting_rho.5","ECR","standard","simple","alpha","0.3398"
"2339","39","2","underfitting_rho.5","ECR","standard","simple","alpha","0.2398"
"2340","40","2","underfitting_rho.5","ECR","standard","simple","alpha","0.3098"
"2341","41","2","underfitting_rho.5","ECR","standard","simple","alpha","0.2698"
"2342","42","2","underfitting_rho.5","ECR","standard","simple","alpha","0.3198"
"2343","43","2","underfitting_rho.5","ECR","standard","simple","alpha","0.2098"
"2344","44","2","underfitting_rho.5","ECR","standard","simple","alpha","0.2598"
"2345","45","2","underfitting_rho.5","ECR","standard","simple","alpha","0.3498"
"2346","46","2","underfitting_rho.5","ECR","standard","simple","alpha","0.2098"
"2347","47","2","underfitting_rho.5","ECR","standard","simple","alpha","0.2098"
"2348","48","2","underfitting_rho.5","ECR","standard","simple","alpha","0.2098"
"2349","49","2","underfitting_rho.5","ECR","standard","simple","alpha","0.2298"
"2350","50","2","underfitting_rho.5","ECR","standard","simple","alpha","0.2098"
"2351","1","2","underfitting_rho1","ECR","standard","simple","alpha","0.2198"
"2352","2","2","underfitting_rho1","ECR","standard","simple","alpha","0.2398"
"2353","3","2","underfitting_rho1","ECR","standard","simple","alpha","0.2498"
"2354","4","2","underfitting_rho1","ECR","standard","simple","alpha","0.2398"
"2355","5","2","underfitting_rho1","ECR","standard","simple","alpha","0.5"
"2356","6","2","underfitting_rho1","ECR","standard","simple","alpha","0.4698"
"2357","7","2","underfitting_rho1","ECR","standard","simple","alpha","0.2198"
"2358","8","2","underfitting_rho1","ECR","standard","simple","alpha","0.2198"
"2359","9","2","underfitting_rho1","ECR","standard","simple","alpha","0.2098"
"2360","10","2","underfitting_rho1","ECR","standard","simple","alpha","0.2198"
"2361","11","2","underfitting_rho1","ECR","standard","simple","alpha","0.2098"
"2362","12","2","underfitting_rho1","ECR","standard","simple","alpha","0.2098"
"2363","13","2","underfitting_rho1","ECR","standard","simple","alpha","0.2598"
"2364","14","2","underfitting_rho1","ECR","standard","simple","alpha","0.2198"
"2365","15","2","underfitting_rho1","ECR","standard","simple","alpha","0.2098"
"2366","16","2","underfitting_rho1","ECR","standard","simple","alpha","0.2498"
"2367","17","2","underfitting_rho1","ECR","standard","simple","alpha","0.5"
"2368","18","2","underfitting_rho1","ECR","standard","simple","alpha","0.3098"
"2369","19","2","underfitting_rho1","ECR","standard","simple","alpha","0.5"
"2370","20","2","underfitting_rho1","ECR","standard","simple","alpha","0.2298"
"2371","21","2","underfitting_rho1","ECR","standard","simple","alpha","0.2098"
"2372","22","2","underfitting_rho1","ECR","standard","simple","alpha","0.2198"
"2373","23","2","underfitting_rho1","ECR","standard","simple","alpha","0.2198"
"2374","24","2","underfitting_rho1","ECR","standard","simple","alpha","0.2198"
"2375","25","2","underfitting_rho1","ECR","standard","simple","alpha","0.2298"
"2376","26","2","underfitting_rho1","ECR","standard","simple","alpha","0.2098"
"2377","27","2","underfitting_rho1","ECR","standard","simple","alpha","0.2098"
"2378","28","2","underfitting_rho1","ECR","standard","simple","alpha","0.3498"
"2379","29","2","underfitting_rho1","ECR","standard","simple","alpha","0.5"
"2380","30","2","underfitting_rho1","ECR","standard","simple","alpha","0.2398"
"2381","31","2","underfitting_rho1","ECR","standard","simple","alpha","0.2198"
"2382","32","2","underfitting_rho1","ECR","standard","simple","alpha","0.3398"
"2383","33","2","underfitting_rho1","ECR","standard","simple","alpha","0.2498"
"2384","34","2","underfitting_rho1","ECR","standard","simple","alpha","0.3598"
"2385","35","2","underfitting_rho1","ECR","standard","simple","alpha","0.5"
"2386","36","2","underfitting_rho1","ECR","standard","simple","alpha","0.2898"
"2387","37","2","underfitting_rho1","ECR","standard","simple","alpha","0.2098"
"2388","38","2","underfitting_rho1","ECR","standard","simple","alpha","0.2198"
"2389","39","2","underfitting_rho1","ECR","standard","simple","alpha","0.5"
"2390","40","2","underfitting_rho1","ECR","standard","simple","alpha","0.5"
"2391","41","2","underfitting_rho1","ECR","standard","simple","alpha","0.2098"
"2392","42","2","underfitting_rho1","ECR","standard","simple","alpha","0.2098"
"2393","43","2","underfitting_rho1","ECR","standard","simple","alpha","0.2298"
"2394","44","2","underfitting_rho1","ECR","standard","simple","alpha","0.3598"
"2395","45","2","underfitting_rho1","ECR","standard","simple","alpha","0.2098"
"2396","46","2","underfitting_rho1","ECR","standard","simple","alpha","0.2098"
"2397","47","2","underfitting_rho1","ECR","standard","simple","alpha","0.2098"
"2398","48","2","underfitting_rho1","ECR","standard","simple","alpha","0.2398"
"2399","49","2","underfitting_rho1","ECR","standard","simple","alpha","0.2098"
"2400","50","2","underfitting_rho1","ECR","standard","simple","alpha","0.3298"
"2401","1","2","underfitting_rho0","ECR","standard","bridge","alpha","Inf"
"2402","2","2","underfitting_rho0","ECR","standard","bridge","alpha","Inf"
"2403","3","2","underfitting_rho0","ECR","standard","bridge","alpha","Inf"
"2404","4","2","underfitting_rho0","ECR","standard","bridge","alpha","Inf"
"2405","5","2","underfitting_rho0","ECR","standard","bridge","alpha","Inf"
"2406","6","2","underfitting_rho0","ECR","standard","bridge","alpha","Inf"
"2407","7","2","underfitting_rho0","ECR","standard","bridge","alpha","Inf"
"2408","8","2","underfitting_rho0","ECR","standard","bridge","alpha","Inf"
"2409","9","2","underfitting_rho0","ECR","standard","bridge","alpha","Inf"
"2410","10","2","underfitting_rho0","ECR","standard","bridge","alpha","Inf"
"2411","11","2","underfitting_rho0","ECR","standard","bridge","alpha","Inf"
"2412","12","2","underfitting_rho0","ECR","standard","bridge","alpha","Inf"
"2413","13","2","underfitting_rho0","ECR","standard","bridge","alpha","Inf"
"2414","14","2","underfitting_rho0","ECR","standard","bridge","alpha","Inf"
"2415","15","2","underfitting_rho0","ECR","standard","bridge","alpha","Inf"
"2416","16","2","underfitting_rho0","ECR","standard","bridge","alpha","Inf"
"2417","17","2","underfitting_rho0","ECR","standard","bridge","alpha","Inf"
"2418","18","2","underfitting_rho0","ECR","standard","bridge","alpha","Inf"
"2419","19","2","underfitting_rho0","ECR","standard","bridge","alpha","Inf"
"2420","20","2","underfitting_rho0","ECR","standard","bridge","alpha","Inf"
"2421","21","2","underfitting_rho0","ECR","standard","bridge","alpha","Inf"
"2422","22","2","underfitting_rho0","ECR","standard","bridge","alpha","Inf"
"2423","23","2","underfitting_rho0","ECR","standard","bridge","alpha","Inf"
"2424","24","2","underfitting_rho0","ECR","standard","bridge","alpha","Inf"
"2425","25","2","underfitting_rho0","ECR","standard","bridge","alpha","Inf"
"2426","26","2","underfitting_rho0","ECR","standard","bridge","alpha","Inf"
"2427","27","2","underfitting_rho0","ECR","standard","bridge","alpha","Inf"
"2428","28","2","underfitting_rho0","ECR","standard","bridge","alpha","Inf"
"2429","29","2","underfitting_rho0","ECR","standard","bridge","alpha","Inf"
"2430","30","2","underfitting_rho0","ECR","standard","bridge","alpha","Inf"
"2431","31","2","underfitting_rho0","ECR","standard","bridge","alpha","Inf"
"2432","32","2","underfitting_rho0","ECR","standard","bridge","alpha","Inf"
"2433","33","2","underfitting_rho0","ECR","standard","bridge","alpha","Inf"
"2434","34","2","underfitting_rho0","ECR","standard","bridge","alpha","Inf"
"2435","35","2","underfitting_rho0","ECR","standard","bridge","alpha","Inf"
"2436","36","2","underfitting_rho0","ECR","standard","bridge","alpha","Inf"
"2437","37","2","underfitting_rho0","ECR","standard","bridge","alpha","Inf"
"2438","38","2","underfitting_rho0","ECR","standard","bridge","alpha","Inf"
"2439","39","2","underfitting_rho0","ECR","standard","bridge","alpha","Inf"
"2440","40","2","underfitting_rho0","ECR","standard","bridge","alpha","Inf"
"2441","41","2","underfitting_rho0","ECR","standard","bridge","alpha","Inf"
"2442","42","2","underfitting_rho0","ECR","standard","bridge","alpha","Inf"
"2443","43","2","underfitting_rho0","ECR","standard","bridge","alpha","Inf"
"2444","44","2","underfitting_rho0","ECR","standard","bridge","alpha","Inf"
"2445","45","2","underfitting_rho0","ECR","standard","bridge","alpha","Inf"
"2446","46","2","underfitting_rho0","ECR","standard","bridge","alpha","Inf"
"2447","47","2","underfitting_rho0","ECR","standard","bridge","alpha","Inf"
"2448","48","2","underfitting_rho0","ECR","standard","bridge","alpha","Inf"
"2449","49","2","underfitting_rho0","ECR","standard","bridge","alpha","Inf"
"2450","50","2","underfitting_rho0","ECR","standard","bridge","alpha","Inf"
"2451","1","2","underfitting_rho.5","ECR","standard","bridge","alpha","Inf"
"2452","2","2","underfitting_rho.5","ECR","standard","bridge","alpha","Inf"
"2453","3","2","underfitting_rho.5","ECR","standard","bridge","alpha","Inf"
"2454","4","2","underfitting_rho.5","ECR","standard","bridge","alpha","Inf"
"2455","5","2","underfitting_rho.5","ECR","standard","bridge","alpha","Inf"
"2456","6","2","underfitting_rho.5","ECR","standard","bridge","alpha","Inf"
"2457","7","2","underfitting_rho.5","ECR","standard","bridge","alpha","Inf"
"2458","8","2","underfitting_rho.5","ECR","standard","bridge","alpha","Inf"
"2459","9","2","underfitting_rho.5","ECR","standard","bridge","alpha","Inf"
"2460","10","2","underfitting_rho.5","ECR","standard","bridge","alpha","Inf"
"2461","11","2","underfitting_rho.5","ECR","standard","bridge","alpha","Inf"
"2462","12","2","underfitting_rho.5","ECR","standard","bridge","alpha","Inf"
"2463","13","2","underfitting_rho.5","ECR","standard","bridge","alpha","Inf"
"2464","14","2","underfitting_rho.5","ECR","standard","bridge","alpha","Inf"
"2465","15","2","underfitting_rho.5","ECR","standard","bridge","alpha","Inf"
"2466","16","2","underfitting_rho.5","ECR","standard","bridge","alpha","Inf"
"2467","17","2","underfitting_rho.5","ECR","standard","bridge","alpha","Inf"
"2468","18","2","underfitting_rho.5","ECR","standard","bridge","alpha","Inf"
"2469","19","2","underfitting_rho.5","ECR","standard","bridge","alpha","Inf"
"2470","20","2","underfitting_rho.5","ECR","standard","bridge","alpha","Inf"
"2471","21","2","underfitting_rho.5","ECR","standard","bridge","alpha","Inf"
"2472","22","2","underfitting_rho.5","ECR","standard","bridge","alpha","Inf"
"2473","23","2","underfitting_rho.5","ECR","standard","bridge","alpha","Inf"
"2474","24","2","underfitting_rho.5","ECR","standard","bridge","alpha","Inf"
"2475","25","2","underfitting_rho.5","ECR","standard","bridge","alpha","Inf"
"2476","26","2","underfitting_rho.5","ECR","standard","bridge","alpha","Inf"
"2477","27","2","underfitting_rho.5","ECR","standard","bridge","alpha","Inf"
"2478","28","2","underfitting_rho.5","ECR","standard","bridge","alpha","Inf"
"2479","29","2","underfitting_rho.5","ECR","standard","bridge","alpha","Inf"
"2480","30","2","underfitting_rho.5","ECR","standard","bridge","alpha","Inf"
"2481","31","2","underfitting_rho.5","ECR","standard","bridge","alpha","Inf"
"2482","32","2","underfitting_rho.5","ECR","standard","bridge","alpha","Inf"
"2483","33","2","underfitting_rho.5","ECR","standard","bridge","alpha","Inf"
"2484","34","2","underfitting_rho.5","ECR","standard","bridge","alpha","Inf"
"2485","35","2","underfitting_rho.5","ECR","standard","bridge","alpha","Inf"
"2486","36","2","underfitting_rho.5","ECR","standard","bridge","alpha","Inf"
"2487","37","2","underfitting_rho.5","ECR","standard","bridge","alpha","Inf"
"2488","38","2","underfitting_rho.5","ECR","standard","bridge","alpha","Inf"
"2489","39","2","underfitting_rho.5","ECR","standard","bridge","alpha","Inf"
"2490","40","2","underfitting_rho.5","ECR","standard","bridge","alpha","Inf"
"2491","41","2","underfitting_rho.5","ECR","standard","bridge","alpha","Inf"
"2492","42","2","underfitting_rho.5","ECR","standard","bridge","alpha","Inf"
"2493","43","2","underfitting_rho.5","ECR","standard","bridge","alpha","Inf"
"2494","44","2","underfitting_rho.5","ECR","standard","bridge","alpha","Inf"
"2495","45","2","underfitting_rho.5","ECR","standard","bridge","alpha","Inf"
"2496","46","2","underfitting_rho.5","ECR","standard","bridge","alpha","Inf"
"2497","47","2","underfitting_rho.5","ECR","standard","bridge","alpha","Inf"
"2498","48","2","underfitting_rho.5","ECR","standard","bridge","alpha","Inf"
"2499","49","2","underfitting_rho.5","ECR","standard","bridge","alpha","Inf"
"2500","50","2","underfitting_rho.5","ECR","standard","bridge","alpha","Inf"
"2501","1","2","underfitting_rho1","ECR","standard","bridge","alpha","Inf"
"2502","2","2","underfitting_rho1","ECR","standard","bridge","alpha","Inf"
"2503","3","2","underfitting_rho1","ECR","standard","bridge","alpha","Inf"
"2504","4","2","underfitting_rho1","ECR","standard","bridge","alpha","Inf"
"2505","5","2","underfitting_rho1","ECR","standard","bridge","alpha","Inf"
"2506","6","2","underfitting_rho1","ECR","standard","bridge","alpha","Inf"
"2507","7","2","underfitting_rho1","ECR","standard","bridge","alpha","Inf"
"2508","8","2","underfitting_rho1","ECR","standard","bridge","alpha","Inf"
"2509","9","2","underfitting_rho1","ECR","standard","bridge","alpha","Inf"
"2510","10","2","underfitting_rho1","ECR","standard","bridge","alpha","Inf"
"2511","11","2","underfitting_rho1","ECR","standard","bridge","alpha","Inf"
"2512","12","2","underfitting_rho1","ECR","standard","bridge","alpha","Inf"
"2513","13","2","underfitting_rho1","ECR","standard","bridge","alpha","Inf"
"2514","14","2","underfitting_rho1","ECR","standard","bridge","alpha","Inf"
"2515","15","2","underfitting_rho1","ECR","standard","bridge","alpha","Inf"
"2516","16","2","underfitting_rho1","ECR","standard","bridge","alpha","Inf"
"2517","17","2","underfitting_rho1","ECR","standard","bridge","alpha","Inf"
"2518","18","2","underfitting_rho1","ECR","standard","bridge","alpha","Inf"
"2519","19","2","underfitting_rho1","ECR","standard","bridge","alpha","Inf"
"2520","20","2","underfitting_rho1","ECR","standard","bridge","alpha","Inf"
"2521","21","2","underfitting_rho1","ECR","standard","bridge","alpha","Inf"
"2522","22","2","underfitting_rho1","ECR","standard","bridge","alpha","Inf"
"2523","23","2","underfitting_rho1","ECR","standard","bridge","alpha","Inf"
"2524","24","2","underfitting_rho1","ECR","standard","bridge","alpha","Inf"
"2525","25","2","underfitting_rho1","ECR","standard","bridge","alpha","Inf"
"2526","26","2","underfitting_rho1","ECR","standard","bridge","alpha","Inf"
"2527","27","2","underfitting_rho1","ECR","standard","bridge","alpha","Inf"
"2528","28","2","underfitting_rho1","ECR","standard","bridge","alpha","Inf"
"2529","29","2","underfitting_rho1","ECR","standard","bridge","alpha","Inf"
"2530","30","2","underfitting_rho1","ECR","standard","bridge","alpha","Inf"
"2531","31","2","underfitting_rho1","ECR","standard","bridge","alpha","Inf"
"2532","32","2","underfitting_rho1","ECR","standard","bridge","alpha","Inf"
"2533","33","2","underfitting_rho1","ECR","standard","bridge","alpha","Inf"
"2534","34","2","underfitting_rho1","ECR","standard","bridge","alpha","Inf"
"2535","35","2","underfitting_rho1","ECR","standard","bridge","alpha","Inf"
"2536","36","2","underfitting_rho1","ECR","standard","bridge","alpha","Inf"
"2537","37","2","underfitting_rho1","ECR","standard","bridge","alpha","Inf"
"2538","38","2","underfitting_rho1","ECR","standard","bridge","alpha","Inf"
"2539","39","2","underfitting_rho1","ECR","standard","bridge","alpha","Inf"
"2540","40","2","underfitting_rho1","ECR","standard","bridge","alpha","Inf"
"2541","41","2","underfitting_rho1","ECR","standard","bridge","alpha","Inf"
"2542","42","2","underfitting_rho1","ECR","standard","bridge","alpha","Inf"
"2543","43","2","underfitting_rho1","ECR","standard","bridge","alpha","Inf"
"2544","44","2","underfitting_rho1","ECR","standard","bridge","alpha","Inf"
"2545","45","2","underfitting_rho1","ECR","standard","bridge","alpha","Inf"
"2546","46","2","underfitting_rho1","ECR","standard","bridge","alpha","Inf"
"2547","47","2","underfitting_rho1","ECR","standard","bridge","alpha","Inf"
"2548","48","2","underfitting_rho1","ECR","standard","bridge","alpha","Inf"
"2549","49","2","underfitting_rho1","ECR","standard","bridge","alpha","Inf"
"2550","50","2","underfitting_rho1","ECR","standard","bridge","alpha","Inf"
"2551","1","2","underfitting_rho0","ECR","standard","standard","alpha","0.2398"
"2552","2","2","underfitting_rho0","ECR","standard","standard","alpha","0.2198"
"2553","3","2","underfitting_rho0","ECR","standard","standard","alpha","0.2498"
"2554","4","2","underfitting_rho0","ECR","standard","standard","alpha","0.2098"
"2555","5","2","underfitting_rho0","ECR","standard","standard","alpha","0.2198"
"2556","6","2","underfitting_rho0","ECR","standard","standard","alpha","0.2098"
"2557","7","2","underfitting_rho0","ECR","standard","standard","alpha","0.2798"
"2558","8","2","underfitting_rho0","ECR","standard","standard","alpha","0.3598"
"2559","9","2","underfitting_rho0","ECR","standard","standard","alpha","0.2098"
"2560","10","2","underfitting_rho0","ECR","standard","standard","alpha","0.2198"
"2561","11","2","underfitting_rho0","ECR","standard","standard","alpha","0.2098"
"2562","12","2","underfitting_rho0","ECR","standard","standard","alpha","0.2198"
"2563","13","2","underfitting_rho0","ECR","standard","standard","alpha","0.2098"
"2564","14","2","underfitting_rho0","ECR","standard","standard","alpha","0.2098"
"2565","15","2","underfitting_rho0","ECR","standard","standard","alpha","0.2098"
"2566","16","2","underfitting_rho0","ECR","standard","standard","alpha","0.2798"
"2567","17","2","underfitting_rho0","ECR","standard","standard","alpha","0.2698"
"2568","18","2","underfitting_rho0","ECR","standard","standard","alpha","0.2098"
"2569","19","2","underfitting_rho0","ECR","standard","standard","alpha","0.2898"
"2570","20","2","underfitting_rho0","ECR","standard","standard","alpha","0.3798"
"2571","21","2","underfitting_rho0","ECR","standard","standard","alpha","0.2098"
"2572","22","2","underfitting_rho0","ECR","standard","standard","alpha","0.2098"
"2573","23","2","underfitting_rho0","ECR","standard","standard","alpha","0.2998"
"2574","24","2","underfitting_rho0","ECR","standard","standard","alpha","0.2398"
"2575","25","2","underfitting_rho0","ECR","standard","standard","alpha","0.2598"
"2576","26","2","underfitting_rho0","ECR","standard","standard","alpha","0.2098"
"2577","27","2","underfitting_rho0","ECR","standard","standard","alpha","0.2098"
"2578","28","2","underfitting_rho0","ECR","standard","standard","alpha","0.2598"
"2579","29","2","underfitting_rho0","ECR","standard","standard","alpha","0.2398"
"2580","30","2","underfitting_rho0","ECR","standard","standard","alpha","0.2098"
"2581","31","2","underfitting_rho0","ECR","standard","standard","alpha","0.2198"
"2582","32","2","underfitting_rho0","ECR","standard","standard","alpha","0.2098"
"2583","33","2","underfitting_rho0","ECR","standard","standard","alpha","0.2998"
"2584","34","2","underfitting_rho0","ECR","standard","standard","alpha","0.2198"
"2585","35","2","underfitting_rho0","ECR","standard","standard","alpha","0.3698"
"2586","36","2","underfitting_rho0","ECR","standard","standard","alpha","0.2798"
"2587","37","2","underfitting_rho0","ECR","standard","standard","alpha","0.2098"
"2588","38","2","underfitting_rho0","ECR","standard","standard","alpha","0.2698"
"2589","39","2","underfitting_rho0","ECR","standard","standard","alpha","0.2598"
"2590","40","2","underfitting_rho0","ECR","standard","standard","alpha","0.2598"
"2591","41","2","underfitting_rho0","ECR","standard","standard","alpha","0.2098"
"2592","42","2","underfitting_rho0","ECR","standard","standard","alpha","0.2198"
"2593","43","2","underfitting_rho0","ECR","standard","standard","alpha","0.2298"
"2594","44","2","underfitting_rho0","ECR","standard","standard","alpha","0.2098"
"2595","45","2","underfitting_rho0","ECR","standard","standard","alpha","0.2198"
"2596","46","2","underfitting_rho0","ECR","standard","standard","alpha","0.2098"
"2597","47","2","underfitting_rho0","ECR","standard","standard","alpha","0.2298"
"2598","48","2","underfitting_rho0","ECR","standard","standard","alpha","0.2198"
"2599","49","2","underfitting_rho0","ECR","standard","standard","alpha","0.2398"
"2600","50","2","underfitting_rho0","ECR","standard","standard","alpha","0.2198"
"2601","1","2","underfitting_rho.5","ECR","standard","standard","alpha","0.2098"
"2602","2","2","underfitting_rho.5","ECR","standard","standard","alpha","0.2298"
"2603","3","2","underfitting_rho.5","ECR","standard","standard","alpha","0.2398"
"2604","4","2","underfitting_rho.5","ECR","standard","standard","alpha","0.2098"
"2605","5","2","underfitting_rho.5","ECR","standard","standard","alpha","0.2098"
"2606","6","2","underfitting_rho.5","ECR","standard","standard","alpha","0.3098"
"2607","7","2","underfitting_rho.5","ECR","standard","standard","alpha","0.2098"
"2608","8","2","underfitting_rho.5","ECR","standard","standard","alpha","0.2298"
"2609","9","2","underfitting_rho.5","ECR","standard","standard","alpha","0.2098"
"2610","10","2","underfitting_rho.5","ECR","standard","standard","alpha","0.2098"
"2611","11","2","underfitting_rho.5","ECR","standard","standard","alpha","0.2898"
"2612","12","2","underfitting_rho.5","ECR","standard","standard","alpha","0.2298"
"2613","13","2","underfitting_rho.5","ECR","standard","standard","alpha","0.2298"
"2614","14","2","underfitting_rho.5","ECR","standard","standard","alpha","0.2798"
"2615","15","2","underfitting_rho.5","ECR","standard","standard","alpha","0.2098"
"2616","16","2","underfitting_rho.5","ECR","standard","standard","alpha","0.2898"
"2617","17","2","underfitting_rho.5","ECR","standard","standard","alpha","0.2498"
"2618","18","2","underfitting_rho.5","ECR","standard","standard","alpha","0.2098"
"2619","19","2","underfitting_rho.5","ECR","standard","standard","alpha","0.2598"
"2620","20","2","underfitting_rho.5","ECR","standard","standard","alpha","0.3198"
"2621","21","2","underfitting_rho.5","ECR","standard","standard","alpha","0.2198"
"2622","22","2","underfitting_rho.5","ECR","standard","standard","alpha","0.2398"
"2623","23","2","underfitting_rho.5","ECR","standard","standard","alpha","0.2198"
"2624","24","2","underfitting_rho.5","ECR","standard","standard","alpha","0.2198"
"2625","25","2","underfitting_rho.5","ECR","standard","standard","alpha","0.2298"
"2626","26","2","underfitting_rho.5","ECR","standard","standard","alpha","0.2198"
"2627","27","2","underfitting_rho.5","ECR","standard","standard","alpha","0.2198"
"2628","28","2","underfitting_rho.5","ECR","standard","standard","alpha","0.2098"
"2629","29","2","underfitting_rho.5","ECR","standard","standard","alpha","0.2098"
"2630","30","2","underfitting_rho.5","ECR","standard","standard","alpha","0.2198"
"2631","31","2","underfitting_rho.5","ECR","standard","standard","alpha","0.2598"
"2632","32","2","underfitting_rho.5","ECR","standard","standard","alpha","0.3198"
"2633","33","2","underfitting_rho.5","ECR","standard","standard","alpha","0.3498"
"2634","34","2","underfitting_rho.5","ECR","standard","standard","alpha","0.3498"
"2635","35","2","underfitting_rho.5","ECR","standard","standard","alpha","0.2498"
"2636","36","2","underfitting_rho.5","ECR","standard","standard","alpha","0.2098"
"2637","37","2","underfitting_rho.5","ECR","standard","standard","alpha","0.2098"
"2638","38","2","underfitting_rho.5","ECR","standard","standard","alpha","0.3398"
"2639","39","2","underfitting_rho.5","ECR","standard","standard","alpha","0.2398"
"2640","40","2","underfitting_rho.5","ECR","standard","standard","alpha","0.3098"
"2641","41","2","underfitting_rho.5","ECR","standard","standard","alpha","0.2698"
"2642","42","2","underfitting_rho.5","ECR","standard","standard","alpha","0.3198"
"2643","43","2","underfitting_rho.5","ECR","standard","standard","alpha","0.2098"
"2644","44","2","underfitting_rho.5","ECR","standard","standard","alpha","0.2598"
"2645","45","2","underfitting_rho.5","ECR","standard","standard","alpha","0.3498"
"2646","46","2","underfitting_rho.5","ECR","standard","standard","alpha","0.2098"
"2647","47","2","underfitting_rho.5","ECR","standard","standard","alpha","0.2098"
"2648","48","2","underfitting_rho.5","ECR","standard","standard","alpha","0.2098"
"2649","49","2","underfitting_rho.5","ECR","standard","standard","alpha","0.2298"
"2650","50","2","underfitting_rho.5","ECR","standard","standard","alpha","0.2098"
"2651","1","2","underfitting_rho1","ECR","standard","standard","alpha","0.2198"
"2652","2","2","underfitting_rho1","ECR","standard","standard","alpha","0.2398"
"2653","3","2","underfitting_rho1","ECR","standard","standard","alpha","0.2498"
"2654","4","2","underfitting_rho1","ECR","standard","standard","alpha","0.2398"
"2655","5","2","underfitting_rho1","ECR","standard","standard","alpha","0.5"
"2656","6","2","underfitting_rho1","ECR","standard","standard","alpha","0.4698"
"2657","7","2","underfitting_rho1","ECR","standard","standard","alpha","0.2198"
"2658","8","2","underfitting_rho1","ECR","standard","standard","alpha","0.2198"
"2659","9","2","underfitting_rho1","ECR","standard","standard","alpha","0.2098"
"2660","10","2","underfitting_rho1","ECR","standard","standard","alpha","0.2198"
"2661","11","2","underfitting_rho1","ECR","standard","standard","alpha","0.2098"
"2662","12","2","underfitting_rho1","ECR","standard","standard","alpha","0.2098"
"2663","13","2","underfitting_rho1","ECR","standard","standard","alpha","0.2598"
"2664","14","2","underfitting_rho1","ECR","standard","standard","alpha","0.2198"
"2665","15","2","underfitting_rho1","ECR","standard","standard","alpha","0.2098"
"2666","16","2","underfitting_rho1","ECR","standard","standard","alpha","0.2498"
"2667","17","2","underfitting_rho1","ECR","standard","standard","alpha","0.5"
"2668","18","2","underfitting_rho1","ECR","standard","standard","alpha","0.3098"
"2669","19","2","underfitting_rho1","ECR","standard","standard","alpha","0.5"
"2670","20","2","underfitting_rho1","ECR","standard","standard","alpha","0.2298"
"2671","21","2","underfitting_rho1","ECR","standard","standard","alpha","0.2098"
"2672","22","2","underfitting_rho1","ECR","standard","standard","alpha","0.2198"
"2673","23","2","underfitting_rho1","ECR","standard","standard","alpha","0.2198"
"2674","24","2","underfitting_rho1","ECR","standard","standard","alpha","0.2198"
"2675","25","2","underfitting_rho1","ECR","standard","standard","alpha","0.2298"
"2676","26","2","underfitting_rho1","ECR","standard","standard","alpha","0.2098"
"2677","27","2","underfitting_rho1","ECR","standard","standard","alpha","0.2098"
"2678","28","2","underfitting_rho1","ECR","standard","standard","alpha","0.3498"
"2679","29","2","underfitting_rho1","ECR","standard","standard","alpha","0.5"
"2680","30","2","underfitting_rho1","ECR","standard","standard","alpha","0.2398"
"2681","31","2","underfitting_rho1","ECR","standard","standard","alpha","0.2198"
"2682","32","2","underfitting_rho1","ECR","standard","standard","alpha","0.3398"
"2683","33","2","underfitting_rho1","ECR","standard","standard","alpha","0.2498"
"2684","34","2","underfitting_rho1","ECR","standard","standard","alpha","0.3598"
"2685","35","2","underfitting_rho1","ECR","standard","standard","alpha","0.5"
"2686","36","2","underfitting_rho1","ECR","standard","standard","alpha","0.2898"
"2687","37","2","underfitting_rho1","ECR","standard","standard","alpha","0.2098"
"2688","38","2","underfitting_rho1","ECR","standard","standard","alpha","0.2198"
"2689","39","2","underfitting_rho1","ECR","standard","standard","alpha","0.5"
"2690","40","2","underfitting_rho1","ECR","standard","standard","alpha","0.5"
"2691","41","2","underfitting_rho1","ECR","standard","standard","alpha","0.2098"
"2692","42","2","underfitting_rho1","ECR","standard","standard","alpha","0.2098"
"2693","43","2","underfitting_rho1","ECR","standard","standard","alpha","0.2298"
"2694","44","2","underfitting_rho1","ECR","standard","standard","alpha","0.3598"
"2695","45","2","underfitting_rho1","ECR","standard","standard","alpha","0.2098"
"2696","46","2","underfitting_rho1","ECR","standard","standard","alpha","0.2098"
"2697","47","2","underfitting_rho1","ECR","standard","standard","alpha","0.2098"
"2698","48","2","underfitting_rho1","ECR","standard","standard","alpha","0.2398"
"2699","49","2","underfitting_rho1","ECR","standard","standard","alpha","0.2098"
"2700","50","2","underfitting_rho1","ECR","standard","standard","alpha","0.3298"
"2701","1","2","underfitting_rho0","ECR","standard","simple","co","2"
"2702","2","2","underfitting_rho0","ECR","standard","simple","co","2"
"2703","3","2","underfitting_rho0","ECR","standard","simple","co","2"
"2704","4","2","underfitting_rho0","ECR","standard","simple","co","2"
"2705","5","2","underfitting_rho0","ECR","standard","simple","co","2"
"2706","6","2","underfitting_rho0","ECR","standard","simple","co","2"
"2707","7","2","underfitting_rho0","ECR","standard","simple","co","2"
"2708","8","2","underfitting_rho0","ECR","standard","simple","co","2"
"2709","9","2","underfitting_rho0","ECR","standard","simple","co","2"
"2710","10","2","underfitting_rho0","ECR","standard","simple","co","2"
"2711","11","2","underfitting_rho0","ECR","standard","simple","co","2"
"2712","12","2","underfitting_rho0","ECR","standard","simple","co","2"
"2713","13","2","underfitting_rho0","ECR","standard","simple","co","2"
"2714","14","2","underfitting_rho0","ECR","standard","simple","co","2"
"2715","15","2","underfitting_rho0","ECR","standard","simple","co","2"
"2716","16","2","underfitting_rho0","ECR","standard","simple","co","2"
"2717","17","2","underfitting_rho0","ECR","standard","simple","co","2"
"2718","18","2","underfitting_rho0","ECR","standard","simple","co","2"
"2719","19","2","underfitting_rho0","ECR","standard","simple","co","2"
"2720","20","2","underfitting_rho0","ECR","standard","simple","co","2"
"2721","21","2","underfitting_rho0","ECR","standard","simple","co","2"
"2722","22","2","underfitting_rho0","ECR","standard","simple","co","2"
"2723","23","2","underfitting_rho0","ECR","standard","simple","co","2"
"2724","24","2","underfitting_rho0","ECR","standard","simple","co","2"
"2725","25","2","underfitting_rho0","ECR","standard","simple","co","2"
"2726","26","2","underfitting_rho0","ECR","standard","simple","co","2"
"2727","27","2","underfitting_rho0","ECR","standard","simple","co","2"
"2728","28","2","underfitting_rho0","ECR","standard","simple","co","2"
"2729","29","2","underfitting_rho0","ECR","standard","simple","co","2"
"2730","30","2","underfitting_rho0","ECR","standard","simple","co","2"
"2731","31","2","underfitting_rho0","ECR","standard","simple","co","2"
"2732","32","2","underfitting_rho0","ECR","standard","simple","co","2"
"2733","33","2","underfitting_rho0","ECR","standard","simple","co","2"
"2734","34","2","underfitting_rho0","ECR","standard","simple","co","2"
"2735","35","2","underfitting_rho0","ECR","standard","simple","co","2"
"2736","36","2","underfitting_rho0","ECR","standard","simple","co","2"
"2737","37","2","underfitting_rho0","ECR","standard","simple","co","2"
"2738","38","2","underfitting_rho0","ECR","standard","simple","co","2"
"2739","39","2","underfitting_rho0","ECR","standard","simple","co","2"
"2740","40","2","underfitting_rho0","ECR","standard","simple","co","2"
"2741","41","2","underfitting_rho0","ECR","standard","simple","co","2"
"2742","42","2","underfitting_rho0","ECR","standard","simple","co","2"
"2743","43","2","underfitting_rho0","ECR","standard","simple","co","2"
"2744","44","2","underfitting_rho0","ECR","standard","simple","co","2"
"2745","45","2","underfitting_rho0","ECR","standard","simple","co","2"
"2746","46","2","underfitting_rho0","ECR","standard","simple","co","2"
"2747","47","2","underfitting_rho0","ECR","standard","simple","co","2"
"2748","48","2","underfitting_rho0","ECR","standard","simple","co","2"
"2749","49","2","underfitting_rho0","ECR","standard","simple","co","2"
"2750","50","2","underfitting_rho0","ECR","standard","simple","co","2"
"2751","1","2","underfitting_rho.5","ECR","standard","simple","co","2"
"2752","2","2","underfitting_rho.5","ECR","standard","simple","co","2"
"2753","3","2","underfitting_rho.5","ECR","standard","simple","co","2"
"2754","4","2","underfitting_rho.5","ECR","standard","simple","co","2"
"2755","5","2","underfitting_rho.5","ECR","standard","simple","co","2"
"2756","6","2","underfitting_rho.5","ECR","standard","simple","co","2"
"2757","7","2","underfitting_rho.5","ECR","standard","simple","co","2"
"2758","8","2","underfitting_rho.5","ECR","standard","simple","co","2"
"2759","9","2","underfitting_rho.5","ECR","standard","simple","co","2"
"2760","10","2","underfitting_rho.5","ECR","standard","simple","co","2"
"2761","11","2","underfitting_rho.5","ECR","standard","simple","co","2"
"2762","12","2","underfitting_rho.5","ECR","standard","simple","co","2"
"2763","13","2","underfitting_rho.5","ECR","standard","simple","co","2"
"2764","14","2","underfitting_rho.5","ECR","standard","simple","co","2"
"2765","15","2","underfitting_rho.5","ECR","standard","simple","co","2"
"2766","16","2","underfitting_rho.5","ECR","standard","simple","co","2"
"2767","17","2","underfitting_rho.5","ECR","standard","simple","co","2"
"2768","18","2","underfitting_rho.5","ECR","standard","simple","co","2"
"2769","19","2","underfitting_rho.5","ECR","standard","simple","co","2"
"2770","20","2","underfitting_rho.5","ECR","standard","simple","co","2"
"2771","21","2","underfitting_rho.5","ECR","standard","simple","co","2"
"2772","22","2","underfitting_rho.5","ECR","standard","simple","co","2"
"2773","23","2","underfitting_rho.5","ECR","standard","simple","co","2"
"2774","24","2","underfitting_rho.5","ECR","standard","simple","co","2"
"2775","25","2","underfitting_rho.5","ECR","standard","simple","co","2"
"2776","26","2","underfitting_rho.5","ECR","standard","simple","co","2"
"2777","27","2","underfitting_rho.5","ECR","standard","simple","co","2"
"2778","28","2","underfitting_rho.5","ECR","standard","simple","co","2"
"2779","29","2","underfitting_rho.5","ECR","standard","simple","co","2"
"2780","30","2","underfitting_rho.5","ECR","standard","simple","co","2"
"2781","31","2","underfitting_rho.5","ECR","standard","simple","co","2"
"2782","32","2","underfitting_rho.5","ECR","standard","simple","co","2"
"2783","33","2","underfitting_rho.5","ECR","standard","simple","co","2"
"2784","34","2","underfitting_rho.5","ECR","standard","simple","co","2"
"2785","35","2","underfitting_rho.5","ECR","standard","simple","co","2"
"2786","36","2","underfitting_rho.5","ECR","standard","simple","co","2"
"2787","37","2","underfitting_rho.5","ECR","standard","simple","co","2"
"2788","38","2","underfitting_rho.5","ECR","standard","simple","co","2"
"2789","39","2","underfitting_rho.5","ECR","standard","simple","co","2"
"2790","40","2","underfitting_rho.5","ECR","standard","simple","co","2"
"2791","41","2","underfitting_rho.5","ECR","standard","simple","co","2"
"2792","42","2","underfitting_rho.5","ECR","standard","simple","co","2"
"2793","43","2","underfitting_rho.5","ECR","standard","simple","co","2"
"2794","44","2","underfitting_rho.5","ECR","standard","simple","co","2"
"2795","45","2","underfitting_rho.5","ECR","standard","simple","co","2"
"2796","46","2","underfitting_rho.5","ECR","standard","simple","co","2"
"2797","47","2","underfitting_rho.5","ECR","standard","simple","co","2"
"2798","48","2","underfitting_rho.5","ECR","standard","simple","co","2"
"2799","49","2","underfitting_rho.5","ECR","standard","simple","co","2"
"2800","50","2","underfitting_rho.5","ECR","standard","simple","co","2"
"2801","1","2","underfitting_rho1","ECR","standard","simple","co","2"
"2802","2","2","underfitting_rho1","ECR","standard","simple","co","2"
"2803","3","2","underfitting_rho1","ECR","standard","simple","co","2"
"2804","4","2","underfitting_rho1","ECR","standard","simple","co","2"
"2805","5","2","underfitting_rho1","ECR","standard","simple","co","0"
"2806","6","2","underfitting_rho1","ECR","standard","simple","co","0"
"2807","7","2","underfitting_rho1","ECR","standard","simple","co","2"
"2808","8","2","underfitting_rho1","ECR","standard","simple","co","2"
"2809","9","2","underfitting_rho1","ECR","standard","simple","co","2"
"2810","10","2","underfitting_rho1","ECR","standard","simple","co","2"
"2811","11","2","underfitting_rho1","ECR","standard","simple","co","0"
"2812","12","2","underfitting_rho1","ECR","standard","simple","co","2"
"2813","13","2","underfitting_rho1","ECR","standard","simple","co","0"
"2814","14","2","underfitting_rho1","ECR","standard","simple","co","2"
"2815","15","2","underfitting_rho1","ECR","standard","simple","co","2"
"2816","16","2","underfitting_rho1","ECR","standard","simple","co","2"
"2817","17","2","underfitting_rho1","ECR","standard","simple","co","2"
"2818","18","2","underfitting_rho1","ECR","standard","simple","co","2"
"2819","19","2","underfitting_rho1","ECR","standard","simple","co","2"
"2820","20","2","underfitting_rho1","ECR","standard","simple","co","2"
"2821","21","2","underfitting_rho1","ECR","standard","simple","co","2"
"2822","22","2","underfitting_rho1","ECR","standard","simple","co","2"
"2823","23","2","underfitting_rho1","ECR","standard","simple","co","0"
"2824","24","2","underfitting_rho1","ECR","standard","simple","co","2"
"2825","25","2","underfitting_rho1","ECR","standard","simple","co","2"
"2826","26","2","underfitting_rho1","ECR","standard","simple","co","0"
"2827","27","2","underfitting_rho1","ECR","standard","simple","co","2"
"2828","28","2","underfitting_rho1","ECR","standard","simple","co","2"
"2829","29","2","underfitting_rho1","ECR","standard","simple","co","2"
"2830","30","2","underfitting_rho1","ECR","standard","simple","co","2"
"2831","31","2","underfitting_rho1","ECR","standard","simple","co","2"
"2832","32","2","underfitting_rho1","ECR","standard","simple","co","0"
"2833","33","2","underfitting_rho1","ECR","standard","simple","co","2"
"2834","34","2","underfitting_rho1","ECR","standard","simple","co","2"
"2835","35","2","underfitting_rho1","ECR","standard","simple","co","0"
"2836","36","2","underfitting_rho1","ECR","standard","simple","co","2"
"2837","37","2","underfitting_rho1","ECR","standard","simple","co","0"
"2838","38","2","underfitting_rho1","ECR","standard","simple","co","2"
"2839","39","2","underfitting_rho1","ECR","standard","simple","co","0"
"2840","40","2","underfitting_rho1","ECR","standard","simple","co","2"
"2841","41","2","underfitting_rho1","ECR","standard","simple","co","0"
"2842","42","2","underfitting_rho1","ECR","standard","simple","co","2"
"2843","43","2","underfitting_rho1","ECR","standard","simple","co","2"
"2844","44","2","underfitting_rho1","ECR","standard","simple","co","2"
"2845","45","2","underfitting_rho1","ECR","standard","simple","co","2"
"2846","46","2","underfitting_rho1","ECR","standard","simple","co","2"
"2847","47","2","underfitting_rho1","ECR","standard","simple","co","2"
"2848","48","2","underfitting_rho1","ECR","standard","simple","co","2"
"2849","49","2","underfitting_rho1","ECR","standard","simple","co","2"
"2850","50","2","underfitting_rho1","ECR","standard","simple","co","2"
"2851","1","2","underfitting_rho0","ECR","standard","bridge","co","2"
"2852","2","2","underfitting_rho0","ECR","standard","bridge","co","2"
"2853","3","2","underfitting_rho0","ECR","standard","bridge","co","2"
"2854","4","2","underfitting_rho0","ECR","standard","bridge","co","2"
"2855","5","2","underfitting_rho0","ECR","standard","bridge","co","2"
"2856","6","2","underfitting_rho0","ECR","standard","bridge","co","2"
"2857","7","2","underfitting_rho0","ECR","standard","bridge","co","2"
"2858","8","2","underfitting_rho0","ECR","standard","bridge","co","2"
"2859","9","2","underfitting_rho0","ECR","standard","bridge","co","2"
"2860","10","2","underfitting_rho0","ECR","standard","bridge","co","2"
"2861","11","2","underfitting_rho0","ECR","standard","bridge","co","2"
"2862","12","2","underfitting_rho0","ECR","standard","bridge","co","2"
"2863","13","2","underfitting_rho0","ECR","standard","bridge","co","2"
"2864","14","2","underfitting_rho0","ECR","standard","bridge","co","2"
"2865","15","2","underfitting_rho0","ECR","standard","bridge","co","2"
"2866","16","2","underfitting_rho0","ECR","standard","bridge","co","2"
"2867","17","2","underfitting_rho0","ECR","standard","bridge","co","2"
"2868","18","2","underfitting_rho0","ECR","standard","bridge","co","2"
"2869","19","2","underfitting_rho0","ECR","standard","bridge","co","2"
"2870","20","2","underfitting_rho0","ECR","standard","bridge","co","2"
"2871","21","2","underfitting_rho0","ECR","standard","bridge","co","2"
"2872","22","2","underfitting_rho0","ECR","standard","bridge","co","2"
"2873","23","2","underfitting_rho0","ECR","standard","bridge","co","2"
"2874","24","2","underfitting_rho0","ECR","standard","bridge","co","2"
"2875","25","2","underfitting_rho0","ECR","standard","bridge","co","2"
"2876","26","2","underfitting_rho0","ECR","standard","bridge","co","2"
"2877","27","2","underfitting_rho0","ECR","standard","bridge","co","2"
"2878","28","2","underfitting_rho0","ECR","standard","bridge","co","2"
"2879","29","2","underfitting_rho0","ECR","standard","bridge","co","2"
"2880","30","2","underfitting_rho0","ECR","standard","bridge","co","2"
"2881","31","2","underfitting_rho0","ECR","standard","bridge","co","2"
"2882","32","2","underfitting_rho0","ECR","standard","bridge","co","2"
"2883","33","2","underfitting_rho0","ECR","standard","bridge","co","2"
"2884","34","2","underfitting_rho0","ECR","standard","bridge","co","2"
"2885","35","2","underfitting_rho0","ECR","standard","bridge","co","2"
"2886","36","2","underfitting_rho0","ECR","standard","bridge","co","2"
"2887","37","2","underfitting_rho0","ECR","standard","bridge","co","2"
"2888","38","2","underfitting_rho0","ECR","standard","bridge","co","2"
"2889","39","2","underfitting_rho0","ECR","standard","bridge","co","2"
"2890","40","2","underfitting_rho0","ECR","standard","bridge","co","2"
"2891","41","2","underfitting_rho0","ECR","standard","bridge","co","2"
"2892","42","2","underfitting_rho0","ECR","standard","bridge","co","2"
"2893","43","2","underfitting_rho0","ECR","standard","bridge","co","2"
"2894","44","2","underfitting_rho0","ECR","standard","bridge","co","2"
"2895","45","2","underfitting_rho0","ECR","standard","bridge","co","2"
"2896","46","2","underfitting_rho0","ECR","standard","bridge","co","2"
"2897","47","2","underfitting_rho0","ECR","standard","bridge","co","2"
"2898","48","2","underfitting_rho0","ECR","standard","bridge","co","2"
"2899","49","2","underfitting_rho0","ECR","standard","bridge","co","2"
"2900","50","2","underfitting_rho0","ECR","standard","bridge","co","2"
"2901","1","2","underfitting_rho.5","ECR","standard","bridge","co","2"
"2902","2","2","underfitting_rho.5","ECR","standard","bridge","co","2"
"2903","3","2","underfitting_rho.5","ECR","standard","bridge","co","2"
"2904","4","2","underfitting_rho.5","ECR","standard","bridge","co","2"
"2905","5","2","underfitting_rho.5","ECR","standard","bridge","co","2"
"2906","6","2","underfitting_rho.5","ECR","standard","bridge","co","2"
"2907","7","2","underfitting_rho.5","ECR","standard","bridge","co","2"
"2908","8","2","underfitting_rho.5","ECR","standard","bridge","co","2"
"2909","9","2","underfitting_rho.5","ECR","standard","bridge","co","2"
"2910","10","2","underfitting_rho.5","ECR","standard","bridge","co","2"
"2911","11","2","underfitting_rho.5","ECR","standard","bridge","co","2"
"2912","12","2","underfitting_rho.5","ECR","standard","bridge","co","2"
"2913","13","2","underfitting_rho.5","ECR","standard","bridge","co","2"
"2914","14","2","underfitting_rho.5","ECR","standard","bridge","co","2"
"2915","15","2","underfitting_rho.5","ECR","standard","bridge","co","2"
"2916","16","2","underfitting_rho.5","ECR","standard","bridge","co","2"
"2917","17","2","underfitting_rho.5","ECR","standard","bridge","co","2"
"2918","18","2","underfitting_rho.5","ECR","standard","bridge","co","2"
"2919","19","2","underfitting_rho.5","ECR","standard","bridge","co","2"
"2920","20","2","underfitting_rho.5","ECR","standard","bridge","co","2"
"2921","21","2","underfitting_rho.5","ECR","standard","bridge","co","2"
"2922","22","2","underfitting_rho.5","ECR","standard","bridge","co","2"
"2923","23","2","underfitting_rho.5","ECR","standard","bridge","co","2"
"2924","24","2","underfitting_rho.5","ECR","standard","bridge","co","2"
"2925","25","2","underfitting_rho.5","ECR","standard","bridge","co","2"
"2926","26","2","underfitting_rho.5","ECR","standard","bridge","co","2"
"2927","27","2","underfitting_rho.5","ECR","standard","bridge","co","2"
"2928","28","2","underfitting_rho.5","ECR","standard","bridge","co","2"
"2929","29","2","underfitting_rho.5","ECR","standard","bridge","co","2"
"2930","30","2","underfitting_rho.5","ECR","standard","bridge","co","2"
"2931","31","2","underfitting_rho.5","ECR","standard","bridge","co","2"
"2932","32","2","underfitting_rho.5","ECR","standard","bridge","co","2"
"2933","33","2","underfitting_rho.5","ECR","standard","bridge","co","2"
"2934","34","2","underfitting_rho.5","ECR","standard","bridge","co","2"
"2935","35","2","underfitting_rho.5","ECR","standard","bridge","co","2"
"2936","36","2","underfitting_rho.5","ECR","standard","bridge","co","2"
"2937","37","2","underfitting_rho.5","ECR","standard","bridge","co","2"
"2938","38","2","underfitting_rho.5","ECR","standard","bridge","co","2"
"2939","39","2","underfitting_rho.5","ECR","standard","bridge","co","2"
"2940","40","2","underfitting_rho.5","ECR","standard","bridge","co","2"
"2941","41","2","underfitting_rho.5","ECR","standard","bridge","co","2"
"2942","42","2","underfitting_rho.5","ECR","standard","bridge","co","2"
"2943","43","2","underfitting_rho.5","ECR","standard","bridge","co","2"
"2944","44","2","underfitting_rho.5","ECR","standard","bridge","co","2"
"2945","45","2","underfitting_rho.5","ECR","standard","bridge","co","2"
"2946","46","2","underfitting_rho.5","ECR","standard","bridge","co","2"
"2947","47","2","underfitting_rho.5","ECR","standard","bridge","co","2"
"2948","48","2","underfitting_rho.5","ECR","standard","bridge","co","2"
"2949","49","2","underfitting_rho.5","ECR","standard","bridge","co","2"
"2950","50","2","underfitting_rho.5","ECR","standard","bridge","co","2"
"2951","1","2","underfitting_rho1","ECR","standard","bridge","co","2"
"2952","2","2","underfitting_rho1","ECR","standard","bridge","co","2"
"2953","3","2","underfitting_rho1","ECR","standard","bridge","co","2"
"2954","4","2","underfitting_rho1","ECR","standard","bridge","co","2"
"2955","5","2","underfitting_rho1","ECR","standard","bridge","co","0"
"2956","6","2","underfitting_rho1","ECR","standard","bridge","co","0"
"2957","7","2","underfitting_rho1","ECR","standard","bridge","co","2"
"2958","8","2","underfitting_rho1","ECR","standard","bridge","co","2"
"2959","9","2","underfitting_rho1","ECR","standard","bridge","co","2"
"2960","10","2","underfitting_rho1","ECR","standard","bridge","co","2"
"2961","11","2","underfitting_rho1","ECR","standard","bridge","co","0"
"2962","12","2","underfitting_rho1","ECR","standard","bridge","co","2"
"2963","13","2","underfitting_rho1","ECR","standard","bridge","co","0"
"2964","14","2","underfitting_rho1","ECR","standard","bridge","co","2"
"2965","15","2","underfitting_rho1","ECR","standard","bridge","co","2"
"2966","16","2","underfitting_rho1","ECR","standard","bridge","co","2"
"2967","17","2","underfitting_rho1","ECR","standard","bridge","co","2"
"2968","18","2","underfitting_rho1","ECR","standard","bridge","co","2"
"2969","19","2","underfitting_rho1","ECR","standard","bridge","co","2"
"2970","20","2","underfitting_rho1","ECR","standard","bridge","co","2"
"2971","21","2","underfitting_rho1","ECR","standard","bridge","co","2"
"2972","22","2","underfitting_rho1","ECR","standard","bridge","co","2"
"2973","23","2","underfitting_rho1","ECR","standard","bridge","co","0"
"2974","24","2","underfitting_rho1","ECR","standard","bridge","co","2"
"2975","25","2","underfitting_rho1","ECR","standard","bridge","co","2"
"2976","26","2","underfitting_rho1","ECR","standard","bridge","co","0"
"2977","27","2","underfitting_rho1","ECR","standard","bridge","co","2"
"2978","28","2","underfitting_rho1","ECR","standard","bridge","co","2"
"2979","29","2","underfitting_rho1","ECR","standard","bridge","co","2"
"2980","30","2","underfitting_rho1","ECR","standard","bridge","co","2"
"2981","31","2","underfitting_rho1","ECR","standard","bridge","co","2"
"2982","32","2","underfitting_rho1","ECR","standard","bridge","co","0"
"2983","33","2","underfitting_rho1","ECR","standard","bridge","co","2"
"2984","34","2","underfitting_rho1","ECR","standard","bridge","co","2"
"2985","35","2","underfitting_rho1","ECR","standard","bridge","co","0"
"2986","36","2","underfitting_rho1","ECR","standard","bridge","co","2"
"2987","37","2","underfitting_rho1","ECR","standard","bridge","co","0"
"2988","38","2","underfitting_rho1","ECR","standard","bridge","co","2"
"2989","39","2","underfitting_rho1","ECR","standard","bridge","co","0"
"2990","40","2","underfitting_rho1","ECR","standard","bridge","co","2"
"2991","41","2","underfitting_rho1","ECR","standard","bridge","co","0"
"2992","42","2","underfitting_rho1","ECR","standard","bridge","co","2"
"2993","43","2","underfitting_rho1","ECR","standard","bridge","co","2"
"2994","44","2","underfitting_rho1","ECR","standard","bridge","co","2"
"2995","45","2","underfitting_rho1","ECR","standard","bridge","co","2"
"2996","46","2","underfitting_rho1","ECR","standard","bridge","co","2"
"2997","47","2","underfitting_rho1","ECR","standard","bridge","co","2"
"2998","48","2","underfitting_rho1","ECR","standard","bridge","co","2"
"2999","49","2","underfitting_rho1","ECR","standard","bridge","co","2"
"3000","50","2","underfitting_rho1","ECR","standard","bridge","co","2"
"3001","1","2","underfitting_rho0","ECR","standard","standard","co","2"
"3002","2","2","underfitting_rho0","ECR","standard","standard","co","2"
"3003","3","2","underfitting_rho0","ECR","standard","standard","co","2"
"3004","4","2","underfitting_rho0","ECR","standard","standard","co","2"
"3005","5","2","underfitting_rho0","ECR","standard","standard","co","2"
"3006","6","2","underfitting_rho0","ECR","standard","standard","co","2"
"3007","7","2","underfitting_rho0","ECR","standard","standard","co","2"
"3008","8","2","underfitting_rho0","ECR","standard","standard","co","2"
"3009","9","2","underfitting_rho0","ECR","standard","standard","co","2"
"3010","10","2","underfitting_rho0","ECR","standard","standard","co","2"
"3011","11","2","underfitting_rho0","ECR","standard","standard","co","2"
"3012","12","2","underfitting_rho0","ECR","standard","standard","co","2"
"3013","13","2","underfitting_rho0","ECR","standard","standard","co","2"
"3014","14","2","underfitting_rho0","ECR","standard","standard","co","2"
"3015","15","2","underfitting_rho0","ECR","standard","standard","co","2"
"3016","16","2","underfitting_rho0","ECR","standard","standard","co","2"
"3017","17","2","underfitting_rho0","ECR","standard","standard","co","2"
"3018","18","2","underfitting_rho0","ECR","standard","standard","co","2"
"3019","19","2","underfitting_rho0","ECR","standard","standard","co","2"
"3020","20","2","underfitting_rho0","ECR","standard","standard","co","2"
"3021","21","2","underfitting_rho0","ECR","standard","standard","co","2"
"3022","22","2","underfitting_rho0","ECR","standard","standard","co","2"
"3023","23","2","underfitting_rho0","ECR","standard","standard","co","2"
"3024","24","2","underfitting_rho0","ECR","standard","standard","co","2"
"3025","25","2","underfitting_rho0","ECR","standard","standard","co","2"
"3026","26","2","underfitting_rho0","ECR","standard","standard","co","2"
"3027","27","2","underfitting_rho0","ECR","standard","standard","co","2"
"3028","28","2","underfitting_rho0","ECR","standard","standard","co","2"
"3029","29","2","underfitting_rho0","ECR","standard","standard","co","2"
"3030","30","2","underfitting_rho0","ECR","standard","standard","co","2"
"3031","31","2","underfitting_rho0","ECR","standard","standard","co","2"
"3032","32","2","underfitting_rho0","ECR","standard","standard","co","2"
"3033","33","2","underfitting_rho0","ECR","standard","standard","co","2"
"3034","34","2","underfitting_rho0","ECR","standard","standard","co","2"
"3035","35","2","underfitting_rho0","ECR","standard","standard","co","2"
"3036","36","2","underfitting_rho0","ECR","standard","standard","co","2"
"3037","37","2","underfitting_rho0","ECR","standard","standard","co","2"
"3038","38","2","underfitting_rho0","ECR","standard","standard","co","2"
"3039","39","2","underfitting_rho0","ECR","standard","standard","co","2"
"3040","40","2","underfitting_rho0","ECR","standard","standard","co","2"
"3041","41","2","underfitting_rho0","ECR","standard","standard","co","2"
"3042","42","2","underfitting_rho0","ECR","standard","standard","co","2"
"3043","43","2","underfitting_rho0","ECR","standard","standard","co","2"
"3044","44","2","underfitting_rho0","ECR","standard","standard","co","2"
"3045","45","2","underfitting_rho0","ECR","standard","standard","co","2"
"3046","46","2","underfitting_rho0","ECR","standard","standard","co","2"
"3047","47","2","underfitting_rho0","ECR","standard","standard","co","2"
"3048","48","2","underfitting_rho0","ECR","standard","standard","co","2"
"3049","49","2","underfitting_rho0","ECR","standard","standard","co","2"
"3050","50","2","underfitting_rho0","ECR","standard","standard","co","2"
"3051","1","2","underfitting_rho.5","ECR","standard","standard","co","2"
"3052","2","2","underfitting_rho.5","ECR","standard","standard","co","2"
"3053","3","2","underfitting_rho.5","ECR","standard","standard","co","2"
"3054","4","2","underfitting_rho.5","ECR","standard","standard","co","2"
"3055","5","2","underfitting_rho.5","ECR","standard","standard","co","2"
"3056","6","2","underfitting_rho.5","ECR","standard","standard","co","2"
"3057","7","2","underfitting_rho.5","ECR","standard","standard","co","2"
"3058","8","2","underfitting_rho.5","ECR","standard","standard","co","2"
"3059","9","2","underfitting_rho.5","ECR","standard","standard","co","2"
"3060","10","2","underfitting_rho.5","ECR","standard","standard","co","2"
"3061","11","2","underfitting_rho.5","ECR","standard","standard","co","2"
"3062","12","2","underfitting_rho.5","ECR","standard","standard","co","2"
"3063","13","2","underfitting_rho.5","ECR","standard","standard","co","2"
"3064","14","2","underfitting_rho.5","ECR","standard","standard","co","2"
"3065","15","2","underfitting_rho.5","ECR","standard","standard","co","2"
"3066","16","2","underfitting_rho.5","ECR","standard","standard","co","2"
"3067","17","2","underfitting_rho.5","ECR","standard","standard","co","2"
"3068","18","2","underfitting_rho.5","ECR","standard","standard","co","2"
"3069","19","2","underfitting_rho.5","ECR","standard","standard","co","2"
"3070","20","2","underfitting_rho.5","ECR","standard","standard","co","2"
"3071","21","2","underfitting_rho.5","ECR","standard","standard","co","2"
"3072","22","2","underfitting_rho.5","ECR","standard","standard","co","2"
"3073","23","2","underfitting_rho.5","ECR","standard","standard","co","2"
"3074","24","2","underfitting_rho.5","ECR","standard","standard","co","2"
"3075","25","2","underfitting_rho.5","ECR","standard","standard","co","2"
"3076","26","2","underfitting_rho.5","ECR","standard","standard","co","2"
"3077","27","2","underfitting_rho.5","ECR","standard","standard","co","2"
"3078","28","2","underfitting_rho.5","ECR","standard","standard","co","2"
"3079","29","2","underfitting_rho.5","ECR","standard","standard","co","2"
"3080","30","2","underfitting_rho.5","ECR","standard","standard","co","2"
"3081","31","2","underfitting_rho.5","ECR","standard","standard","co","2"
"3082","32","2","underfitting_rho.5","ECR","standard","standard","co","2"
"3083","33","2","underfitting_rho.5","ECR","standard","standard","co","2"
"3084","34","2","underfitting_rho.5","ECR","standard","standard","co","2"
"3085","35","2","underfitting_rho.5","ECR","standard","standard","co","2"
"3086","36","2","underfitting_rho.5","ECR","standard","standard","co","2"
"3087","37","2","underfitting_rho.5","ECR","standard","standard","co","2"
"3088","38","2","underfitting_rho.5","ECR","standard","standard","co","2"
"3089","39","2","underfitting_rho.5","ECR","standard","standard","co","2"
"3090","40","2","underfitting_rho.5","ECR","standard","standard","co","2"
"3091","41","2","underfitting_rho.5","ECR","standard","standard","co","2"
"3092","42","2","underfitting_rho.5","ECR","standard","standard","co","2"
"3093","43","2","underfitting_rho.5","ECR","standard","standard","co","2"
"3094","44","2","underfitting_rho.5","ECR","standard","standard","co","2"
"3095","45","2","underfitting_rho.5","ECR","standard","standard","co","2"
"3096","46","2","underfitting_rho.5","ECR","standard","standard","co","2"
"3097","47","2","underfitting_rho.5","ECR","standard","standard","co","2"
"3098","48","2","underfitting_rho.5","ECR","standard","standard","co","2"
"3099","49","2","underfitting_rho.5","ECR","standard","standard","co","2"
"3100","50","2","underfitting_rho.5","ECR","standard","standard","co","2"
"3101","1","2","underfitting_rho1","ECR","standard","standard","co","2"
"3102","2","2","underfitting_rho1","ECR","standard","standard","co","2"
"3103","3","2","underfitting_rho1","ECR","standard","standard","co","2"
"3104","4","2","underfitting_rho1","ECR","standard","standard","co","2"
"3105","5","2","underfitting_rho1","ECR","standard","standard","co","0"
"3106","6","2","underfitting_rho1","ECR","standard","standard","co","0"
"3107","7","2","underfitting_rho1","ECR","standard","standard","co","2"
"3108","8","2","underfitting_rho1","ECR","standard","standard","co","2"
"3109","9","2","underfitting_rho1","ECR","standard","standard","co","2"
"3110","10","2","underfitting_rho1","ECR","standard","standard","co","2"
"3111","11","2","underfitting_rho1","ECR","standard","standard","co","0"
"3112","12","2","underfitting_rho1","ECR","standard","standard","co","2"
"3113","13","2","underfitting_rho1","ECR","standard","standard","co","0"
"3114","14","2","underfitting_rho1","ECR","standard","standard","co","2"
"3115","15","2","underfitting_rho1","ECR","standard","standard","co","2"
"3116","16","2","underfitting_rho1","ECR","standard","standard","co","2"
"3117","17","2","underfitting_rho1","ECR","standard","standard","co","2"
"3118","18","2","underfitting_rho1","ECR","standard","standard","co","2"
"3119","19","2","underfitting_rho1","ECR","standard","standard","co","2"
"3120","20","2","underfitting_rho1","ECR","standard","standard","co","2"
"3121","21","2","underfitting_rho1","ECR","standard","standard","co","2"
"3122","22","2","underfitting_rho1","ECR","standard","standard","co","2"
"3123","23","2","underfitting_rho1","ECR","standard","standard","co","0"
"3124","24","2","underfitting_rho1","ECR","standard","standard","co","2"
"3125","25","2","underfitting_rho1","ECR","standard","standard","co","2"
"3126","26","2","underfitting_rho1","ECR","standard","standard","co","0"
"3127","27","2","underfitting_rho1","ECR","standard","standard","co","2"
"3128","28","2","underfitting_rho1","ECR","standard","standard","co","2"
"3129","29","2","underfitting_rho1","ECR","standard","standard","co","2"
"3130","30","2","underfitting_rho1","ECR","standard","standard","co","2"
"3131","31","2","underfitting_rho1","ECR","standard","standard","co","2"
"3132","32","2","underfitting_rho1","ECR","standard","standard","co","0"
"3133","33","2","underfitting_rho1","ECR","standard","standard","co","2"
"3134","34","2","underfitting_rho1","ECR","standard","standard","co","2"
"3135","35","2","underfitting_rho1","ECR","standard","standard","co","0"
"3136","36","2","underfitting_rho1","ECR","standard","standard","co","2"
"3137","37","2","underfitting_rho1","ECR","standard","standard","co","0"
"3138","38","2","underfitting_rho1","ECR","standard","standard","co","2"
"3139","39","2","underfitting_rho1","ECR","standard","standard","co","0"
"3140","40","2","underfitting_rho1","ECR","standard","standard","co","2"
"3141","41","2","underfitting_rho1","ECR","standard","standard","co","0"
"3142","42","2","underfitting_rho1","ECR","standard","standard","co","2"
"3143","43","2","underfitting_rho1","ECR","standard","standard","co","2"
"3144","44","2","underfitting_rho1","ECR","standard","standard","co","2"
"3145","45","2","underfitting_rho1","ECR","standard","standard","co","2"
"3146","46","2","underfitting_rho1","ECR","standard","standard","co","2"
"3147","47","2","underfitting_rho1","ECR","standard","standard","co","2"
"3148","48","2","underfitting_rho1","ECR","standard","standard","co","2"
"3149","49","2","underfitting_rho1","ECR","standard","standard","co","2"
"3150","50","2","underfitting_rho1","ECR","standard","standard","co","2"
