"","sim","G","sampler","relabalg","ellipsealg","thamesalg","estimate","value"
"1","1","2","truemodel_G2_rho0","ECR","standard","simple","upper","0.455923905258324"
"2","2","2","truemodel_G2_rho0","ECR","standard","simple","upper","0.686515796536284"
"3","3","2","truemodel_G2_rho0","ECR","standard","simple","upper","2.11472525408455"
"4","4","2","truemodel_G2_rho0","ECR","standard","simple","upper","0.565961973699444"
"5","5","2","truemodel_G2_rho0","ECR","standard","simple","upper","0.303769828442704"
"6","6","2","truemodel_G2_rho0","ECR","standard","simple","upper","0.479983684185143"
"7","7","2","truemodel_G2_rho0","ECR","standard","simple","upper","0.232636957729518"
"8","8","2","truemodel_G2_rho0","ECR","standard","simple","upper","0.497221018111318"
"9","9","2","truemodel_G2_rho0","ECR","standard","simple","upper","0.687307323958535"
"10","10","2","truemodel_G2_rho0","ECR","standard","simple","upper","2.09447193015708"
"11","11","2","truemodel_G2_rho0","ECR","standard","simple","upper","0.185150342153229"
"12","12","2","truemodel_G2_rho0","ECR","standard","simple","upper","2.38528051395645"
"13","13","2","truemodel_G2_rho0","ECR","standard","simple","upper","1.22169421761501"
"14","14","2","truemodel_G2_rho0","ECR","standard","simple","upper","0.704143937696166"
"15","15","2","truemodel_G2_rho0","ECR","standard","simple","upper","0.274741314266052"
"16","16","2","truemodel_G2_rho0","ECR","standard","simple","upper","0.222487427329156"
"17","17","2","truemodel_G2_rho0","ECR","standard","simple","upper","0.338240359265995"
"18","18","2","truemodel_G2_rho0","ECR","standard","simple","upper","0.195670689991914"
"19","19","2","truemodel_G2_rho0","ECR","standard","simple","upper","0.509524827611948"
"20","20","2","truemodel_G2_rho0","ECR","standard","simple","upper","0.164681952981901"
"21","21","2","truemodel_G2_rho0","ECR","standard","simple","upper","0.364326101730057"
"22","22","2","truemodel_G2_rho0","ECR","standard","simple","upper","0.345807971422673"
"23","23","2","truemodel_G2_rho0","ECR","standard","simple","upper","0.25742463257226"
"24","24","2","truemodel_G2_rho0","ECR","standard","simple","upper","0.407042623031799"
"25","25","2","truemodel_G2_rho0","ECR","standard","simple","upper","2.2718368564923"
"26","26","2","truemodel_G2_rho0","ECR","standard","simple","upper","0.208860520878666"
"27","27","2","truemodel_G2_rho0","ECR","standard","simple","upper","0.277953869597248"
"28","28","2","truemodel_G2_rho0","ECR","standard","simple","upper","0.28831907617429"
"29","29","2","truemodel_G2_rho0","ECR","standard","simple","upper","0.295747536541263"
"30","30","2","truemodel_G2_rho0","ECR","standard","simple","upper","1.44682831776043"
"31","31","2","truemodel_G2_rho0","ECR","standard","simple","upper","0.271950320315973"
"32","32","2","truemodel_G2_rho0","ECR","standard","simple","upper","0.260984873304658"
"33","33","2","truemodel_G2_rho0","ECR","standard","simple","upper","0.341683043128548"
"34","34","2","truemodel_G2_rho0","ECR","standard","simple","upper","1.89999305845163"
"35","35","2","truemodel_G2_rho0","ECR","standard","simple","upper","0.457809941973458"
"36","36","2","truemodel_G2_rho0","ECR","standard","simple","upper","0.396815068299418"
"37","37","2","truemodel_G2_rho0","ECR","standard","simple","upper","0.520403935312338"
"38","38","2","truemodel_G2_rho0","ECR","standard","simple","upper","1.00798964937829"
"39","39","2","truemodel_G2_rho0","ECR","standard","simple","upper","0.436679854771988"
"40","40","2","truemodel_G2_rho0","ECR","standard","simple","upper","0.783366684831492"
"41","41","2","truemodel_G2_rho0","ECR","standard","simple","upper","0.29937414246178"
"42","42","2","truemodel_G2_rho0","ECR","standard","simple","upper","0.359145236561531"
"43","43","2","truemodel_G2_rho0","ECR","standard","simple","upper","1.30170314789881"
"44","44","2","truemodel_G2_rho0","ECR","standard","simple","upper","0.389062783302535"
"45","45","2","truemodel_G2_rho0","ECR","standard","simple","upper","0.619911614415813"
"46","46","2","truemodel_G2_rho0","ECR","standard","simple","upper","0.337403465570823"
"47","47","2","truemodel_G2_rho0","ECR","standard","simple","upper","0.680747332711249"
"48","48","2","truemodel_G2_rho0","ECR","standard","simple","upper","0.297636639353456"
"49","49","2","truemodel_G2_rho0","ECR","standard","simple","upper","0.330096030202917"
"50","50","2","truemodel_G2_rho0","ECR","standard","simple","upper","0.192101741348409"
"51","1","2","truemodel_G2_rho.5","ECR","standard","simple","upper","0.170452762621686"
"52","2","2","truemodel_G2_rho.5","ECR","standard","simple","upper","0.376241368860839"
"53","3","2","truemodel_G2_rho.5","ECR","standard","simple","upper","2.42437060721455"
"54","4","2","truemodel_G2_rho.5","ECR","standard","simple","upper","0.177578961166681"
"55","5","2","truemodel_G2_rho.5","ECR","standard","simple","upper","0.328250069943834"
"56","6","2","truemodel_G2_rho.5","ECR","standard","simple","upper","0.337452892093708"
"57","7","2","truemodel_G2_rho.5","ECR","standard","simple","upper","0.571583617994811"
"58","8","2","truemodel_G2_rho.5","ECR","standard","simple","upper","0.391521146875391"
"59","9","2","truemodel_G2_rho.5","ECR","standard","simple","upper","0.238399818227045"
"60","10","2","truemodel_G2_rho.5","ECR","standard","simple","upper","0.416195524758479"
"61","11","2","truemodel_G2_rho.5","ECR","standard","simple","upper","0.534022718293294"
"62","12","2","truemodel_G2_rho.5","ECR","standard","simple","upper","2.17130641840358"
"63","13","2","truemodel_G2_rho.5","ECR","standard","simple","upper","0.476222534269496"
"64","14","2","truemodel_G2_rho.5","ECR","standard","simple","upper","0.208072846389847"
"65","15","2","truemodel_G2_rho.5","ECR","standard","simple","upper","2.42840206397866"
"66","16","2","truemodel_G2_rho.5","ECR","standard","simple","upper","0.227365262485925"
"67","17","2","truemodel_G2_rho.5","ECR","standard","simple","upper","0.50955258592078"
"68","18","2","truemodel_G2_rho.5","ECR","standard","simple","upper","0.400578539721472"
"69","19","2","truemodel_G2_rho.5","ECR","standard","simple","upper","0.48883766603744"
"70","20","2","truemodel_G2_rho.5","ECR","standard","simple","upper","0.186693239348557"
"71","21","2","truemodel_G2_rho.5","ECR","standard","simple","upper","1.71001502717864"
"72","22","2","truemodel_G2_rho.5","ECR","standard","simple","upper","0.32711282990963"
"73","23","2","truemodel_G2_rho.5","ECR","standard","simple","upper","0.285918020561336"
"74","24","2","truemodel_G2_rho.5","ECR","standard","simple","upper","0.461934400674807"
"75","25","2","truemodel_G2_rho.5","ECR","standard","simple","upper","2.22161098091279"
"76","26","2","truemodel_G2_rho.5","ECR","standard","simple","upper","0.422262284432747"
"77","27","2","truemodel_G2_rho.5","ECR","standard","simple","upper","0.224073662505894"
"78","28","2","truemodel_G2_rho.5","ECR","standard","simple","upper","0.500861600794344"
"79","29","2","truemodel_G2_rho.5","ECR","standard","simple","upper","2.4413717267328"
"80","30","2","truemodel_G2_rho.5","ECR","standard","simple","upper","2.24146628235217"
"81","31","2","truemodel_G2_rho.5","ECR","standard","simple","upper","0.204394049583431"
"82","32","2","truemodel_G2_rho.5","ECR","standard","simple","upper","0.891699382832904"
"83","33","2","truemodel_G2_rho.5","ECR","standard","simple","upper","0.225852633277505"
"84","34","2","truemodel_G2_rho.5","ECR","standard","simple","upper","0.454723003139421"
"85","35","2","truemodel_G2_rho.5","ECR","standard","simple","upper","0.299055500578369"
"86","36","2","truemodel_G2_rho.5","ECR","standard","simple","upper","0.355711606785739"
"87","37","2","truemodel_G2_rho.5","ECR","standard","simple","upper","0.538450276723289"
"88","38","2","truemodel_G2_rho.5","ECR","standard","simple","upper","0.522183858694355"
"89","39","2","truemodel_G2_rho.5","ECR","standard","simple","upper","0.341695006014852"
"90","40","2","truemodel_G2_rho.5","ECR","standard","simple","upper","0.696577926576772"
"91","41","2","truemodel_G2_rho.5","ECR","standard","simple","upper","0.203065845944735"
"92","42","2","truemodel_G2_rho.5","ECR","standard","simple","upper","0.41126864321771"
"93","43","2","truemodel_G2_rho.5","ECR","standard","simple","upper","0.564473753186206"
"94","44","2","truemodel_G2_rho.5","ECR","standard","simple","upper","0.393000837739542"
"95","45","2","truemodel_G2_rho.5","ECR","standard","simple","upper","0.601729861664779"
"96","46","2","truemodel_G2_rho.5","ECR","standard","simple","upper","0.258525254927015"
"97","47","2","truemodel_G2_rho.5","ECR","standard","simple","upper","2.36561110391613"
"98","48","2","truemodel_G2_rho.5","ECR","standard","simple","upper","0.755813939797306"
"99","49","2","truemodel_G2_rho.5","ECR","standard","simple","upper","0.208560450680338"
"100","50","2","truemodel_G2_rho.5","ECR","standard","simple","upper","0.578078019849094"
"101","1","2","truemodel_G2_rho1","ECR","standard","simple","upper","0.236645949888526"
"102","2","2","truemodel_G2_rho1","ECR","standard","simple","upper","0.43346037155758"
"103","3","2","truemodel_G2_rho1","ECR","standard","simple","upper","0.188112944464592"
"104","4","2","truemodel_G2_rho1","ECR","standard","simple","upper","0.519545779291569"
"105","5","2","truemodel_G2_rho1","ECR","standard","simple","upper","2.27261906732587"
"106","6","2","truemodel_G2_rho1","ECR","standard","simple","upper","0.62011458301647"
"107","7","2","truemodel_G2_rho1","ECR","standard","simple","upper","0.497346976324707"
"108","8","2","truemodel_G2_rho1","ECR","standard","simple","upper","0.330451487785094"
"109","9","2","truemodel_G2_rho1","ECR","standard","simple","upper","0.253334359146969"
"110","10","2","truemodel_G2_rho1","ECR","standard","simple","upper","1.07766152854916"
"111","11","2","truemodel_G2_rho1","ECR","standard","simple","upper","0.371549944838975"
"112","12","2","truemodel_G2_rho1","ECR","standard","simple","upper","2.44690154059739"
"113","13","2","truemodel_G2_rho1","ECR","standard","simple","upper","0.36404599604586"
"114","14","2","truemodel_G2_rho1","ECR","standard","simple","upper","0.706998059213667"
"115","15","2","truemodel_G2_rho1","ECR","standard","simple","upper","0.558434790565698"
"116","16","2","truemodel_G2_rho1","ECR","standard","simple","upper","2.04725985223529"
"117","17","2","truemodel_G2_rho1","ECR","standard","simple","upper","0.200147580507952"
"118","18","2","truemodel_G2_rho1","ECR","standard","simple","upper","0.500596683289068"
"119","19","2","truemodel_G2_rho1","ECR","standard","simple","upper","0.281420564635955"
"120","20","2","truemodel_G2_rho1","ECR","standard","simple","upper","0.540691706590856"
"121","21","2","truemodel_G2_rho1","ECR","standard","simple","upper","1.76316950960951"
"122","22","2","truemodel_G2_rho1","ECR","standard","simple","upper","0.75772598339119"
"123","23","2","truemodel_G2_rho1","ECR","standard","simple","upper","0.372417365377821"
"124","24","2","truemodel_G2_rho1","ECR","standard","simple","upper","0.335445333996692"
"125","25","2","truemodel_G2_rho1","ECR","standard","simple","upper","0.187037693584216"
"126","26","2","truemodel_G2_rho1","ECR","standard","simple","upper","0.64201802509993"
"127","27","2","truemodel_G2_rho1","ECR","standard","simple","upper","0.17191723107733"
"128","28","2","truemodel_G2_rho1","ECR","standard","simple","upper","0.351056417688646"
"129","29","2","truemodel_G2_rho1","ECR","standard","simple","upper","0.242082251653116"
"130","30","2","truemodel_G2_rho1","ECR","standard","simple","upper","0.172761389895776"
"131","31","2","truemodel_G2_rho1","ECR","standard","simple","upper","0.437859278082183"
"132","32","2","truemodel_G2_rho1","ECR","standard","simple","upper","0.288089955463626"
"133","33","2","truemodel_G2_rho1","ECR","standard","simple","upper","0.551256490047912"
"134","34","2","truemodel_G2_rho1","ECR","standard","simple","upper","1.95014561949915"
"135","35","2","truemodel_G2_rho1","ECR","standard","simple","upper","0.417380755144329"
"136","36","2","truemodel_G2_rho1","ECR","standard","simple","upper","0.406096931686584"
"137","37","2","truemodel_G2_rho1","ECR","standard","simple","upper","0.134622130227825"
"138","38","2","truemodel_G2_rho1","ECR","standard","simple","upper","0.702716300842976"
"139","39","2","truemodel_G2_rho1","ECR","standard","simple","upper","0.272922084180518"
"140","40","2","truemodel_G2_rho1","ECR","standard","simple","upper","0.474909326790879"
"141","41","2","truemodel_G2_rho1","ECR","standard","simple","upper","0.203208469370384"
"142","42","2","truemodel_G2_rho1","ECR","standard","simple","upper","0.530975845647923"
"143","43","2","truemodel_G2_rho1","ECR","standard","simple","upper","0.603668463237732"
"144","44","2","truemodel_G2_rho1","ECR","standard","simple","upper","0.222495307408824"
"145","45","2","truemodel_G2_rho1","ECR","standard","simple","upper","0.130253064183535"
"146","46","2","truemodel_G2_rho1","ECR","standard","simple","upper","0.733816923222072"
"147","47","2","truemodel_G2_rho1","ECR","standard","simple","upper","0.70842068094078"
"148","48","2","truemodel_G2_rho1","ECR","standard","simple","upper","0.184264899795373"
"149","49","2","truemodel_G2_rho1","ECR","standard","simple","upper","0.572620210845287"
"150","50","2","truemodel_G2_rho1","ECR","standard","simple","upper","0.349184292304226"
"151","1","2","truemodel_G2_rho0","ECR","standard","bridge","upper","-0.693284391498786"
"152","2","2","truemodel_G2_rho0","ECR","standard","bridge","upper","-0.69437791335266"
"153","3","2","truemodel_G2_rho0","ECR","standard","bridge","upper","-0.693998059694586"
"154","4","2","truemodel_G2_rho0","ECR","standard","bridge","upper","-0.693568654664382"
"155","5","2","truemodel_G2_rho0","ECR","standard","bridge","upper","-0.693624096395972"
"156","6","2","truemodel_G2_rho0","ECR","standard","bridge","upper","-0.693571312229601"
"157","7","2","truemodel_G2_rho0","ECR","standard","bridge","upper","-0.69389174212295"
"158","8","2","truemodel_G2_rho0","ECR","standard","bridge","upper","-0.693586643473466"
"159","9","2","truemodel_G2_rho0","ECR","standard","bridge","upper","-0.693299579493917"
"160","10","2","truemodel_G2_rho0","ECR","standard","bridge","upper","-0.693601387029851"
"161","11","2","truemodel_G2_rho0","ECR","standard","bridge","upper","-0.694816650638394"
"162","12","2","truemodel_G2_rho0","ECR","standard","bridge","upper","-0.693300738821087"
"163","13","2","truemodel_G2_rho0","ECR","standard","bridge","upper","-0.693646076596238"
"164","14","2","truemodel_G2_rho0","ECR","standard","bridge","upper","-0.693398492537014"
"165","15","2","truemodel_G2_rho0","ECR","standard","bridge","upper","-0.693357010991967"
"166","16","2","truemodel_G2_rho0","ECR","standard","bridge","upper","-0.693429005434325"
"167","17","2","truemodel_G2_rho0","ECR","standard","bridge","upper","-0.693571470464562"
"168","18","2","truemodel_G2_rho0","ECR","standard","bridge","upper","-0.695246143700984"
"169","19","2","truemodel_G2_rho0","ECR","standard","bridge","upper","-0.693253834927681"
"170","20","2","truemodel_G2_rho0","ECR","standard","bridge","upper","-0.692931337115255"
"171","21","2","truemodel_G2_rho0","ECR","standard","bridge","upper","-0.693280743690806"
"172","22","2","truemodel_G2_rho0","ECR","standard","bridge","upper","-0.694830002534282"
"173","23","2","truemodel_G2_rho0","ECR","standard","bridge","upper","-0.695404110179609"
"174","24","2","truemodel_G2_rho0","ECR","standard","bridge","upper","-0.694200988628211"
"175","25","2","truemodel_G2_rho0","ECR","standard","bridge","upper","-0.694497082524563"
"176","26","2","truemodel_G2_rho0","ECR","standard","bridge","upper","-0.693505883246431"
"177","27","2","truemodel_G2_rho0","ECR","standard","bridge","upper","-0.693357941608696"
"178","28","2","truemodel_G2_rho0","ECR","standard","bridge","upper","-0.69348187858035"
"179","29","2","truemodel_G2_rho0","ECR","standard","bridge","upper","-0.696338569037948"
"180","30","2","truemodel_G2_rho0","ECR","standard","bridge","upper","-0.694104079934846"
"181","31","2","truemodel_G2_rho0","ECR","standard","bridge","upper","-0.693406403598878"
"182","32","2","truemodel_G2_rho0","ECR","standard","bridge","upper","-0.693542773153816"
"183","33","2","truemodel_G2_rho0","ECR","standard","bridge","upper","-0.693337930248582"
"184","34","2","truemodel_G2_rho0","ECR","standard","bridge","upper","-0.693255087149424"
"185","35","2","truemodel_G2_rho0","ECR","standard","bridge","upper","-0.694188122037318"
"186","36","2","truemodel_G2_rho0","ECR","standard","bridge","upper","-0.693734727084475"
"187","37","2","truemodel_G2_rho0","ECR","standard","bridge","upper","-0.693442265690834"
"188","38","2","truemodel_G2_rho0","ECR","standard","bridge","upper","-0.69340104711435"
"189","39","2","truemodel_G2_rho0","ECR","standard","bridge","upper","-0.693163594302419"
"190","40","2","truemodel_G2_rho0","ECR","standard","bridge","upper","-0.696439240145509"
"191","41","2","truemodel_G2_rho0","ECR","standard","bridge","upper","-0.695034145586554"
"192","42","2","truemodel_G2_rho0","ECR","standard","bridge","upper","-0.694878729390908"
"193","43","2","truemodel_G2_rho0","ECR","standard","bridge","upper","-0.693857889040807"
"194","44","2","truemodel_G2_rho0","ECR","standard","bridge","upper","-0.693533118885384"
"195","45","2","truemodel_G2_rho0","ECR","standard","bridge","upper","-0.693660624967784"
"196","46","2","truemodel_G2_rho0","ECR","standard","bridge","upper","-0.694231138707373"
"197","47","2","truemodel_G2_rho0","ECR","standard","bridge","upper","-0.694649256140593"
"198","48","2","truemodel_G2_rho0","ECR","standard","bridge","upper","-0.693637507636716"
"199","49","2","truemodel_G2_rho0","ECR","standard","bridge","upper","-0.693916412318252"
"200","50","2","truemodel_G2_rho0","ECR","standard","bridge","upper","-0.693555547645289"
"201","1","2","truemodel_G2_rho.5","ECR","standard","bridge","upper","-0.69674038749941"
"202","2","2","truemodel_G2_rho.5","ECR","standard","bridge","upper","-0.694643182318543"
"203","3","2","truemodel_G2_rho.5","ECR","standard","bridge","upper","-0.693979448690655"
"204","4","2","truemodel_G2_rho.5","ECR","standard","bridge","upper","-0.693702357868958"
"205","5","2","truemodel_G2_rho.5","ECR","standard","bridge","upper","-0.694630275291992"
"206","6","2","truemodel_G2_rho.5","ECR","standard","bridge","upper","-0.697778942968064"
"207","7","2","truemodel_G2_rho.5","ECR","standard","bridge","upper","-0.694555497241204"
"208","8","2","truemodel_G2_rho.5","ECR","standard","bridge","upper","-0.693631356215995"
"209","9","2","truemodel_G2_rho.5","ECR","standard","bridge","upper","-0.695848382841447"
"210","10","2","truemodel_G2_rho.5","ECR","standard","bridge","upper","-0.695034033922781"
"211","11","2","truemodel_G2_rho.5","ECR","standard","bridge","upper","-0.693811620147308"
"212","12","2","truemodel_G2_rho.5","ECR","standard","bridge","upper","-0.694011590220441"
"213","13","2","truemodel_G2_rho.5","ECR","standard","bridge","upper","-0.696822481530162"
"214","14","2","truemodel_G2_rho.5","ECR","standard","bridge","upper","-0.699680813726097"
"215","15","2","truemodel_G2_rho.5","ECR","standard","bridge","upper","-0.693676291742001"
"216","16","2","truemodel_G2_rho.5","ECR","standard","bridge","upper","-0.69387308406354"
"217","17","2","truemodel_G2_rho.5","ECR","standard","bridge","upper","-0.69653120696168"
"218","18","2","truemodel_G2_rho.5","ECR","standard","bridge","upper","-0.694536245676652"
"219","19","2","truemodel_G2_rho.5","ECR","standard","bridge","upper","-0.696395989699838"
"220","20","2","truemodel_G2_rho.5","ECR","standard","bridge","upper","-0.694719773627916"
"221","21","2","truemodel_G2_rho.5","ECR","standard","bridge","upper","-0.694568180524023"
"222","22","2","truemodel_G2_rho.5","ECR","standard","bridge","upper","-0.693662724537106"
"223","23","2","truemodel_G2_rho.5","ECR","standard","bridge","upper","-0.672410907673033"
"224","24","2","truemodel_G2_rho.5","ECR","standard","bridge","upper","-0.694420586066634"
"225","25","2","truemodel_G2_rho.5","ECR","standard","bridge","upper","-0.693115042416892"
"226","26","2","truemodel_G2_rho.5","ECR","standard","bridge","upper","-0.693943685348415"
"227","27","2","truemodel_G2_rho.5","ECR","standard","bridge","upper","-0.69362503707724"
"228","28","2","truemodel_G2_rho.5","ECR","standard","bridge","upper","-0.693780919791863"
"229","29","2","truemodel_G2_rho.5","ECR","standard","bridge","upper","-0.692340423807742"
"230","30","2","truemodel_G2_rho.5","ECR","standard","bridge","upper","-0.69533248292602"
"231","31","2","truemodel_G2_rho.5","ECR","standard","bridge","upper","-0.694231989316457"
"232","32","2","truemodel_G2_rho.5","ECR","standard","bridge","upper","-0.690399645689574"
"233","33","2","truemodel_G2_rho.5","ECR","standard","bridge","upper","-0.694071881322841"
"234","34","2","truemodel_G2_rho.5","ECR","standard","bridge","upper","-0.697321873365347"
"235","35","2","truemodel_G2_rho.5","ECR","standard","bridge","upper","-0.693700711889591"
"236","36","2","truemodel_G2_rho.5","ECR","standard","bridge","upper","-0.693749461586926"
"237","37","2","truemodel_G2_rho.5","ECR","standard","bridge","upper","-0.693471271237691"
"238","38","2","truemodel_G2_rho.5","ECR","standard","bridge","upper","-0.69463620209153"
"239","39","2","truemodel_G2_rho.5","ECR","standard","bridge","upper","-0.694047704241875"
"240","40","2","truemodel_G2_rho.5","ECR","standard","bridge","upper","-0.693500366621208"
"241","41","2","truemodel_G2_rho.5","ECR","standard","bridge","upper","-0.698435245146072"
"242","42","2","truemodel_G2_rho.5","ECR","standard","bridge","upper","-0.69359907649509"
"243","43","2","truemodel_G2_rho.5","ECR","standard","bridge","upper","-0.693855031406287"
"244","44","2","truemodel_G2_rho.5","ECR","standard","bridge","upper","-0.693882724335076"
"245","45","2","truemodel_G2_rho.5","ECR","standard","bridge","upper","-0.694289353540633"
"246","46","2","truemodel_G2_rho.5","ECR","standard","bridge","upper","-0.694903960702007"
"247","47","2","truemodel_G2_rho.5","ECR","standard","bridge","upper","-0.694785493143272"
"248","48","2","truemodel_G2_rho.5","ECR","standard","bridge","upper","-0.697985941946783"
"249","49","2","truemodel_G2_rho.5","ECR","standard","bridge","upper","-0.693799376573224"
"250","50","2","truemodel_G2_rho.5","ECR","standard","bridge","upper","-0.693858917085379"
"251","1","2","truemodel_G2_rho1","ECR","standard","bridge","upper","-0.691128090569798"
"252","2","2","truemodel_G2_rho1","ECR","standard","bridge","upper","-0.677755098417279"
"253","3","2","truemodel_G2_rho1","ECR","standard","bridge","upper","-0.674630798475658"
"254","4","2","truemodel_G2_rho1","ECR","standard","bridge","upper","-0.6951988784745"
"255","5","2","truemodel_G2_rho1","ECR","standard","bridge","upper","-0.393906982015775"
"256","6","2","truemodel_G2_rho1","ECR","standard","bridge","upper","-0.66592644266083"
"257","7","2","truemodel_G2_rho1","ECR","standard","bridge","upper","-0.697917430729433"
"258","8","2","truemodel_G2_rho1","ECR","standard","bridge","upper","-0.693045761355972"
"259","9","2","truemodel_G2_rho1","ECR","standard","bridge","upper","-0.694755873068431"
"260","10","2","truemodel_G2_rho1","ECR","standard","bridge","upper","-0.676768229693465"
"261","11","2","truemodel_G2_rho1","ECR","standard","bridge","upper","-0.624010054296903"
"262","12","2","truemodel_G2_rho1","ECR","standard","bridge","upper","-0.617169067286824"
"263","13","2","truemodel_G2_rho1","ECR","standard","bridge","upper","-0.379885735228971"
"264","14","2","truemodel_G2_rho1","ECR","standard","bridge","upper","-0.675415427584269"
"265","15","2","truemodel_G2_rho1","ECR","standard","bridge","upper","-0.690126891805907"
"266","16","2","truemodel_G2_rho1","ECR","standard","bridge","upper","-0.694457410973612"
"267","17","2","truemodel_G2_rho1","ECR","standard","bridge","upper","-0.695001880391111"
"268","18","2","truemodel_G2_rho1","ECR","standard","bridge","upper","-0.687028397015666"
"269","19","2","truemodel_G2_rho1","ECR","standard","bridge","upper","-0.679552990117365"
"270","20","2","truemodel_G2_rho1","ECR","standard","bridge","upper","-0.694265125720722"
"271","21","2","truemodel_G2_rho1","ECR","standard","bridge","upper","-0.693779509111067"
"272","22","2","truemodel_G2_rho1","ECR","standard","bridge","upper","-0.622781112883594"
"273","23","2","truemodel_G2_rho1","ECR","standard","bridge","upper","-0.371760317336314"
"274","24","2","truemodel_G2_rho1","ECR","standard","bridge","upper","-0.526780865364078"
"275","25","2","truemodel_G2_rho1","ECR","standard","bridge","upper","-0.444161974414826"
"276","26","2","truemodel_G2_rho1","ECR","standard","bridge","upper","-0.656488158448234"
"277","27","2","truemodel_G2_rho1","ECR","standard","bridge","upper","-0.690427874252258"
"278","28","2","truemodel_G2_rho1","ECR","standard","bridge","upper","-0.628247780940754"
"279","29","2","truemodel_G2_rho1","ECR","standard","bridge","upper","-0.695969789635711"
"280","30","2","truemodel_G2_rho1","ECR","standard","bridge","upper","-0.66972981189086"
"281","31","2","truemodel_G2_rho1","ECR","standard","bridge","upper","-0.588674113225924"
"282","32","2","truemodel_G2_rho1","ECR","standard","bridge","upper","-0.385969589336341"
"283","33","2","truemodel_G2_rho1","ECR","standard","bridge","upper","-0.695233282103828"
"284","34","2","truemodel_G2_rho1","ECR","standard","bridge","upper","-0.683150010234989"
"285","35","2","truemodel_G2_rho1","ECR","standard","bridge","upper","-0.603459256005387"
"286","36","2","truemodel_G2_rho1","ECR","standard","bridge","upper","-0.687225725527725"
"287","37","2","truemodel_G2_rho1","ECR","standard","bridge","upper","-0.696687717983984"
"288","38","2","truemodel_G2_rho1","ECR","standard","bridge","upper","-0.691635360810981"
"289","39","2","truemodel_G2_rho1","ECR","standard","bridge","upper","-0.692588390034459"
"290","40","2","truemodel_G2_rho1","ECR","standard","bridge","upper","-0.692128365702636"
"291","41","2","truemodel_G2_rho1","ECR","standard","bridge","upper","-0.691940152569678"
"292","42","2","truemodel_G2_rho1","ECR","standard","bridge","upper","-0.615271191434331"
"293","43","2","truemodel_G2_rho1","ECR","standard","bridge","upper","-0.646294028354788"
"294","44","2","truemodel_G2_rho1","ECR","standard","bridge","upper","-0.683789992240165"
"295","45","2","truemodel_G2_rho1","ECR","standard","bridge","upper","-0.690504937639311"
"296","46","2","truemodel_G2_rho1","ECR","standard","bridge","upper","-0.693523087364994"
"297","47","2","truemodel_G2_rho1","ECR","standard","bridge","upper","-0.585457978070199"
"298","48","2","truemodel_G2_rho1","ECR","standard","bridge","upper","-0.691203216413875"
"299","49","2","truemodel_G2_rho1","ECR","standard","bridge","upper","-0.693912306852461"
"300","50","2","truemodel_G2_rho1","ECR","standard","bridge","upper","-0.658204218488716"
"301","1","2","truemodel_G2_rho0","ECR","standard","standard","upper","-0.237223275301623"
"302","2","2","truemodel_G2_rho0","ECR","standard","standard","upper","-0.00663138402366314"
"303","3","2","truemodel_G2_rho0","ECR","standard","standard","upper","1.4215780735246"
"304","4","2","truemodel_G2_rho0","ECR","standard","standard","upper","-0.127185206860503"
"305","5","2","truemodel_G2_rho0","ECR","standard","standard","upper","-0.389377352117243"
"306","6","2","truemodel_G2_rho0","ECR","standard","standard","upper","-0.213163496374804"
"307","7","2","truemodel_G2_rho0","ECR","standard","standard","upper","-0.460510222830429"
"308","8","2","truemodel_G2_rho0","ECR","standard","standard","upper","-0.195926162448629"
"309","9","2","truemodel_G2_rho0","ECR","standard","standard","upper","-0.00583985660141195"
"310","10","2","truemodel_G2_rho0","ECR","standard","standard","upper","1.40132474959713"
"311","11","2","truemodel_G2_rho0","ECR","standard","standard","upper","-0.507996838406719"
"312","12","2","truemodel_G2_rho0","ECR","standard","standard","upper","1.6921333333965"
"313","13","2","truemodel_G2_rho0","ECR","standard","standard","upper","0.528547037055063"
"314","14","2","truemodel_G2_rho0","ECR","standard","standard","upper","0.0109967571362191"
"315","15","2","truemodel_G2_rho0","ECR","standard","standard","upper","-0.418405866293895"
"316","16","2","truemodel_G2_rho0","ECR","standard","standard","upper","-0.470659753230791"
"317","17","2","truemodel_G2_rho0","ECR","standard","standard","upper","-0.354906821293952"
"318","18","2","truemodel_G2_rho0","ECR","standard","standard","upper","-0.497476490568033"
"319","19","2","truemodel_G2_rho0","ECR","standard","standard","upper","-0.183622352947999"
"320","20","2","truemodel_G2_rho0","ECR","standard","standard","upper","-0.528465227578046"
"321","21","2","truemodel_G2_rho0","ECR","standard","standard","upper","-0.32882107882989"
"322","22","2","truemodel_G2_rho0","ECR","standard","standard","upper","-0.347339209137274"
"323","23","2","truemodel_G2_rho0","ECR","standard","standard","upper","-0.435722547987687"
"324","24","2","truemodel_G2_rho0","ECR","standard","standard","upper","-0.286104557528148"
"325","25","2","truemodel_G2_rho0","ECR","standard","standard","upper","1.57868967593235"
"326","26","2","truemodel_G2_rho0","ECR","standard","standard","upper","-0.484286659681281"
"327","27","2","truemodel_G2_rho0","ECR","standard","standard","upper","-0.4151933109627"
"328","28","2","truemodel_G2_rho0","ECR","standard","standard","upper","-0.404828104385658"
"329","29","2","truemodel_G2_rho0","ECR","standard","standard","upper","-0.397399644018684"
"330","30","2","truemodel_G2_rho0","ECR","standard","standard","upper","0.753681137200481"
"331","31","2","truemodel_G2_rho0","ECR","standard","standard","upper","-0.421196860243974"
"332","32","2","truemodel_G2_rho0","ECR","standard","standard","upper","-0.43216230725529"
"333","33","2","truemodel_G2_rho0","ECR","standard","standard","upper","-0.3514641374314"
"334","34","2","truemodel_G2_rho0","ECR","standard","standard","upper","1.20684587789169"
"335","35","2","truemodel_G2_rho0","ECR","standard","standard","upper","-0.235337238586489"
"336","36","2","truemodel_G2_rho0","ECR","standard","standard","upper","-0.296332112260529"
"337","37","2","truemodel_G2_rho0","ECR","standard","standard","upper","-0.172743245247609"
"338","38","2","truemodel_G2_rho0","ECR","standard","standard","upper","0.314842468818341"
"339","39","2","truemodel_G2_rho0","ECR","standard","standard","upper","-0.256467325787959"
"340","40","2","truemodel_G2_rho0","ECR","standard","standard","upper","0.0902195042715448"
"341","41","2","truemodel_G2_rho0","ECR","standard","standard","upper","-0.393773038098168"
"342","42","2","truemodel_G2_rho0","ECR","standard","standard","upper","-0.334001943998416"
"343","43","2","truemodel_G2_rho0","ECR","standard","standard","upper","0.608555967338859"
"344","44","2","truemodel_G2_rho0","ECR","standard","standard","upper","-0.304084397257412"
"345","45","2","truemodel_G2_rho0","ECR","standard","standard","upper","-0.0732355661441346"
"346","46","2","truemodel_G2_rho0","ECR","standard","standard","upper","-0.355743714989124"
"347","47","2","truemodel_G2_rho0","ECR","standard","standard","upper","-0.0123998478486982"
"348","48","2","truemodel_G2_rho0","ECR","standard","standard","upper","-0.395510541206491"
"349","49","2","truemodel_G2_rho0","ECR","standard","standard","upper","-0.36305115035703"
"350","50","2","truemodel_G2_rho0","ECR","standard","standard","upper","-0.501045439211538"
"351","1","2","truemodel_G2_rho.5","ECR","standard","standard","upper","-0.522694417938261"
"352","2","2","truemodel_G2_rho.5","ECR","standard","standard","upper","-0.316905811699108"
"353","3","2","truemodel_G2_rho.5","ECR","standard","standard","upper","1.7312234266546"
"354","4","2","truemodel_G2_rho.5","ECR","standard","standard","upper","-0.515568219393266"
"355","5","2","truemodel_G2_rho.5","ECR","standard","standard","upper","-0.364897110616113"
"356","6","2","truemodel_G2_rho.5","ECR","standard","standard","upper","-0.355694288466239"
"357","7","2","truemodel_G2_rho.5","ECR","standard","standard","upper","-0.121563562565136"
"358","8","2","truemodel_G2_rho.5","ECR","standard","standard","upper","-0.301626033684556"
"359","9","2","truemodel_G2_rho.5","ECR","standard","standard","upper","-0.454747362332903"
"360","10","2","truemodel_G2_rho.5","ECR","standard","standard","upper","-0.276951655801469"
"361","11","2","truemodel_G2_rho.5","ECR","standard","standard","upper","-0.159124462266647"
"362","12","2","truemodel_G2_rho.5","ECR","standard","standard","upper","1.47815923784363"
"363","13","2","truemodel_G2_rho.5","ECR","standard","standard","upper","-0.216924646290451"
"364","14","2","truemodel_G2_rho.5","ECR","standard","standard","upper","-0.4850743341701"
"365","15","2","truemodel_G2_rho.5","ECR","standard","standard","upper","1.73525488341871"
"366","16","2","truemodel_G2_rho.5","ECR","standard","standard","upper","-0.465781918074022"
"367","17","2","truemodel_G2_rho.5","ECR","standard","standard","upper","-0.183594594639167"
"368","18","2","truemodel_G2_rho.5","ECR","standard","standard","upper","-0.292568640838475"
"369","19","2","truemodel_G2_rho.5","ECR","standard","standard","upper","-0.204309514522507"
"370","20","2","truemodel_G2_rho.5","ECR","standard","standard","upper","-0.50645394121139"
"371","21","2","truemodel_G2_rho.5","ECR","standard","standard","upper","1.01686784661869"
"372","22","2","truemodel_G2_rho.5","ECR","standard","standard","upper","-0.366034350650317"
"373","23","2","truemodel_G2_rho.5","ECR","standard","standard","upper","-0.402602990867074"
"374","24","2","truemodel_G2_rho.5","ECR","standard","standard","upper","-0.231212779885141"
"375","25","2","truemodel_G2_rho.5","ECR","standard","standard","upper","1.52846380035285"
"376","26","2","truemodel_G2_rho.5","ECR","standard","standard","upper","-0.2708848961272"
"377","27","2","truemodel_G2_rho.5","ECR","standard","standard","upper","-0.469073518054053"
"378","28","2","truemodel_G2_rho.5","ECR","standard","standard","upper","-0.192285579765603"
"379","29","2","truemodel_G2_rho.5","ECR","standard","standard","upper","1.74822454617285"
"380","30","2","truemodel_G2_rho.5","ECR","standard","standard","upper","1.54831910179222"
"381","31","2","truemodel_G2_rho.5","ECR","standard","standard","upper","-0.488753130976512"
"382","32","2","truemodel_G2_rho.5","ECR","standard","standard","upper","0.20190133181724"
"383","33","2","truemodel_G2_rho.5","ECR","standard","standard","upper","-0.467294547282442"
"384","34","2","truemodel_G2_rho.5","ECR","standard","standard","upper","-0.238424177420526"
"385","35","2","truemodel_G2_rho.5","ECR","standard","standard","upper","-0.394091679981578"
"386","36","2","truemodel_G2_rho.5","ECR","standard","standard","upper","-0.337435573774208"
"387","37","2","truemodel_G2_rho.5","ECR","standard","standard","upper","-0.154696903836658"
"388","38","2","truemodel_G2_rho.5","ECR","standard","standard","upper","-0.170963321865592"
"389","39","2","truemodel_G2_rho.5","ECR","standard","standard","upper","-0.351452174545095"
"390","40","2","truemodel_G2_rho.5","ECR","standard","standard","upper","0.00343074601682503"
"391","41","2","truemodel_G2_rho.5","ECR","standard","standard","upper","-0.490081334615212"
"392","42","2","truemodel_G2_rho.5","ECR","standard","standard","upper","-0.281878537342237"
"393","43","2","truemodel_G2_rho.5","ECR","standard","standard","upper","-0.128673427373741"
"394","44","2","truemodel_G2_rho.5","ECR","standard","standard","upper","-0.300146342820405"
"395","45","2","truemodel_G2_rho.5","ECR","standard","standard","upper","-0.0914173188951679"
"396","46","2","truemodel_G2_rho.5","ECR","standard","standard","upper","-0.434621925632932"
"397","47","2","truemodel_G2_rho.5","ECR","standard","standard","upper","1.67246392335619"
"398","48","2","truemodel_G2_rho.5","ECR","standard","standard","upper","0.0626667592373593"
"399","49","2","truemodel_G2_rho.5","ECR","standard","standard","upper","-0.484586729879609"
"400","50","2","truemodel_G2_rho.5","ECR","standard","standard","upper","-0.115069160710853"
"401","1","2","truemodel_G2_rho1","ECR","standard","standard","upper","-0.456018698386153"
"402","2","2","truemodel_G2_rho1","ECR","standard","standard","upper","-0.257886541278737"
"403","3","2","truemodel_G2_rho1","ECR","standard","standard","upper","-0.505034236095348"
"404","4","2","truemodel_G2_rho1","ECR","standard","standard","upper","-0.173601401268371"
"405","5","2","truemodel_G2_rho1","ECR","standard","standard","upper","1.88614028426256"
"406","6","2","truemodel_G2_rho1","ECR","standard","standard","upper","-0.0723850116204154"
"407","7","2","truemodel_G2_rho1","ECR","standard","standard","upper","-0.19580020423524"
"408","8","2","truemodel_G2_rho1","ECR","standard","standard","upper","-0.36269569277485"
"409","9","2","truemodel_G2_rho1","ECR","standard","standard","upper","-0.439812821412978"
"410","10","2","truemodel_G2_rho1","ECR","standard","standard","upper","0.384514347989214"
"411","11","2","truemodel_G2_rho1","ECR","standard","standard","upper","-0.311521048554539"
"412","12","2","truemodel_G2_rho1","ECR","standard","standard","upper","1.80999068878114"
"413","13","2","truemodel_G2_rho1","ECR","standard","standard","upper","0.203913446540476"
"414","14","2","truemodel_G2_rho1","ECR","standard","standard","upper","0.0138508786537201"
"415","15","2","truemodel_G2_rho1","ECR","standard","standard","upper","-0.132223837440794"
"416","16","2","truemodel_G2_rho1","ECR","standard","standard","upper","1.35411267167535"
"417","17","2","truemodel_G2_rho1","ECR","standard","standard","upper","-0.492999600051995"
"418","18","2","truemodel_G2_rho1","ECR","standard","standard","upper","-0.192550497270879"
"419","19","2","truemodel_G2_rho1","ECR","standard","standard","upper","-0.411726615923989"
"420","20","2","truemodel_G2_rho1","ECR","standard","standard","upper","-0.152455473969084"
"421","21","2","truemodel_G2_rho1","ECR","standard","standard","upper","1.07002232904957"
"422","22","2","truemodel_G2_rho1","ECR","standard","standard","upper","0.105970750599511"
"423","23","2","truemodel_G2_rho1","ECR","standard","standard","upper","0.0675769677721476"
"424","24","2","truemodel_G2_rho1","ECR","standard","standard","upper","-0.179733197012069"
"425","25","2","truemodel_G2_rho1","ECR","standard","standard","upper","-0.188778829744713"
"426","26","2","truemodel_G2_rho1","ECR","standard","standard","upper","-0.0354139012701893"
"427","27","2","truemodel_G2_rho1","ECR","standard","standard","upper","-0.520512686421426"
"428","28","2","truemodel_G2_rho1","ECR","standard","standard","upper","-0.314470630687495"
"429","29","2","truemodel_G2_rho1","ECR","standard","standard","upper","-0.451064928906831"
"430","30","2","truemodel_G2_rho1","ECR","standard","standard","upper","-0.520385790664168"
"431","31","2","truemodel_G2_rho1","ECR","standard","standard","upper","-0.189435686990134"
"432","32","2","truemodel_G2_rho1","ECR","standard","standard","upper","0.00154074076374755"
"433","33","2","truemodel_G2_rho1","ECR","standard","standard","upper","-0.141890690512035"
"434","34","2","truemodel_G2_rho1","ECR","standard","standard","upper","1.25699843893921"
"435","35","2","truemodel_G2_rho1","ECR","standard","standard","upper","-0.264832068392536"
"436","36","2","truemodel_G2_rho1","ECR","standard","standard","upper","-0.28705024887336"
"437","37","2","truemodel_G2_rho1","ECR","standard","standard","upper","-0.558525050332122"
"438","38","2","truemodel_G2_rho1","ECR","standard","standard","upper","0.00956912028303236"
"439","39","2","truemodel_G2_rho1","ECR","standard","standard","upper","-0.420225096379426"
"440","40","2","truemodel_G2_rho1","ECR","standard","standard","upper","-0.218237853769065"
"441","41","2","truemodel_G2_rho1","ECR","standard","standard","upper","-0.489938711189559"
"442","42","2","truemodel_G2_rho1","ECR","standard","standard","upper","-0.145993611255939"
"443","43","2","truemodel_G2_rho1","ECR","standard","standard","upper","-0.0596631759337711"
"444","44","2","truemodel_G2_rho1","ECR","standard","standard","upper","-0.47065187315112"
"445","45","2","truemodel_G2_rho1","ECR","standard","standard","upper","-0.562894116376405"
"446","46","2","truemodel_G2_rho1","ECR","standard","standard","upper","0.040669742662125"
"447","47","2","truemodel_G2_rho1","ECR","standard","standard","upper","0.0434008098137397"
"448","48","2","truemodel_G2_rho1","ECR","standard","standard","upper","-0.508882280764574"
"449","49","2","truemodel_G2_rho1","ECR","standard","standard","upper","-0.12052696971466"
"450","50","2","truemodel_G2_rho1","ECR","standard","standard","upper","-0.339814115180435"
"451","1","2","truemodel_G2_rho0","ECR","standard","simple","estim","-0.00574455299079801"
"452","2","2","truemodel_G2_rho0","ECR","standard","simple","estim","0.0169653134010943"
"453","3","2","truemodel_G2_rho0","ECR","standard","simple","estim","0.00285020130738189"
"454","4","2","truemodel_G2_rho0","ECR","standard","simple","estim","-0.0605209530249624"
"455","5","2","truemodel_G2_rho0","ECR","standard","simple","estim","0.0267461623963712"
"456","6","2","truemodel_G2_rho0","ECR","standard","simple","estim","-0.0263346787157204"
"457","7","2","truemodel_G2_rho0","ECR","standard","simple","estim","-0.00151144659972857"
"458","8","2","truemodel_G2_rho0","ECR","standard","simple","estim","0.0277671985935086"
"459","9","2","truemodel_G2_rho0","ECR","standard","simple","estim","0.0330088205189227"
"460","10","2","truemodel_G2_rho0","ECR","standard","simple","estim","0.0014011558096243"
"461","11","2","truemodel_G2_rho0","ECR","standard","simple","estim","0.0461384708142063"
"462","12","2","truemodel_G2_rho0","ECR","standard","simple","estim","0.0448436446622082"
"463","13","2","truemodel_G2_rho0","ECR","standard","simple","estim","-0.0109076525282461"
"464","14","2","truemodel_G2_rho0","ECR","standard","simple","estim","-0.0224727619706755"
"465","15","2","truemodel_G2_rho0","ECR","standard","simple","estim","-0.00192092513253783"
"466","16","2","truemodel_G2_rho0","ECR","standard","simple","estim","0.0296126766366598"
"467","17","2","truemodel_G2_rho0","ECR","standard","simple","estim","0.0592080163163615"
"468","18","2","truemodel_G2_rho0","ECR","standard","simple","estim","-0.0441283821614391"
"469","19","2","truemodel_G2_rho0","ECR","standard","simple","estim","-0.0150560644505688"
"470","20","2","truemodel_G2_rho0","ECR","standard","simple","estim","-0.00636130580106453"
"471","21","2","truemodel_G2_rho0","ECR","standard","simple","estim","-0.0149749909345189"
"472","22","2","truemodel_G2_rho0","ECR","standard","simple","estim","-0.0676710954632398"
"473","23","2","truemodel_G2_rho0","ECR","standard","simple","estim","-0.0278997930762657"
"474","24","2","truemodel_G2_rho0","ECR","standard","simple","estim","0.0444806021404105"
"475","25","2","truemodel_G2_rho0","ECR","standard","simple","estim","-0.047938558188676"
"476","26","2","truemodel_G2_rho0","ECR","standard","simple","estim","0.0292114047538874"
"477","27","2","truemodel_G2_rho0","ECR","standard","simple","estim","0.00284393602692035"
"478","28","2","truemodel_G2_rho0","ECR","standard","simple","estim","-0.00847834251692348"
"479","29","2","truemodel_G2_rho0","ECR","standard","simple","estim","-0.00487143214120778"
"480","30","2","truemodel_G2_rho0","ECR","standard","simple","estim","0.0326368550345819"
"481","31","2","truemodel_G2_rho0","ECR","standard","simple","estim","-0.00728494952762304"
"482","32","2","truemodel_G2_rho0","ECR","standard","simple","estim","-0.0337226099416768"
"483","33","2","truemodel_G2_rho0","ECR","standard","simple","estim","-0.0259637209092389"
"484","34","2","truemodel_G2_rho0","ECR","standard","simple","estim","0.000388456499919698"
"485","35","2","truemodel_G2_rho0","ECR","standard","simple","estim","-0.0468319250102525"
"486","36","2","truemodel_G2_rho0","ECR","standard","simple","estim","0.0453020360801446"
"487","37","2","truemodel_G2_rho0","ECR","standard","simple","estim","-0.0366141881829023"
"488","38","2","truemodel_G2_rho0","ECR","standard","simple","estim","0.0126053636497616"
"489","39","2","truemodel_G2_rho0","ECR","standard","simple","estim","0.0250221320983215"
"490","40","2","truemodel_G2_rho0","ECR","standard","simple","estim","0.0260599877536905"
"491","41","2","truemodel_G2_rho0","ECR","standard","simple","estim","0.0209941003808893"
"492","42","2","truemodel_G2_rho0","ECR","standard","simple","estim","-0.0438330027832876"
"493","43","2","truemodel_G2_rho0","ECR","standard","simple","estim","0.0304384719834303"
"494","44","2","truemodel_G2_rho0","ECR","standard","simple","estim","0.0190239795311697"
"495","45","2","truemodel_G2_rho0","ECR","standard","simple","estim","-0.0126884857833218"
"496","46","2","truemodel_G2_rho0","ECR","standard","simple","estim","0.0947142425972842"
"497","47","2","truemodel_G2_rho0","ECR","standard","simple","estim","0.0416375675129359"
"498","48","2","truemodel_G2_rho0","ECR","standard","simple","estim","0.0383430051982856"
"499","49","2","truemodel_G2_rho0","ECR","standard","simple","estim","0.054116166345537"
"500","50","2","truemodel_G2_rho0","ECR","standard","simple","estim","-0.0139043570790491"
"501","1","2","truemodel_G2_rho.5","ECR","standard","simple","estim","-0.026670593110083"
"502","2","2","truemodel_G2_rho.5","ECR","standard","simple","estim","0.00431232468471876"
"503","3","2","truemodel_G2_rho.5","ECR","standard","simple","estim","0.010300653239689"
"504","4","2","truemodel_G2_rho.5","ECR","standard","simple","estim","-0.0405271639634179"
"505","5","2","truemodel_G2_rho.5","ECR","standard","simple","estim","0.0173848505955263"
"506","6","2","truemodel_G2_rho.5","ECR","standard","simple","estim","-0.0552414932633951"
"507","7","2","truemodel_G2_rho.5","ECR","standard","simple","estim","0.0132975522514229"
"508","8","2","truemodel_G2_rho.5","ECR","standard","simple","estim","0.0191011433651269"
"509","9","2","truemodel_G2_rho.5","ECR","standard","simple","estim","-0.0130545186140267"
"510","10","2","truemodel_G2_rho.5","ECR","standard","simple","estim","-0.0263844940392275"
"511","11","2","truemodel_G2_rho.5","ECR","standard","simple","estim","0.0538833772226965"
"512","12","2","truemodel_G2_rho.5","ECR","standard","simple","estim","0.0547335744285675"
"513","13","2","truemodel_G2_rho.5","ECR","standard","simple","estim","-0.0181598312697631"
"514","14","2","truemodel_G2_rho.5","ECR","standard","simple","estim","-0.00712503386538543"
"515","15","2","truemodel_G2_rho.5","ECR","standard","simple","estim","-0.00927602908345193"
"516","16","2","truemodel_G2_rho.5","ECR","standard","simple","estim","0.0244092263663163"
"517","17","2","truemodel_G2_rho.5","ECR","standard","simple","estim","0.0313408263894601"
"518","18","2","truemodel_G2_rho.5","ECR","standard","simple","estim","0.0177180261790681"
"519","19","2","truemodel_G2_rho.5","ECR","standard","simple","estim","-0.0167269996838044"
"520","20","2","truemodel_G2_rho.5","ECR","standard","simple","estim","0.017406627749665"
"521","21","2","truemodel_G2_rho.5","ECR","standard","simple","estim","-0.00904567532335676"
"522","22","2","truemodel_G2_rho.5","ECR","standard","simple","estim","-0.0212992351942063"
"523","23","2","truemodel_G2_rho.5","ECR","standard","simple","estim","-0.0358689982416251"
"524","24","2","truemodel_G2_rho.5","ECR","standard","simple","estim","0.0234474491348067"
"525","25","2","truemodel_G2_rho.5","ECR","standard","simple","estim","-0.0418784360318298"
"526","26","2","truemodel_G2_rho.5","ECR","standard","simple","estim","0.00473042716301109"
"527","27","2","truemodel_G2_rho.5","ECR","standard","simple","estim","0.00970688155410926"
"528","28","2","truemodel_G2_rho.5","ECR","standard","simple","estim","-0.0204364056366728"
"529","29","2","truemodel_G2_rho.5","ECR","standard","simple","estim","-0.004227700620973"
"530","30","2","truemodel_G2_rho.5","ECR","standard","simple","estim","-0.00163552348127638"
"531","31","2","truemodel_G2_rho.5","ECR","standard","simple","estim","-0.0251738638927534"
"532","32","2","truemodel_G2_rho.5","ECR","standard","simple","estim","-0.0556053688728753"
"533","33","2","truemodel_G2_rho.5","ECR","standard","simple","estim","-0.0185069183384527"
"534","34","2","truemodel_G2_rho.5","ECR","standard","simple","estim","-0.0471789031720533"
"535","35","2","truemodel_G2_rho.5","ECR","standard","simple","estim","-0.0372690000461304"
"536","36","2","truemodel_G2_rho.5","ECR","standard","simple","estim","0.0497836113717653"
"537","37","2","truemodel_G2_rho.5","ECR","standard","simple","estim","-0.0374919895707251"
"538","38","2","truemodel_G2_rho.5","ECR","standard","simple","estim","0.0104772582794439"
"539","39","2","truemodel_G2_rho.5","ECR","standard","simple","estim","0.047177277628677"
"540","40","2","truemodel_G2_rho.5","ECR","standard","simple","estim","0.0371487423627386"
"541","41","2","truemodel_G2_rho.5","ECR","standard","simple","estim","0.015897054163581"
"542","42","2","truemodel_G2_rho.5","ECR","standard","simple","estim","-0.00330603866825641"
"543","43","2","truemodel_G2_rho.5","ECR","standard","simple","estim","0.0306909734434129"
"544","44","2","truemodel_G2_rho.5","ECR","standard","simple","estim","0.0260693762169879"
"545","45","2","truemodel_G2_rho.5","ECR","standard","simple","estim","-0.00383029658301126"
"546","46","2","truemodel_G2_rho.5","ECR","standard","simple","estim","0.0510649710666087"
"547","47","2","truemodel_G2_rho.5","ECR","standard","simple","estim","0.0269724684583821"
"548","48","2","truemodel_G2_rho.5","ECR","standard","simple","estim","0.0145900329782478"
"549","49","2","truemodel_G2_rho.5","ECR","standard","simple","estim","0.0495945387115242"
"550","50","2","truemodel_G2_rho.5","ECR","standard","simple","estim","-0.0326350655203314"
"551","1","2","truemodel_G2_rho1","ECR","standard","simple","estim","-0.0156233696211956"
"552","2","2","truemodel_G2_rho1","ECR","standard","simple","estim","-0.0266599787324608"
"553","3","2","truemodel_G2_rho1","ECR","standard","simple","estim","-0.0164568285410844"
"554","4","2","truemodel_G2_rho1","ECR","standard","simple","estim","0.013002829013196"
"555","5","2","truemodel_G2_rho1","ECR","standard","simple","estim","-0.0239995454354833"
"556","6","2","truemodel_G2_rho1","ECR","standard","simple","estim","-0.00951014324477839"
"557","7","2","truemodel_G2_rho1","ECR","standard","simple","estim","0.0391335635293188"
"558","8","2","truemodel_G2_rho1","ECR","standard","simple","estim","0.031412332059169"
"559","9","2","truemodel_G2_rho1","ECR","standard","simple","estim","0.0101978449162416"
"560","10","2","truemodel_G2_rho1","ECR","standard","simple","estim","0.0294313483064101"
"561","11","2","truemodel_G2_rho1","ECR","standard","simple","estim","0.00905540255809001"
"562","12","2","truemodel_G2_rho1","ECR","standard","simple","estim","0.0414978421483774"
"563","13","2","truemodel_G2_rho1","ECR","standard","simple","estim","0.0484444828725827"
"564","14","2","truemodel_G2_rho1","ECR","standard","simple","estim","0.0241290413368276"
"565","15","2","truemodel_G2_rho1","ECR","standard","simple","estim","-0.0138614800918653"
"566","16","2","truemodel_G2_rho1","ECR","standard","simple","estim","-0.0196955991363694"
"567","17","2","truemodel_G2_rho1","ECR","standard","simple","estim","-0.00105834337555422"
"568","18","2","truemodel_G2_rho1","ECR","standard","simple","estim","-0.00773473084490206"
"569","19","2","truemodel_G2_rho1","ECR","standard","simple","estim","0.0376627635898039"
"570","20","2","truemodel_G2_rho1","ECR","standard","simple","estim","-0.0260951548963178"
"571","21","2","truemodel_G2_rho1","ECR","standard","simple","estim","-0.0322567814545174"
"572","22","2","truemodel_G2_rho1","ECR","standard","simple","estim","0.000993934313964218"
"573","23","2","truemodel_G2_rho1","ECR","standard","simple","estim","0.00269190235623995"
"574","24","2","truemodel_G2_rho1","ECR","standard","simple","estim","0.0140844697254536"
"575","25","2","truemodel_G2_rho1","ECR","standard","simple","estim","0.0146099848993018"
"576","26","2","truemodel_G2_rho1","ECR","standard","simple","estim","0.0368084138887284"
"577","27","2","truemodel_G2_rho1","ECR","standard","simple","estim","0.0485099872356614"
"578","28","2","truemodel_G2_rho1","ECR","standard","simple","estim","-0.00755002125051618"
"579","29","2","truemodel_G2_rho1","ECR","standard","simple","estim","-0.0294782986126094"
"580","30","2","truemodel_G2_rho1","ECR","standard","simple","estim","-0.0460248152359242"
"581","31","2","truemodel_G2_rho1","ECR","standard","simple","estim","0.0214665296036465"
"582","32","2","truemodel_G2_rho1","ECR","standard","simple","estim","-0.00463746432371792"
"583","33","2","truemodel_G2_rho1","ECR","standard","simple","estim","0.0337065105231673"
"584","34","2","truemodel_G2_rho1","ECR","standard","simple","estim","0.00965113606447332"
"585","35","2","truemodel_G2_rho1","ECR","standard","simple","estim","-0.0573533999968916"
"586","36","2","truemodel_G2_rho1","ECR","standard","simple","estim","0.00381395812732777"
"587","37","2","truemodel_G2_rho1","ECR","standard","simple","estim","-0.0459766869802607"
"588","38","2","truemodel_G2_rho1","ECR","standard","simple","estim","-0.00537772096656042"
"589","39","2","truemodel_G2_rho1","ECR","standard","simple","estim","0.0451014614201455"
"590","40","2","truemodel_G2_rho1","ECR","standard","simple","estim","0.0141316472066855"
"591","41","2","truemodel_G2_rho1","ECR","standard","simple","estim","0.0416933278959775"
"592","42","2","truemodel_G2_rho1","ECR","standard","simple","estim","-0.0186992344306276"
"593","43","2","truemodel_G2_rho1","ECR","standard","simple","estim","0.0686810612677817"
"594","44","2","truemodel_G2_rho1","ECR","standard","simple","estim","0.039246249324016"
"595","45","2","truemodel_G2_rho1","ECR","standard","simple","estim","-0.00815973856857966"
"596","46","2","truemodel_G2_rho1","ECR","standard","simple","estim","0.00665983401162862"
"597","47","2","truemodel_G2_rho1","ECR","standard","simple","estim","0.0707133503903279"
"598","48","2","truemodel_G2_rho1","ECR","standard","simple","estim","0.0144964824270488"
"599","49","2","truemodel_G2_rho1","ECR","standard","simple","estim","0.0299169550534089"
"600","50","2","truemodel_G2_rho1","ECR","standard","simple","estim","0.0364443836929738"
"601","1","2","truemodel_G2_rho0","ECR","standard","bridge","estim","-0.692883293374045"
"602","2","2","truemodel_G2_rho0","ECR","standard","bridge","estim","-0.693651160032388"
"603","3","2","truemodel_G2_rho0","ECR","standard","bridge","estim","-0.693558041803549"
"604","4","2","truemodel_G2_rho0","ECR","standard","bridge","estim","-0.692915067404513"
"605","5","2","truemodel_G2_rho0","ECR","standard","bridge","estim","-0.6932072541994"
"606","6","2","truemodel_G2_rho0","ECR","standard","bridge","estim","-0.693353205491199"
"607","7","2","truemodel_G2_rho0","ECR","standard","bridge","estim","-0.693268052263946"
"608","8","2","truemodel_G2_rho0","ECR","standard","bridge","estim","-0.693285392305754"
"609","9","2","truemodel_G2_rho0","ECR","standard","bridge","estim","-0.692883908978473"
"610","10","2","truemodel_G2_rho0","ECR","standard","bridge","estim","-0.693267766691932"
"611","11","2","truemodel_G2_rho0","ECR","standard","bridge","estim","-0.693874034238362"
"612","12","2","truemodel_G2_rho0","ECR","standard","bridge","estim","-0.693006246688654"
"613","13","2","truemodel_G2_rho0","ECR","standard","bridge","estim","-0.693080750854733"
"614","14","2","truemodel_G2_rho0","ECR","standard","bridge","estim","-0.69307018633075"
"615","15","2","truemodel_G2_rho0","ECR","standard","bridge","estim","-0.692905883629344"
"616","16","2","truemodel_G2_rho0","ECR","standard","bridge","estim","-0.692916340770282"
"617","17","2","truemodel_G2_rho0","ECR","standard","bridge","estim","-0.693058479508572"
"618","18","2","truemodel_G2_rho0","ECR","standard","bridge","estim","-0.693740889463804"
"619","19","2","truemodel_G2_rho0","ECR","standard","bridge","estim","-0.692989221778205"
"620","20","2","truemodel_G2_rho0","ECR","standard","bridge","estim","-0.692521996362501"
"621","21","2","truemodel_G2_rho0","ECR","standard","bridge","estim","-0.692956843991539"
"622","22","2","truemodel_G2_rho0","ECR","standard","bridge","estim","-0.693822907822891"
"623","23","2","truemodel_G2_rho0","ECR","standard","bridge","estim","-0.694449258122134"
"624","24","2","truemodel_G2_rho0","ECR","standard","bridge","estim","-0.693725087824909"
"625","25","2","truemodel_G2_rho0","ECR","standard","bridge","estim","-0.693187639831621"
"626","26","2","truemodel_G2_rho0","ECR","standard","bridge","estim","-0.693131148112521"
"627","27","2","truemodel_G2_rho0","ECR","standard","bridge","estim","-0.6930845304935"
"628","28","2","truemodel_G2_rho0","ECR","standard","bridge","estim","-0.693083251167195"
"629","29","2","truemodel_G2_rho0","ECR","standard","bridge","estim","-0.694503535100026"
"630","30","2","truemodel_G2_rho0","ECR","standard","bridge","estim","-0.693499619402743"
"631","31","2","truemodel_G2_rho0","ECR","standard","bridge","estim","-0.693177821921495"
"632","32","2","truemodel_G2_rho0","ECR","standard","bridge","estim","-0.693212722904001"
"633","33","2","truemodel_G2_rho0","ECR","standard","bridge","estim","-0.693045685045973"
"634","34","2","truemodel_G2_rho0","ECR","standard","bridge","estim","-0.692609921628474"
"635","35","2","truemodel_G2_rho0","ECR","standard","bridge","estim","-0.693712946390889"
"636","36","2","truemodel_G2_rho0","ECR","standard","bridge","estim","-0.693352312105667"
"637","37","2","truemodel_G2_rho0","ECR","standard","bridge","estim","-0.693263461843507"
"638","38","2","truemodel_G2_rho0","ECR","standard","bridge","estim","-0.693073676963863"
"639","39","2","truemodel_G2_rho0","ECR","standard","bridge","estim","-0.692712846811197"
"640","40","2","truemodel_G2_rho0","ECR","standard","bridge","estim","-0.693902584976577"
"641","41","2","truemodel_G2_rho0","ECR","standard","bridge","estim","-0.694100712742127"
"642","42","2","truemodel_G2_rho0","ECR","standard","bridge","estim","-0.693622578062445"
"643","43","2","truemodel_G2_rho0","ECR","standard","bridge","estim","-0.693402125006507"
"644","44","2","truemodel_G2_rho0","ECR","standard","bridge","estim","-0.693254060343648"
"645","45","2","truemodel_G2_rho0","ECR","standard","bridge","estim","-0.69336859335651"
"646","46","2","truemodel_G2_rho0","ECR","standard","bridge","estim","-0.693599300496231"
"647","47","2","truemodel_G2_rho0","ECR","standard","bridge","estim","-0.69409768736945"
"648","48","2","truemodel_G2_rho0","ECR","standard","bridge","estim","-0.693347992765354"
"649","49","2","truemodel_G2_rho0","ECR","standard","bridge","estim","-0.69341250453526"
"650","50","2","truemodel_G2_rho0","ECR","standard","bridge","estim","-0.693309806972657"
"651","1","2","truemodel_G2_rho.5","ECR","standard","bridge","estim","-0.695374559300184"
"652","2","2","truemodel_G2_rho.5","ECR","standard","bridge","estim","-0.693898728174887"
"653","3","2","truemodel_G2_rho.5","ECR","standard","bridge","estim","-0.692785977022425"
"654","4","2","truemodel_G2_rho.5","ECR","standard","bridge","estim","-0.692818120206297"
"655","5","2","truemodel_G2_rho.5","ECR","standard","bridge","estim","-0.693953589877907"
"656","6","2","truemodel_G2_rho.5","ECR","standard","bridge","estim","-0.69611657775615"
"657","7","2","truemodel_G2_rho.5","ECR","standard","bridge","estim","-0.693897806887314"
"658","8","2","truemodel_G2_rho.5","ECR","standard","bridge","estim","-0.692742481931951"
"659","9","2","truemodel_G2_rho.5","ECR","standard","bridge","estim","-0.694085021964312"
"660","10","2","truemodel_G2_rho.5","ECR","standard","bridge","estim","-0.692952771765903"
"661","11","2","truemodel_G2_rho.5","ECR","standard","bridge","estim","-0.692803824162276"
"662","12","2","truemodel_G2_rho.5","ECR","standard","bridge","estim","-0.693527589175758"
"663","13","2","truemodel_G2_rho.5","ECR","standard","bridge","estim","-0.694512530703996"
"664","14","2","truemodel_G2_rho.5","ECR","standard","bridge","estim","-0.696249680234104"
"665","15","2","truemodel_G2_rho.5","ECR","standard","bridge","estim","-0.692825077475504"
"666","16","2","truemodel_G2_rho.5","ECR","standard","bridge","estim","-0.692961737569071"
"667","17","2","truemodel_G2_rho.5","ECR","standard","bridge","estim","-0.693978210629894"
"668","18","2","truemodel_G2_rho.5","ECR","standard","bridge","estim","-0.693199299858904"
"669","19","2","truemodel_G2_rho.5","ECR","standard","bridge","estim","-0.694946237059042"
"670","20","2","truemodel_G2_rho.5","ECR","standard","bridge","estim","-0.693408757047507"
"671","21","2","truemodel_G2_rho.5","ECR","standard","bridge","estim","-0.693000904616838"
"672","22","2","truemodel_G2_rho.5","ECR","standard","bridge","estim","-0.693244550991622"
"673","23","2","truemodel_G2_rho.5","ECR","standard","bridge","estim","-0.66652984639142"
"674","24","2","truemodel_G2_rho.5","ECR","standard","bridge","estim","-0.693310265870039"
"675","25","2","truemodel_G2_rho.5","ECR","standard","bridge","estim","-0.691505653304958"
"676","26","2","truemodel_G2_rho.5","ECR","standard","bridge","estim","-0.693308668491746"
"677","27","2","truemodel_G2_rho.5","ECR","standard","bridge","estim","-0.693159638465659"
"678","28","2","truemodel_G2_rho.5","ECR","standard","bridge","estim","-0.693052686719312"
"679","29","2","truemodel_G2_rho.5","ECR","standard","bridge","estim","-0.691403685932613"
"680","30","2","truemodel_G2_rho.5","ECR","standard","bridge","estim","-0.694056446194963"
"681","31","2","truemodel_G2_rho.5","ECR","standard","bridge","estim","-0.692337591519824"
"682","32","2","truemodel_G2_rho.5","ECR","standard","bridge","estim","-0.68427296319404"
"683","33","2","truemodel_G2_rho.5","ECR","standard","bridge","estim","-0.693460631247731"
"684","34","2","truemodel_G2_rho.5","ECR","standard","bridge","estim","-0.695582939172041"
"685","35","2","truemodel_G2_rho.5","ECR","standard","bridge","estim","-0.691938712159562"
"686","36","2","truemodel_G2_rho.5","ECR","standard","bridge","estim","-0.693221507514174"
"687","37","2","truemodel_G2_rho.5","ECR","standard","bridge","estim","-0.69328653929864"
"688","38","2","truemodel_G2_rho.5","ECR","standard","bridge","estim","-0.69396997002363"
"689","39","2","truemodel_G2_rho.5","ECR","standard","bridge","estim","-0.693004408043116"
"690","40","2","truemodel_G2_rho.5","ECR","standard","bridge","estim","-0.692894379340643"
"691","41","2","truemodel_G2_rho.5","ECR","standard","bridge","estim","-0.69519321244654"
"692","42","2","truemodel_G2_rho.5","ECR","standard","bridge","estim","-0.692442610402061"
"693","43","2","truemodel_G2_rho.5","ECR","standard","bridge","estim","-0.693111418858045"
"694","44","2","truemodel_G2_rho.5","ECR","standard","bridge","estim","-0.693550370791357"
"695","45","2","truemodel_G2_rho.5","ECR","standard","bridge","estim","-0.69375213515157"
"696","46","2","truemodel_G2_rho.5","ECR","standard","bridge","estim","-0.693945186670959"
"697","47","2","truemodel_G2_rho.5","ECR","standard","bridge","estim","-0.693965030509943"
"698","48","2","truemodel_G2_rho.5","ECR","standard","bridge","estim","-0.695662151412108"
"699","49","2","truemodel_G2_rho.5","ECR","standard","bridge","estim","-0.693209141810051"
"700","50","2","truemodel_G2_rho.5","ECR","standard","bridge","estim","-0.693353946945585"
"701","1","2","truemodel_G2_rho1","ECR","standard","bridge","estim","-0.685617123986134"
"702","2","2","truemodel_G2_rho1","ECR","standard","bridge","estim","-0.672279779323581"
"703","3","2","truemodel_G2_rho1","ECR","standard","bridge","estim","-0.669063959657823"
"704","4","2","truemodel_G2_rho1","ECR","standard","bridge","estim","-0.693069224899425"
"705","5","2","truemodel_G2_rho1","ECR","standard","bridge","estim","-0.382059484078926"
"706","6","2","truemodel_G2_rho1","ECR","standard","bridge","estim","-0.66100198493578"
"707","7","2","truemodel_G2_rho1","ECR","standard","bridge","estim","-0.695941783043928"
"708","8","2","truemodel_G2_rho1","ECR","standard","bridge","estim","-0.690964580257791"
"709","9","2","truemodel_G2_rho1","ECR","standard","bridge","estim","-0.69269631358592"
"710","10","2","truemodel_G2_rho1","ECR","standard","bridge","estim","-0.671729026272239"
"711","11","2","truemodel_G2_rho1","ECR","standard","bridge","estim","-0.618287815817133"
"712","12","2","truemodel_G2_rho1","ECR","standard","bridge","estim","-0.610038446627634"
"713","13","2","truemodel_G2_rho1","ECR","standard","bridge","estim","-0.364764559531615"
"714","14","2","truemodel_G2_rho1","ECR","standard","bridge","estim","-0.67119969527463"
"715","15","2","truemodel_G2_rho1","ECR","standard","bridge","estim","-0.686244649998276"
"716","16","2","truemodel_G2_rho1","ECR","standard","bridge","estim","-0.691022171310266"
"717","17","2","truemodel_G2_rho1","ECR","standard","bridge","estim","-0.692889797256925"
"718","18","2","truemodel_G2_rho1","ECR","standard","bridge","estim","-0.683857955134741"
"719","19","2","truemodel_G2_rho1","ECR","standard","bridge","estim","-0.676205659256439"
"720","20","2","truemodel_G2_rho1","ECR","standard","bridge","estim","-0.691830910741185"
"721","21","2","truemodel_G2_rho1","ECR","standard","bridge","estim","-0.691212801581933"
"722","22","2","truemodel_G2_rho1","ECR","standard","bridge","estim","-0.615241664919623"
"723","23","2","truemodel_G2_rho1","ECR","standard","bridge","estim","-0.355579309984385"
"724","24","2","truemodel_G2_rho1","ECR","standard","bridge","estim","-0.517258446662751"
"725","25","2","truemodel_G2_rho1","ECR","standard","bridge","estim","-0.430730362312122"
"726","26","2","truemodel_G2_rho1","ECR","standard","bridge","estim","-0.646674252365578"
"727","27","2","truemodel_G2_rho1","ECR","standard","bridge","estim","-0.684793243586967"
"728","28","2","truemodel_G2_rho1","ECR","standard","bridge","estim","-0.618116024194798"
"729","29","2","truemodel_G2_rho1","ECR","standard","bridge","estim","-0.693070115122424"
"730","30","2","truemodel_G2_rho1","ECR","standard","bridge","estim","-0.666132008961686"
"731","31","2","truemodel_G2_rho1","ECR","standard","bridge","estim","-0.581465869527769"
"732","32","2","truemodel_G2_rho1","ECR","standard","bridge","estim","-0.371505076556847"
"733","33","2","truemodel_G2_rho1","ECR","standard","bridge","estim","-0.692557593596845"
"734","34","2","truemodel_G2_rho1","ECR","standard","bridge","estim","-0.679337128349943"
"735","35","2","truemodel_G2_rho1","ECR","standard","bridge","estim","-0.595293078844605"
"736","36","2","truemodel_G2_rho1","ECR","standard","bridge","estim","-0.683192998368312"
"737","37","2","truemodel_G2_rho1","ECR","standard","bridge","estim","-0.691119466090107"
"738","38","2","truemodel_G2_rho1","ECR","standard","bridge","estim","-0.689870587631873"
"739","39","2","truemodel_G2_rho1","ECR","standard","bridge","estim","-0.690000718780254"
"740","40","2","truemodel_G2_rho1","ECR","standard","bridge","estim","-0.690070515957039"
"741","41","2","truemodel_G2_rho1","ECR","standard","bridge","estim","-0.689349565150106"
"742","42","2","truemodel_G2_rho1","ECR","standard","bridge","estim","-0.603299331586818"
"743","43","2","truemodel_G2_rho1","ECR","standard","bridge","estim","-0.636557999124683"
"744","44","2","truemodel_G2_rho1","ECR","standard","bridge","estim","-0.68085922490787"
"745","45","2","truemodel_G2_rho1","ECR","standard","bridge","estim","-0.687490685431293"
"746","46","2","truemodel_G2_rho1","ECR","standard","bridge","estim","-0.686903769632693"
"747","47","2","truemodel_G2_rho1","ECR","standard","bridge","estim","-0.577835912357536"
"748","48","2","truemodel_G2_rho1","ECR","standard","bridge","estim","-0.687512585579171"
"749","49","2","truemodel_G2_rho1","ECR","standard","bridge","estim","-0.69121743348984"
"750","50","2","truemodel_G2_rho1","ECR","standard","bridge","estim","-0.651568883061355"
"751","1","2","truemodel_G2_rho0","ECR","standard","standard","estim","-0.698891733550745"
"752","2","2","truemodel_G2_rho0","ECR","standard","standard","estim","-0.676181867158853"
"753","3","2","truemodel_G2_rho0","ECR","standard","standard","estim","-0.690296979252565"
"754","4","2","truemodel_G2_rho0","ECR","standard","standard","estim","-0.75366813358491"
"755","5","2","truemodel_G2_rho0","ECR","standard","standard","estim","-0.666401018163576"
"756","6","2","truemodel_G2_rho0","ECR","standard","standard","estim","-0.719481859275668"
"757","7","2","truemodel_G2_rho0","ECR","standard","standard","estim","-0.694658627159676"
"758","8","2","truemodel_G2_rho0","ECR","standard","standard","estim","-0.665379981966439"
"759","9","2","truemodel_G2_rho0","ECR","standard","standard","estim","-0.660138360041024"
"760","10","2","truemodel_G2_rho0","ECR","standard","standard","estim","-0.691746024750323"
"761","11","2","truemodel_G2_rho0","ECR","standard","standard","estim","-0.647008709745741"
"762","12","2","truemodel_G2_rho0","ECR","standard","standard","estim","-0.648303535897739"
"763","13","2","truemodel_G2_rho0","ECR","standard","standard","estim","-0.704054833088193"
"764","14","2","truemodel_G2_rho0","ECR","standard","standard","estim","-0.715619942530623"
"765","15","2","truemodel_G2_rho0","ECR","standard","standard","estim","-0.695068105692485"
"766","16","2","truemodel_G2_rho0","ECR","standard","standard","estim","-0.663534503923287"
"767","17","2","truemodel_G2_rho0","ECR","standard","standard","estim","-0.633939164243586"
"768","18","2","truemodel_G2_rho0","ECR","standard","standard","estim","-0.737275562721386"
"769","19","2","truemodel_G2_rho0","ECR","standard","standard","estim","-0.708203245010516"
"770","20","2","truemodel_G2_rho0","ECR","standard","standard","estim","-0.699508486361012"
"771","21","2","truemodel_G2_rho0","ECR","standard","standard","estim","-0.708122171494466"
"772","22","2","truemodel_G2_rho0","ECR","standard","standard","estim","-0.760818276023187"
"773","23","2","truemodel_G2_rho0","ECR","standard","standard","estim","-0.721046973636213"
"774","24","2","truemodel_G2_rho0","ECR","standard","standard","estim","-0.648666578419537"
"775","25","2","truemodel_G2_rho0","ECR","standard","standard","estim","-0.741085738748623"
"776","26","2","truemodel_G2_rho0","ECR","standard","standard","estim","-0.66393577580606"
"777","27","2","truemodel_G2_rho0","ECR","standard","standard","estim","-0.690303244533027"
"778","28","2","truemodel_G2_rho0","ECR","standard","standard","estim","-0.701625523076871"
"779","29","2","truemodel_G2_rho0","ECR","standard","standard","estim","-0.698018612701155"
"780","30","2","truemodel_G2_rho0","ECR","standard","standard","estim","-0.660510325525365"
"781","31","2","truemodel_G2_rho0","ECR","standard","standard","estim","-0.70043213008757"
"782","32","2","truemodel_G2_rho0","ECR","standard","standard","estim","-0.726869790501624"
"783","33","2","truemodel_G2_rho0","ECR","standard","standard","estim","-0.719110901469186"
"784","34","2","truemodel_G2_rho0","ECR","standard","standard","estim","-0.692758724060027"
"785","35","2","truemodel_G2_rho0","ECR","standard","standard","estim","-0.7399791055702"
"786","36","2","truemodel_G2_rho0","ECR","standard","standard","estim","-0.647845144479803"
"787","37","2","truemodel_G2_rho0","ECR","standard","standard","estim","-0.72976136874285"
"788","38","2","truemodel_G2_rho0","ECR","standard","standard","estim","-0.680541816910186"
"789","39","2","truemodel_G2_rho0","ECR","standard","standard","estim","-0.668125048461626"
"790","40","2","truemodel_G2_rho0","ECR","standard","standard","estim","-0.667087192806257"
"791","41","2","truemodel_G2_rho0","ECR","standard","standard","estim","-0.672153080179058"
"792","42","2","truemodel_G2_rho0","ECR","standard","standard","estim","-0.736980183343235"
"793","43","2","truemodel_G2_rho0","ECR","standard","standard","estim","-0.662708708576517"
"794","44","2","truemodel_G2_rho0","ECR","standard","standard","estim","-0.674123201028777"
"795","45","2","truemodel_G2_rho0","ECR","standard","standard","estim","-0.705835666343269"
"796","46","2","truemodel_G2_rho0","ECR","standard","standard","estim","-0.598432937962663"
"797","47","2","truemodel_G2_rho0","ECR","standard","standard","estim","-0.651509613047011"
"798","48","2","truemodel_G2_rho0","ECR","standard","standard","estim","-0.654804175361662"
"799","49","2","truemodel_G2_rho0","ECR","standard","standard","estim","-0.63903101421441"
"800","50","2","truemodel_G2_rho0","ECR","standard","standard","estim","-0.707051537638996"
"801","1","2","truemodel_G2_rho.5","ECR","standard","standard","estim","-0.71981777367003"
"802","2","2","truemodel_G2_rho.5","ECR","standard","standard","estim","-0.688834855875228"
"803","3","2","truemodel_G2_rho.5","ECR","standard","standard","estim","-0.682846527320258"
"804","4","2","truemodel_G2_rho.5","ECR","standard","standard","estim","-0.733674344523365"
"805","5","2","truemodel_G2_rho.5","ECR","standard","standard","estim","-0.675762329964421"
"806","6","2","truemodel_G2_rho.5","ECR","standard","standard","estim","-0.748388673823342"
"807","7","2","truemodel_G2_rho.5","ECR","standard","standard","estim","-0.679849628308524"
"808","8","2","truemodel_G2_rho.5","ECR","standard","standard","estim","-0.67404603719482"
"809","9","2","truemodel_G2_rho.5","ECR","standard","standard","estim","-0.706201699173974"
"810","10","2","truemodel_G2_rho.5","ECR","standard","standard","estim","-0.719531674599175"
"811","11","2","truemodel_G2_rho.5","ECR","standard","standard","estim","-0.639263803337251"
"812","12","2","truemodel_G2_rho.5","ECR","standard","standard","estim","-0.638413606131373"
"813","13","2","truemodel_G2_rho.5","ECR","standard","standard","estim","-0.71130701182971"
"814","14","2","truemodel_G2_rho.5","ECR","standard","standard","estim","-0.700272214425333"
"815","15","2","truemodel_G2_rho.5","ECR","standard","standard","estim","-0.702423209643399"
"816","16","2","truemodel_G2_rho.5","ECR","standard","standard","estim","-0.668737954193631"
"817","17","2","truemodel_G2_rho.5","ECR","standard","standard","estim","-0.661806354170487"
"818","18","2","truemodel_G2_rho.5","ECR","standard","standard","estim","-0.675429154380879"
"819","19","2","truemodel_G2_rho.5","ECR","standard","standard","estim","-0.709874180243752"
"820","20","2","truemodel_G2_rho.5","ECR","standard","standard","estim","-0.675740552810282"
"821","21","2","truemodel_G2_rho.5","ECR","standard","standard","estim","-0.702192855883304"
"822","22","2","truemodel_G2_rho.5","ECR","standard","standard","estim","-0.714446415754153"
"823","23","2","truemodel_G2_rho.5","ECR","standard","standard","estim","-0.724385786212213"
"824","24","2","truemodel_G2_rho.5","ECR","standard","standard","estim","-0.66969973142514"
"825","25","2","truemodel_G2_rho.5","ECR","standard","standard","estim","-0.735025616591777"
"826","26","2","truemodel_G2_rho.5","ECR","standard","standard","estim","-0.688416753396936"
"827","27","2","truemodel_G2_rho.5","ECR","standard","standard","estim","-0.683440299005838"
"828","28","2","truemodel_G2_rho.5","ECR","standard","standard","estim","-0.71358358619662"
"829","29","2","truemodel_G2_rho.5","ECR","standard","standard","estim","-0.69737488118092"
"830","30","2","truemodel_G2_rho.5","ECR","standard","standard","estim","-0.694782704041224"
"831","31","2","truemodel_G2_rho.5","ECR","standard","standard","estim","-0.718321044452694"
"832","32","2","truemodel_G2_rho.5","ECR","standard","standard","estim","-0.746943961103085"
"833","33","2","truemodel_G2_rho.5","ECR","standard","standard","estim","-0.7116540988984"
"834","34","2","truemodel_G2_rho.5","ECR","standard","standard","estim","-0.740326083732"
"835","35","2","truemodel_G2_rho.5","ECR","standard","standard","estim","-0.730416180606078"
"836","36","2","truemodel_G2_rho.5","ECR","standard","standard","estim","-0.643363569188182"
"837","37","2","truemodel_G2_rho.5","ECR","standard","standard","estim","-0.730639170130672"
"838","38","2","truemodel_G2_rho.5","ECR","standard","standard","estim","-0.682669922280503"
"839","39","2","truemodel_G2_rho.5","ECR","standard","standard","estim","-0.64596990293127"
"840","40","2","truemodel_G2_rho.5","ECR","standard","standard","estim","-0.655998438197209"
"841","41","2","truemodel_G2_rho.5","ECR","standard","standard","estim","-0.677250126396366"
"842","42","2","truemodel_G2_rho.5","ECR","standard","standard","estim","-0.696453219228204"
"843","43","2","truemodel_G2_rho.5","ECR","standard","standard","estim","-0.662456207116534"
"844","44","2","truemodel_G2_rho.5","ECR","standard","standard","estim","-0.667077804342952"
"845","45","2","truemodel_G2_rho.5","ECR","standard","standard","estim","-0.696977477142958"
"846","46","2","truemodel_G2_rho.5","ECR","standard","standard","estim","-0.642082209493338"
"847","47","2","truemodel_G2_rho.5","ECR","standard","standard","estim","-0.666174712101565"
"848","48","2","truemodel_G2_rho.5","ECR","standard","standard","estim","-0.678557147581699"
"849","49","2","truemodel_G2_rho.5","ECR","standard","standard","estim","-0.643552641848423"
"850","50","2","truemodel_G2_rho.5","ECR","standard","standard","estim","-0.725782246080279"
"851","1","2","truemodel_G2_rho1","ECR","standard","standard","estim","-0.70816528436184"
"852","2","2","truemodel_G2_rho1","ECR","standard","standard","estim","-0.71876086985808"
"853","3","2","truemodel_G2_rho1","ECR","standard","standard","estim","-0.709604009101028"
"854","4","2","truemodel_G2_rho1","ECR","standard","standard","estim","-0.680144351546744"
"855","5","2","truemodel_G2_rho1","ECR","standard","standard","estim","-0.38306413507631"
"856","6","2","truemodel_G2_rho1","ECR","standard","standard","estim","-0.701077761702507"
"857","7","2","truemodel_G2_rho1","ECR","standard","standard","estim","-0.654013617030628"
"858","8","2","truemodel_G2_rho1","ECR","standard","standard","estim","-0.661734848500775"
"859","9","2","truemodel_G2_rho1","ECR","standard","standard","estim","-0.682949335643698"
"860","10","2","truemodel_G2_rho1","ECR","standard","standard","estim","-0.663715832253537"
"861","11","2","truemodel_G2_rho1","ECR","standard","standard","estim","-0.67633145828875"
"862","12","2","truemodel_G2_rho1","ECR","standard","standard","estim","-0.59959735502909"
"863","13","2","truemodel_G2_rho1","ECR","standard","standard","estim","-0.108421762129304"
"864","14","2","truemodel_G2_rho1","ECR","standard","standard","estim","-0.669018139223112"
"865","15","2","truemodel_G2_rho1","ECR","standard","standard","estim","-0.705694124964129"
"866","16","2","truemodel_G2_rho1","ECR","standard","standard","estim","-0.712842779696317"
"867","17","2","truemodel_G2_rho1","ECR","standard","standard","estim","-0.694205523935501"
"868","18","2","truemodel_G2_rho1","ECR","standard","standard","estim","-0.700881911404842"
"869","19","2","truemodel_G2_rho1","ECR","standard","standard","estim","-0.65548441697014"
"870","20","2","truemodel_G2_rho1","ECR","standard","standard","estim","-0.719242335456265"
"871","21","2","truemodel_G2_rho1","ECR","standard","standard","estim","-0.725403962014461"
"872","22","2","truemodel_G2_rho1","ECR","standard","standard","estim","-0.669745219329695"
"873","23","2","truemodel_G2_rho1","ECR","standard","standard","estim","-0.238632357295742"
"874","24","2","truemodel_G2_rho1","ECR","standard","standard","estim","-0.506126839659483"
"875","25","2","truemodel_G2_rho1","ECR","standard","standard","estim","-0.342593938161862"
"876","26","2","truemodel_G2_rho1","ECR","standard","standard","estim","-0.645410763269439"
"877","27","2","truemodel_G2_rho1","ECR","standard","standard","estim","-0.644040017879831"
"878","28","2","truemodel_G2_rho1","ECR","standard","standard","estim","-0.674454067670311"
"879","29","2","truemodel_G2_rho1","ECR","standard","standard","estim","-0.722625479172557"
"880","30","2","truemodel_G2_rho1","ECR","standard","standard","estim","-0.739171995795868"
"881","31","2","truemodel_G2_rho1","ECR","standard","standard","estim","-0.603629116649685"
"882","32","2","truemodel_G2_rho1","ECR","standard","standard","estim","-0.256674251049638"
"883","33","2","truemodel_G2_rho1","ECR","standard","standard","estim","-0.65944067003678"
"884","34","2","truemodel_G2_rho1","ECR","standard","standard","estim","-0.68349604449547"
"885","35","2","truemodel_G2_rho1","ECR","standard","standard","estim","-0.740094607839175"
"886","36","2","truemodel_G2_rho1","ECR","standard","standard","estim","-0.689333222432616"
"887","37","2","truemodel_G2_rho1","ECR","standard","standard","estim","-0.739123867540208"
"888","38","2","truemodel_G2_rho1","ECR","standard","standard","estim","-0.698524901526504"
"889","39","2","truemodel_G2_rho1","ECR","standard","standard","estim","-0.648045719139798"
"890","40","2","truemodel_G2_rho1","ECR","standard","standard","estim","-0.679015533353258"
"891","41","2","truemodel_G2_rho1","ECR","standard","standard","estim","-0.651453852663966"
"892","42","2","truemodel_G2_rho1","ECR","standard","standard","estim","-0.694832527135041"
"893","43","2","truemodel_G2_rho1","ECR","standard","standard","estim","-0.597515058282632"
"894","44","2","truemodel_G2_rho1","ECR","standard","standard","estim","-0.653900931235928"
"895","45","2","truemodel_G2_rho1","ECR","standard","standard","estim","-0.701306919128527"
"896","46","2","truemodel_G2_rho1","ECR","standard","standard","estim","-0.686487346548319"
"897","47","2","truemodel_G2_rho1","ECR","standard","standard","estim","-0.594821932219844"
"898","48","2","truemodel_G2_rho1","ECR","standard","standard","estim","-0.678650698132898"
"899","49","2","truemodel_G2_rho1","ECR","standard","standard","estim","-0.663230225506538"
"900","50","2","truemodel_G2_rho1","ECR","standard","standard","estim","-0.653762316894319"
"901","1","2","truemodel_G2_rho0","ECR","standard","simple","lower","-0.320386616636974"
"902","2","2","truemodel_G2_rho0","ECR","standard","simple","lower","-0.380594005342786"
"903","3","2","truemodel_G2_rho0","ECR","standard","simple","lower","-0.782328361525117"
"904","4","2","truemodel_G2_rho0","ECR","standard","simple","lower","-0.442774540121178"
"905","5","2","truemodel_G2_rho0","ECR","standard","simple","lower","-0.189947386567432"
"906","6","2","truemodel_G2_rho0","ECR","standard","simple","lower","-0.360869999014675"
"907","7","2","truemodel_G2_rho0","ECR","standard","simple","lower","-0.191102861249099"
"908","8","2","truemodel_G2_rho0","ECR","standard","simple","lower","-0.290436719220743"
"909","9","2","truemodel_G2_rho0","ECR","standard","simple","lower","-0.359227480473578"
"910","10","2","truemodel_G2_rho0","ECR","standard","simple","lower","-0.776194180582792"
"911","11","2","truemodel_G2_rho0","ECR","standard","simple","lower","-0.0758864904760941"
"912","12","2","truemodel_G2_rho0","ECR","standard","simple","lower","-0.865860460329287"
"913","13","2","truemodel_G2_rho0","ECR","standard","simple","lower","-0.559192184014258"
"914","14","2","truemodel_G2_rho0","ECR","standard","simple","lower","-0.439071443976175"
"915","15","2","truemodel_G2_rho0","ECR","standard","simple","lower","-0.218393811914517"
"916","16","2","truemodel_G2_rho0","ECR","standard","simple","lower","-0.13200839046101"
"917","17","2","truemodel_G2_rho0","ECR","standard","simple","lower","-0.158709555420195"
"918","18","2","truemodel_G2_rho0","ECR","standard","simple","lower","-0.237401474385848"
"919","19","2","truemodel_G2_rho0","ECR","standard","simple","lower","-0.357367977066403"
"920","20","2","truemodel_G2_rho0","ECR","standard","simple","lower","-0.152377462934723"
"921","21","2","truemodel_G2_rho0","ECR","standard","simple","lower","-0.28931378804495"
"922","22","2","truemodel_G2_rho0","ECR","standard","simple","lower","-0.359336199333356"
"923","23","2","truemodel_G2_rho0","ECR","standard","simple","lower","-0.249626083607943"
"924","24","2","truemodel_G2_rho0","ECR","standard","simple","lower","-0.221039329968555"
"925","25","2","truemodel_G2_rho0","ECR","standard","simple","lower","-0.943267798625342"
"926","26","2","truemodel_G2_rho0","ECR","standard","simple","lower","-0.123026006783796"
"927","27","2","truemodel_G2_rho0","ECR","standard","simple","lower","-0.212679757496936"
"928","28","2","truemodel_G2_rho0","ECR","standard","simple","lower","-0.237051483345219"
"929","29","2","truemodel_G2_rho0","ECR","standard","simple","lower","-0.235697541459288"
"930","30","2","truemodel_G2_rho0","ECR","standard","simple","lower","-0.556468193520828"
"931","31","2","truemodel_G2_rho0","ECR","standard","simple","lower","-0.225325958484611"
"932","32","2","truemodel_G2_rho0","ECR","standard","simple","lower","-0.261057838062825"
"933","33","2","truemodel_G2_rho0","ECR","standard","simple","lower","-0.294186402597973"
"934","34","2","truemodel_G2_rho0","ECR","standard","simple","lower","-0.710843485295527"
"935","35","2","truemodel_G2_rho0","ECR","standard","simple","lower","-0.380643168258054"
"936","36","2","truemodel_G2_rho0","ECR","standard","simple","lower","-0.214271661383378"
"937","37","2","truemodel_G2_rho0","ECR","standard","simple","lower","-0.392253989581953"
"938","38","2","truemodel_G2_rho0","ECR","standard","simple","lower","-0.479667087685236"
"939","39","2","truemodel_G2_rho0","ECR","standard","simple","lower","-0.265741933031109"
"940","40","2","truemodel_G2_rho0","ECR","standard","simple","lower","-0.400251532768252"
"941","41","2","truemodel_G2_rho0","ECR","standard","simple","lower","-0.196526414022543"
"942","42","2","truemodel_G2_rho0","ECR","standard","simple","lower","-0.330269321542787"
"943","43","2","truemodel_G2_rho0","ECR","standard","simple","lower","-0.526573359399414"
"944","44","2","truemodel_G2_rho0","ECR","standard","simple","lower","-0.250462914262258"
"945","45","2","truemodel_G2_rho0","ECR","standard","simple","lower","-0.397168769824908"
"946","46","2","truemodel_G2_rho0","ECR","standard","simple","lower","-0.100428696846464"
"947","47","2","truemodel_G2_rho0","ECR","standard","simple","lower","-0.345192678829463"
"948","48","2","truemodel_G2_rho0","ECR","standard","simple","lower","-0.16737241653373"
"949","49","2","truemodel_G2_rho0","ECR","standard","simple","lower","-0.161939758595992"
"950","50","2","truemodel_G2_rho0","ECR","standard","simple","lower","-0.184635577004805"
"951","1","2","truemodel_G2_rho.5","ECR","standard","simple","lower","-0.191261434874008"
"952","2","2","truemodel_G2_rho.5","ECR","standard","simple","lower","-0.266170313672461"
"953","3","2","truemodel_G2_rho.5","ECR","standard","simple","lower","-0.970172702448757"
"954","4","2","truemodel_G2_rho.5","ECR","standard","simple","lower","-0.219476283580427"
"955","5","2","truemodel_G2_rho.5","ECR","standard","simple","lower","-0.219414918122915"
"956","6","2","truemodel_G2_rho.5","ECR","standard","simple","lower","-0.336476521467354"
"957","7","2","truemodel_G2_rho.5","ECR","standard","simple","lower","-0.34285105104285"
"958","8","2","truemodel_G2_rho.5","ECR","standard","simple","lower","-0.251639653848827"
"959","9","2","truemodel_G2_rho.5","ECR","standard","simple","lower","-0.213814236605728"
"960","10","2","truemodel_G2_rho.5","ECR","standard","simple","lower","-0.332119965892389"
"961","11","2","truemodel_G2_rho.5","ECR","standard","simple","lower","-0.269144082776158"
"962","12","2","truemodel_G2_rho.5","ECR","standard","simple","lower","-0.732381040151161"
"963","13","2","truemodel_G2_rho.5","ECR","standard","simple","lower","-0.347501953319089"
"964","14","2","truemodel_G2_rho.5","ECR","standard","simple","lower","-0.184114184166155"
"965","15","2","truemodel_G2_rho.5","ECR","standard","simple","lower","-1.02077072599163"
"966","16","2","truemodel_G2_rho.5","ECR","standard","simple","lower","-0.144223963261155"
"967","17","2","truemodel_G2_rho.5","ECR","standard","simple","lower","-0.29082201933744"
"968","18","2","truemodel_G2_rho.5","ECR","standard","simple","lower","-0.258467203682976"
"969","19","2","truemodel_G2_rho.5","ECR","standard","simple","lower","-0.350937013431619"
"970","20","2","truemodel_G2_rho.5","ECR","standard","simple","lower","-0.127328240392913"
"971","21","2","truemodel_G2_rho.5","ECR","standard","simple","lower","-0.670391199608076"
"972","22","2","truemodel_G2_rho.5","ECR","standard","simple","lower","-0.27918581484488"
"973","23","2","truemodel_G2_rho.5","ECR","standard","simple","lower","-0.278930814201534"
"974","24","2","truemodel_G2_rho.5","ECR","standard","simple","lower","-0.280345470250467"
"975","25","2","truemodel_G2_rho.5","ECR","standard","simple","lower","-0.900848530272356"
"976","26","2","truemodel_G2_rho.5","ECR","standard","simple","lower","-0.28893086347675"
"977","27","2","truemodel_G2_rho.5","ECR","standard","simple","lower","-0.166720405350588"
"978","28","2","truemodel_G2_rho.5","ECR","standard","simple","lower","-0.361365219699593"
"979","29","2","truemodel_G2_rho.5","ECR","standard","simple","lower","-1.0278670206423"
"980","30","2","truemodel_G2_rho.5","ECR","standard","simple","lower","-0.848974784710194"
"981","31","2","truemodel_G2_rho.5","ECR","standard","simple","lower","-0.211755513636696"
"982","32","2","truemodel_G2_rho.5","ECR","standard","simple","lower","-0.535625331752108"
"983","33","2","truemodel_G2_rho.5","ECR","standard","simple","lower","-0.214726465220764"
"984","34","2","truemodel_G2_rho.5","ECR","standard","simple","lower","-0.379803017886545"
"985","35","2","truemodel_G2_rho.5","ECR","standard","simple","lower","-0.288501343347939"
"986","36","2","truemodel_G2_rho.5","ECR","standard","simple","lower","-0.184149803771405"
"987","37","2","truemodel_G2_rho.5","ECR","standard","simple","lower","-0.40063370093408"
"988","38","2","truemodel_G2_rho.5","ECR","standard","simple","lower","-0.326373539301386"
"989","39","2","truemodel_G2_rho.5","ECR","standard","simple","lower","-0.180045350517162"
"990","40","2","truemodel_G2_rho.5","ECR","standard","simple","lower","-0.356889816476873"
"991","41","2","truemodel_G2_rho.5","ECR","standard","simple","lower","-0.141701607466757"
"992","42","2","truemodel_G2_rho.5","ECR","standard","simple","lower","-0.295511975199076"
"993","43","2","truemodel_G2_rho.5","ECR","standard","simple","lower","-0.315463717598909"
"994","44","2","truemodel_G2_rho.5","ECR","standard","simple","lower","-0.241774363427012"
"995","45","2","truemodel_G2_rho.5","ECR","standard","simple","lower","-0.378329590594376"
"996","46","2","truemodel_G2_rho.5","ECR","standard","simple","lower","-0.120662738330395"
"997","47","2","truemodel_G2_rho.5","ECR","standard","simple","lower","-0.88233989744942"
"998","48","2","truemodel_G2_rho.5","ECR","standard","simple","lower","-0.4066747609317"
"999","49","2","truemodel_G2_rho.5","ECR","standard","simple","lower","-0.0875331227022613"
"1000","50","2","truemodel_G2_rho.5","ECR","standard","simple","lower","-0.409064280921292"
"1001","1","2","truemodel_G2_rho1","ECR","standard","simple","lower","-0.216901248733393"
"1002","2","2","truemodel_G2_rho1","ECR","standard","simple","lower","-0.340588941024698"
"1003","3","2","truemodel_G2_rho1","ECR","standard","simple","lower","-0.186201396306082"
"1004","4","2","truemodel_G2_rho1","ECR","standard","simple","lower","-0.321629358730952"
"1005","5","2","truemodel_G2_rho1","ECR","standard","simple","lower","-0.90350910445855"
"1006","6","2","truemodel_G2_rho1","ECR","standard","simple","lower","-0.392909613890165"
"1007","7","2","truemodel_G2_rho1","ECR","standard","simple","lower","-0.273914791375411"
"1008","8","2","truemodel_G2_rho1","ECR","standard","simple","lower","-0.198484068394631"
"1009","9","2","truemodel_G2_rho1","ECR","standard","simple","lower","-0.185233685355811"
"1010","10","2","truemodel_G2_rho1","ECR","standard","simple","lower","-0.475865839474174"
"1011","11","2","truemodel_G2_rho1","ECR","standard","simple","lower","-0.256428520134175"
"1012","12","2","truemodel_G2_rho1","ECR","standard","simple","lower","-0.929031474564898"
"1013","13","2","truemodel_G2_rho1","ECR","standard","simple","lower","-0.191084075146666"
"1014","14","2","truemodel_G2_rho1","ECR","standard","simple","lower","-0.377994850764686"
"1015","15","2","truemodel_G2_rho1","ECR","standard","simple","lower","-0.37557304085831"
"1016","16","2","truemodel_G2_rho1","ECR","standard","simple","lower","-0.787170077668719"
"1017","17","2","truemodel_G2_rho1","ECR","standard","simple","lower","-0.168482803049855"
"1018","18","2","truemodel_G2_rho1","ECR","standard","simple","lower","-0.343137198834022"
"1019","19","2","truemodel_G2_rho1","ECR","standard","simple","lower","-0.158169266738664"
"1020","20","2","truemodel_G2_rho1","ECR","standard","simple","lower","-0.385631966902857"
"1021","21","2","truemodel_G2_rho1","ECR","standard","simple","lower","-0.713728193234715"
"1022","22","2","truemodel_G2_rho1","ECR","standard","simple","lower","-0.425138859401148"
"1023","23","2","truemodel_G2_rho1","ECR","standard","simple","lower","-0.266629651274435"
"1024","24","2","truemodel_G2_rho1","ECR","standard","simple","lower","-0.228735019382619"
"1025","25","2","truemodel_G2_rho1","ECR","standard","simple","lower","-0.132413244866566"
"1026","26","2","truemodel_G2_rho1","ECR","standard","simple","lower","-0.337559103978002"
"1027","27","2","truemodel_G2_rho1","ECR","standard","simple","lower","-0.0613272305698018"
"1028","28","2","truemodel_G2_rho1","ECR","standard","simple","lower","-0.270952778380853"
"1029","29","2","truemodel_G2_rho1","ECR","standard","simple","lower","-0.242822689543203"
"1030","30","2","truemodel_G2_rho1","ECR","standard","simple","lower","-0.225430890662111"
"1031","31","2","truemodel_G2_rho1","ECR","standard","simple","lower","-0.271634916450758"
"1032","32","2","truemodel_G2_rho1","ECR","standard","simple","lower","-0.230796050418565"
"1033","33","2","truemodel_G2_rho1","ECR","standard","simple","lower","-0.305635350309522"
"1034","34","2","truemodel_G2_rho1","ECR","standard","simple","lower","-0.714195419670844"
"1035","35","2","truemodel_G2_rho1","ECR","standard","simple","lower","-0.377950252257115"
"1036","36","2","truemodel_G2_rho1","ECR","standard","simple","lower","-0.282273245281555"
"1037","37","2","truemodel_G2_rho1","ECR","standard","simple","lower","-0.198895018954296"
"1038","38","2","truemodel_G2_rho1","ECR","standard","simple","lower","-0.415941864634298"
"1039","39","2","truemodel_G2_rho1","ECR","standard","simple","lower","-0.14032603426757"
"1040","40","2","truemodel_G2_rho1","ECR","standard","simple","lower","-0.300100296042043"
"1041","41","2","truemodel_G2_rho1","ECR","standard","simple","lower","-0.0973260360629311"
"1042","42","2","truemodel_G2_rho1","ECR","standard","simple","lower","-0.371374692228237"
"1043","43","2","truemodel_G2_rho1","ECR","standard","simple","lower","-0.277973008715691"
"1044","44","2","truemodel_G2_rho1","ECR","standard","simple","lower","-0.115566405131457"
"1045","45","2","truemodel_G2_rho1","ECR","standard","simple","lower","-0.129723020952746"
"1046","46","2","truemodel_G2_rho1","ECR","standard","simple","lower","-0.410112903680556"
"1047","47","2","truemodel_G2_rho1","ECR","standard","simple","lower","-0.31561231717367"
"1048","48","2","truemodel_G2_rho1","ECR","standard","simple","lower","-0.130590199769308"
"1049","49","2","truemodel_G2_rho1","ECR","standard","simple","lower","-0.319915768660316"
"1050","50","2","truemodel_G2_rho1","ECR","standard","simple","lower","-0.2014379134297"
"1051","1","2","truemodel_G2_rho0","ECR","standard","bridge","lower","-0.69248235606451"
"1052","2","2","truemodel_G2_rho0","ECR","standard","bridge","lower","-0.692924934498961"
"1053","3","2","truemodel_G2_rho0","ECR","standard","bridge","lower","-0.6931182174431"
"1054","4","2","truemodel_G2_rho0","ECR","standard","bridge","lower","-0.692261907041953"
"1055","5","2","truemodel_G2_rho0","ECR","standard","bridge","lower","-0.692790585687852"
"1056","6","2","truemodel_G2_rho0","ECR","standard","bridge","lower","-0.693135146312976"
"1057","7","2","truemodel_G2_rho0","ECR","standard","bridge","lower","-0.692644751151533"
"1058","8","2","truemodel_G2_rho0","ECR","standard","bridge","lower","-0.69298423186298"
"1059","9","2","truemodel_G2_rho0","ECR","standard","bridge","lower","-0.692468411173216"
"1060","10","2","truemodel_G2_rho0","ECR","standard","bridge","lower","-0.692934257619427"
"1061","11","2","truemodel_G2_rho0","ECR","standard","bridge","lower","-0.692932305527322"
"1062","12","2","truemodel_G2_rho0","ECR","standard","bridge","lower","-0.692711841256305"
"1063","13","2","truemodel_G2_rho0","ECR","standard","bridge","lower","-0.692515744525856"
"1064","14","2","truemodel_G2_rho0","ECR","standard","bridge","lower","-0.692741987874079"
"1065","15","2","truemodel_G2_rho0","ECR","standard","bridge","lower","-0.692454959690849"
"1066","16","2","truemodel_G2_rho0","ECR","standard","bridge","lower","-0.69240393879663"
"1067","17","2","truemodel_G2_rho0","ECR","standard","bridge","lower","-0.692545751577377"
"1068","18","2","truemodel_G2_rho0","ECR","standard","bridge","lower","-0.692237897611903"
"1069","19","2","truemodel_G2_rho0","ECR","standard","bridge","lower","-0.692724678630327"
"1070","20","2","truemodel_G2_rho0","ECR","standard","bridge","lower","-0.692112823101041"
"1071","21","2","truemodel_G2_rho0","ECR","standard","bridge","lower","-0.692633049169316"
"1072","22","2","truemodel_G2_rho0","ECR","standard","bridge","lower","-0.69281682633094"
"1073","23","2","truemodel_G2_rho0","ECR","standard","bridge","lower","-0.69349531693743"
"1074","24","2","truemodel_G2_rho0","ECR","standard","bridge","lower","-0.693249413395456"
"1075","25","2","truemodel_G2_rho0","ECR","standard","bridge","lower","-0.691879909536802"
"1076","26","2","truemodel_G2_rho0","ECR","standard","bridge","lower","-0.692756553352432"
"1077","27","2","truemodel_G2_rho0","ECR","standard","bridge","lower","-0.692811194111506"
"1078","28","2","truemodel_G2_rho0","ECR","standard","bridge","lower","-0.69268478259454"
"1079","29","2","truemodel_G2_rho0","ECR","standard","bridge","lower","-0.69267186234471"
"1080","30","2","truemodel_G2_rho0","ECR","standard","bridge","lower","-0.692895524022468"
"1081","31","2","truemodel_G2_rho0","ECR","standard","bridge","lower","-0.692949292481757"
"1082","32","2","truemodel_G2_rho0","ECR","standard","bridge","lower","-0.692882781551411"
"1083","33","2","truemodel_G2_rho0","ECR","standard","bridge","lower","-0.692753525225669"
"1084","34","2","truemodel_G2_rho0","ECR","standard","bridge","lower","-0.691965172077722"
"1085","35","2","truemodel_G2_rho0","ECR","standard","bridge","lower","-0.693237996429119"
"1086","36","2","truemodel_G2_rho0","ECR","standard","bridge","lower","-0.692970043312172"
"1087","37","2","truemodel_G2_rho0","ECR","standard","bridge","lower","-0.693084689961282"
"1088","38","2","truemodel_G2_rho0","ECR","standard","bridge","lower","-0.692746413949521"
"1089","39","2","truemodel_G2_rho0","ECR","standard","bridge","lower","-0.692262302401744"
"1090","40","2","truemodel_G2_rho0","ECR","standard","bridge","lower","-0.691372348149407"
"1091","41","2","truemodel_G2_rho0","ECR","standard","bridge","lower","-0.6931681503821"
"1092","42","2","truemodel_G2_rho0","ECR","standard","bridge","lower","-0.69236800267074"
"1093","43","2","truemodel_G2_rho0","ECR","standard","bridge","lower","-0.692946568598437"
"1094","44","2","truemodel_G2_rho0","ECR","standard","bridge","lower","-0.692975079653856"
"1095","45","2","truemodel_G2_rho0","ECR","standard","bridge","lower","-0.693076647002798"
"1096","46","2","truemodel_G2_rho0","ECR","standard","bridge","lower","-0.692967861252548"
"1097","47","2","truemodel_G2_rho0","ECR","standard","bridge","lower","-0.693546422658713"
"1098","48","2","truemodel_G2_rho0","ECR","standard","bridge","lower","-0.693058561688595"
"1099","49","2","truemodel_G2_rho0","ECR","standard","bridge","lower","-0.69290885054744"
"1100","50","2","truemodel_G2_rho0","ECR","standard","bridge","lower","-0.693064126673661"
"1101","1","2","truemodel_G2_rho.5","ECR","standard","bridge","lower","-0.694010594043455"
"1102","2","2","truemodel_G2_rho.5","ECR","standard","bridge","lower","-0.693154827830952"
"1103","3","2","truemodel_G2_rho.5","ECR","standard","bridge","lower","-0.691593928031061"
"1104","4","2","truemodel_G2_rho.5","ECR","standard","bridge","lower","-0.691934663729178"
"1105","5","2","truemodel_G2_rho.5","ECR","standard","bridge","lower","-0.693277362057344"
"1106","6","2","truemodel_G2_rho.5","ECR","standard","bridge","lower","-0.69445697141672"
"1107","7","2","truemodel_G2_rho.5","ECR","standard","bridge","lower","-0.69324054880574"
"1108","8","2","truemodel_G2_rho.5","ECR","standard","bridge","lower","-0.691854397043784"
"1109","9","2","truemodel_G2_rho.5","ECR","standard","bridge","lower","-0.692324765056149"
"1110","10","2","truemodel_G2_rho.5","ECR","standard","bridge","lower","-0.690875832266165"
"1111","11","2","truemodel_G2_rho.5","ECR","standard","bridge","lower","-0.691797042807536"
"1112","12","2","truemodel_G2_rho.5","ECR","standard","bridge","lower","-0.69304382227476"
"1113","13","2","truemodel_G2_rho.5","ECR","standard","bridge","lower","-0.69220790345581"
"1114","14","2","truemodel_G2_rho.5","ECR","standard","bridge","lower","-0.692830279175077"
"1115","15","2","truemodel_G2_rho.5","ECR","standard","bridge","lower","-0.691974587158548"
"1116","16","2","truemodel_G2_rho.5","ECR","standard","bridge","lower","-0.692051220870859"
"1117","17","2","truemodel_G2_rho.5","ECR","standard","bridge","lower","-0.691431715494367"
"1118","18","2","truemodel_G2_rho.5","ECR","standard","bridge","lower","-0.691864139079044"
"1119","19","2","truemodel_G2_rho.5","ECR","standard","bridge","lower","-0.693498583158679"
"1120","20","2","truemodel_G2_rho.5","ECR","standard","bridge","lower","-0.692099456981438"
"1121","21","2","truemodel_G2_rho.5","ECR","standard","bridge","lower","-0.691436081220161"
"1122","22","2","truemodel_G2_rho.5","ECR","standard","bridge","lower","-0.69282655224216"
"1123","23","2","truemodel_G2_rho.5","ECR","standard","bridge","lower","-0.660683169871241"
"1124","24","2","truemodel_G2_rho.5","ECR","standard","bridge","lower","-0.692201177117212"
"1125","25","2","truemodel_G2_rho.5","ECR","standard","bridge","lower","-0.689898850165058"
"1126","26","2","truemodel_G2_rho.5","ECR","standard","bridge","lower","-0.692674054625591"
"1127","27","2","truemodel_G2_rho.5","ECR","standard","bridge","lower","-0.692694456349194"
"1128","28","2","truemodel_G2_rho.5","ECR","standard","bridge","lower","-0.692324983584278"
"1129","29","2","truemodel_G2_rho.5","ECR","standard","bridge","lower","-0.690467824714197"
"1130","30","2","truemodel_G2_rho.5","ECR","standard","bridge","lower","-0.69278203565878"
"1131","31","2","truemodel_G2_rho.5","ECR","standard","bridge","lower","-0.690446775681622"
"1132","32","2","truemodel_G2_rho.5","ECR","standard","bridge","lower","-0.678183588479968"
"1133","33","2","truemodel_G2_rho.5","ECR","standard","bridge","lower","-0.69284975457105"
"1134","34","2","truemodel_G2_rho.5","ECR","standard","bridge","lower","-0.693847023622403"
"1135","35","2","truemodel_G2_rho.5","ECR","standard","bridge","lower","-0.690179811612623"
"1136","36","2","truemodel_G2_rho.5","ECR","standard","bridge","lower","-0.692693832029846"
"1137","37","2","truemodel_G2_rho.5","ECR","standard","bridge","lower","-0.693101841479177"
"1138","38","2","truemodel_G2_rho.5","ECR","standard","bridge","lower","-0.693304181525399"
"1139","39","2","truemodel_G2_rho.5","ECR","standard","bridge","lower","-0.691962199177006"
"1140","40","2","truemodel_G2_rho.5","ECR","standard","bridge","lower","-0.692288759058272"
"1141","41","2","truemodel_G2_rho.5","ECR","standard","bridge","lower","-0.691961656565994"
"1142","42","2","truemodel_G2_rho.5","ECR","standard","bridge","lower","-0.691287480178119"
"1143","43","2","truemodel_G2_rho.5","ECR","standard","bridge","lower","-0.692368358858566"
"1144","44","2","truemodel_G2_rho.5","ECR","standard","bridge","lower","-0.693218127669816"
"1145","45","2","truemodel_G2_rho.5","ECR","standard","bridge","lower","-0.693215205211153"
"1146","46","2","truemodel_G2_rho.5","ECR","standard","bridge","lower","-0.692987331007117"
"1147","47","2","truemodel_G2_rho.5","ECR","standard","bridge","lower","-0.693145240483737"
"1148","48","2","truemodel_G2_rho.5","ECR","standard","bridge","lower","-0.693343748362913"
"1149","49","2","truemodel_G2_rho.5","ECR","standard","bridge","lower","-0.69261925521846"
"1150","50","2","truemodel_G2_rho.5","ECR","standard","bridge","lower","-0.692849231671943"
"1151","1","2","truemodel_G2_rho1","ECR","standard","bridge","lower","-0.680136361775887"
"1152","2","2","truemodel_G2_rho1","ECR","standard","bridge","lower","-0.66683427617135"
"1153","3","2","truemodel_G2_rho1","ECR","standard","bridge","lower","-0.66352793905353"
"1154","4","2","truemodel_G2_rho1","ECR","standard","bridge","lower","-0.690944097112045"
"1155","5","2","truemodel_G2_rho1","ECR","standard","bridge","lower","-0.370350707452605"
"1156","6","2","truemodel_G2_rho1","ECR","standard","bridge","lower","-0.6561016587086"
"1157","7","2","truemodel_G2_rho1","ECR","standard","bridge","lower","-0.693970030847353"
"1158","8","2","truemodel_G2_rho1","ECR","standard","bridge","lower","-0.688887721480398"
"1159","9","2","truemodel_G2_rho1","ECR","standard","bridge","lower","-0.690640987171911"
"1160","10","2","truemodel_G2_rho1","ECR","standard","bridge","lower","-0.666715089153293"
"1161","11","2","truemodel_G2_rho1","ECR","standard","bridge","lower","-0.612598135135432"
"1162","12","2","truemodel_G2_rho1","ECR","standard","bridge","lower","-0.602958311935549"
"1163","13","2","truemodel_G2_rho1","ECR","standard","bridge","lower","-0.34986863199958"
"1164","14","2","truemodel_G2_rho1","ECR","standard","bridge","lower","-0.667001660780745"
"1165","15","2","truemodel_G2_rho1","ECR","standard","bridge","lower","-0.682377421724713"
"1166","16","2","truemodel_G2_rho1","ECR","standard","bridge","lower","-0.687598692129917"
"1167","17","2","truemodel_G2_rho1","ECR","standard","bridge","lower","-0.690782165617627"
"1168","18","2","truemodel_G2_rho1","ECR","standard","bridge","lower","-0.680697533196252"
"1169","19","2","truemodel_G2_rho1","ECR","standard","bridge","lower","-0.672869495649305"
"1170","20","2","truemodel_G2_rho1","ECR","standard","bridge","lower","-0.68940260677844"
"1171","21","2","truemodel_G2_rho1","ECR","standard","bridge","lower","-0.688652665177784"
"1172","22","2","truemodel_G2_rho1","ECR","standard","bridge","lower","-0.607758635134577"
"1173","23","2","truemodel_G2_rho1","ECR","standard","bridge","lower","-0.339655963944061"
"1174","24","2","truemodel_G2_rho1","ECR","standard","bridge","lower","-0.507825849770793"
"1175","25","2","truemodel_G2_rho1","ECR","standard","bridge","lower","-0.417476769961691"
"1176","26","2","truemodel_G2_rho1","ECR","standard","bridge","lower","-0.636955723767905"
"1177","27","2","truemodel_G2_rho1","ECR","standard","bridge","lower","-0.679190184175113"
"1178","28","2","truemodel_G2_rho1","ECR","standard","bridge","lower","-0.608085891177311"
"1179","29","2","truemodel_G2_rho1","ECR","standard","bridge","lower","-0.690178824416968"
"1180","30","2","truemodel_G2_rho1","ECR","standard","bridge","lower","-0.662547103828562"
"1181","31","2","truemodel_G2_rho1","ECR","standard","bridge","lower","-0.574309212975873"
"1182","32","2","truemodel_G2_rho1","ECR","standard","bridge","lower","-0.357246806254917"
"1183","33","2","truemodel_G2_rho1","ECR","standard","bridge","lower","-0.689889045298123"
"1184","34","2","truemodel_G2_rho1","ECR","standard","bridge","lower","-0.675538729329194"
"1185","35","2","truemodel_G2_rho1","ECR","standard","bridge","lower","-0.587193048332605"
"1186","36","2","truemodel_G2_rho1","ECR","standard","bridge","lower","-0.679176468798648"
"1187","37","2","truemodel_G2_rho1","ECR","standard","bridge","lower","-0.685582048014147"
"1188","38","2","truemodel_G2_rho1","ECR","standard","bridge","lower","-0.688108923391372"
"1189","39","2","truemodel_G2_rho1","ECR","standard","bridge","lower","-0.687419726289843"
"1190","40","2","truemodel_G2_rho1","ECR","standard","bridge","lower","-0.688016892261931"
"1191","41","2","truemodel_G2_rho1","ECR","standard","bridge","lower","-0.686765671536556"
"1192","42","2","truemodel_G2_rho1","ECR","standard","bridge","lower","-0.591469103246553"
"1193","43","2","truemodel_G2_rho1","ECR","standard","bridge","lower","-0.626915846904829"
"1194","44","2","truemodel_G2_rho1","ECR","standard","bridge","lower","-0.677937021878861"
"1195","45","2","truemodel_G2_rho1","ECR","standard","bridge","lower","-0.684485491642128"
"1196","46","2","truemodel_G2_rho1","ECR","standard","bridge","lower","-0.680327979303804"
"1197","47","2","truemodel_G2_rho1","ECR","standard","bridge","lower","-0.570271503344472"
"1198","48","2","truemodel_G2_rho1","ECR","standard","bridge","lower","-0.683835525431377"
"1199","49","2","truemodel_G2_rho1","ECR","standard","bridge","lower","-0.688529802955522"
"1200","50","2","truemodel_G2_rho1","ECR","standard","bridge","lower","-0.644977285255848"
"1201","1","2","truemodel_G2_rho0","ECR","standard","standard","lower","-1.01353379719692"
"1202","2","2","truemodel_G2_rho0","ECR","standard","standard","lower","-1.07374118590273"
"1203","3","2","truemodel_G2_rho0","ECR","standard","standard","lower","-1.47547554208506"
"1204","4","2","truemodel_G2_rho0","ECR","standard","standard","lower","-1.13592172068113"
"1205","5","2","truemodel_G2_rho0","ECR","standard","standard","lower","-0.88309456712738"
"1206","6","2","truemodel_G2_rho0","ECR","standard","standard","lower","-1.05401717957462"
"1207","7","2","truemodel_G2_rho0","ECR","standard","standard","lower","-0.884250041809047"
"1208","8","2","truemodel_G2_rho0","ECR","standard","standard","lower","-0.98358389978069"
"1209","9","2","truemodel_G2_rho0","ECR","standard","standard","lower","-1.05237466103353"
"1210","10","2","truemodel_G2_rho0","ECR","standard","standard","lower","-1.46934136114274"
"1211","11","2","truemodel_G2_rho0","ECR","standard","standard","lower","-0.769033671036041"
"1212","12","2","truemodel_G2_rho0","ECR","standard","standard","lower","-1.55900764088923"
"1213","13","2","truemodel_G2_rho0","ECR","standard","standard","lower","-1.2523393645742"
"1214","14","2","truemodel_G2_rho0","ECR","standard","standard","lower","-1.13221862453612"
"1215","15","2","truemodel_G2_rho0","ECR","standard","standard","lower","-0.911540992474464"
"1216","16","2","truemodel_G2_rho0","ECR","standard","standard","lower","-0.825155571020957"
"1217","17","2","truemodel_G2_rho0","ECR","standard","standard","lower","-0.851856735980142"
"1218","18","2","truemodel_G2_rho0","ECR","standard","standard","lower","-0.930548654945795"
"1219","19","2","truemodel_G2_rho0","ECR","standard","standard","lower","-1.05051515762635"
"1220","20","2","truemodel_G2_rho0","ECR","standard","standard","lower","-0.84552464349467"
"1221","21","2","truemodel_G2_rho0","ECR","standard","standard","lower","-0.982460968604897"
"1222","22","2","truemodel_G2_rho0","ECR","standard","standard","lower","-1.0524833798933"
"1223","23","2","truemodel_G2_rho0","ECR","standard","standard","lower","-0.94277326416789"
"1224","24","2","truemodel_G2_rho0","ECR","standard","standard","lower","-0.914186510528502"
"1225","25","2","truemodel_G2_rho0","ECR","standard","standard","lower","-1.63641497918529"
"1226","26","2","truemodel_G2_rho0","ECR","standard","standard","lower","-0.816173187343743"
"1227","27","2","truemodel_G2_rho0","ECR","standard","standard","lower","-0.905826938056883"
"1228","28","2","truemodel_G2_rho0","ECR","standard","standard","lower","-0.930198663905166"
"1229","29","2","truemodel_G2_rho0","ECR","standard","standard","lower","-0.928844722019235"
"1230","30","2","truemodel_G2_rho0","ECR","standard","standard","lower","-1.24961537408078"
"1231","31","2","truemodel_G2_rho0","ECR","standard","standard","lower","-0.918473139044558"
"1232","32","2","truemodel_G2_rho0","ECR","standard","standard","lower","-0.954205018622773"
"1233","33","2","truemodel_G2_rho0","ECR","standard","standard","lower","-0.98733358315792"
"1234","34","2","truemodel_G2_rho0","ECR","standard","standard","lower","-1.40399066585547"
"1235","35","2","truemodel_G2_rho0","ECR","standard","standard","lower","-1.073790348818"
"1236","36","2","truemodel_G2_rho0","ECR","standard","standard","lower","-0.907418841943326"
"1237","37","2","truemodel_G2_rho0","ECR","standard","standard","lower","-1.0854011701419"
"1238","38","2","truemodel_G2_rho0","ECR","standard","standard","lower","-1.17281426824518"
"1239","39","2","truemodel_G2_rho0","ECR","standard","standard","lower","-0.958889113591056"
"1240","40","2","truemodel_G2_rho0","ECR","standard","standard","lower","-1.0933987133282"
"1241","41","2","truemodel_G2_rho0","ECR","standard","standard","lower","-0.88967359458249"
"1242","42","2","truemodel_G2_rho0","ECR","standard","standard","lower","-1.02341650210273"
"1243","43","2","truemodel_G2_rho0","ECR","standard","standard","lower","-1.21972053995936"
"1244","44","2","truemodel_G2_rho0","ECR","standard","standard","lower","-0.943610094822205"
"1245","45","2","truemodel_G2_rho0","ECR","standard","standard","lower","-1.09031595038486"
"1246","46","2","truemodel_G2_rho0","ECR","standard","standard","lower","-0.793575877406411"
"1247","47","2","truemodel_G2_rho0","ECR","standard","standard","lower","-1.03833985938941"
"1248","48","2","truemodel_G2_rho0","ECR","standard","standard","lower","-0.860519597093678"
"1249","49","2","truemodel_G2_rho0","ECR","standard","standard","lower","-0.855086939155939"
"1250","50","2","truemodel_G2_rho0","ECR","standard","standard","lower","-0.877782757564752"
"1251","1","2","truemodel_G2_rho.5","ECR","standard","standard","lower","-0.884408615433955"
"1252","2","2","truemodel_G2_rho.5","ECR","standard","standard","lower","-0.959317494232408"
"1253","3","2","truemodel_G2_rho.5","ECR","standard","standard","lower","-1.6633198830087"
"1254","4","2","truemodel_G2_rho.5","ECR","standard","standard","lower","-0.912623464140374"
"1255","5","2","truemodel_G2_rho.5","ECR","standard","standard","lower","-0.912562098682862"
"1256","6","2","truemodel_G2_rho.5","ECR","standard","standard","lower","-1.0296237020273"
"1257","7","2","truemodel_G2_rho.5","ECR","standard","standard","lower","-1.0359982316028"
"1258","8","2","truemodel_G2_rho.5","ECR","standard","standard","lower","-0.944786834408774"
"1259","9","2","truemodel_G2_rho.5","ECR","standard","standard","lower","-0.906961417165675"
"1260","10","2","truemodel_G2_rho.5","ECR","standard","standard","lower","-1.02526714645234"
"1261","11","2","truemodel_G2_rho.5","ECR","standard","standard","lower","-0.962291263336105"
"1262","12","2","truemodel_G2_rho.5","ECR","standard","standard","lower","-1.4255282207111"
"1263","13","2","truemodel_G2_rho.5","ECR","standard","standard","lower","-1.04064913387904"
"1264","14","2","truemodel_G2_rho.5","ECR","standard","standard","lower","-0.877261364726102"
"1265","15","2","truemodel_G2_rho.5","ECR","standard","standard","lower","-1.71391790655158"
"1266","16","2","truemodel_G2_rho.5","ECR","standard","standard","lower","-0.837371143821102"
"1267","17","2","truemodel_G2_rho.5","ECR","standard","standard","lower","-0.983969199897388"
"1268","18","2","truemodel_G2_rho.5","ECR","standard","standard","lower","-0.951614384242923"
"1269","19","2","truemodel_G2_rho.5","ECR","standard","standard","lower","-1.04408419399157"
"1270","20","2","truemodel_G2_rho.5","ECR","standard","standard","lower","-0.82047542095286"
"1271","21","2","truemodel_G2_rho.5","ECR","standard","standard","lower","-1.36353838016802"
"1272","22","2","truemodel_G2_rho.5","ECR","standard","standard","lower","-0.972332995404827"
"1273","23","2","truemodel_G2_rho.5","ECR","standard","standard","lower","-0.967445201356174"
"1274","24","2","truemodel_G2_rho.5","ECR","standard","standard","lower","-0.973492650810414"
"1275","25","2","truemodel_G2_rho.5","ECR","standard","standard","lower","-1.5939957108323"
"1276","26","2","truemodel_G2_rho.5","ECR","standard","standard","lower","-0.982078044036697"
"1277","27","2","truemodel_G2_rho.5","ECR","standard","standard","lower","-0.859867585910536"
"1278","28","2","truemodel_G2_rho.5","ECR","standard","standard","lower","-1.05451240025954"
"1279","29","2","truemodel_G2_rho.5","ECR","standard","standard","lower","-1.72101420120224"
"1280","30","2","truemodel_G2_rho.5","ECR","standard","standard","lower","-1.54212196527014"
"1281","31","2","truemodel_G2_rho.5","ECR","standard","standard","lower","-0.904902694196636"
"1282","32","2","truemodel_G2_rho.5","ECR","standard","standard","lower","-1.22736321801916"
"1283","33","2","truemodel_G2_rho.5","ECR","standard","standard","lower","-0.907873645780711"
"1284","34","2","truemodel_G2_rho.5","ECR","standard","standard","lower","-1.07295019844649"
"1285","35","2","truemodel_G2_rho.5","ECR","standard","standard","lower","-0.981648523907886"
"1286","36","2","truemodel_G2_rho.5","ECR","standard","standard","lower","-0.877296984331352"
"1287","37","2","truemodel_G2_rho.5","ECR","standard","standard","lower","-1.09378088149403"
"1288","38","2","truemodel_G2_rho.5","ECR","standard","standard","lower","-1.01952071986133"
"1289","39","2","truemodel_G2_rho.5","ECR","standard","standard","lower","-0.873192531077109"
"1290","40","2","truemodel_G2_rho.5","ECR","standard","standard","lower","-1.05003699703682"
"1291","41","2","truemodel_G2_rho.5","ECR","standard","standard","lower","-0.834848788026704"
"1292","42","2","truemodel_G2_rho.5","ECR","standard","standard","lower","-0.988659155759024"
"1293","43","2","truemodel_G2_rho.5","ECR","standard","standard","lower","-1.00861089815886"
"1294","44","2","truemodel_G2_rho.5","ECR","standard","standard","lower","-0.934921543986952"
"1295","45","2","truemodel_G2_rho.5","ECR","standard","standard","lower","-1.07147677115432"
"1296","46","2","truemodel_G2_rho.5","ECR","standard","standard","lower","-0.813809918890342"
"1297","47","2","truemodel_G2_rho.5","ECR","standard","standard","lower","-1.57548707800937"
"1298","48","2","truemodel_G2_rho.5","ECR","standard","standard","lower","-1.09982194149165"
"1299","49","2","truemodel_G2_rho.5","ECR","standard","standard","lower","-0.780680303262208"
"1300","50","2","truemodel_G2_rho.5","ECR","standard","standard","lower","-1.10221146148124"
"1301","1","2","truemodel_G2_rho1","ECR","standard","standard","lower","-0.909365174397031"
"1302","2","2","truemodel_G2_rho1","ECR","standard","standard","lower","-1.03303733674122"
"1303","3","2","truemodel_G2_rho1","ECR","standard","standard","lower","-0.879348576866025"
"1304","4","2","truemodel_G2_rho1","ECR","standard","standard","lower","-1.01477653929089"
"1305","5","2","truemodel_G2_rho1","ECR","standard","standard","lower","-1.24542350009618"
"1306","6","2","truemodel_G2_rho1","ECR","standard","standard","lower","-1.0841378160963"
"1307","7","2","truemodel_G2_rho1","ECR","standard","standard","lower","-0.967061971935358"
"1308","8","2","truemodel_G2_rho1","ECR","standard","standard","lower","-0.891631248954575"
"1309","9","2","truemodel_G2_rho1","ECR","standard","standard","lower","-0.878380865915759"
"1310","10","2","truemodel_G2_rho1","ECR","standard","standard","lower","-1.16901302003412"
"1311","11","2","truemodel_G2_rho1","ECR","standard","standard","lower","-0.943049097599658"
"1312","12","2","truemodel_G2_rho1","ECR","standard","standard","lower","-1.57484808263398"
"1313","13","2","truemodel_G2_rho1","ECR","standard","standard","lower","-0.346070638467562"
"1314","14","2","truemodel_G2_rho1","ECR","standard","standard","lower","-1.07114203132463"
"1315","15","2","truemodel_G2_rho1","ECR","standard","standard","lower","-1.06786697965502"
"1316","16","2","truemodel_G2_rho1","ECR","standard","standard","lower","-1.48031725822867"
"1317","17","2","truemodel_G2_rho1","ECR","standard","standard","lower","-0.861629983609802"
"1318","18","2","truemodel_G2_rho1","ECR","standard","standard","lower","-1.03628437939396"
"1319","19","2","truemodel_G2_rho1","ECR","standard","standard","lower","-0.851316447298608"
"1320","20","2","truemodel_G2_rho1","ECR","standard","standard","lower","-1.0787791474628"
"1321","21","2","truemodel_G2_rho1","ECR","standard","standard","lower","-1.40687537379466"
"1322","22","2","truemodel_G2_rho1","ECR","standard","standard","lower","-1.10172168738141"
"1323","23","2","truemodel_G2_rho1","ECR","standard","standard","lower","-0.472729703026012"
"1324","24","2","truemodel_G2_rho1","ECR","standard","standard","lower","-0.751797843703553"
"1325","25","2","truemodel_G2_rho1","ECR","standard","standard","lower","-0.47587357830902"
"1326","26","2","truemodel_G2_rho1","ECR","standard","standard","lower","-1.02157253006213"
"1327","27","2","truemodel_G2_rho1","ECR","standard","standard","lower","-0.753972330035943"
"1328","28","2","truemodel_G2_rho1","ECR","standard","standard","lower","-0.938595304945075"
"1329","29","2","truemodel_G2_rho1","ECR","standard","standard","lower","-0.93596987010315"
"1330","30","2","truemodel_G2_rho1","ECR","standard","standard","lower","-0.918578071222054"
"1331","31","2","truemodel_G2_rho1","ECR","standard","standard","lower","-0.895646954560505"
"1332","32","2","truemodel_G2_rho1","ECR","standard","standard","lower","-0.461711550387385"
"1333","33","2","truemodel_G2_rho1","ECR","standard","standard","lower","-0.99878253086947"
"1334","34","2","truemodel_G2_rho1","ECR","standard","standard","lower","-1.40734260023079"
"1335","35","2","truemodel_G2_rho1","ECR","standard","standard","lower","-1.06092990466037"
"1336","36","2","truemodel_G2_rho1","ECR","standard","standard","lower","-0.975420425841499"
"1337","37","2","truemodel_G2_rho1","ECR","standard","standard","lower","-0.892042199514243"
"1338","38","2","truemodel_G2_rho1","ECR","standard","standard","lower","-1.10908904519424"
"1339","39","2","truemodel_G2_rho1","ECR","standard","standard","lower","-0.833473214827514"
"1340","40","2","truemodel_G2_rho1","ECR","standard","standard","lower","-0.993247476601987"
"1341","41","2","truemodel_G2_rho1","ECR","standard","standard","lower","-0.790473216622875"
"1342","42","2","truemodel_G2_rho1","ECR","standard","standard","lower","-1.04716850226091"
"1343","43","2","truemodel_G2_rho1","ECR","standard","standard","lower","-0.945353212530136"
"1344","44","2","truemodel_G2_rho1","ECR","standard","standard","lower","-0.8087135856914"
"1345","45","2","truemodel_G2_rho1","ECR","standard","standard","lower","-0.822870201512693"
"1346","46","2","truemodel_G2_rho1","ECR","standard","standard","lower","-1.1032600842405"
"1347","47","2","truemodel_G2_rho1","ECR","standard","standard","lower","-0.98133314621602"
"1348","48","2","truemodel_G2_rho1","ECR","standard","standard","lower","-0.823737380329256"
"1349","49","2","truemodel_G2_rho1","ECR","standard","standard","lower","-1.01306294922026"
"1350","50","2","truemodel_G2_rho1","ECR","standard","standard","lower","-0.892340641856073"
"1351","1","2","truemodel_G2_rho0","ECR","standard","simple","logcor","-1.71147063799925"
"1352","2","2","truemodel_G2_rho0","ECR","standard","simple","logcor","-1.54411844631346"
"1353","3","2","truemodel_G2_rho0","ECR","standard","simple","logcor","-1.49744941048605"
"1354","4","2","truemodel_G2_rho0","ECR","standard","simple","logcor","-1.88190301908102"
"1355","5","2","truemodel_G2_rho0","ECR","standard","simple","logcor","-1.67344324241001"
"1356","6","2","truemodel_G2_rho0","ECR","standard","simple","logcor","-1.85725845146075"
"1357","7","2","truemodel_G2_rho0","ECR","standard","simple","logcor","-1.71981096991547"
"1358","8","2","truemodel_G2_rho0","ECR","standard","simple","logcor","-1.83070821936663"
"1359","9","2","truemodel_G2_rho0","ECR","standard","simple","logcor","-1.50013517754365"
"1360","10","2","truemodel_G2_rho0","ECR","standard","simple","logcor","-1.63629536660398"
"1361","11","2","truemodel_G2_rho0","ECR","standard","simple","logcor","-1.49923912013602"
"1362","12","2","truemodel_G2_rho0","ECR","standard","simple","logcor","-1.8382223436384"
"1363","13","2","truemodel_G2_rho0","ECR","standard","simple","logcor","-1.81216627900572"
"1364","14","2","truemodel_G2_rho0","ECR","standard","simple","logcor","-1.51231120170338"
"1365","15","2","truemodel_G2_rho0","ECR","standard","simple","logcor","-1.86497553155931"
"1366","16","2","truemodel_G2_rho0","ECR","standard","simple","logcor","-1.37713642333512"
"1367","17","2","truemodel_G2_rho0","ECR","standard","simple","logcor","-1.82635091399767"
"1368","18","2","truemodel_G2_rho0","ECR","standard","simple","logcor","-1.72934820910666"
"1369","19","2","truemodel_G2_rho0","ECR","standard","simple","logcor","-1.60445037092306"
"1370","20","2","truemodel_G2_rho0","ECR","standard","simple","logcor","-1.5469327070827"
"1371","21","2","truemodel_G2_rho0","ECR","standard","simple","logcor","-1.86885651961302"
"1372","22","2","truemodel_G2_rho0","ECR","standard","simple","logcor","-1.90515215658315"
"1373","23","2","truemodel_G2_rho0","ECR","standard","simple","logcor","-1.84263179960181"
"1374","24","2","truemodel_G2_rho0","ECR","standard","simple","logcor","-1.48324588719634"
"1375","25","2","truemodel_G2_rho0","ECR","standard","simple","logcor","-1.25596809944432"
"1376","26","2","truemodel_G2_rho0","ECR","standard","simple","logcor","-1.83195665897947"
"1377","27","2","truemodel_G2_rho0","ECR","standard","simple","logcor","-1.64610189680569"
"1378","28","2","truemodel_G2_rho0","ECR","standard","simple","logcor","-1.64973920920763"
"1379","29","2","truemodel_G2_rho0","ECR","standard","simple","logcor","-1.92964317659144"
"1380","30","2","truemodel_G2_rho0","ECR","standard","simple","logcor","-1.7561992938295"
"1381","31","2","truemodel_G2_rho0","ECR","standard","simple","logcor","-1.32764816568716"
"1382","32","2","truemodel_G2_rho0","ECR","standard","simple","logcor","-1.83070821936663"
"1383","33","2","truemodel_G2_rho0","ECR","standard","simple","logcor","-1.75042560573508"
"1384","34","2","truemodel_G2_rho0","ECR","standard","simple","logcor","-1.51185758409524"
"1385","35","2","truemodel_G2_rho0","ECR","standard","simple","logcor","-1.21435989721242"
"1386","36","2","truemodel_G2_rho0","ECR","standard","simple","logcor","-1.79456339656079"
"1387","37","2","truemodel_G2_rho0","ECR","standard","simple","logcor","-1.88650980577387"
"1388","38","2","truemodel_G2_rho0","ECR","standard","simple","logcor","-1.53711725085447"
"1389","39","2","truemodel_G2_rho0","ECR","standard","simple","logcor","-1.44987334276276"
"1390","40","2","truemodel_G2_rho0","ECR","standard","simple","logcor","-1.53758247533367"
"1391","41","2","truemodel_G2_rho0","ECR","standard","simple","logcor","-1.74697732645616"
"1392","42","2","truemodel_G2_rho0","ECR","standard","simple","logcor","-1.45628773294043"
"1393","43","2","truemodel_G2_rho0","ECR","standard","simple","logcor","-1.72036947314138"
"1394","44","2","truemodel_G2_rho0","ECR","standard","simple","logcor","-1.68254638425474"
"1395","45","2","truemodel_G2_rho0","ECR","standard","simple","logcor","-1.38110783443259"
"1396","46","2","truemodel_G2_rho0","ECR","standard","simple","logcor","-1.79215954924939"
"1397","47","2","truemodel_G2_rho0","ECR","standard","simple","logcor","-1.62404406482346"
"1398","48","2","truemodel_G2_rho0","ECR","standard","simple","logcor","-1.78022623341438"
"1399","49","2","truemodel_G2_rho0","ECR","standard","simple","logcor","-1.69608571915977"
"1400","50","2","truemodel_G2_rho0","ECR","standard","simple","logcor","-1.70100510595959"
"1401","1","2","truemodel_G2_rho.5","ECR","standard","simple","logcor","-1.83948020543947"
"1402","2","2","truemodel_G2_rho.5","ECR","standard","simple","logcor","-1.58767642065259"
"1403","3","2","truemodel_G2_rho.5","ECR","standard","simple","logcor","-1.63732311592364"
"1404","4","2","truemodel_G2_rho.5","ECR","standard","simple","logcor","-1.6332184410995"
"1405","5","2","truemodel_G2_rho.5","ECR","standard","simple","logcor","-1.85087273372056"
"1406","6","2","truemodel_G2_rho.5","ECR","standard","simple","logcor","-1.93586081320231"
"1407","7","2","truemodel_G2_rho.5","ECR","standard","simple","logcor","-1.50327771660571"
"1408","8","2","truemodel_G2_rho.5","ECR","standard","simple","logcor","-1.75504188629289"
"1409","9","2","truemodel_G2_rho.5","ECR","standard","simple","logcor","-1.8269722249838"
"1410","10","2","truemodel_G2_rho.5","ECR","standard","simple","logcor","-1.58816577715856"
"1411","11","2","truemodel_G2_rho.5","ECR","standard","simple","logcor","-1.53804791634743"
"1412","12","2","truemodel_G2_rho.5","ECR","standard","simple","logcor","-1.73613556548006"
"1413","13","2","truemodel_G2_rho.5","ECR","standard","simple","logcor","-1.96254779020834"
"1414","14","2","truemodel_G2_rho.5","ECR","standard","simple","logcor","-1.8944568674664"
"1415","15","2","truemodel_G2_rho.5","ECR","standard","simple","logcor","-1.83696606206613"
"1416","16","2","truemodel_G2_rho.5","ECR","standard","simple","logcor","-1.70319929224857"
"1417","17","2","truemodel_G2_rho.5","ECR","standard","simple","logcor","-1.89711998488588"
"1418","18","2","truemodel_G2_rho.5","ECR","standard","simple","logcor","-1.91054300521802"
"1419","19","2","truemodel_G2_rho.5","ECR","standard","simple","logcor","-1.52096926444649"
"1420","20","2","truemodel_G2_rho.5","ECR","standard","simple","logcor","-1.85533845087093"
"1421","21","2","truemodel_G2_rho.5","ECR","standard","simple","logcor","-1.55684546231493"
"1422","22","2","truemodel_G2_rho.5","ECR","standard","simple","logcor","-1.8623965488275"
"1423","23","2","truemodel_G2_rho.5","ECR","standard","simple","logcor","-2.14729220858801"
"1424","24","2","truemodel_G2_rho.5","ECR","standard","simple","logcor","-1.55589714550607"
"1425","25","2","truemodel_G2_rho.5","ECR","standard","simple","logcor","-1.8957875396521"
"1426","26","2","truemodel_G2_rho.5","ECR","standard","simple","logcor","-1.85342212962016"
"1427","27","2","truemodel_G2_rho.5","ECR","standard","simple","logcor","-1.74755121456373"
"1428","28","2","truemodel_G2_rho.5","ECR","standard","simple","logcor","-1.68739945390381"
"1429","29","2","truemodel_G2_rho.5","ECR","standard","simple","logcor","-1.87535849310437"
"1430","30","2","truemodel_G2_rho.5","ECR","standard","simple","logcor","-1.66495062236436"
"1431","31","2","truemodel_G2_rho.5","ECR","standard","simple","logcor","-1.88255983355455"
"1432","32","2","truemodel_G2_rho.5","ECR","standard","simple","logcor","-2.17683388768849"
"1433","33","2","truemodel_G2_rho.5","ECR","standard","simple","logcor","-1.71925277844131"
"1434","34","2","truemodel_G2_rho.5","ECR","standard","simple","logcor","-1.90851802983825"
"1435","35","2","truemodel_G2_rho.5","ECR","standard","simple","logcor","-1.94281494414801"
"1436","36","2","truemodel_G2_rho.5","ECR","standard","simple","logcor","-1.79275996956164"
"1437","37","2","truemodel_G2_rho.5","ECR","standard","simple","logcor","-1.88981340970344"
"1438","38","2","truemodel_G2_rho.5","ECR","standard","simple","logcor","-1.43254774563735"
"1439","39","2","truemodel_G2_rho.5","ECR","standard","simple","logcor","-1.69064796785964"
"1440","40","2","truemodel_G2_rho.5","ECR","standard","simple","logcor","-1.80241604941658"
"1441","41","2","truemodel_G2_rho.5","ECR","standard","simple","logcor","-1.82448929385097"
"1442","42","2","truemodel_G2_rho.5","ECR","standard","simple","logcor","-1.8578992717326"
"1443","43","2","truemodel_G2_rho.5","ECR","standard","simple","logcor","-1.69826912614072"
"1444","44","2","truemodel_G2_rho.5","ECR","standard","simple","logcor","-1.68200860526894"
"1445","45","2","truemodel_G2_rho.5","ECR","standard","simple","logcor","-1.41923086136616"
"1446","46","2","truemodel_G2_rho.5","ECR","standard","simple","logcor","-1.64299469596294"
"1447","47","2","truemodel_G2_rho.5","ECR","standard","simple","logcor","-1.75504188629289"
"1448","48","2","truemodel_G2_rho.5","ECR","standard","simple","logcor","-1.89979021344176"
"1449","49","2","truemodel_G2_rho.5","ECR","standard","simple","logcor","-1.65025990695436"
"1450","50","2","truemodel_G2_rho.5","ECR","standard","simple","logcor","-1.88453286938041"
"1451","1","2","truemodel_G2_rho1","ECR","standard","simple","logcor","-1.4679383501604"
"1452","2","2","truemodel_G2_rho1","ECR","standard","simple","logcor","-0.859201764890028"
"1453","3","2","truemodel_G2_rho1","ECR","standard","simple","logcor","-1.08737565674212"
"1454","4","2","truemodel_G2_rho1","ECR","standard","simple","logcor","-1.90784394824886"
"1455","5","2","truemodel_G2_rho1","ECR","standard","simple","logcor","-1.40445833174756"
"1456","6","2","truemodel_G2_rho1","ECR","standard","simple","logcor","-1.89979021344176"
"1457","7","2","truemodel_G2_rho1","ECR","standard","simple","logcor","-1.8420006856648"
"1458","8","2","truemodel_G2_rho1","ECR","standard","simple","logcor","-1.8420006856648"
"1459","9","2","truemodel_G2_rho1","ECR","standard","simple","logcor","-1.930332119092"
"1460","10","2","truemodel_G2_rho1","ECR","standard","simple","logcor","-1.88059068293467"
"1461","11","2","truemodel_G2_rho1","ECR","standard","simple","logcor","-0.92256034488775"
"1462","12","2","truemodel_G2_rho1","ECR","standard","simple","logcor","-0.929122710689533"
"1463","13","2","truemodel_G2_rho1","ECR","standard","simple","logcor","-2.0091694886945"
"1464","14","2","truemodel_G2_rho1","ECR","standard","simple","logcor","-1.42295834549148"
"1465","15","2","truemodel_G2_rho1","ECR","standard","simple","logcor","-1.41840441503812"
"1466","16","2","truemodel_G2_rho1","ECR","standard","simple","logcor","-1.71535413802565"
"1467","17","2","truemodel_G2_rho1","ECR","standard","simple","logcor","-1.81646208186843"
"1468","18","2","truemodel_G2_rho1","ECR","standard","simple","logcor","-1.88321707971689"
"1469","19","2","truemodel_G2_rho1","ECR","standard","simple","logcor","-1.82821600623867"
"1470","20","2","truemodel_G2_rho1","ECR","standard","simple","logcor","-1.86175284104859"
"1471","21","2","truemodel_G2_rho1","ECR","standard","simple","logcor","-1.86950481785291"
"1472","22","2","truemodel_G2_rho1","ECR","standard","simple","logcor","-0.886974677540102"
"1473","23","2","truemodel_G2_rho1","ECR","standard","simple","logcor","-1.01335244471729"
"1474","24","2","truemodel_G2_rho1","ECR","standard","simple","logcor","-1.29353288103858"
"1475","25","2","truemodel_G2_rho1","ECR","standard","simple","logcor","-0.950106080368886"
"1476","26","2","truemodel_G2_rho1","ECR","standard","simple","logcor","-0.993171776210113"
"1477","27","2","truemodel_G2_rho1","ECR","standard","simple","logcor","-1.01721665046412"
"1478","28","2","truemodel_G2_rho1","ECR","standard","simple","logcor","-2.05416373449557"
"1479","29","2","truemodel_G2_rho1","ECR","standard","simple","logcor","-1.58963528513792"
"1480","30","2","truemodel_G2_rho1","ECR","standard","simple","logcor","-1.8496004689179"
"1481","31","2","truemodel_G2_rho1","ECR","standard","simple","logcor","-1.74869997976761"
"1482","32","2","truemodel_G2_rho1","ECR","standard","simple","logcor","-1.05411704878156"
"1483","33","2","truemodel_G2_rho1","ECR","standard","simple","logcor","-1.50688132410901"
"1484","34","2","truemodel_G2_rho1","ECR","standard","simple","logcor","-1.97256218005274"
"1485","35","2","truemodel_G2_rho1","ECR","standard","simple","logcor","-2.06356819252355"
"1486","36","2","truemodel_G2_rho1","ECR","standard","simple","logcor","-1.96825801271922"
"1487","37","2","truemodel_G2_rho1","ECR","standard","simple","logcor","-2.13199879241851"
"1488","38","2","truemodel_G2_rho1","ECR","standard","simple","logcor","-1.15106414867053"
"1489","39","2","truemodel_G2_rho1","ECR","standard","simple","logcor","-1.81033085481349"
"1490","40","2","truemodel_G2_rho1","ECR","standard","simple","logcor","-1.93933183369519"
"1491","41","2","truemodel_G2_rho1","ECR","standard","simple","logcor","-1.72428775411304"
"1492","42","2","truemodel_G2_rho1","ECR","standard","simple","logcor","-2.14302052332271"
"1493","43","2","truemodel_G2_rho1","ECR","standard","simple","logcor","-2.06120877341878"
"1494","44","2","truemodel_G2_rho1","ECR","standard","simple","logcor","-1.93447577142965"
"1495","45","2","truemodel_G2_rho1","ECR","standard","simple","logcor","-1.49343423667779"
"1496","46","2","truemodel_G2_rho1","ECR","standard","simple","logcor","-2.00619107994024"
"1497","47","2","truemodel_G2_rho1","ECR","standard","simple","logcor","-1.51640304646691"
"1498","48","2","truemodel_G2_rho1","ECR","standard","simple","logcor","-1.92141267745493"
"1499","49","2","truemodel_G2_rho1","ECR","standard","simple","logcor","-1.74697732645616"
"1500","50","2","truemodel_G2_rho1","ECR","standard","simple","logcor","-1.25842899012199"
"1501","1","2","truemodel_G2_rho0","ECR","standard","bridge","logcor","Inf"
"1502","2","2","truemodel_G2_rho0","ECR","standard","bridge","logcor","Inf"
"1503","3","2","truemodel_G2_rho0","ECR","standard","bridge","logcor","Inf"
"1504","4","2","truemodel_G2_rho0","ECR","standard","bridge","logcor","Inf"
"1505","5","2","truemodel_G2_rho0","ECR","standard","bridge","logcor","Inf"
"1506","6","2","truemodel_G2_rho0","ECR","standard","bridge","logcor","Inf"
"1507","7","2","truemodel_G2_rho0","ECR","standard","bridge","logcor","Inf"
"1508","8","2","truemodel_G2_rho0","ECR","standard","bridge","logcor","Inf"
"1509","9","2","truemodel_G2_rho0","ECR","standard","bridge","logcor","Inf"
"1510","10","2","truemodel_G2_rho0","ECR","standard","bridge","logcor","Inf"
"1511","11","2","truemodel_G2_rho0","ECR","standard","bridge","logcor","Inf"
"1512","12","2","truemodel_G2_rho0","ECR","standard","bridge","logcor","Inf"
"1513","13","2","truemodel_G2_rho0","ECR","standard","bridge","logcor","Inf"
"1514","14","2","truemodel_G2_rho0","ECR","standard","bridge","logcor","Inf"
"1515","15","2","truemodel_G2_rho0","ECR","standard","bridge","logcor","Inf"
"1516","16","2","truemodel_G2_rho0","ECR","standard","bridge","logcor","Inf"
"1517","17","2","truemodel_G2_rho0","ECR","standard","bridge","logcor","Inf"
"1518","18","2","truemodel_G2_rho0","ECR","standard","bridge","logcor","Inf"
"1519","19","2","truemodel_G2_rho0","ECR","standard","bridge","logcor","Inf"
"1520","20","2","truemodel_G2_rho0","ECR","standard","bridge","logcor","Inf"
"1521","21","2","truemodel_G2_rho0","ECR","standard","bridge","logcor","Inf"
"1522","22","2","truemodel_G2_rho0","ECR","standard","bridge","logcor","Inf"
"1523","23","2","truemodel_G2_rho0","ECR","standard","bridge","logcor","Inf"
"1524","24","2","truemodel_G2_rho0","ECR","standard","bridge","logcor","Inf"
"1525","25","2","truemodel_G2_rho0","ECR","standard","bridge","logcor","Inf"
"1526","26","2","truemodel_G2_rho0","ECR","standard","bridge","logcor","Inf"
"1527","27","2","truemodel_G2_rho0","ECR","standard","bridge","logcor","Inf"
"1528","28","2","truemodel_G2_rho0","ECR","standard","bridge","logcor","Inf"
"1529","29","2","truemodel_G2_rho0","ECR","standard","bridge","logcor","Inf"
"1530","30","2","truemodel_G2_rho0","ECR","standard","bridge","logcor","Inf"
"1531","31","2","truemodel_G2_rho0","ECR","standard","bridge","logcor","Inf"
"1532","32","2","truemodel_G2_rho0","ECR","standard","bridge","logcor","Inf"
"1533","33","2","truemodel_G2_rho0","ECR","standard","bridge","logcor","Inf"
"1534","34","2","truemodel_G2_rho0","ECR","standard","bridge","logcor","Inf"
"1535","35","2","truemodel_G2_rho0","ECR","standard","bridge","logcor","Inf"
"1536","36","2","truemodel_G2_rho0","ECR","standard","bridge","logcor","Inf"
"1537","37","2","truemodel_G2_rho0","ECR","standard","bridge","logcor","Inf"
"1538","38","2","truemodel_G2_rho0","ECR","standard","bridge","logcor","Inf"
"1539","39","2","truemodel_G2_rho0","ECR","standard","bridge","logcor","Inf"
"1540","40","2","truemodel_G2_rho0","ECR","standard","bridge","logcor","Inf"
"1541","41","2","truemodel_G2_rho0","ECR","standard","bridge","logcor","Inf"
"1542","42","2","truemodel_G2_rho0","ECR","standard","bridge","logcor","Inf"
"1543","43","2","truemodel_G2_rho0","ECR","standard","bridge","logcor","Inf"
"1544","44","2","truemodel_G2_rho0","ECR","standard","bridge","logcor","Inf"
"1545","45","2","truemodel_G2_rho0","ECR","standard","bridge","logcor","Inf"
"1546","46","2","truemodel_G2_rho0","ECR","standard","bridge","logcor","Inf"
"1547","47","2","truemodel_G2_rho0","ECR","standard","bridge","logcor","Inf"
"1548","48","2","truemodel_G2_rho0","ECR","standard","bridge","logcor","Inf"
"1549","49","2","truemodel_G2_rho0","ECR","standard","bridge","logcor","Inf"
"1550","50","2","truemodel_G2_rho0","ECR","standard","bridge","logcor","Inf"
"1551","1","2","truemodel_G2_rho.5","ECR","standard","bridge","logcor","Inf"
"1552","2","2","truemodel_G2_rho.5","ECR","standard","bridge","logcor","Inf"
"1553","3","2","truemodel_G2_rho.5","ECR","standard","bridge","logcor","Inf"
"1554","4","2","truemodel_G2_rho.5","ECR","standard","bridge","logcor","Inf"
"1555","5","2","truemodel_G2_rho.5","ECR","standard","bridge","logcor","Inf"
"1556","6","2","truemodel_G2_rho.5","ECR","standard","bridge","logcor","Inf"
"1557","7","2","truemodel_G2_rho.5","ECR","standard","bridge","logcor","Inf"
"1558","8","2","truemodel_G2_rho.5","ECR","standard","bridge","logcor","Inf"
"1559","9","2","truemodel_G2_rho.5","ECR","standard","bridge","logcor","Inf"
"1560","10","2","truemodel_G2_rho.5","ECR","standard","bridge","logcor","Inf"
"1561","11","2","truemodel_G2_rho.5","ECR","standard","bridge","logcor","Inf"
"1562","12","2","truemodel_G2_rho.5","ECR","standard","bridge","logcor","Inf"
"1563","13","2","truemodel_G2_rho.5","ECR","standard","bridge","logcor","Inf"
"1564","14","2","truemodel_G2_rho.5","ECR","standard","bridge","logcor","Inf"
"1565","15","2","truemodel_G2_rho.5","ECR","standard","bridge","logcor","Inf"
"1566","16","2","truemodel_G2_rho.5","ECR","standard","bridge","logcor","Inf"
"1567","17","2","truemodel_G2_rho.5","ECR","standard","bridge","logcor","Inf"
"1568","18","2","truemodel_G2_rho.5","ECR","standard","bridge","logcor","Inf"
"1569","19","2","truemodel_G2_rho.5","ECR","standard","bridge","logcor","Inf"
"1570","20","2","truemodel_G2_rho.5","ECR","standard","bridge","logcor","Inf"
"1571","21","2","truemodel_G2_rho.5","ECR","standard","bridge","logcor","Inf"
"1572","22","2","truemodel_G2_rho.5","ECR","standard","bridge","logcor","Inf"
"1573","23","2","truemodel_G2_rho.5","ECR","standard","bridge","logcor","Inf"
"1574","24","2","truemodel_G2_rho.5","ECR","standard","bridge","logcor","Inf"
"1575","25","2","truemodel_G2_rho.5","ECR","standard","bridge","logcor","Inf"
"1576","26","2","truemodel_G2_rho.5","ECR","standard","bridge","logcor","Inf"
"1577","27","2","truemodel_G2_rho.5","ECR","standard","bridge","logcor","Inf"
"1578","28","2","truemodel_G2_rho.5","ECR","standard","bridge","logcor","Inf"
"1579","29","2","truemodel_G2_rho.5","ECR","standard","bridge","logcor","Inf"
"1580","30","2","truemodel_G2_rho.5","ECR","standard","bridge","logcor","Inf"
"1581","31","2","truemodel_G2_rho.5","ECR","standard","bridge","logcor","Inf"
"1582","32","2","truemodel_G2_rho.5","ECR","standard","bridge","logcor","Inf"
"1583","33","2","truemodel_G2_rho.5","ECR","standard","bridge","logcor","Inf"
"1584","34","2","truemodel_G2_rho.5","ECR","standard","bridge","logcor","Inf"
"1585","35","2","truemodel_G2_rho.5","ECR","standard","bridge","logcor","Inf"
"1586","36","2","truemodel_G2_rho.5","ECR","standard","bridge","logcor","Inf"
"1587","37","2","truemodel_G2_rho.5","ECR","standard","bridge","logcor","Inf"
"1588","38","2","truemodel_G2_rho.5","ECR","standard","bridge","logcor","Inf"
"1589","39","2","truemodel_G2_rho.5","ECR","standard","bridge","logcor","Inf"
"1590","40","2","truemodel_G2_rho.5","ECR","standard","bridge","logcor","Inf"
"1591","41","2","truemodel_G2_rho.5","ECR","standard","bridge","logcor","Inf"
"1592","42","2","truemodel_G2_rho.5","ECR","standard","bridge","logcor","Inf"
"1593","43","2","truemodel_G2_rho.5","ECR","standard","bridge","logcor","Inf"
"1594","44","2","truemodel_G2_rho.5","ECR","standard","bridge","logcor","Inf"
"1595","45","2","truemodel_G2_rho.5","ECR","standard","bridge","logcor","Inf"
"1596","46","2","truemodel_G2_rho.5","ECR","standard","bridge","logcor","Inf"
"1597","47","2","truemodel_G2_rho.5","ECR","standard","bridge","logcor","Inf"
"1598","48","2","truemodel_G2_rho.5","ECR","standard","bridge","logcor","Inf"
"1599","49","2","truemodel_G2_rho.5","ECR","standard","bridge","logcor","Inf"
"1600","50","2","truemodel_G2_rho.5","ECR","standard","bridge","logcor","Inf"
"1601","1","2","truemodel_G2_rho1","ECR","standard","bridge","logcor","Inf"
"1602","2","2","truemodel_G2_rho1","ECR","standard","bridge","logcor","Inf"
"1603","3","2","truemodel_G2_rho1","ECR","standard","bridge","logcor","Inf"
"1604","4","2","truemodel_G2_rho1","ECR","standard","bridge","logcor","Inf"
"1605","5","2","truemodel_G2_rho1","ECR","standard","bridge","logcor","Inf"
"1606","6","2","truemodel_G2_rho1","ECR","standard","bridge","logcor","Inf"
"1607","7","2","truemodel_G2_rho1","ECR","standard","bridge","logcor","Inf"
"1608","8","2","truemodel_G2_rho1","ECR","standard","bridge","logcor","Inf"
"1609","9","2","truemodel_G2_rho1","ECR","standard","bridge","logcor","Inf"
"1610","10","2","truemodel_G2_rho1","ECR","standard","bridge","logcor","Inf"
"1611","11","2","truemodel_G2_rho1","ECR","standard","bridge","logcor","Inf"
"1612","12","2","truemodel_G2_rho1","ECR","standard","bridge","logcor","Inf"
"1613","13","2","truemodel_G2_rho1","ECR","standard","bridge","logcor","Inf"
"1614","14","2","truemodel_G2_rho1","ECR","standard","bridge","logcor","Inf"
"1615","15","2","truemodel_G2_rho1","ECR","standard","bridge","logcor","Inf"
"1616","16","2","truemodel_G2_rho1","ECR","standard","bridge","logcor","Inf"
"1617","17","2","truemodel_G2_rho1","ECR","standard","bridge","logcor","Inf"
"1618","18","2","truemodel_G2_rho1","ECR","standard","bridge","logcor","Inf"
"1619","19","2","truemodel_G2_rho1","ECR","standard","bridge","logcor","Inf"
"1620","20","2","truemodel_G2_rho1","ECR","standard","bridge","logcor","Inf"
"1621","21","2","truemodel_G2_rho1","ECR","standard","bridge","logcor","Inf"
"1622","22","2","truemodel_G2_rho1","ECR","standard","bridge","logcor","Inf"
"1623","23","2","truemodel_G2_rho1","ECR","standard","bridge","logcor","Inf"
"1624","24","2","truemodel_G2_rho1","ECR","standard","bridge","logcor","Inf"
"1625","25","2","truemodel_G2_rho1","ECR","standard","bridge","logcor","Inf"
"1626","26","2","truemodel_G2_rho1","ECR","standard","bridge","logcor","Inf"
"1627","27","2","truemodel_G2_rho1","ECR","standard","bridge","logcor","Inf"
"1628","28","2","truemodel_G2_rho1","ECR","standard","bridge","logcor","Inf"
"1629","29","2","truemodel_G2_rho1","ECR","standard","bridge","logcor","Inf"
"1630","30","2","truemodel_G2_rho1","ECR","standard","bridge","logcor","Inf"
"1631","31","2","truemodel_G2_rho1","ECR","standard","bridge","logcor","Inf"
"1632","32","2","truemodel_G2_rho1","ECR","standard","bridge","logcor","Inf"
"1633","33","2","truemodel_G2_rho1","ECR","standard","bridge","logcor","Inf"
"1634","34","2","truemodel_G2_rho1","ECR","standard","bridge","logcor","Inf"
"1635","35","2","truemodel_G2_rho1","ECR","standard","bridge","logcor","Inf"
"1636","36","2","truemodel_G2_rho1","ECR","standard","bridge","logcor","Inf"
"1637","37","2","truemodel_G2_rho1","ECR","standard","bridge","logcor","Inf"
"1638","38","2","truemodel_G2_rho1","ECR","standard","bridge","logcor","Inf"
"1639","39","2","truemodel_G2_rho1","ECR","standard","bridge","logcor","Inf"
"1640","40","2","truemodel_G2_rho1","ECR","standard","bridge","logcor","Inf"
"1641","41","2","truemodel_G2_rho1","ECR","standard","bridge","logcor","Inf"
"1642","42","2","truemodel_G2_rho1","ECR","standard","bridge","logcor","Inf"
"1643","43","2","truemodel_G2_rho1","ECR","standard","bridge","logcor","Inf"
"1644","44","2","truemodel_G2_rho1","ECR","standard","bridge","logcor","Inf"
"1645","45","2","truemodel_G2_rho1","ECR","standard","bridge","logcor","Inf"
"1646","46","2","truemodel_G2_rho1","ECR","standard","bridge","logcor","Inf"
"1647","47","2","truemodel_G2_rho1","ECR","standard","bridge","logcor","Inf"
"1648","48","2","truemodel_G2_rho1","ECR","standard","bridge","logcor","Inf"
"1649","49","2","truemodel_G2_rho1","ECR","standard","bridge","logcor","Inf"
"1650","50","2","truemodel_G2_rho1","ECR","standard","bridge","logcor","Inf"
"1651","1","2","truemodel_G2_rho0","ECR","standard","standard","logcor","-1.71147063799925"
"1652","2","2","truemodel_G2_rho0","ECR","standard","standard","logcor","-1.54411844631346"
"1653","3","2","truemodel_G2_rho0","ECR","standard","standard","logcor","-1.49744941048605"
"1654","4","2","truemodel_G2_rho0","ECR","standard","standard","logcor","-1.88190301908102"
"1655","5","2","truemodel_G2_rho0","ECR","standard","standard","logcor","-1.67344324241001"
"1656","6","2","truemodel_G2_rho0","ECR","standard","standard","logcor","-1.85725845146075"
"1657","7","2","truemodel_G2_rho0","ECR","standard","standard","logcor","-1.71981096991547"
"1658","8","2","truemodel_G2_rho0","ECR","standard","standard","logcor","-1.83070821936663"
"1659","9","2","truemodel_G2_rho0","ECR","standard","standard","logcor","-1.50013517754365"
"1660","10","2","truemodel_G2_rho0","ECR","standard","standard","logcor","-1.63629536660398"
"1661","11","2","truemodel_G2_rho0","ECR","standard","standard","logcor","-1.49923912013602"
"1662","12","2","truemodel_G2_rho0","ECR","standard","standard","logcor","-1.8382223436384"
"1663","13","2","truemodel_G2_rho0","ECR","standard","standard","logcor","-1.81216627900572"
"1664","14","2","truemodel_G2_rho0","ECR","standard","standard","logcor","-1.51231120170338"
"1665","15","2","truemodel_G2_rho0","ECR","standard","standard","logcor","-1.86497553155931"
"1666","16","2","truemodel_G2_rho0","ECR","standard","standard","logcor","-1.37713642333512"
"1667","17","2","truemodel_G2_rho0","ECR","standard","standard","logcor","-1.82635091399767"
"1668","18","2","truemodel_G2_rho0","ECR","standard","standard","logcor","-1.72934820910666"
"1669","19","2","truemodel_G2_rho0","ECR","standard","standard","logcor","-1.60445037092306"
"1670","20","2","truemodel_G2_rho0","ECR","standard","standard","logcor","-1.5469327070827"
"1671","21","2","truemodel_G2_rho0","ECR","standard","standard","logcor","-1.86885651961302"
"1672","22","2","truemodel_G2_rho0","ECR","standard","standard","logcor","-1.90515215658315"
"1673","23","2","truemodel_G2_rho0","ECR","standard","standard","logcor","-1.84263179960181"
"1674","24","2","truemodel_G2_rho0","ECR","standard","standard","logcor","-1.48324588719634"
"1675","25","2","truemodel_G2_rho0","ECR","standard","standard","logcor","-1.25596809944432"
"1676","26","2","truemodel_G2_rho0","ECR","standard","standard","logcor","-1.83195665897947"
"1677","27","2","truemodel_G2_rho0","ECR","standard","standard","logcor","-1.64610189680569"
"1678","28","2","truemodel_G2_rho0","ECR","standard","standard","logcor","-1.64973920920763"
"1679","29","2","truemodel_G2_rho0","ECR","standard","standard","logcor","-1.92964317659144"
"1680","30","2","truemodel_G2_rho0","ECR","standard","standard","logcor","-1.7561992938295"
"1681","31","2","truemodel_G2_rho0","ECR","standard","standard","logcor","-1.32764816568716"
"1682","32","2","truemodel_G2_rho0","ECR","standard","standard","logcor","-1.83070821936663"
"1683","33","2","truemodel_G2_rho0","ECR","standard","standard","logcor","-1.75042560573508"
"1684","34","2","truemodel_G2_rho0","ECR","standard","standard","logcor","-1.51185758409524"
"1685","35","2","truemodel_G2_rho0","ECR","standard","standard","logcor","-1.21435989721242"
"1686","36","2","truemodel_G2_rho0","ECR","standard","standard","logcor","-1.79456339656079"
"1687","37","2","truemodel_G2_rho0","ECR","standard","standard","logcor","-1.88650980577387"
"1688","38","2","truemodel_G2_rho0","ECR","standard","standard","logcor","-1.53711725085447"
"1689","39","2","truemodel_G2_rho0","ECR","standard","standard","logcor","-1.44987334276276"
"1690","40","2","truemodel_G2_rho0","ECR","standard","standard","logcor","-1.53758247533367"
"1691","41","2","truemodel_G2_rho0","ECR","standard","standard","logcor","-1.74697732645616"
"1692","42","2","truemodel_G2_rho0","ECR","standard","standard","logcor","-1.45628773294043"
"1693","43","2","truemodel_G2_rho0","ECR","standard","standard","logcor","-1.72036947314138"
"1694","44","2","truemodel_G2_rho0","ECR","standard","standard","logcor","-1.68254638425474"
"1695","45","2","truemodel_G2_rho0","ECR","standard","standard","logcor","-1.38110783443259"
"1696","46","2","truemodel_G2_rho0","ECR","standard","standard","logcor","-1.79215954924939"
"1697","47","2","truemodel_G2_rho0","ECR","standard","standard","logcor","-1.62404406482346"
"1698","48","2","truemodel_G2_rho0","ECR","standard","standard","logcor","-1.78022623341438"
"1699","49","2","truemodel_G2_rho0","ECR","standard","standard","logcor","-1.69608571915977"
"1700","50","2","truemodel_G2_rho0","ECR","standard","standard","logcor","-1.70100510595959"
"1701","1","2","truemodel_G2_rho.5","ECR","standard","standard","logcor","-1.83948020543947"
"1702","2","2","truemodel_G2_rho.5","ECR","standard","standard","logcor","-1.58767642065259"
"1703","3","2","truemodel_G2_rho.5","ECR","standard","standard","logcor","-1.63732311592364"
"1704","4","2","truemodel_G2_rho.5","ECR","standard","standard","logcor","-1.6332184410995"
"1705","5","2","truemodel_G2_rho.5","ECR","standard","standard","logcor","-1.85087273372056"
"1706","6","2","truemodel_G2_rho.5","ECR","standard","standard","logcor","-1.93586081320231"
"1707","7","2","truemodel_G2_rho.5","ECR","standard","standard","logcor","-1.50327771660571"
"1708","8","2","truemodel_G2_rho.5","ECR","standard","standard","logcor","-1.75504188629289"
"1709","9","2","truemodel_G2_rho.5","ECR","standard","standard","logcor","-1.8269722249838"
"1710","10","2","truemodel_G2_rho.5","ECR","standard","standard","logcor","-1.58816577715856"
"1711","11","2","truemodel_G2_rho.5","ECR","standard","standard","logcor","-1.53804791634743"
"1712","12","2","truemodel_G2_rho.5","ECR","standard","standard","logcor","-1.73613556548006"
"1713","13","2","truemodel_G2_rho.5","ECR","standard","standard","logcor","-1.96254779020834"
"1714","14","2","truemodel_G2_rho.5","ECR","standard","standard","logcor","-1.8944568674664"
"1715","15","2","truemodel_G2_rho.5","ECR","standard","standard","logcor","-1.83696606206613"
"1716","16","2","truemodel_G2_rho.5","ECR","standard","standard","logcor","-1.70319929224857"
"1717","17","2","truemodel_G2_rho.5","ECR","standard","standard","logcor","-1.89711998488588"
"1718","18","2","truemodel_G2_rho.5","ECR","standard","standard","logcor","-1.91054300521802"
"1719","19","2","truemodel_G2_rho.5","ECR","standard","standard","logcor","-1.52096926444649"
"1720","20","2","truemodel_G2_rho.5","ECR","standard","standard","logcor","-1.85533845087093"
"1721","21","2","truemodel_G2_rho.5","ECR","standard","standard","logcor","-1.55684546231493"
"1722","22","2","truemodel_G2_rho.5","ECR","standard","standard","logcor","-1.8623965488275"
"1723","23","2","truemodel_G2_rho.5","ECR","standard","standard","logcor","-2.14729220858801"
"1724","24","2","truemodel_G2_rho.5","ECR","standard","standard","logcor","-1.55589714550607"
"1725","25","2","truemodel_G2_rho.5","ECR","standard","standard","logcor","-1.8957875396521"
"1726","26","2","truemodel_G2_rho.5","ECR","standard","standard","logcor","-1.85342212962016"
"1727","27","2","truemodel_G2_rho.5","ECR","standard","standard","logcor","-1.74755121456373"
"1728","28","2","truemodel_G2_rho.5","ECR","standard","standard","logcor","-1.68739945390381"
"1729","29","2","truemodel_G2_rho.5","ECR","standard","standard","logcor","-1.87535849310437"
"1730","30","2","truemodel_G2_rho.5","ECR","standard","standard","logcor","-1.66495062236436"
"1731","31","2","truemodel_G2_rho.5","ECR","standard","standard","logcor","-1.88255983355455"
"1732","32","2","truemodel_G2_rho.5","ECR","standard","standard","logcor","-2.17683388768849"
"1733","33","2","truemodel_G2_rho.5","ECR","standard","standard","logcor","-1.71925277844131"
"1734","34","2","truemodel_G2_rho.5","ECR","standard","standard","logcor","-1.90851802983825"
"1735","35","2","truemodel_G2_rho.5","ECR","standard","standard","logcor","-1.94281494414801"
"1736","36","2","truemodel_G2_rho.5","ECR","standard","standard","logcor","-1.79275996956164"
"1737","37","2","truemodel_G2_rho.5","ECR","standard","standard","logcor","-1.88981340970344"
"1738","38","2","truemodel_G2_rho.5","ECR","standard","standard","logcor","-1.43254774563735"
"1739","39","2","truemodel_G2_rho.5","ECR","standard","standard","logcor","-1.69064796785964"
"1740","40","2","truemodel_G2_rho.5","ECR","standard","standard","logcor","-1.80241604941658"
"1741","41","2","truemodel_G2_rho.5","ECR","standard","standard","logcor","-1.82448929385097"
"1742","42","2","truemodel_G2_rho.5","ECR","standard","standard","logcor","-1.8578992717326"
"1743","43","2","truemodel_G2_rho.5","ECR","standard","standard","logcor","-1.69826912614072"
"1744","44","2","truemodel_G2_rho.5","ECR","standard","standard","logcor","-1.68200860526894"
"1745","45","2","truemodel_G2_rho.5","ECR","standard","standard","logcor","-1.41923086136616"
"1746","46","2","truemodel_G2_rho.5","ECR","standard","standard","logcor","-1.64299469596294"
"1747","47","2","truemodel_G2_rho.5","ECR","standard","standard","logcor","-1.75504188629289"
"1748","48","2","truemodel_G2_rho.5","ECR","standard","standard","logcor","-1.89979021344176"
"1749","49","2","truemodel_G2_rho.5","ECR","standard","standard","logcor","-1.65025990695436"
"1750","50","2","truemodel_G2_rho.5","ECR","standard","standard","logcor","-1.88453286938041"
"1751","1","2","truemodel_G2_rho1","ECR","standard","standard","logcor","-1.4679383501604"
"1752","2","2","truemodel_G2_rho1","ECR","standard","standard","logcor","-0.859201764890028"
"1753","3","2","truemodel_G2_rho1","ECR","standard","standard","logcor","-1.08737565674212"
"1754","4","2","truemodel_G2_rho1","ECR","standard","standard","logcor","-1.90784394824886"
"1755","5","2","truemodel_G2_rho1","ECR","standard","standard","logcor","-1.40445833174756"
"1756","6","2","truemodel_G2_rho1","ECR","standard","standard","logcor","-1.89979021344176"
"1757","7","2","truemodel_G2_rho1","ECR","standard","standard","logcor","-1.8420006856648"
"1758","8","2","truemodel_G2_rho1","ECR","standard","standard","logcor","-1.8420006856648"
"1759","9","2","truemodel_G2_rho1","ECR","standard","standard","logcor","-1.930332119092"
"1760","10","2","truemodel_G2_rho1","ECR","standard","standard","logcor","-1.88059068293467"
"1761","11","2","truemodel_G2_rho1","ECR","standard","standard","logcor","-0.92256034488775"
"1762","12","2","truemodel_G2_rho1","ECR","standard","standard","logcor","-0.929122710689533"
"1763","13","2","truemodel_G2_rho1","ECR","standard","standard","logcor","-2.0091694886945"
"1764","14","2","truemodel_G2_rho1","ECR","standard","standard","logcor","-1.42295834549148"
"1765","15","2","truemodel_G2_rho1","ECR","standard","standard","logcor","-1.41840441503812"
"1766","16","2","truemodel_G2_rho1","ECR","standard","standard","logcor","-1.71535413802565"
"1767","17","2","truemodel_G2_rho1","ECR","standard","standard","logcor","-1.81646208186843"
"1768","18","2","truemodel_G2_rho1","ECR","standard","standard","logcor","-1.88321707971689"
"1769","19","2","truemodel_G2_rho1","ECR","standard","standard","logcor","-1.82821600623867"
"1770","20","2","truemodel_G2_rho1","ECR","standard","standard","logcor","-1.86175284104859"
"1771","21","2","truemodel_G2_rho1","ECR","standard","standard","logcor","-1.86950481785291"
"1772","22","2","truemodel_G2_rho1","ECR","standard","standard","logcor","-0.886974677540102"
"1773","23","2","truemodel_G2_rho1","ECR","standard","standard","logcor","-1.01335244471729"
"1774","24","2","truemodel_G2_rho1","ECR","standard","standard","logcor","-1.29353288103858"
"1775","25","2","truemodel_G2_rho1","ECR","standard","standard","logcor","-0.950106080368886"
"1776","26","2","truemodel_G2_rho1","ECR","standard","standard","logcor","-0.993171776210113"
"1777","27","2","truemodel_G2_rho1","ECR","standard","standard","logcor","-1.01721665046412"
"1778","28","2","truemodel_G2_rho1","ECR","standard","standard","logcor","-2.05416373449557"
"1779","29","2","truemodel_G2_rho1","ECR","standard","standard","logcor","-1.58963528513792"
"1780","30","2","truemodel_G2_rho1","ECR","standard","standard","logcor","-1.8496004689179"
"1781","31","2","truemodel_G2_rho1","ECR","standard","standard","logcor","-1.74869997976761"
"1782","32","2","truemodel_G2_rho1","ECR","standard","standard","logcor","-1.05411704878156"
"1783","33","2","truemodel_G2_rho1","ECR","standard","standard","logcor","-1.50688132410901"
"1784","34","2","truemodel_G2_rho1","ECR","standard","standard","logcor","-1.97256218005274"
"1785","35","2","truemodel_G2_rho1","ECR","standard","standard","logcor","-2.06356819252355"
"1786","36","2","truemodel_G2_rho1","ECR","standard","standard","logcor","-1.96825801271922"
"1787","37","2","truemodel_G2_rho1","ECR","standard","standard","logcor","-2.13199879241851"
"1788","38","2","truemodel_G2_rho1","ECR","standard","standard","logcor","-1.15106414867053"
"1789","39","2","truemodel_G2_rho1","ECR","standard","standard","logcor","-1.81033085481349"
"1790","40","2","truemodel_G2_rho1","ECR","standard","standard","logcor","-1.93933183369519"
"1791","41","2","truemodel_G2_rho1","ECR","standard","standard","logcor","-1.72428775411304"
"1792","42","2","truemodel_G2_rho1","ECR","standard","standard","logcor","-2.14302052332271"
"1793","43","2","truemodel_G2_rho1","ECR","standard","standard","logcor","-2.06120877341878"
"1794","44","2","truemodel_G2_rho1","ECR","standard","standard","logcor","-1.93447577142965"
"1795","45","2","truemodel_G2_rho1","ECR","standard","standard","logcor","-1.49343423667779"
"1796","46","2","truemodel_G2_rho1","ECR","standard","standard","logcor","-2.00619107994024"
"1797","47","2","truemodel_G2_rho1","ECR","standard","standard","logcor","-1.51640304646691"
"1798","48","2","truemodel_G2_rho1","ECR","standard","standard","logcor","-1.92141267745493"
"1799","49","2","truemodel_G2_rho1","ECR","standard","standard","logcor","-1.74697732645616"
"1800","50","2","truemodel_G2_rho1","ECR","standard","standard","logcor","-1.25842899012199"
"1801","1","2","truemodel_G2_rho0","ECR","standard","simple","permlen","1"
"1802","2","2","truemodel_G2_rho0","ECR","standard","simple","permlen","1"
"1803","3","2","truemodel_G2_rho0","ECR","standard","simple","permlen","1"
"1804","4","2","truemodel_G2_rho0","ECR","standard","simple","permlen","1"
"1805","5","2","truemodel_G2_rho0","ECR","standard","simple","permlen","1"
"1806","6","2","truemodel_G2_rho0","ECR","standard","simple","permlen","1"
"1807","7","2","truemodel_G2_rho0","ECR","standard","simple","permlen","1"
"1808","8","2","truemodel_G2_rho0","ECR","standard","simple","permlen","1"
"1809","9","2","truemodel_G2_rho0","ECR","standard","simple","permlen","1"
"1810","10","2","truemodel_G2_rho0","ECR","standard","simple","permlen","1"
"1811","11","2","truemodel_G2_rho0","ECR","standard","simple","permlen","1"
"1812","12","2","truemodel_G2_rho0","ECR","standard","simple","permlen","1"
"1813","13","2","truemodel_G2_rho0","ECR","standard","simple","permlen","1"
"1814","14","2","truemodel_G2_rho0","ECR","standard","simple","permlen","1"
"1815","15","2","truemodel_G2_rho0","ECR","standard","simple","permlen","1"
"1816","16","2","truemodel_G2_rho0","ECR","standard","simple","permlen","1"
"1817","17","2","truemodel_G2_rho0","ECR","standard","simple","permlen","1"
"1818","18","2","truemodel_G2_rho0","ECR","standard","simple","permlen","1"
"1819","19","2","truemodel_G2_rho0","ECR","standard","simple","permlen","1"
"1820","20","2","truemodel_G2_rho0","ECR","standard","simple","permlen","1"
"1821","21","2","truemodel_G2_rho0","ECR","standard","simple","permlen","1"
"1822","22","2","truemodel_G2_rho0","ECR","standard","simple","permlen","1"
"1823","23","2","truemodel_G2_rho0","ECR","standard","simple","permlen","1"
"1824","24","2","truemodel_G2_rho0","ECR","standard","simple","permlen","1"
"1825","25","2","truemodel_G2_rho0","ECR","standard","simple","permlen","1"
"1826","26","2","truemodel_G2_rho0","ECR","standard","simple","permlen","1"
"1827","27","2","truemodel_G2_rho0","ECR","standard","simple","permlen","1"
"1828","28","2","truemodel_G2_rho0","ECR","standard","simple","permlen","1"
"1829","29","2","truemodel_G2_rho0","ECR","standard","simple","permlen","1"
"1830","30","2","truemodel_G2_rho0","ECR","standard","simple","permlen","1"
"1831","31","2","truemodel_G2_rho0","ECR","standard","simple","permlen","1"
"1832","32","2","truemodel_G2_rho0","ECR","standard","simple","permlen","1"
"1833","33","2","truemodel_G2_rho0","ECR","standard","simple","permlen","1"
"1834","34","2","truemodel_G2_rho0","ECR","standard","simple","permlen","1"
"1835","35","2","truemodel_G2_rho0","ECR","standard","simple","permlen","1"
"1836","36","2","truemodel_G2_rho0","ECR","standard","simple","permlen","1"
"1837","37","2","truemodel_G2_rho0","ECR","standard","simple","permlen","1"
"1838","38","2","truemodel_G2_rho0","ECR","standard","simple","permlen","1"
"1839","39","2","truemodel_G2_rho0","ECR","standard","simple","permlen","1"
"1840","40","2","truemodel_G2_rho0","ECR","standard","simple","permlen","1"
"1841","41","2","truemodel_G2_rho0","ECR","standard","simple","permlen","1"
"1842","42","2","truemodel_G2_rho0","ECR","standard","simple","permlen","1"
"1843","43","2","truemodel_G2_rho0","ECR","standard","simple","permlen","1"
"1844","44","2","truemodel_G2_rho0","ECR","standard","simple","permlen","1"
"1845","45","2","truemodel_G2_rho0","ECR","standard","simple","permlen","1"
"1846","46","2","truemodel_G2_rho0","ECR","standard","simple","permlen","1"
"1847","47","2","truemodel_G2_rho0","ECR","standard","simple","permlen","1"
"1848","48","2","truemodel_G2_rho0","ECR","standard","simple","permlen","1"
"1849","49","2","truemodel_G2_rho0","ECR","standard","simple","permlen","1"
"1850","50","2","truemodel_G2_rho0","ECR","standard","simple","permlen","1"
"1851","1","2","truemodel_G2_rho.5","ECR","standard","simple","permlen","1"
"1852","2","2","truemodel_G2_rho.5","ECR","standard","simple","permlen","1"
"1853","3","2","truemodel_G2_rho.5","ECR","standard","simple","permlen","1"
"1854","4","2","truemodel_G2_rho.5","ECR","standard","simple","permlen","1"
"1855","5","2","truemodel_G2_rho.5","ECR","standard","simple","permlen","1"
"1856","6","2","truemodel_G2_rho.5","ECR","standard","simple","permlen","1"
"1857","7","2","truemodel_G2_rho.5","ECR","standard","simple","permlen","1"
"1858","8","2","truemodel_G2_rho.5","ECR","standard","simple","permlen","1"
"1859","9","2","truemodel_G2_rho.5","ECR","standard","simple","permlen","1"
"1860","10","2","truemodel_G2_rho.5","ECR","standard","simple","permlen","1"
"1861","11","2","truemodel_G2_rho.5","ECR","standard","simple","permlen","1"
"1862","12","2","truemodel_G2_rho.5","ECR","standard","simple","permlen","1"
"1863","13","2","truemodel_G2_rho.5","ECR","standard","simple","permlen","1"
"1864","14","2","truemodel_G2_rho.5","ECR","standard","simple","permlen","1"
"1865","15","2","truemodel_G2_rho.5","ECR","standard","simple","permlen","1"
"1866","16","2","truemodel_G2_rho.5","ECR","standard","simple","permlen","1"
"1867","17","2","truemodel_G2_rho.5","ECR","standard","simple","permlen","1"
"1868","18","2","truemodel_G2_rho.5","ECR","standard","simple","permlen","1"
"1869","19","2","truemodel_G2_rho.5","ECR","standard","simple","permlen","1"
"1870","20","2","truemodel_G2_rho.5","ECR","standard","simple","permlen","1"
"1871","21","2","truemodel_G2_rho.5","ECR","standard","simple","permlen","1"
"1872","22","2","truemodel_G2_rho.5","ECR","standard","simple","permlen","1"
"1873","23","2","truemodel_G2_rho.5","ECR","standard","simple","permlen","2"
"1874","24","2","truemodel_G2_rho.5","ECR","standard","simple","permlen","1"
"1875","25","2","truemodel_G2_rho.5","ECR","standard","simple","permlen","1"
"1876","26","2","truemodel_G2_rho.5","ECR","standard","simple","permlen","1"
"1877","27","2","truemodel_G2_rho.5","ECR","standard","simple","permlen","1"
"1878","28","2","truemodel_G2_rho.5","ECR","standard","simple","permlen","1"
"1879","29","2","truemodel_G2_rho.5","ECR","standard","simple","permlen","1"
"1880","30","2","truemodel_G2_rho.5","ECR","standard","simple","permlen","1"
"1881","31","2","truemodel_G2_rho.5","ECR","standard","simple","permlen","1"
"1882","32","2","truemodel_G2_rho.5","ECR","standard","simple","permlen","1"
"1883","33","2","truemodel_G2_rho.5","ECR","standard","simple","permlen","1"
"1884","34","2","truemodel_G2_rho.5","ECR","standard","simple","permlen","1"
"1885","35","2","truemodel_G2_rho.5","ECR","standard","simple","permlen","1"
"1886","36","2","truemodel_G2_rho.5","ECR","standard","simple","permlen","1"
"1887","37","2","truemodel_G2_rho.5","ECR","standard","simple","permlen","1"
"1888","38","2","truemodel_G2_rho.5","ECR","standard","simple","permlen","1"
"1889","39","2","truemodel_G2_rho.5","ECR","standard","simple","permlen","1"
"1890","40","2","truemodel_G2_rho.5","ECR","standard","simple","permlen","1"
"1891","41","2","truemodel_G2_rho.5","ECR","standard","simple","permlen","1"
"1892","42","2","truemodel_G2_rho.5","ECR","standard","simple","permlen","1"
"1893","43","2","truemodel_G2_rho.5","ECR","standard","simple","permlen","1"
"1894","44","2","truemodel_G2_rho.5","ECR","standard","simple","permlen","1"
"1895","45","2","truemodel_G2_rho.5","ECR","standard","simple","permlen","1"
"1896","46","2","truemodel_G2_rho.5","ECR","standard","simple","permlen","1"
"1897","47","2","truemodel_G2_rho.5","ECR","standard","simple","permlen","1"
"1898","48","2","truemodel_G2_rho.5","ECR","standard","simple","permlen","1"
"1899","49","2","truemodel_G2_rho.5","ECR","standard","simple","permlen","1"
"1900","50","2","truemodel_G2_rho.5","ECR","standard","simple","permlen","1"
"1901","1","2","truemodel_G2_rho1","ECR","standard","simple","permlen","2"
"1902","2","2","truemodel_G2_rho1","ECR","standard","simple","permlen","2"
"1903","3","2","truemodel_G2_rho1","ECR","standard","simple","permlen","1"
"1904","4","2","truemodel_G2_rho1","ECR","standard","simple","permlen","1"
"1905","5","2","truemodel_G2_rho1","ECR","standard","simple","permlen","2"
"1906","6","2","truemodel_G2_rho1","ECR","standard","simple","permlen","1"
"1907","7","2","truemodel_G2_rho1","ECR","standard","simple","permlen","1"
"1908","8","2","truemodel_G2_rho1","ECR","standard","simple","permlen","1"
"1909","9","2","truemodel_G2_rho1","ECR","standard","simple","permlen","1"
"1910","10","2","truemodel_G2_rho1","ECR","standard","simple","permlen","1"
"1911","11","2","truemodel_G2_rho1","ECR","standard","simple","permlen","1"
"1912","12","2","truemodel_G2_rho1","ECR","standard","simple","permlen","2"
"1913","13","2","truemodel_G2_rho1","ECR","standard","simple","permlen","2"
"1914","14","2","truemodel_G2_rho1","ECR","standard","simple","permlen","1"
"1915","15","2","truemodel_G2_rho1","ECR","standard","simple","permlen","1"
"1916","16","2","truemodel_G2_rho1","ECR","standard","simple","permlen","1"
"1917","17","2","truemodel_G2_rho1","ECR","standard","simple","permlen","1"
"1918","18","2","truemodel_G2_rho1","ECR","standard","simple","permlen","1"
"1919","19","2","truemodel_G2_rho1","ECR","standard","simple","permlen","1"
"1920","20","2","truemodel_G2_rho1","ECR","standard","simple","permlen","1"
"1921","21","2","truemodel_G2_rho1","ECR","standard","simple","permlen","1"
"1922","22","2","truemodel_G2_rho1","ECR","standard","simple","permlen","2"
"1923","23","2","truemodel_G2_rho1","ECR","standard","simple","permlen","2"
"1924","24","2","truemodel_G2_rho1","ECR","standard","simple","permlen","2"
"1925","25","2","truemodel_G2_rho1","ECR","standard","simple","permlen","2"
"1926","26","2","truemodel_G2_rho1","ECR","standard","simple","permlen","1"
"1927","27","2","truemodel_G2_rho1","ECR","standard","simple","permlen","1"
"1928","28","2","truemodel_G2_rho1","ECR","standard","simple","permlen","2"
"1929","29","2","truemodel_G2_rho1","ECR","standard","simple","permlen","1"
"1930","30","2","truemodel_G2_rho1","ECR","standard","simple","permlen","1"
"1931","31","2","truemodel_G2_rho1","ECR","standard","simple","permlen","2"
"1932","32","2","truemodel_G2_rho1","ECR","standard","simple","permlen","2"
"1933","33","2","truemodel_G2_rho1","ECR","standard","simple","permlen","1"
"1934","34","2","truemodel_G2_rho1","ECR","standard","simple","permlen","1"
"1935","35","2","truemodel_G2_rho1","ECR","standard","simple","permlen","2"
"1936","36","2","truemodel_G2_rho1","ECR","standard","simple","permlen","1"
"1937","37","2","truemodel_G2_rho1","ECR","standard","simple","permlen","1"
"1938","38","2","truemodel_G2_rho1","ECR","standard","simple","permlen","1"
"1939","39","2","truemodel_G2_rho1","ECR","standard","simple","permlen","1"
"1940","40","2","truemodel_G2_rho1","ECR","standard","simple","permlen","1"
"1941","41","2","truemodel_G2_rho1","ECR","standard","simple","permlen","1"
"1942","42","2","truemodel_G2_rho1","ECR","standard","simple","permlen","2"
"1943","43","2","truemodel_G2_rho1","ECR","standard","simple","permlen","2"
"1944","44","2","truemodel_G2_rho1","ECR","standard","simple","permlen","1"
"1945","45","2","truemodel_G2_rho1","ECR","standard","simple","permlen","1"
"1946","46","2","truemodel_G2_rho1","ECR","standard","simple","permlen","2"
"1947","47","2","truemodel_G2_rho1","ECR","standard","simple","permlen","2"
"1948","48","2","truemodel_G2_rho1","ECR","standard","simple","permlen","1"
"1949","49","2","truemodel_G2_rho1","ECR","standard","simple","permlen","1"
"1950","50","2","truemodel_G2_rho1","ECR","standard","simple","permlen","1"
"1951","1","2","truemodel_G2_rho0","ECR","standard","bridge","permlen","1"
"1952","2","2","truemodel_G2_rho0","ECR","standard","bridge","permlen","1"
"1953","3","2","truemodel_G2_rho0","ECR","standard","bridge","permlen","1"
"1954","4","2","truemodel_G2_rho0","ECR","standard","bridge","permlen","1"
"1955","5","2","truemodel_G2_rho0","ECR","standard","bridge","permlen","1"
"1956","6","2","truemodel_G2_rho0","ECR","standard","bridge","permlen","1"
"1957","7","2","truemodel_G2_rho0","ECR","standard","bridge","permlen","1"
"1958","8","2","truemodel_G2_rho0","ECR","standard","bridge","permlen","1"
"1959","9","2","truemodel_G2_rho0","ECR","standard","bridge","permlen","1"
"1960","10","2","truemodel_G2_rho0","ECR","standard","bridge","permlen","1"
"1961","11","2","truemodel_G2_rho0","ECR","standard","bridge","permlen","1"
"1962","12","2","truemodel_G2_rho0","ECR","standard","bridge","permlen","1"
"1963","13","2","truemodel_G2_rho0","ECR","standard","bridge","permlen","1"
"1964","14","2","truemodel_G2_rho0","ECR","standard","bridge","permlen","1"
"1965","15","2","truemodel_G2_rho0","ECR","standard","bridge","permlen","1"
"1966","16","2","truemodel_G2_rho0","ECR","standard","bridge","permlen","1"
"1967","17","2","truemodel_G2_rho0","ECR","standard","bridge","permlen","1"
"1968","18","2","truemodel_G2_rho0","ECR","standard","bridge","permlen","1"
"1969","19","2","truemodel_G2_rho0","ECR","standard","bridge","permlen","1"
"1970","20","2","truemodel_G2_rho0","ECR","standard","bridge","permlen","1"
"1971","21","2","truemodel_G2_rho0","ECR","standard","bridge","permlen","1"
"1972","22","2","truemodel_G2_rho0","ECR","standard","bridge","permlen","1"
"1973","23","2","truemodel_G2_rho0","ECR","standard","bridge","permlen","1"
"1974","24","2","truemodel_G2_rho0","ECR","standard","bridge","permlen","1"
"1975","25","2","truemodel_G2_rho0","ECR","standard","bridge","permlen","1"
"1976","26","2","truemodel_G2_rho0","ECR","standard","bridge","permlen","1"
"1977","27","2","truemodel_G2_rho0","ECR","standard","bridge","permlen","1"
"1978","28","2","truemodel_G2_rho0","ECR","standard","bridge","permlen","1"
"1979","29","2","truemodel_G2_rho0","ECR","standard","bridge","permlen","1"
"1980","30","2","truemodel_G2_rho0","ECR","standard","bridge","permlen","1"
"1981","31","2","truemodel_G2_rho0","ECR","standard","bridge","permlen","1"
"1982","32","2","truemodel_G2_rho0","ECR","standard","bridge","permlen","1"
"1983","33","2","truemodel_G2_rho0","ECR","standard","bridge","permlen","1"
"1984","34","2","truemodel_G2_rho0","ECR","standard","bridge","permlen","1"
"1985","35","2","truemodel_G2_rho0","ECR","standard","bridge","permlen","1"
"1986","36","2","truemodel_G2_rho0","ECR","standard","bridge","permlen","1"
"1987","37","2","truemodel_G2_rho0","ECR","standard","bridge","permlen","1"
"1988","38","2","truemodel_G2_rho0","ECR","standard","bridge","permlen","1"
"1989","39","2","truemodel_G2_rho0","ECR","standard","bridge","permlen","1"
"1990","40","2","truemodel_G2_rho0","ECR","standard","bridge","permlen","1"
"1991","41","2","truemodel_G2_rho0","ECR","standard","bridge","permlen","1"
"1992","42","2","truemodel_G2_rho0","ECR","standard","bridge","permlen","1"
"1993","43","2","truemodel_G2_rho0","ECR","standard","bridge","permlen","1"
"1994","44","2","truemodel_G2_rho0","ECR","standard","bridge","permlen","1"
"1995","45","2","truemodel_G2_rho0","ECR","standard","bridge","permlen","1"
"1996","46","2","truemodel_G2_rho0","ECR","standard","bridge","permlen","1"
"1997","47","2","truemodel_G2_rho0","ECR","standard","bridge","permlen","1"
"1998","48","2","truemodel_G2_rho0","ECR","standard","bridge","permlen","1"
"1999","49","2","truemodel_G2_rho0","ECR","standard","bridge","permlen","1"
"2000","50","2","truemodel_G2_rho0","ECR","standard","bridge","permlen","1"
"2001","1","2","truemodel_G2_rho.5","ECR","standard","bridge","permlen","1"
"2002","2","2","truemodel_G2_rho.5","ECR","standard","bridge","permlen","1"
"2003","3","2","truemodel_G2_rho.5","ECR","standard","bridge","permlen","1"
"2004","4","2","truemodel_G2_rho.5","ECR","standard","bridge","permlen","1"
"2005","5","2","truemodel_G2_rho.5","ECR","standard","bridge","permlen","1"
"2006","6","2","truemodel_G2_rho.5","ECR","standard","bridge","permlen","1"
"2007","7","2","truemodel_G2_rho.5","ECR","standard","bridge","permlen","1"
"2008","8","2","truemodel_G2_rho.5","ECR","standard","bridge","permlen","1"
"2009","9","2","truemodel_G2_rho.5","ECR","standard","bridge","permlen","1"
"2010","10","2","truemodel_G2_rho.5","ECR","standard","bridge","permlen","1"
"2011","11","2","truemodel_G2_rho.5","ECR","standard","bridge","permlen","1"
"2012","12","2","truemodel_G2_rho.5","ECR","standard","bridge","permlen","1"
"2013","13","2","truemodel_G2_rho.5","ECR","standard","bridge","permlen","1"
"2014","14","2","truemodel_G2_rho.5","ECR","standard","bridge","permlen","1"
"2015","15","2","truemodel_G2_rho.5","ECR","standard","bridge","permlen","1"
"2016","16","2","truemodel_G2_rho.5","ECR","standard","bridge","permlen","1"
"2017","17","2","truemodel_G2_rho.5","ECR","standard","bridge","permlen","1"
"2018","18","2","truemodel_G2_rho.5","ECR","standard","bridge","permlen","1"
"2019","19","2","truemodel_G2_rho.5","ECR","standard","bridge","permlen","1"
"2020","20","2","truemodel_G2_rho.5","ECR","standard","bridge","permlen","1"
"2021","21","2","truemodel_G2_rho.5","ECR","standard","bridge","permlen","1"
"2022","22","2","truemodel_G2_rho.5","ECR","standard","bridge","permlen","1"
"2023","23","2","truemodel_G2_rho.5","ECR","standard","bridge","permlen","1"
"2024","24","2","truemodel_G2_rho.5","ECR","standard","bridge","permlen","1"
"2025","25","2","truemodel_G2_rho.5","ECR","standard","bridge","permlen","1"
"2026","26","2","truemodel_G2_rho.5","ECR","standard","bridge","permlen","1"
"2027","27","2","truemodel_G2_rho.5","ECR","standard","bridge","permlen","1"
"2028","28","2","truemodel_G2_rho.5","ECR","standard","bridge","permlen","1"
"2029","29","2","truemodel_G2_rho.5","ECR","standard","bridge","permlen","1"
"2030","30","2","truemodel_G2_rho.5","ECR","standard","bridge","permlen","1"
"2031","31","2","truemodel_G2_rho.5","ECR","standard","bridge","permlen","1"
"2032","32","2","truemodel_G2_rho.5","ECR","standard","bridge","permlen","1"
"2033","33","2","truemodel_G2_rho.5","ECR","standard","bridge","permlen","1"
"2034","34","2","truemodel_G2_rho.5","ECR","standard","bridge","permlen","1"
"2035","35","2","truemodel_G2_rho.5","ECR","standard","bridge","permlen","1"
"2036","36","2","truemodel_G2_rho.5","ECR","standard","bridge","permlen","1"
"2037","37","2","truemodel_G2_rho.5","ECR","standard","bridge","permlen","1"
"2038","38","2","truemodel_G2_rho.5","ECR","standard","bridge","permlen","1"
"2039","39","2","truemodel_G2_rho.5","ECR","standard","bridge","permlen","1"
"2040","40","2","truemodel_G2_rho.5","ECR","standard","bridge","permlen","1"
"2041","41","2","truemodel_G2_rho.5","ECR","standard","bridge","permlen","1"
"2042","42","2","truemodel_G2_rho.5","ECR","standard","bridge","permlen","1"
"2043","43","2","truemodel_G2_rho.5","ECR","standard","bridge","permlen","1"
"2044","44","2","truemodel_G2_rho.5","ECR","standard","bridge","permlen","1"
"2045","45","2","truemodel_G2_rho.5","ECR","standard","bridge","permlen","1"
"2046","46","2","truemodel_G2_rho.5","ECR","standard","bridge","permlen","1"
"2047","47","2","truemodel_G2_rho.5","ECR","standard","bridge","permlen","1"
"2048","48","2","truemodel_G2_rho.5","ECR","standard","bridge","permlen","1"
"2049","49","2","truemodel_G2_rho.5","ECR","standard","bridge","permlen","1"
"2050","50","2","truemodel_G2_rho.5","ECR","standard","bridge","permlen","1"
"2051","1","2","truemodel_G2_rho1","ECR","standard","bridge","permlen","1"
"2052","2","2","truemodel_G2_rho1","ECR","standard","bridge","permlen","1"
"2053","3","2","truemodel_G2_rho1","ECR","standard","bridge","permlen","1"
"2054","4","2","truemodel_G2_rho1","ECR","standard","bridge","permlen","1"
"2055","5","2","truemodel_G2_rho1","ECR","standard","bridge","permlen","1"
"2056","6","2","truemodel_G2_rho1","ECR","standard","bridge","permlen","1"
"2057","7","2","truemodel_G2_rho1","ECR","standard","bridge","permlen","1"
"2058","8","2","truemodel_G2_rho1","ECR","standard","bridge","permlen","1"
"2059","9","2","truemodel_G2_rho1","ECR","standard","bridge","permlen","1"
"2060","10","2","truemodel_G2_rho1","ECR","standard","bridge","permlen","1"
"2061","11","2","truemodel_G2_rho1","ECR","standard","bridge","permlen","1"
"2062","12","2","truemodel_G2_rho1","ECR","standard","bridge","permlen","1"
"2063","13","2","truemodel_G2_rho1","ECR","standard","bridge","permlen","1"
"2064","14","2","truemodel_G2_rho1","ECR","standard","bridge","permlen","1"
"2065","15","2","truemodel_G2_rho1","ECR","standard","bridge","permlen","1"
"2066","16","2","truemodel_G2_rho1","ECR","standard","bridge","permlen","1"
"2067","17","2","truemodel_G2_rho1","ECR","standard","bridge","permlen","1"
"2068","18","2","truemodel_G2_rho1","ECR","standard","bridge","permlen","1"
"2069","19","2","truemodel_G2_rho1","ECR","standard","bridge","permlen","1"
"2070","20","2","truemodel_G2_rho1","ECR","standard","bridge","permlen","1"
"2071","21","2","truemodel_G2_rho1","ECR","standard","bridge","permlen","1"
"2072","22","2","truemodel_G2_rho1","ECR","standard","bridge","permlen","1"
"2073","23","2","truemodel_G2_rho1","ECR","standard","bridge","permlen","1"
"2074","24","2","truemodel_G2_rho1","ECR","standard","bridge","permlen","1"
"2075","25","2","truemodel_G2_rho1","ECR","standard","bridge","permlen","1"
"2076","26","2","truemodel_G2_rho1","ECR","standard","bridge","permlen","1"
"2077","27","2","truemodel_G2_rho1","ECR","standard","bridge","permlen","1"
"2078","28","2","truemodel_G2_rho1","ECR","standard","bridge","permlen","1"
"2079","29","2","truemodel_G2_rho1","ECR","standard","bridge","permlen","1"
"2080","30","2","truemodel_G2_rho1","ECR","standard","bridge","permlen","1"
"2081","31","2","truemodel_G2_rho1","ECR","standard","bridge","permlen","1"
"2082","32","2","truemodel_G2_rho1","ECR","standard","bridge","permlen","1"
"2083","33","2","truemodel_G2_rho1","ECR","standard","bridge","permlen","1"
"2084","34","2","truemodel_G2_rho1","ECR","standard","bridge","permlen","1"
"2085","35","2","truemodel_G2_rho1","ECR","standard","bridge","permlen","1"
"2086","36","2","truemodel_G2_rho1","ECR","standard","bridge","permlen","1"
"2087","37","2","truemodel_G2_rho1","ECR","standard","bridge","permlen","1"
"2088","38","2","truemodel_G2_rho1","ECR","standard","bridge","permlen","1"
"2089","39","2","truemodel_G2_rho1","ECR","standard","bridge","permlen","1"
"2090","40","2","truemodel_G2_rho1","ECR","standard","bridge","permlen","1"
"2091","41","2","truemodel_G2_rho1","ECR","standard","bridge","permlen","1"
"2092","42","2","truemodel_G2_rho1","ECR","standard","bridge","permlen","1"
"2093","43","2","truemodel_G2_rho1","ECR","standard","bridge","permlen","1"
"2094","44","2","truemodel_G2_rho1","ECR","standard","bridge","permlen","1"
"2095","45","2","truemodel_G2_rho1","ECR","standard","bridge","permlen","1"
"2096","46","2","truemodel_G2_rho1","ECR","standard","bridge","permlen","1"
"2097","47","2","truemodel_G2_rho1","ECR","standard","bridge","permlen","1"
"2098","48","2","truemodel_G2_rho1","ECR","standard","bridge","permlen","1"
"2099","49","2","truemodel_G2_rho1","ECR","standard","bridge","permlen","1"
"2100","50","2","truemodel_G2_rho1","ECR","standard","bridge","permlen","1"
"2101","1","2","truemodel_G2_rho0","ECR","standard","standard","permlen","1"
"2102","2","2","truemodel_G2_rho0","ECR","standard","standard","permlen","1"
"2103","3","2","truemodel_G2_rho0","ECR","standard","standard","permlen","1"
"2104","4","2","truemodel_G2_rho0","ECR","standard","standard","permlen","1"
"2105","5","2","truemodel_G2_rho0","ECR","standard","standard","permlen","1"
"2106","6","2","truemodel_G2_rho0","ECR","standard","standard","permlen","1"
"2107","7","2","truemodel_G2_rho0","ECR","standard","standard","permlen","1"
"2108","8","2","truemodel_G2_rho0","ECR","standard","standard","permlen","1"
"2109","9","2","truemodel_G2_rho0","ECR","standard","standard","permlen","1"
"2110","10","2","truemodel_G2_rho0","ECR","standard","standard","permlen","1"
"2111","11","2","truemodel_G2_rho0","ECR","standard","standard","permlen","1"
"2112","12","2","truemodel_G2_rho0","ECR","standard","standard","permlen","1"
"2113","13","2","truemodel_G2_rho0","ECR","standard","standard","permlen","1"
"2114","14","2","truemodel_G2_rho0","ECR","standard","standard","permlen","1"
"2115","15","2","truemodel_G2_rho0","ECR","standard","standard","permlen","1"
"2116","16","2","truemodel_G2_rho0","ECR","standard","standard","permlen","1"
"2117","17","2","truemodel_G2_rho0","ECR","standard","standard","permlen","1"
"2118","18","2","truemodel_G2_rho0","ECR","standard","standard","permlen","1"
"2119","19","2","truemodel_G2_rho0","ECR","standard","standard","permlen","1"
"2120","20","2","truemodel_G2_rho0","ECR","standard","standard","permlen","1"
"2121","21","2","truemodel_G2_rho0","ECR","standard","standard","permlen","1"
"2122","22","2","truemodel_G2_rho0","ECR","standard","standard","permlen","1"
"2123","23","2","truemodel_G2_rho0","ECR","standard","standard","permlen","1"
"2124","24","2","truemodel_G2_rho0","ECR","standard","standard","permlen","1"
"2125","25","2","truemodel_G2_rho0","ECR","standard","standard","permlen","1"
"2126","26","2","truemodel_G2_rho0","ECR","standard","standard","permlen","1"
"2127","27","2","truemodel_G2_rho0","ECR","standard","standard","permlen","1"
"2128","28","2","truemodel_G2_rho0","ECR","standard","standard","permlen","1"
"2129","29","2","truemodel_G2_rho0","ECR","standard","standard","permlen","1"
"2130","30","2","truemodel_G2_rho0","ECR","standard","standard","permlen","1"
"2131","31","2","truemodel_G2_rho0","ECR","standard","standard","permlen","1"
"2132","32","2","truemodel_G2_rho0","ECR","standard","standard","permlen","1"
"2133","33","2","truemodel_G2_rho0","ECR","standard","standard","permlen","1"
"2134","34","2","truemodel_G2_rho0","ECR","standard","standard","permlen","1"
"2135","35","2","truemodel_G2_rho0","ECR","standard","standard","permlen","1"
"2136","36","2","truemodel_G2_rho0","ECR","standard","standard","permlen","1"
"2137","37","2","truemodel_G2_rho0","ECR","standard","standard","permlen","1"
"2138","38","2","truemodel_G2_rho0","ECR","standard","standard","permlen","1"
"2139","39","2","truemodel_G2_rho0","ECR","standard","standard","permlen","1"
"2140","40","2","truemodel_G2_rho0","ECR","standard","standard","permlen","1"
"2141","41","2","truemodel_G2_rho0","ECR","standard","standard","permlen","1"
"2142","42","2","truemodel_G2_rho0","ECR","standard","standard","permlen","1"
"2143","43","2","truemodel_G2_rho0","ECR","standard","standard","permlen","1"
"2144","44","2","truemodel_G2_rho0","ECR","standard","standard","permlen","1"
"2145","45","2","truemodel_G2_rho0","ECR","standard","standard","permlen","1"
"2146","46","2","truemodel_G2_rho0","ECR","standard","standard","permlen","1"
"2147","47","2","truemodel_G2_rho0","ECR","standard","standard","permlen","1"
"2148","48","2","truemodel_G2_rho0","ECR","standard","standard","permlen","1"
"2149","49","2","truemodel_G2_rho0","ECR","standard","standard","permlen","1"
"2150","50","2","truemodel_G2_rho0","ECR","standard","standard","permlen","1"
"2151","1","2","truemodel_G2_rho.5","ECR","standard","standard","permlen","1"
"2152","2","2","truemodel_G2_rho.5","ECR","standard","standard","permlen","1"
"2153","3","2","truemodel_G2_rho.5","ECR","standard","standard","permlen","1"
"2154","4","2","truemodel_G2_rho.5","ECR","standard","standard","permlen","1"
"2155","5","2","truemodel_G2_rho.5","ECR","standard","standard","permlen","1"
"2156","6","2","truemodel_G2_rho.5","ECR","standard","standard","permlen","1"
"2157","7","2","truemodel_G2_rho.5","ECR","standard","standard","permlen","1"
"2158","8","2","truemodel_G2_rho.5","ECR","standard","standard","permlen","1"
"2159","9","2","truemodel_G2_rho.5","ECR","standard","standard","permlen","1"
"2160","10","2","truemodel_G2_rho.5","ECR","standard","standard","permlen","1"
"2161","11","2","truemodel_G2_rho.5","ECR","standard","standard","permlen","1"
"2162","12","2","truemodel_G2_rho.5","ECR","standard","standard","permlen","1"
"2163","13","2","truemodel_G2_rho.5","ECR","standard","standard","permlen","1"
"2164","14","2","truemodel_G2_rho.5","ECR","standard","standard","permlen","1"
"2165","15","2","truemodel_G2_rho.5","ECR","standard","standard","permlen","1"
"2166","16","2","truemodel_G2_rho.5","ECR","standard","standard","permlen","1"
"2167","17","2","truemodel_G2_rho.5","ECR","standard","standard","permlen","1"
"2168","18","2","truemodel_G2_rho.5","ECR","standard","standard","permlen","1"
"2169","19","2","truemodel_G2_rho.5","ECR","standard","standard","permlen","1"
"2170","20","2","truemodel_G2_rho.5","ECR","standard","standard","permlen","1"
"2171","21","2","truemodel_G2_rho.5","ECR","standard","standard","permlen","1"
"2172","22","2","truemodel_G2_rho.5","ECR","standard","standard","permlen","1"
"2173","23","2","truemodel_G2_rho.5","ECR","standard","standard","permlen","1"
"2174","24","2","truemodel_G2_rho.5","ECR","standard","standard","permlen","1"
"2175","25","2","truemodel_G2_rho.5","ECR","standard","standard","permlen","1"
"2176","26","2","truemodel_G2_rho.5","ECR","standard","standard","permlen","1"
"2177","27","2","truemodel_G2_rho.5","ECR","standard","standard","permlen","1"
"2178","28","2","truemodel_G2_rho.5","ECR","standard","standard","permlen","1"
"2179","29","2","truemodel_G2_rho.5","ECR","standard","standard","permlen","1"
"2180","30","2","truemodel_G2_rho.5","ECR","standard","standard","permlen","1"
"2181","31","2","truemodel_G2_rho.5","ECR","standard","standard","permlen","1"
"2182","32","2","truemodel_G2_rho.5","ECR","standard","standard","permlen","1"
"2183","33","2","truemodel_G2_rho.5","ECR","standard","standard","permlen","1"
"2184","34","2","truemodel_G2_rho.5","ECR","standard","standard","permlen","1"
"2185","35","2","truemodel_G2_rho.5","ECR","standard","standard","permlen","1"
"2186","36","2","truemodel_G2_rho.5","ECR","standard","standard","permlen","1"
"2187","37","2","truemodel_G2_rho.5","ECR","standard","standard","permlen","1"
"2188","38","2","truemodel_G2_rho.5","ECR","standard","standard","permlen","1"
"2189","39","2","truemodel_G2_rho.5","ECR","standard","standard","permlen","1"
"2190","40","2","truemodel_G2_rho.5","ECR","standard","standard","permlen","1"
"2191","41","2","truemodel_G2_rho.5","ECR","standard","standard","permlen","1"
"2192","42","2","truemodel_G2_rho.5","ECR","standard","standard","permlen","1"
"2193","43","2","truemodel_G2_rho.5","ECR","standard","standard","permlen","1"
"2194","44","2","truemodel_G2_rho.5","ECR","standard","standard","permlen","1"
"2195","45","2","truemodel_G2_rho.5","ECR","standard","standard","permlen","1"
"2196","46","2","truemodel_G2_rho.5","ECR","standard","standard","permlen","1"
"2197","47","2","truemodel_G2_rho.5","ECR","standard","standard","permlen","1"
"2198","48","2","truemodel_G2_rho.5","ECR","standard","standard","permlen","1"
"2199","49","2","truemodel_G2_rho.5","ECR","standard","standard","permlen","1"
"2200","50","2","truemodel_G2_rho.5","ECR","standard","standard","permlen","1"
"2201","1","2","truemodel_G2_rho1","ECR","standard","standard","permlen","1"
"2202","2","2","truemodel_G2_rho1","ECR","standard","standard","permlen","1"
"2203","3","2","truemodel_G2_rho1","ECR","standard","standard","permlen","1"
"2204","4","2","truemodel_G2_rho1","ECR","standard","standard","permlen","1"
"2205","5","2","truemodel_G2_rho1","ECR","standard","standard","permlen","1"
"2206","6","2","truemodel_G2_rho1","ECR","standard","standard","permlen","1"
"2207","7","2","truemodel_G2_rho1","ECR","standard","standard","permlen","1"
"2208","8","2","truemodel_G2_rho1","ECR","standard","standard","permlen","1"
"2209","9","2","truemodel_G2_rho1","ECR","standard","standard","permlen","1"
"2210","10","2","truemodel_G2_rho1","ECR","standard","standard","permlen","1"
"2211","11","2","truemodel_G2_rho1","ECR","standard","standard","permlen","1"
"2212","12","2","truemodel_G2_rho1","ECR","standard","standard","permlen","1"
"2213","13","2","truemodel_G2_rho1","ECR","standard","standard","permlen","1"
"2214","14","2","truemodel_G2_rho1","ECR","standard","standard","permlen","1"
"2215","15","2","truemodel_G2_rho1","ECR","standard","standard","permlen","1"
"2216","16","2","truemodel_G2_rho1","ECR","standard","standard","permlen","1"
"2217","17","2","truemodel_G2_rho1","ECR","standard","standard","permlen","1"
"2218","18","2","truemodel_G2_rho1","ECR","standard","standard","permlen","1"
"2219","19","2","truemodel_G2_rho1","ECR","standard","standard","permlen","1"
"2220","20","2","truemodel_G2_rho1","ECR","standard","standard","permlen","1"
"2221","21","2","truemodel_G2_rho1","ECR","standard","standard","permlen","1"
"2222","22","2","truemodel_G2_rho1","ECR","standard","standard","permlen","1"
"2223","23","2","truemodel_G2_rho1","ECR","standard","standard","permlen","1"
"2224","24","2","truemodel_G2_rho1","ECR","standard","standard","permlen","1"
"2225","25","2","truemodel_G2_rho1","ECR","standard","standard","permlen","1"
"2226","26","2","truemodel_G2_rho1","ECR","standard","standard","permlen","1"
"2227","27","2","truemodel_G2_rho1","ECR","standard","standard","permlen","1"
"2228","28","2","truemodel_G2_rho1","ECR","standard","standard","permlen","1"
"2229","29","2","truemodel_G2_rho1","ECR","standard","standard","permlen","1"
"2230","30","2","truemodel_G2_rho1","ECR","standard","standard","permlen","1"
"2231","31","2","truemodel_G2_rho1","ECR","standard","standard","permlen","1"
"2232","32","2","truemodel_G2_rho1","ECR","standard","standard","permlen","1"
"2233","33","2","truemodel_G2_rho1","ECR","standard","standard","permlen","1"
"2234","34","2","truemodel_G2_rho1","ECR","standard","standard","permlen","1"
"2235","35","2","truemodel_G2_rho1","ECR","standard","standard","permlen","1"
"2236","36","2","truemodel_G2_rho1","ECR","standard","standard","permlen","1"
"2237","37","2","truemodel_G2_rho1","ECR","standard","standard","permlen","1"
"2238","38","2","truemodel_G2_rho1","ECR","standard","standard","permlen","1"
"2239","39","2","truemodel_G2_rho1","ECR","standard","standard","permlen","1"
"2240","40","2","truemodel_G2_rho1","ECR","standard","standard","permlen","1"
"2241","41","2","truemodel_G2_rho1","ECR","standard","standard","permlen","1"
"2242","42","2","truemodel_G2_rho1","ECR","standard","standard","permlen","1"
"2243","43","2","truemodel_G2_rho1","ECR","standard","standard","permlen","1"
"2244","44","2","truemodel_G2_rho1","ECR","standard","standard","permlen","1"
"2245","45","2","truemodel_G2_rho1","ECR","standard","standard","permlen","1"
"2246","46","2","truemodel_G2_rho1","ECR","standard","standard","permlen","1"
"2247","47","2","truemodel_G2_rho1","ECR","standard","standard","permlen","1"
"2248","48","2","truemodel_G2_rho1","ECR","standard","standard","permlen","1"
"2249","49","2","truemodel_G2_rho1","ECR","standard","standard","permlen","1"
"2250","50","2","truemodel_G2_rho1","ECR","standard","standard","permlen","1"
"2251","1","2","truemodel_G2_rho0","ECR","standard","simple","alpha","0.2398"
"2252","2","2","truemodel_G2_rho0","ECR","standard","simple","alpha","0.2698"
"2253","3","2","truemodel_G2_rho0","ECR","standard","simple","alpha","0.2898"
"2254","4","2","truemodel_G2_rho0","ECR","standard","simple","alpha","0.2098"
"2255","5","2","truemodel_G2_rho0","ECR","standard","simple","alpha","0.2398"
"2256","6","2","truemodel_G2_rho0","ECR","standard","simple","alpha","0.2098"
"2257","7","2","truemodel_G2_rho0","ECR","standard","simple","alpha","0.2298"
"2258","8","2","truemodel_G2_rho0","ECR","standard","simple","alpha","0.2098"
"2259","9","2","truemodel_G2_rho0","ECR","standard","simple","alpha","0.2798"
"2260","10","2","truemodel_G2_rho0","ECR","standard","simple","alpha","0.2498"
"2261","11","2","truemodel_G2_rho0","ECR","standard","simple","alpha","0.2898"
"2262","12","2","truemodel_G2_rho0","ECR","standard","simple","alpha","0.2098"
"2263","13","2","truemodel_G2_rho0","ECR","standard","simple","alpha","0.2198"
"2264","14","2","truemodel_G2_rho0","ECR","standard","simple","alpha","0.2798"
"2265","15","2","truemodel_G2_rho0","ECR","standard","simple","alpha","0.2098"
"2266","16","2","truemodel_G2_rho0","ECR","standard","simple","alpha","0.3098"
"2267","17","2","truemodel_G2_rho0","ECR","standard","simple","alpha","0.2098"
"2268","18","2","truemodel_G2_rho0","ECR","standard","simple","alpha","0.2298"
"2269","19","2","truemodel_G2_rho0","ECR","standard","simple","alpha","0.2598"
"2270","20","2","truemodel_G2_rho0","ECR","standard","simple","alpha","0.2798"
"2271","21","2","truemodel_G2_rho0","ECR","standard","simple","alpha","0.2098"
"2272","22","2","truemodel_G2_rho0","ECR","standard","simple","alpha","0.2098"
"2273","23","2","truemodel_G2_rho0","ECR","standard","simple","alpha","0.2198"
"2274","24","2","truemodel_G2_rho0","ECR","standard","simple","alpha","0.2798"
"2275","25","2","truemodel_G2_rho0","ECR","standard","simple","alpha","0.3598"
"2276","26","2","truemodel_G2_rho0","ECR","standard","simple","alpha","0.2098"
"2277","27","2","truemodel_G2_rho0","ECR","standard","simple","alpha","0.2498"
"2278","28","2","truemodel_G2_rho0","ECR","standard","simple","alpha","0.2498"
"2279","29","2","truemodel_G2_rho0","ECR","standard","simple","alpha","0.2098"
"2280","30","2","truemodel_G2_rho0","ECR","standard","simple","alpha","0.2198"
"2281","31","2","truemodel_G2_rho0","ECR","standard","simple","alpha","0.3298"
"2282","32","2","truemodel_G2_rho0","ECR","standard","simple","alpha","0.2198"
"2283","33","2","truemodel_G2_rho0","ECR","standard","simple","alpha","0.2298"
"2284","34","2","truemodel_G2_rho0","ECR","standard","simple","alpha","0.2798"
"2285","35","2","truemodel_G2_rho0","ECR","standard","simple","alpha","0.3698"
"2286","36","2","truemodel_G2_rho0","ECR","standard","simple","alpha","0.2098"
"2287","37","2","truemodel_G2_rho0","ECR","standard","simple","alpha","0.2098"
"2288","38","2","truemodel_G2_rho0","ECR","standard","simple","alpha","0.2698"
"2289","39","2","truemodel_G2_rho0","ECR","standard","simple","alpha","0.2898"
"2290","40","2","truemodel_G2_rho0","ECR","standard","simple","alpha","0.2798"
"2291","41","2","truemodel_G2_rho0","ECR","standard","simple","alpha","0.2198"
"2292","42","2","truemodel_G2_rho0","ECR","standard","simple","alpha","0.3098"
"2293","43","2","truemodel_G2_rho0","ECR","standard","simple","alpha","0.2298"
"2294","44","2","truemodel_G2_rho0","ECR","standard","simple","alpha","0.2398"
"2295","45","2","truemodel_G2_rho0","ECR","standard","simple","alpha","0.3198"
"2296","46","2","truemodel_G2_rho0","ECR","standard","simple","alpha","0.2098"
"2297","47","2","truemodel_G2_rho0","ECR","standard","simple","alpha","0.2498"
"2298","48","2","truemodel_G2_rho0","ECR","standard","simple","alpha","0.2198"
"2299","49","2","truemodel_G2_rho0","ECR","standard","simple","alpha","0.2298"
"2300","50","2","truemodel_G2_rho0","ECR","standard","simple","alpha","0.2398"
"2301","1","2","truemodel_G2_rho.5","ECR","standard","simple","alpha","0.2198"
"2302","2","2","truemodel_G2_rho.5","ECR","standard","simple","alpha","0.2698"
"2303","3","2","truemodel_G2_rho.5","ECR","standard","simple","alpha","0.2698"
"2304","4","2","truemodel_G2_rho.5","ECR","standard","simple","alpha","0.2598"
"2305","5","2","truemodel_G2_rho.5","ECR","standard","simple","alpha","0.2098"
"2306","6","2","truemodel_G2_rho.5","ECR","standard","simple","alpha","0.2098"
"2307","7","2","truemodel_G2_rho.5","ECR","standard","simple","alpha","0.2798"
"2308","8","2","truemodel_G2_rho.5","ECR","standard","simple","alpha","0.2298"
"2309","9","2","truemodel_G2_rho.5","ECR","standard","simple","alpha","0.2098"
"2310","10","2","truemodel_G2_rho.5","ECR","standard","simple","alpha","0.2898"
"2311","11","2","truemodel_G2_rho.5","ECR","standard","simple","alpha","0.2798"
"2312","12","2","truemodel_G2_rho.5","ECR","standard","simple","alpha","0.2298"
"2313","13","2","truemodel_G2_rho.5","ECR","standard","simple","alpha","0.2098"
"2314","14","2","truemodel_G2_rho.5","ECR","standard","simple","alpha","0.2198"
"2315","15","2","truemodel_G2_rho.5","ECR","standard","simple","alpha","0.2098"
"2316","16","2","truemodel_G2_rho.5","ECR","standard","simple","alpha","0.2398"
"2317","17","2","truemodel_G2_rho.5","ECR","standard","simple","alpha","0.2098"
"2318","18","2","truemodel_G2_rho.5","ECR","standard","simple","alpha","0.2098"
"2319","19","2","truemodel_G2_rho.5","ECR","standard","simple","alpha","0.2898"
"2320","20","2","truemodel_G2_rho.5","ECR","standard","simple","alpha","0.2098"
"2321","21","2","truemodel_G2_rho.5","ECR","standard","simple","alpha","0.2798"
"2322","22","2","truemodel_G2_rho.5","ECR","standard","simple","alpha","0.2098"
"2323","23","2","truemodel_G2_rho.5","ECR","standard","simple","alpha","0.2098"
"2324","24","2","truemodel_G2_rho.5","ECR","standard","simple","alpha","0.2698"
"2325","25","2","truemodel_G2_rho.5","ECR","standard","simple","alpha","0.2198"
"2326","26","2","truemodel_G2_rho.5","ECR","standard","simple","alpha","0.2098"
"2327","27","2","truemodel_G2_rho.5","ECR","standard","simple","alpha","0.2298"
"2328","28","2","truemodel_G2_rho.5","ECR","standard","simple","alpha","0.2498"
"2329","29","2","truemodel_G2_rho.5","ECR","standard","simple","alpha","0.2098"
"2330","30","2","truemodel_G2_rho.5","ECR","standard","simple","alpha","0.2498"
"2331","31","2","truemodel_G2_rho.5","ECR","standard","simple","alpha","0.2098"
"2332","32","2","truemodel_G2_rho.5","ECR","standard","simple","alpha","0.2098"
"2333","33","2","truemodel_G2_rho.5","ECR","standard","simple","alpha","0.2398"
"2334","34","2","truemodel_G2_rho.5","ECR","standard","simple","alpha","0.2098"
"2335","35","2","truemodel_G2_rho.5","ECR","standard","simple","alpha","0.2098"
"2336","36","2","truemodel_G2_rho.5","ECR","standard","simple","alpha","0.2098"
"2337","37","2","truemodel_G2_rho.5","ECR","standard","simple","alpha","0.2098"
"2338","38","2","truemodel_G2_rho.5","ECR","standard","simple","alpha","0.2998"
"2339","39","2","truemodel_G2_rho.5","ECR","standard","simple","alpha","0.2398"
"2340","40","2","truemodel_G2_rho.5","ECR","standard","simple","alpha","0.2198"
"2341","41","2","truemodel_G2_rho.5","ECR","standard","simple","alpha","0.2098"
"2342","42","2","truemodel_G2_rho.5","ECR","standard","simple","alpha","0.2098"
"2343","43","2","truemodel_G2_rho.5","ECR","standard","simple","alpha","0.2398"
"2344","44","2","truemodel_G2_rho.5","ECR","standard","simple","alpha","0.2398"
"2345","45","2","truemodel_G2_rho.5","ECR","standard","simple","alpha","0.3098"
"2346","46","2","truemodel_G2_rho.5","ECR","standard","simple","alpha","0.2498"
"2347","47","2","truemodel_G2_rho.5","ECR","standard","simple","alpha","0.2298"
"2348","48","2","truemodel_G2_rho.5","ECR","standard","simple","alpha","0.2198"
"2349","49","2","truemodel_G2_rho.5","ECR","standard","simple","alpha","0.2398"
"2350","50","2","truemodel_G2_rho.5","ECR","standard","simple","alpha","0.2098"
"2351","1","2","truemodel_G2_rho1","ECR","standard","simple","alpha","0.3398"
"2352","2","2","truemodel_G2_rho1","ECR","standard","simple","alpha","0.4798"
"2353","3","2","truemodel_G2_rho1","ECR","standard","simple","alpha","0.4198"
"2354","4","2","truemodel_G2_rho1","ECR","standard","simple","alpha","0.2098"
"2355","5","2","truemodel_G2_rho1","ECR","standard","simple","alpha","0.4198"
"2356","6","2","truemodel_G2_rho1","ECR","standard","simple","alpha","0.2298"
"2357","7","2","truemodel_G2_rho1","ECR","standard","simple","alpha","0.2098"
"2358","8","2","truemodel_G2_rho1","ECR","standard","simple","alpha","0.2198"
"2359","9","2","truemodel_G2_rho1","ECR","standard","simple","alpha","0.2198"
"2360","10","2","truemodel_G2_rho1","ECR","standard","simple","alpha","0.2198"
"2361","11","2","truemodel_G2_rho1","ECR","standard","simple","alpha","0.4598"
"2362","12","2","truemodel_G2_rho1","ECR","standard","simple","alpha","0.4498"
"2363","13","2","truemodel_G2_rho1","ECR","standard","simple","alpha","0.2298"
"2364","14","2","truemodel_G2_rho1","ECR","standard","simple","alpha","0.3098"
"2365","15","2","truemodel_G2_rho1","ECR","standard","simple","alpha","0.3398"
"2366","16","2","truemodel_G2_rho1","ECR","standard","simple","alpha","0.2598"
"2367","17","2","truemodel_G2_rho1","ECR","standard","simple","alpha","0.2098"
"2368","18","2","truemodel_G2_rho1","ECR","standard","simple","alpha","0.2198"
"2369","19","2","truemodel_G2_rho1","ECR","standard","simple","alpha","0.2098"
"2370","20","2","truemodel_G2_rho1","ECR","standard","simple","alpha","0.2198"
"2371","21","2","truemodel_G2_rho1","ECR","standard","simple","alpha","0.2198"
"2372","22","2","truemodel_G2_rho1","ECR","standard","simple","alpha","0.5"
"2373","23","2","truemodel_G2_rho1","ECR","standard","simple","alpha","0.5"
"2374","24","2","truemodel_G2_rho1","ECR","standard","simple","alpha","0.3998"
"2375","25","2","truemodel_G2_rho1","ECR","standard","simple","alpha","0.5"
"2376","26","2","truemodel_G2_rho1","ECR","standard","simple","alpha","0.5"
"2377","27","2","truemodel_G2_rho1","ECR","standard","simple","alpha","0.3998"
"2378","28","2","truemodel_G2_rho1","ECR","standard","simple","alpha","0.2498"
"2379","29","2","truemodel_G2_rho1","ECR","standard","simple","alpha","0.2998"
"2380","30","2","truemodel_G2_rho1","ECR","standard","simple","alpha","0.2298"
"2381","31","2","truemodel_G2_rho1","ECR","standard","simple","alpha","0.2298"
"2382","32","2","truemodel_G2_rho1","ECR","standard","simple","alpha","0.5"
"2383","33","2","truemodel_G2_rho1","ECR","standard","simple","alpha","0.2998"
"2384","34","2","truemodel_G2_rho1","ECR","standard","simple","alpha","0.2098"
"2385","35","2","truemodel_G2_rho1","ECR","standard","simple","alpha","0.2198"
"2386","36","2","truemodel_G2_rho1","ECR","standard","simple","alpha","0.2098"
"2387","37","2","truemodel_G2_rho1","ECR","standard","simple","alpha","0.2098"
"2388","38","2","truemodel_G2_rho1","ECR","standard","simple","alpha","0.3798"
"2389","39","2","truemodel_G2_rho1","ECR","standard","simple","alpha","0.2398"
"2390","40","2","truemodel_G2_rho1","ECR","standard","simple","alpha","0.2098"
"2391","41","2","truemodel_G2_rho1","ECR","standard","simple","alpha","0.2498"
"2392","42","2","truemodel_G2_rho1","ECR","standard","simple","alpha","0.2698"
"2393","43","2","truemodel_G2_rho1","ECR","standard","simple","alpha","0.2498"
"2394","44","2","truemodel_G2_rho1","ECR","standard","simple","alpha","0.2098"
"2395","45","2","truemodel_G2_rho1","ECR","standard","simple","alpha","0.3098"
"2396","46","2","truemodel_G2_rho1","ECR","standard","simple","alpha","0.2198"
"2397","47","2","truemodel_G2_rho1","ECR","standard","simple","alpha","0.3598"
"2398","48","2","truemodel_G2_rho1","ECR","standard","simple","alpha","0.2198"
"2399","49","2","truemodel_G2_rho1","ECR","standard","simple","alpha","0.2498"
"2400","50","2","truemodel_G2_rho1","ECR","standard","simple","alpha","0.3798"
"2401","1","2","truemodel_G2_rho0","ECR","standard","bridge","alpha","Inf"
"2402","2","2","truemodel_G2_rho0","ECR","standard","bridge","alpha","Inf"
"2403","3","2","truemodel_G2_rho0","ECR","standard","bridge","alpha","Inf"
"2404","4","2","truemodel_G2_rho0","ECR","standard","bridge","alpha","Inf"
"2405","5","2","truemodel_G2_rho0","ECR","standard","bridge","alpha","Inf"
"2406","6","2","truemodel_G2_rho0","ECR","standard","bridge","alpha","Inf"
"2407","7","2","truemodel_G2_rho0","ECR","standard","bridge","alpha","Inf"
"2408","8","2","truemodel_G2_rho0","ECR","standard","bridge","alpha","Inf"
"2409","9","2","truemodel_G2_rho0","ECR","standard","bridge","alpha","Inf"
"2410","10","2","truemodel_G2_rho0","ECR","standard","bridge","alpha","Inf"
"2411","11","2","truemodel_G2_rho0","ECR","standard","bridge","alpha","Inf"
"2412","12","2","truemodel_G2_rho0","ECR","standard","bridge","alpha","Inf"
"2413","13","2","truemodel_G2_rho0","ECR","standard","bridge","alpha","Inf"
"2414","14","2","truemodel_G2_rho0","ECR","standard","bridge","alpha","Inf"
"2415","15","2","truemodel_G2_rho0","ECR","standard","bridge","alpha","Inf"
"2416","16","2","truemodel_G2_rho0","ECR","standard","bridge","alpha","Inf"
"2417","17","2","truemodel_G2_rho0","ECR","standard","bridge","alpha","Inf"
"2418","18","2","truemodel_G2_rho0","ECR","standard","bridge","alpha","Inf"
"2419","19","2","truemodel_G2_rho0","ECR","standard","bridge","alpha","Inf"
"2420","20","2","truemodel_G2_rho0","ECR","standard","bridge","alpha","Inf"
"2421","21","2","truemodel_G2_rho0","ECR","standard","bridge","alpha","Inf"
"2422","22","2","truemodel_G2_rho0","ECR","standard","bridge","alpha","Inf"
"2423","23","2","truemodel_G2_rho0","ECR","standard","bridge","alpha","Inf"
"2424","24","2","truemodel_G2_rho0","ECR","standard","bridge","alpha","Inf"
"2425","25","2","truemodel_G2_rho0","ECR","standard","bridge","alpha","Inf"
"2426","26","2","truemodel_G2_rho0","ECR","standard","bridge","alpha","Inf"
"2427","27","2","truemodel_G2_rho0","ECR","standard","bridge","alpha","Inf"
"2428","28","2","truemodel_G2_rho0","ECR","standard","bridge","alpha","Inf"
"2429","29","2","truemodel_G2_rho0","ECR","standard","bridge","alpha","Inf"
"2430","30","2","truemodel_G2_rho0","ECR","standard","bridge","alpha","Inf"
"2431","31","2","truemodel_G2_rho0","ECR","standard","bridge","alpha","Inf"
"2432","32","2","truemodel_G2_rho0","ECR","standard","bridge","alpha","Inf"
"2433","33","2","truemodel_G2_rho0","ECR","standard","bridge","alpha","Inf"
"2434","34","2","truemodel_G2_rho0","ECR","standard","bridge","alpha","Inf"
"2435","35","2","truemodel_G2_rho0","ECR","standard","bridge","alpha","Inf"
"2436","36","2","truemodel_G2_rho0","ECR","standard","bridge","alpha","Inf"
"2437","37","2","truemodel_G2_rho0","ECR","standard","bridge","alpha","Inf"
"2438","38","2","truemodel_G2_rho0","ECR","standard","bridge","alpha","Inf"
"2439","39","2","truemodel_G2_rho0","ECR","standard","bridge","alpha","Inf"
"2440","40","2","truemodel_G2_rho0","ECR","standard","bridge","alpha","Inf"
"2441","41","2","truemodel_G2_rho0","ECR","standard","bridge","alpha","Inf"
"2442","42","2","truemodel_G2_rho0","ECR","standard","bridge","alpha","Inf"
"2443","43","2","truemodel_G2_rho0","ECR","standard","bridge","alpha","Inf"
"2444","44","2","truemodel_G2_rho0","ECR","standard","bridge","alpha","Inf"
"2445","45","2","truemodel_G2_rho0","ECR","standard","bridge","alpha","Inf"
"2446","46","2","truemodel_G2_rho0","ECR","standard","bridge","alpha","Inf"
"2447","47","2","truemodel_G2_rho0","ECR","standard","bridge","alpha","Inf"
"2448","48","2","truemodel_G2_rho0","ECR","standard","bridge","alpha","Inf"
"2449","49","2","truemodel_G2_rho0","ECR","standard","bridge","alpha","Inf"
"2450","50","2","truemodel_G2_rho0","ECR","standard","bridge","alpha","Inf"
"2451","1","2","truemodel_G2_rho.5","ECR","standard","bridge","alpha","Inf"
"2452","2","2","truemodel_G2_rho.5","ECR","standard","bridge","alpha","Inf"
"2453","3","2","truemodel_G2_rho.5","ECR","standard","bridge","alpha","Inf"
"2454","4","2","truemodel_G2_rho.5","ECR","standard","bridge","alpha","Inf"
"2455","5","2","truemodel_G2_rho.5","ECR","standard","bridge","alpha","Inf"
"2456","6","2","truemodel_G2_rho.5","ECR","standard","bridge","alpha","Inf"
"2457","7","2","truemodel_G2_rho.5","ECR","standard","bridge","alpha","Inf"
"2458","8","2","truemodel_G2_rho.5","ECR","standard","bridge","alpha","Inf"
"2459","9","2","truemodel_G2_rho.5","ECR","standard","bridge","alpha","Inf"
"2460","10","2","truemodel_G2_rho.5","ECR","standard","bridge","alpha","Inf"
"2461","11","2","truemodel_G2_rho.5","ECR","standard","bridge","alpha","Inf"
"2462","12","2","truemodel_G2_rho.5","ECR","standard","bridge","alpha","Inf"
"2463","13","2","truemodel_G2_rho.5","ECR","standard","bridge","alpha","Inf"
"2464","14","2","truemodel_G2_rho.5","ECR","standard","bridge","alpha","Inf"
"2465","15","2","truemodel_G2_rho.5","ECR","standard","bridge","alpha","Inf"
"2466","16","2","truemodel_G2_rho.5","ECR","standard","bridge","alpha","Inf"
"2467","17","2","truemodel_G2_rho.5","ECR","standard","bridge","alpha","Inf"
"2468","18","2","truemodel_G2_rho.5","ECR","standard","bridge","alpha","Inf"
"2469","19","2","truemodel_G2_rho.5","ECR","standard","bridge","alpha","Inf"
"2470","20","2","truemodel_G2_rho.5","ECR","standard","bridge","alpha","Inf"
"2471","21","2","truemodel_G2_rho.5","ECR","standard","bridge","alpha","Inf"
"2472","22","2","truemodel_G2_rho.5","ECR","standard","bridge","alpha","Inf"
"2473","23","2","truemodel_G2_rho.5","ECR","standard","bridge","alpha","Inf"
"2474","24","2","truemodel_G2_rho.5","ECR","standard","bridge","alpha","Inf"
"2475","25","2","truemodel_G2_rho.5","ECR","standard","bridge","alpha","Inf"
"2476","26","2","truemodel_G2_rho.5","ECR","standard","bridge","alpha","Inf"
"2477","27","2","truemodel_G2_rho.5","ECR","standard","bridge","alpha","Inf"
"2478","28","2","truemodel_G2_rho.5","ECR","standard","bridge","alpha","Inf"
"2479","29","2","truemodel_G2_rho.5","ECR","standard","bridge","alpha","Inf"
"2480","30","2","truemodel_G2_rho.5","ECR","standard","bridge","alpha","Inf"
"2481","31","2","truemodel_G2_rho.5","ECR","standard","bridge","alpha","Inf"
"2482","32","2","truemodel_G2_rho.5","ECR","standard","bridge","alpha","Inf"
"2483","33","2","truemodel_G2_rho.5","ECR","standard","bridge","alpha","Inf"
"2484","34","2","truemodel_G2_rho.5","ECR","standard","bridge","alpha","Inf"
"2485","35","2","truemodel_G2_rho.5","ECR","standard","bridge","alpha","Inf"
"2486","36","2","truemodel_G2_rho.5","ECR","standard","bridge","alpha","Inf"
"2487","37","2","truemodel_G2_rho.5","ECR","standard","bridge","alpha","Inf"
"2488","38","2","truemodel_G2_rho.5","ECR","standard","bridge","alpha","Inf"
"2489","39","2","truemodel_G2_rho.5","ECR","standard","bridge","alpha","Inf"
"2490","40","2","truemodel_G2_rho.5","ECR","standard","bridge","alpha","Inf"
"2491","41","2","truemodel_G2_rho.5","ECR","standard","bridge","alpha","Inf"
"2492","42","2","truemodel_G2_rho.5","ECR","standard","bridge","alpha","Inf"
"2493","43","2","truemodel_G2_rho.5","ECR","standard","bridge","alpha","Inf"
"2494","44","2","truemodel_G2_rho.5","ECR","standard","bridge","alpha","Inf"
"2495","45","2","truemodel_G2_rho.5","ECR","standard","bridge","alpha","Inf"
"2496","46","2","truemodel_G2_rho.5","ECR","standard","bridge","alpha","Inf"
"2497","47","2","truemodel_G2_rho.5","ECR","standard","bridge","alpha","Inf"
"2498","48","2","truemodel_G2_rho.5","ECR","standard","bridge","alpha","Inf"
"2499","49","2","truemodel_G2_rho.5","ECR","standard","bridge","alpha","Inf"
"2500","50","2","truemodel_G2_rho.5","ECR","standard","bridge","alpha","Inf"
"2501","1","2","truemodel_G2_rho1","ECR","standard","bridge","alpha","Inf"
"2502","2","2","truemodel_G2_rho1","ECR","standard","bridge","alpha","Inf"
"2503","3","2","truemodel_G2_rho1","ECR","standard","bridge","alpha","Inf"
"2504","4","2","truemodel_G2_rho1","ECR","standard","bridge","alpha","Inf"
"2505","5","2","truemodel_G2_rho1","ECR","standard","bridge","alpha","Inf"
"2506","6","2","truemodel_G2_rho1","ECR","standard","bridge","alpha","Inf"
"2507","7","2","truemodel_G2_rho1","ECR","standard","bridge","alpha","Inf"
"2508","8","2","truemodel_G2_rho1","ECR","standard","bridge","alpha","Inf"
"2509","9","2","truemodel_G2_rho1","ECR","standard","bridge","alpha","Inf"
"2510","10","2","truemodel_G2_rho1","ECR","standard","bridge","alpha","Inf"
"2511","11","2","truemodel_G2_rho1","ECR","standard","bridge","alpha","Inf"
"2512","12","2","truemodel_G2_rho1","ECR","standard","bridge","alpha","Inf"
"2513","13","2","truemodel_G2_rho1","ECR","standard","bridge","alpha","Inf"
"2514","14","2","truemodel_G2_rho1","ECR","standard","bridge","alpha","Inf"
"2515","15","2","truemodel_G2_rho1","ECR","standard","bridge","alpha","Inf"
"2516","16","2","truemodel_G2_rho1","ECR","standard","bridge","alpha","Inf"
"2517","17","2","truemodel_G2_rho1","ECR","standard","bridge","alpha","Inf"
"2518","18","2","truemodel_G2_rho1","ECR","standard","bridge","alpha","Inf"
"2519","19","2","truemodel_G2_rho1","ECR","standard","bridge","alpha","Inf"
"2520","20","2","truemodel_G2_rho1","ECR","standard","bridge","alpha","Inf"
"2521","21","2","truemodel_G2_rho1","ECR","standard","bridge","alpha","Inf"
"2522","22","2","truemodel_G2_rho1","ECR","standard","bridge","alpha","Inf"
"2523","23","2","truemodel_G2_rho1","ECR","standard","bridge","alpha","Inf"
"2524","24","2","truemodel_G2_rho1","ECR","standard","bridge","alpha","Inf"
"2525","25","2","truemodel_G2_rho1","ECR","standard","bridge","alpha","Inf"
"2526","26","2","truemodel_G2_rho1","ECR","standard","bridge","alpha","Inf"
"2527","27","2","truemodel_G2_rho1","ECR","standard","bridge","alpha","Inf"
"2528","28","2","truemodel_G2_rho1","ECR","standard","bridge","alpha","Inf"
"2529","29","2","truemodel_G2_rho1","ECR","standard","bridge","alpha","Inf"
"2530","30","2","truemodel_G2_rho1","ECR","standard","bridge","alpha","Inf"
"2531","31","2","truemodel_G2_rho1","ECR","standard","bridge","alpha","Inf"
"2532","32","2","truemodel_G2_rho1","ECR","standard","bridge","alpha","Inf"
"2533","33","2","truemodel_G2_rho1","ECR","standard","bridge","alpha","Inf"
"2534","34","2","truemodel_G2_rho1","ECR","standard","bridge","alpha","Inf"
"2535","35","2","truemodel_G2_rho1","ECR","standard","bridge","alpha","Inf"
"2536","36","2","truemodel_G2_rho1","ECR","standard","bridge","alpha","Inf"
"2537","37","2","truemodel_G2_rho1","ECR","standard","bridge","alpha","Inf"
"2538","38","2","truemodel_G2_rho1","ECR","standard","bridge","alpha","Inf"
"2539","39","2","truemodel_G2_rho1","ECR","standard","bridge","alpha","Inf"
"2540","40","2","truemodel_G2_rho1","ECR","standard","bridge","alpha","Inf"
"2541","41","2","truemodel_G2_rho1","ECR","standard","bridge","alpha","Inf"
"2542","42","2","truemodel_G2_rho1","ECR","standard","bridge","alpha","Inf"
"2543","43","2","truemodel_G2_rho1","ECR","standard","bridge","alpha","Inf"
"2544","44","2","truemodel_G2_rho1","ECR","standard","bridge","alpha","Inf"
"2545","45","2","truemodel_G2_rho1","ECR","standard","bridge","alpha","Inf"
"2546","46","2","truemodel_G2_rho1","ECR","standard","bridge","alpha","Inf"
"2547","47","2","truemodel_G2_rho1","ECR","standard","bridge","alpha","Inf"
"2548","48","2","truemodel_G2_rho1","ECR","standard","bridge","alpha","Inf"
"2549","49","2","truemodel_G2_rho1","ECR","standard","bridge","alpha","Inf"
"2550","50","2","truemodel_G2_rho1","ECR","standard","bridge","alpha","Inf"
"2551","1","2","truemodel_G2_rho0","ECR","standard","standard","alpha","0.2398"
"2552","2","2","truemodel_G2_rho0","ECR","standard","standard","alpha","0.2698"
"2553","3","2","truemodel_G2_rho0","ECR","standard","standard","alpha","0.2898"
"2554","4","2","truemodel_G2_rho0","ECR","standard","standard","alpha","0.2098"
"2555","5","2","truemodel_G2_rho0","ECR","standard","standard","alpha","0.2398"
"2556","6","2","truemodel_G2_rho0","ECR","standard","standard","alpha","0.2098"
"2557","7","2","truemodel_G2_rho0","ECR","standard","standard","alpha","0.2298"
"2558","8","2","truemodel_G2_rho0","ECR","standard","standard","alpha","0.2098"
"2559","9","2","truemodel_G2_rho0","ECR","standard","standard","alpha","0.2798"
"2560","10","2","truemodel_G2_rho0","ECR","standard","standard","alpha","0.2498"
"2561","11","2","truemodel_G2_rho0","ECR","standard","standard","alpha","0.2898"
"2562","12","2","truemodel_G2_rho0","ECR","standard","standard","alpha","0.2098"
"2563","13","2","truemodel_G2_rho0","ECR","standard","standard","alpha","0.2198"
"2564","14","2","truemodel_G2_rho0","ECR","standard","standard","alpha","0.2798"
"2565","15","2","truemodel_G2_rho0","ECR","standard","standard","alpha","0.2098"
"2566","16","2","truemodel_G2_rho0","ECR","standard","standard","alpha","0.3098"
"2567","17","2","truemodel_G2_rho0","ECR","standard","standard","alpha","0.2098"
"2568","18","2","truemodel_G2_rho0","ECR","standard","standard","alpha","0.2298"
"2569","19","2","truemodel_G2_rho0","ECR","standard","standard","alpha","0.2598"
"2570","20","2","truemodel_G2_rho0","ECR","standard","standard","alpha","0.2798"
"2571","21","2","truemodel_G2_rho0","ECR","standard","standard","alpha","0.2098"
"2572","22","2","truemodel_G2_rho0","ECR","standard","standard","alpha","0.2098"
"2573","23","2","truemodel_G2_rho0","ECR","standard","standard","alpha","0.2198"
"2574","24","2","truemodel_G2_rho0","ECR","standard","standard","alpha","0.2798"
"2575","25","2","truemodel_G2_rho0","ECR","standard","standard","alpha","0.3598"
"2576","26","2","truemodel_G2_rho0","ECR","standard","standard","alpha","0.2098"
"2577","27","2","truemodel_G2_rho0","ECR","standard","standard","alpha","0.2498"
"2578","28","2","truemodel_G2_rho0","ECR","standard","standard","alpha","0.2498"
"2579","29","2","truemodel_G2_rho0","ECR","standard","standard","alpha","0.2098"
"2580","30","2","truemodel_G2_rho0","ECR","standard","standard","alpha","0.2198"
"2581","31","2","truemodel_G2_rho0","ECR","standard","standard","alpha","0.3298"
"2582","32","2","truemodel_G2_rho0","ECR","standard","standard","alpha","0.2198"
"2583","33","2","truemodel_G2_rho0","ECR","standard","standard","alpha","0.2298"
"2584","34","2","truemodel_G2_rho0","ECR","standard","standard","alpha","0.2798"
"2585","35","2","truemodel_G2_rho0","ECR","standard","standard","alpha","0.3698"
"2586","36","2","truemodel_G2_rho0","ECR","standard","standard","alpha","0.2098"
"2587","37","2","truemodel_G2_rho0","ECR","standard","standard","alpha","0.2098"
"2588","38","2","truemodel_G2_rho0","ECR","standard","standard","alpha","0.2698"
"2589","39","2","truemodel_G2_rho0","ECR","standard","standard","alpha","0.2898"
"2590","40","2","truemodel_G2_rho0","ECR","standard","standard","alpha","0.2798"
"2591","41","2","truemodel_G2_rho0","ECR","standard","standard","alpha","0.2198"
"2592","42","2","truemodel_G2_rho0","ECR","standard","standard","alpha","0.3098"
"2593","43","2","truemodel_G2_rho0","ECR","standard","standard","alpha","0.2298"
"2594","44","2","truemodel_G2_rho0","ECR","standard","standard","alpha","0.2398"
"2595","45","2","truemodel_G2_rho0","ECR","standard","standard","alpha","0.3198"
"2596","46","2","truemodel_G2_rho0","ECR","standard","standard","alpha","0.2098"
"2597","47","2","truemodel_G2_rho0","ECR","standard","standard","alpha","0.2498"
"2598","48","2","truemodel_G2_rho0","ECR","standard","standard","alpha","0.2198"
"2599","49","2","truemodel_G2_rho0","ECR","standard","standard","alpha","0.2298"
"2600","50","2","truemodel_G2_rho0","ECR","standard","standard","alpha","0.2398"
"2601","1","2","truemodel_G2_rho.5","ECR","standard","standard","alpha","0.2198"
"2602","2","2","truemodel_G2_rho.5","ECR","standard","standard","alpha","0.2698"
"2603","3","2","truemodel_G2_rho.5","ECR","standard","standard","alpha","0.2698"
"2604","4","2","truemodel_G2_rho.5","ECR","standard","standard","alpha","0.2598"
"2605","5","2","truemodel_G2_rho.5","ECR","standard","standard","alpha","0.2098"
"2606","6","2","truemodel_G2_rho.5","ECR","standard","standard","alpha","0.2098"
"2607","7","2","truemodel_G2_rho.5","ECR","standard","standard","alpha","0.2798"
"2608","8","2","truemodel_G2_rho.5","ECR","standard","standard","alpha","0.2298"
"2609","9","2","truemodel_G2_rho.5","ECR","standard","standard","alpha","0.2098"
"2610","10","2","truemodel_G2_rho.5","ECR","standard","standard","alpha","0.2898"
"2611","11","2","truemodel_G2_rho.5","ECR","standard","standard","alpha","0.2798"
"2612","12","2","truemodel_G2_rho.5","ECR","standard","standard","alpha","0.2298"
"2613","13","2","truemodel_G2_rho.5","ECR","standard","standard","alpha","0.2098"
"2614","14","2","truemodel_G2_rho.5","ECR","standard","standard","alpha","0.2198"
"2615","15","2","truemodel_G2_rho.5","ECR","standard","standard","alpha","0.2098"
"2616","16","2","truemodel_G2_rho.5","ECR","standard","standard","alpha","0.2398"
"2617","17","2","truemodel_G2_rho.5","ECR","standard","standard","alpha","0.2098"
"2618","18","2","truemodel_G2_rho.5","ECR","standard","standard","alpha","0.2098"
"2619","19","2","truemodel_G2_rho.5","ECR","standard","standard","alpha","0.2898"
"2620","20","2","truemodel_G2_rho.5","ECR","standard","standard","alpha","0.2098"
"2621","21","2","truemodel_G2_rho.5","ECR","standard","standard","alpha","0.2798"
"2622","22","2","truemodel_G2_rho.5","ECR","standard","standard","alpha","0.2098"
"2623","23","2","truemodel_G2_rho.5","ECR","standard","standard","alpha","0.2098"
"2624","24","2","truemodel_G2_rho.5","ECR","standard","standard","alpha","0.2698"
"2625","25","2","truemodel_G2_rho.5","ECR","standard","standard","alpha","0.2198"
"2626","26","2","truemodel_G2_rho.5","ECR","standard","standard","alpha","0.2098"
"2627","27","2","truemodel_G2_rho.5","ECR","standard","standard","alpha","0.2298"
"2628","28","2","truemodel_G2_rho.5","ECR","standard","standard","alpha","0.2498"
"2629","29","2","truemodel_G2_rho.5","ECR","standard","standard","alpha","0.2098"
"2630","30","2","truemodel_G2_rho.5","ECR","standard","standard","alpha","0.2498"
"2631","31","2","truemodel_G2_rho.5","ECR","standard","standard","alpha","0.2098"
"2632","32","2","truemodel_G2_rho.5","ECR","standard","standard","alpha","0.2098"
"2633","33","2","truemodel_G2_rho.5","ECR","standard","standard","alpha","0.2398"
"2634","34","2","truemodel_G2_rho.5","ECR","standard","standard","alpha","0.2098"
"2635","35","2","truemodel_G2_rho.5","ECR","standard","standard","alpha","0.2098"
"2636","36","2","truemodel_G2_rho.5","ECR","standard","standard","alpha","0.2098"
"2637","37","2","truemodel_G2_rho.5","ECR","standard","standard","alpha","0.2098"
"2638","38","2","truemodel_G2_rho.5","ECR","standard","standard","alpha","0.2998"
"2639","39","2","truemodel_G2_rho.5","ECR","standard","standard","alpha","0.2398"
"2640","40","2","truemodel_G2_rho.5","ECR","standard","standard","alpha","0.2198"
"2641","41","2","truemodel_G2_rho.5","ECR","standard","standard","alpha","0.2098"
"2642","42","2","truemodel_G2_rho.5","ECR","standard","standard","alpha","0.2098"
"2643","43","2","truemodel_G2_rho.5","ECR","standard","standard","alpha","0.2398"
"2644","44","2","truemodel_G2_rho.5","ECR","standard","standard","alpha","0.2398"
"2645","45","2","truemodel_G2_rho.5","ECR","standard","standard","alpha","0.3098"
"2646","46","2","truemodel_G2_rho.5","ECR","standard","standard","alpha","0.2498"
"2647","47","2","truemodel_G2_rho.5","ECR","standard","standard","alpha","0.2298"
"2648","48","2","truemodel_G2_rho.5","ECR","standard","standard","alpha","0.2198"
"2649","49","2","truemodel_G2_rho.5","ECR","standard","standard","alpha","0.2398"
"2650","50","2","truemodel_G2_rho.5","ECR","standard","standard","alpha","0.2098"
"2651","1","2","truemodel_G2_rho1","ECR","standard","standard","alpha","0.3398"
"2652","2","2","truemodel_G2_rho1","ECR","standard","standard","alpha","0.4798"
"2653","3","2","truemodel_G2_rho1","ECR","standard","standard","alpha","0.4198"
"2654","4","2","truemodel_G2_rho1","ECR","standard","standard","alpha","0.2098"
"2655","5","2","truemodel_G2_rho1","ECR","standard","standard","alpha","0.4198"
"2656","6","2","truemodel_G2_rho1","ECR","standard","standard","alpha","0.2298"
"2657","7","2","truemodel_G2_rho1","ECR","standard","standard","alpha","0.2098"
"2658","8","2","truemodel_G2_rho1","ECR","standard","standard","alpha","0.2198"
"2659","9","2","truemodel_G2_rho1","ECR","standard","standard","alpha","0.2198"
"2660","10","2","truemodel_G2_rho1","ECR","standard","standard","alpha","0.2198"
"2661","11","2","truemodel_G2_rho1","ECR","standard","standard","alpha","0.4598"
"2662","12","2","truemodel_G2_rho1","ECR","standard","standard","alpha","0.4498"
"2663","13","2","truemodel_G2_rho1","ECR","standard","standard","alpha","0.2298"
"2664","14","2","truemodel_G2_rho1","ECR","standard","standard","alpha","0.3098"
"2665","15","2","truemodel_G2_rho1","ECR","standard","standard","alpha","0.3398"
"2666","16","2","truemodel_G2_rho1","ECR","standard","standard","alpha","0.2598"
"2667","17","2","truemodel_G2_rho1","ECR","standard","standard","alpha","0.2098"
"2668","18","2","truemodel_G2_rho1","ECR","standard","standard","alpha","0.2198"
"2669","19","2","truemodel_G2_rho1","ECR","standard","standard","alpha","0.2098"
"2670","20","2","truemodel_G2_rho1","ECR","standard","standard","alpha","0.2198"
"2671","21","2","truemodel_G2_rho1","ECR","standard","standard","alpha","0.2198"
"2672","22","2","truemodel_G2_rho1","ECR","standard","standard","alpha","0.5"
"2673","23","2","truemodel_G2_rho1","ECR","standard","standard","alpha","0.5"
"2674","24","2","truemodel_G2_rho1","ECR","standard","standard","alpha","0.3998"
"2675","25","2","truemodel_G2_rho1","ECR","standard","standard","alpha","0.5"
"2676","26","2","truemodel_G2_rho1","ECR","standard","standard","alpha","0.5"
"2677","27","2","truemodel_G2_rho1","ECR","standard","standard","alpha","0.3998"
"2678","28","2","truemodel_G2_rho1","ECR","standard","standard","alpha","0.2498"
"2679","29","2","truemodel_G2_rho1","ECR","standard","standard","alpha","0.2998"
"2680","30","2","truemodel_G2_rho1","ECR","standard","standard","alpha","0.2298"
"2681","31","2","truemodel_G2_rho1","ECR","standard","standard","alpha","0.2298"
"2682","32","2","truemodel_G2_rho1","ECR","standard","standard","alpha","0.5"
"2683","33","2","truemodel_G2_rho1","ECR","standard","standard","alpha","0.2998"
"2684","34","2","truemodel_G2_rho1","ECR","standard","standard","alpha","0.2098"
"2685","35","2","truemodel_G2_rho1","ECR","standard","standard","alpha","0.2198"
"2686","36","2","truemodel_G2_rho1","ECR","standard","standard","alpha","0.2098"
"2687","37","2","truemodel_G2_rho1","ECR","standard","standard","alpha","0.2098"
"2688","38","2","truemodel_G2_rho1","ECR","standard","standard","alpha","0.3798"
"2689","39","2","truemodel_G2_rho1","ECR","standard","standard","alpha","0.2398"
"2690","40","2","truemodel_G2_rho1","ECR","standard","standard","alpha","0.2098"
"2691","41","2","truemodel_G2_rho1","ECR","standard","standard","alpha","0.2498"
"2692","42","2","truemodel_G2_rho1","ECR","standard","standard","alpha","0.2698"
"2693","43","2","truemodel_G2_rho1","ECR","standard","standard","alpha","0.2498"
"2694","44","2","truemodel_G2_rho1","ECR","standard","standard","alpha","0.2098"
"2695","45","2","truemodel_G2_rho1","ECR","standard","standard","alpha","0.3098"
"2696","46","2","truemodel_G2_rho1","ECR","standard","standard","alpha","0.2198"
"2697","47","2","truemodel_G2_rho1","ECR","standard","standard","alpha","0.3598"
"2698","48","2","truemodel_G2_rho1","ECR","standard","standard","alpha","0.2198"
"2699","49","2","truemodel_G2_rho1","ECR","standard","standard","alpha","0.2498"
"2700","50","2","truemodel_G2_rho1","ECR","standard","standard","alpha","0.3798"
"2701","1","2","truemodel_G2_rho0","ECR","standard","simple","co","2"
"2702","2","2","truemodel_G2_rho0","ECR","standard","simple","co","2"
"2703","3","2","truemodel_G2_rho0","ECR","standard","simple","co","2"
"2704","4","2","truemodel_G2_rho0","ECR","standard","simple","co","2"
"2705","5","2","truemodel_G2_rho0","ECR","standard","simple","co","2"
"2706","6","2","truemodel_G2_rho0","ECR","standard","simple","co","2"
"2707","7","2","truemodel_G2_rho0","ECR","standard","simple","co","2"
"2708","8","2","truemodel_G2_rho0","ECR","standard","simple","co","2"
"2709","9","2","truemodel_G2_rho0","ECR","standard","simple","co","2"
"2710","10","2","truemodel_G2_rho0","ECR","standard","simple","co","2"
"2711","11","2","truemodel_G2_rho0","ECR","standard","simple","co","2"
"2712","12","2","truemodel_G2_rho0","ECR","standard","simple","co","2"
"2713","13","2","truemodel_G2_rho0","ECR","standard","simple","co","2"
"2714","14","2","truemodel_G2_rho0","ECR","standard","simple","co","2"
"2715","15","2","truemodel_G2_rho0","ECR","standard","simple","co","2"
"2716","16","2","truemodel_G2_rho0","ECR","standard","simple","co","2"
"2717","17","2","truemodel_G2_rho0","ECR","standard","simple","co","2"
"2718","18","2","truemodel_G2_rho0","ECR","standard","simple","co","2"
"2719","19","2","truemodel_G2_rho0","ECR","standard","simple","co","2"
"2720","20","2","truemodel_G2_rho0","ECR","standard","simple","co","2"
"2721","21","2","truemodel_G2_rho0","ECR","standard","simple","co","2"
"2722","22","2","truemodel_G2_rho0","ECR","standard","simple","co","2"
"2723","23","2","truemodel_G2_rho0","ECR","standard","simple","co","2"
"2724","24","2","truemodel_G2_rho0","ECR","standard","simple","co","2"
"2725","25","2","truemodel_G2_rho0","ECR","standard","simple","co","2"
"2726","26","2","truemodel_G2_rho0","ECR","standard","simple","co","2"
"2727","27","2","truemodel_G2_rho0","ECR","standard","simple","co","2"
"2728","28","2","truemodel_G2_rho0","ECR","standard","simple","co","2"
"2729","29","2","truemodel_G2_rho0","ECR","standard","simple","co","2"
"2730","30","2","truemodel_G2_rho0","ECR","standard","simple","co","2"
"2731","31","2","truemodel_G2_rho0","ECR","standard","simple","co","2"
"2732","32","2","truemodel_G2_rho0","ECR","standard","simple","co","2"
"2733","33","2","truemodel_G2_rho0","ECR","standard","simple","co","2"
"2734","34","2","truemodel_G2_rho0","ECR","standard","simple","co","2"
"2735","35","2","truemodel_G2_rho0","ECR","standard","simple","co","2"
"2736","36","2","truemodel_G2_rho0","ECR","standard","simple","co","2"
"2737","37","2","truemodel_G2_rho0","ECR","standard","simple","co","2"
"2738","38","2","truemodel_G2_rho0","ECR","standard","simple","co","2"
"2739","39","2","truemodel_G2_rho0","ECR","standard","simple","co","2"
"2740","40","2","truemodel_G2_rho0","ECR","standard","simple","co","2"
"2741","41","2","truemodel_G2_rho0","ECR","standard","simple","co","2"
"2742","42","2","truemodel_G2_rho0","ECR","standard","simple","co","2"
"2743","43","2","truemodel_G2_rho0","ECR","standard","simple","co","2"
"2744","44","2","truemodel_G2_rho0","ECR","standard","simple","co","2"
"2745","45","2","truemodel_G2_rho0","ECR","standard","simple","co","2"
"2746","46","2","truemodel_G2_rho0","ECR","standard","simple","co","2"
"2747","47","2","truemodel_G2_rho0","ECR","standard","simple","co","2"
"2748","48","2","truemodel_G2_rho0","ECR","standard","simple","co","2"
"2749","49","2","truemodel_G2_rho0","ECR","standard","simple","co","2"
"2750","50","2","truemodel_G2_rho0","ECR","standard","simple","co","2"
"2751","1","2","truemodel_G2_rho.5","ECR","standard","simple","co","2"
"2752","2","2","truemodel_G2_rho.5","ECR","standard","simple","co","2"
"2753","3","2","truemodel_G2_rho.5","ECR","standard","simple","co","2"
"2754","4","2","truemodel_G2_rho.5","ECR","standard","simple","co","2"
"2755","5","2","truemodel_G2_rho.5","ECR","standard","simple","co","2"
"2756","6","2","truemodel_G2_rho.5","ECR","standard","simple","co","2"
"2757","7","2","truemodel_G2_rho.5","ECR","standard","simple","co","2"
"2758","8","2","truemodel_G2_rho.5","ECR","standard","simple","co","2"
"2759","9","2","truemodel_G2_rho.5","ECR","standard","simple","co","2"
"2760","10","2","truemodel_G2_rho.5","ECR","standard","simple","co","2"
"2761","11","2","truemodel_G2_rho.5","ECR","standard","simple","co","2"
"2762","12","2","truemodel_G2_rho.5","ECR","standard","simple","co","2"
"2763","13","2","truemodel_G2_rho.5","ECR","standard","simple","co","2"
"2764","14","2","truemodel_G2_rho.5","ECR","standard","simple","co","2"
"2765","15","2","truemodel_G2_rho.5","ECR","standard","simple","co","2"
"2766","16","2","truemodel_G2_rho.5","ECR","standard","simple","co","2"
"2767","17","2","truemodel_G2_rho.5","ECR","standard","simple","co","2"
"2768","18","2","truemodel_G2_rho.5","ECR","standard","simple","co","2"
"2769","19","2","truemodel_G2_rho.5","ECR","standard","simple","co","2"
"2770","20","2","truemodel_G2_rho.5","ECR","standard","simple","co","2"
"2771","21","2","truemodel_G2_rho.5","ECR","standard","simple","co","2"
"2772","22","2","truemodel_G2_rho.5","ECR","standard","simple","co","2"
"2773","23","2","truemodel_G2_rho.5","ECR","standard","simple","co","2"
"2774","24","2","truemodel_G2_rho.5","ECR","standard","simple","co","2"
"2775","25","2","truemodel_G2_rho.5","ECR","standard","simple","co","2"
"2776","26","2","truemodel_G2_rho.5","ECR","standard","simple","co","2"
"2777","27","2","truemodel_G2_rho.5","ECR","standard","simple","co","2"
"2778","28","2","truemodel_G2_rho.5","ECR","standard","simple","co","2"
"2779","29","2","truemodel_G2_rho.5","ECR","standard","simple","co","2"
"2780","30","2","truemodel_G2_rho.5","ECR","standard","simple","co","2"
"2781","31","2","truemodel_G2_rho.5","ECR","standard","simple","co","2"
"2782","32","2","truemodel_G2_rho.5","ECR","standard","simple","co","2"
"2783","33","2","truemodel_G2_rho.5","ECR","standard","simple","co","2"
"2784","34","2","truemodel_G2_rho.5","ECR","standard","simple","co","2"
"2785","35","2","truemodel_G2_rho.5","ECR","standard","simple","co","2"
"2786","36","2","truemodel_G2_rho.5","ECR","standard","simple","co","2"
"2787","37","2","truemodel_G2_rho.5","ECR","standard","simple","co","2"
"2788","38","2","truemodel_G2_rho.5","ECR","standard","simple","co","2"
"2789","39","2","truemodel_G2_rho.5","ECR","standard","simple","co","2"
"2790","40","2","truemodel_G2_rho.5","ECR","standard","simple","co","2"
"2791","41","2","truemodel_G2_rho.5","ECR","standard","simple","co","2"
"2792","42","2","truemodel_G2_rho.5","ECR","standard","simple","co","2"
"2793","43","2","truemodel_G2_rho.5","ECR","standard","simple","co","2"
"2794","44","2","truemodel_G2_rho.5","ECR","standard","simple","co","2"
"2795","45","2","truemodel_G2_rho.5","ECR","standard","simple","co","2"
"2796","46","2","truemodel_G2_rho.5","ECR","standard","simple","co","2"
"2797","47","2","truemodel_G2_rho.5","ECR","standard","simple","co","2"
"2798","48","2","truemodel_G2_rho.5","ECR","standard","simple","co","2"
"2799","49","2","truemodel_G2_rho.5","ECR","standard","simple","co","2"
"2800","50","2","truemodel_G2_rho.5","ECR","standard","simple","co","2"
"2801","1","2","truemodel_G2_rho1","ECR","standard","simple","co","2"
"2802","2","2","truemodel_G2_rho1","ECR","standard","simple","co","2"
"2803","3","2","truemodel_G2_rho1","ECR","standard","simple","co","2"
"2804","4","2","truemodel_G2_rho1","ECR","standard","simple","co","2"
"2805","5","2","truemodel_G2_rho1","ECR","standard","simple","co","0"
"2806","6","2","truemodel_G2_rho1","ECR","standard","simple","co","2"
"2807","7","2","truemodel_G2_rho1","ECR","standard","simple","co","2"
"2808","8","2","truemodel_G2_rho1","ECR","standard","simple","co","2"
"2809","9","2","truemodel_G2_rho1","ECR","standard","simple","co","2"
"2810","10","2","truemodel_G2_rho1","ECR","standard","simple","co","2"
"2811","11","2","truemodel_G2_rho1","ECR","standard","simple","co","2"
"2812","12","2","truemodel_G2_rho1","ECR","standard","simple","co","2"
"2813","13","2","truemodel_G2_rho1","ECR","standard","simple","co","0"
"2814","14","2","truemodel_G2_rho1","ECR","standard","simple","co","2"
"2815","15","2","truemodel_G2_rho1","ECR","standard","simple","co","2"
"2816","16","2","truemodel_G2_rho1","ECR","standard","simple","co","2"
"2817","17","2","truemodel_G2_rho1","ECR","standard","simple","co","2"
"2818","18","2","truemodel_G2_rho1","ECR","standard","simple","co","2"
"2819","19","2","truemodel_G2_rho1","ECR","standard","simple","co","2"
"2820","20","2","truemodel_G2_rho1","ECR","standard","simple","co","2"
"2821","21","2","truemodel_G2_rho1","ECR","standard","simple","co","2"
"2822","22","2","truemodel_G2_rho1","ECR","standard","simple","co","2"
"2823","23","2","truemodel_G2_rho1","ECR","standard","simple","co","0"
"2824","24","2","truemodel_G2_rho1","ECR","standard","simple","co","0"
"2825","25","2","truemodel_G2_rho1","ECR","standard","simple","co","0"
"2826","26","2","truemodel_G2_rho1","ECR","standard","simple","co","2"
"2827","27","2","truemodel_G2_rho1","ECR","standard","simple","co","2"
"2828","28","2","truemodel_G2_rho1","ECR","standard","simple","co","2"
"2829","29","2","truemodel_G2_rho1","ECR","standard","simple","co","2"
"2830","30","2","truemodel_G2_rho1","ECR","standard","simple","co","2"
"2831","31","2","truemodel_G2_rho1","ECR","standard","simple","co","2"
"2832","32","2","truemodel_G2_rho1","ECR","standard","simple","co","0"
"2833","33","2","truemodel_G2_rho1","ECR","standard","simple","co","2"
"2834","34","2","truemodel_G2_rho1","ECR","standard","simple","co","2"
"2835","35","2","truemodel_G2_rho1","ECR","standard","simple","co","2"
"2836","36","2","truemodel_G2_rho1","ECR","standard","simple","co","2"
"2837","37","2","truemodel_G2_rho1","ECR","standard","simple","co","2"
"2838","38","2","truemodel_G2_rho1","ECR","standard","simple","co","2"
"2839","39","2","truemodel_G2_rho1","ECR","standard","simple","co","2"
"2840","40","2","truemodel_G2_rho1","ECR","standard","simple","co","2"
"2841","41","2","truemodel_G2_rho1","ECR","standard","simple","co","2"
"2842","42","2","truemodel_G2_rho1","ECR","standard","simple","co","2"
"2843","43","2","truemodel_G2_rho1","ECR","standard","simple","co","2"
"2844","44","2","truemodel_G2_rho1","ECR","standard","simple","co","2"
"2845","45","2","truemodel_G2_rho1","ECR","standard","simple","co","2"
"2846","46","2","truemodel_G2_rho1","ECR","standard","simple","co","2"
"2847","47","2","truemodel_G2_rho1","ECR","standard","simple","co","2"
"2848","48","2","truemodel_G2_rho1","ECR","standard","simple","co","2"
"2849","49","2","truemodel_G2_rho1","ECR","standard","simple","co","2"
"2850","50","2","truemodel_G2_rho1","ECR","standard","simple","co","2"
"2851","1","2","truemodel_G2_rho0","ECR","standard","bridge","co","2"
"2852","2","2","truemodel_G2_rho0","ECR","standard","bridge","co","2"
"2853","3","2","truemodel_G2_rho0","ECR","standard","bridge","co","2"
"2854","4","2","truemodel_G2_rho0","ECR","standard","bridge","co","2"
"2855","5","2","truemodel_G2_rho0","ECR","standard","bridge","co","2"
"2856","6","2","truemodel_G2_rho0","ECR","standard","bridge","co","2"
"2857","7","2","truemodel_G2_rho0","ECR","standard","bridge","co","2"
"2858","8","2","truemodel_G2_rho0","ECR","standard","bridge","co","2"
"2859","9","2","truemodel_G2_rho0","ECR","standard","bridge","co","2"
"2860","10","2","truemodel_G2_rho0","ECR","standard","bridge","co","2"
"2861","11","2","truemodel_G2_rho0","ECR","standard","bridge","co","2"
"2862","12","2","truemodel_G2_rho0","ECR","standard","bridge","co","2"
"2863","13","2","truemodel_G2_rho0","ECR","standard","bridge","co","2"
"2864","14","2","truemodel_G2_rho0","ECR","standard","bridge","co","2"
"2865","15","2","truemodel_G2_rho0","ECR","standard","bridge","co","2"
"2866","16","2","truemodel_G2_rho0","ECR","standard","bridge","co","2"
"2867","17","2","truemodel_G2_rho0","ECR","standard","bridge","co","2"
"2868","18","2","truemodel_G2_rho0","ECR","standard","bridge","co","2"
"2869","19","2","truemodel_G2_rho0","ECR","standard","bridge","co","2"
"2870","20","2","truemodel_G2_rho0","ECR","standard","bridge","co","2"
"2871","21","2","truemodel_G2_rho0","ECR","standard","bridge","co","2"
"2872","22","2","truemodel_G2_rho0","ECR","standard","bridge","co","2"
"2873","23","2","truemodel_G2_rho0","ECR","standard","bridge","co","2"
"2874","24","2","truemodel_G2_rho0","ECR","standard","bridge","co","2"
"2875","25","2","truemodel_G2_rho0","ECR","standard","bridge","co","2"
"2876","26","2","truemodel_G2_rho0","ECR","standard","bridge","co","2"
"2877","27","2","truemodel_G2_rho0","ECR","standard","bridge","co","2"
"2878","28","2","truemodel_G2_rho0","ECR","standard","bridge","co","2"
"2879","29","2","truemodel_G2_rho0","ECR","standard","bridge","co","2"
"2880","30","2","truemodel_G2_rho0","ECR","standard","bridge","co","2"
"2881","31","2","truemodel_G2_rho0","ECR","standard","bridge","co","2"
"2882","32","2","truemodel_G2_rho0","ECR","standard","bridge","co","2"
"2883","33","2","truemodel_G2_rho0","ECR","standard","bridge","co","2"
"2884","34","2","truemodel_G2_rho0","ECR","standard","bridge","co","2"
"2885","35","2","truemodel_G2_rho0","ECR","standard","bridge","co","2"
"2886","36","2","truemodel_G2_rho0","ECR","standard","bridge","co","2"
"2887","37","2","truemodel_G2_rho0","ECR","standard","bridge","co","2"
"2888","38","2","truemodel_G2_rho0","ECR","standard","bridge","co","2"
"2889","39","2","truemodel_G2_rho0","ECR","standard","bridge","co","2"
"2890","40","2","truemodel_G2_rho0","ECR","standard","bridge","co","2"
"2891","41","2","truemodel_G2_rho0","ECR","standard","bridge","co","2"
"2892","42","2","truemodel_G2_rho0","ECR","standard","bridge","co","2"
"2893","43","2","truemodel_G2_rho0","ECR","standard","bridge","co","2"
"2894","44","2","truemodel_G2_rho0","ECR","standard","bridge","co","2"
"2895","45","2","truemodel_G2_rho0","ECR","standard","bridge","co","2"
"2896","46","2","truemodel_G2_rho0","ECR","standard","bridge","co","2"
"2897","47","2","truemodel_G2_rho0","ECR","standard","bridge","co","2"
"2898","48","2","truemodel_G2_rho0","ECR","standard","bridge","co","2"
"2899","49","2","truemodel_G2_rho0","ECR","standard","bridge","co","2"
"2900","50","2","truemodel_G2_rho0","ECR","standard","bridge","co","2"
"2901","1","2","truemodel_G2_rho.5","ECR","standard","bridge","co","2"
"2902","2","2","truemodel_G2_rho.5","ECR","standard","bridge","co","2"
"2903","3","2","truemodel_G2_rho.5","ECR","standard","bridge","co","2"
"2904","4","2","truemodel_G2_rho.5","ECR","standard","bridge","co","2"
"2905","5","2","truemodel_G2_rho.5","ECR","standard","bridge","co","2"
"2906","6","2","truemodel_G2_rho.5","ECR","standard","bridge","co","2"
"2907","7","2","truemodel_G2_rho.5","ECR","standard","bridge","co","2"
"2908","8","2","truemodel_G2_rho.5","ECR","standard","bridge","co","2"
"2909","9","2","truemodel_G2_rho.5","ECR","standard","bridge","co","2"
"2910","10","2","truemodel_G2_rho.5","ECR","standard","bridge","co","2"
"2911","11","2","truemodel_G2_rho.5","ECR","standard","bridge","co","2"
"2912","12","2","truemodel_G2_rho.5","ECR","standard","bridge","co","2"
"2913","13","2","truemodel_G2_rho.5","ECR","standard","bridge","co","2"
"2914","14","2","truemodel_G2_rho.5","ECR","standard","bridge","co","2"
"2915","15","2","truemodel_G2_rho.5","ECR","standard","bridge","co","2"
"2916","16","2","truemodel_G2_rho.5","ECR","standard","bridge","co","2"
"2917","17","2","truemodel_G2_rho.5","ECR","standard","bridge","co","2"
"2918","18","2","truemodel_G2_rho.5","ECR","standard","bridge","co","2"
"2919","19","2","truemodel_G2_rho.5","ECR","standard","bridge","co","2"
"2920","20","2","truemodel_G2_rho.5","ECR","standard","bridge","co","2"
"2921","21","2","truemodel_G2_rho.5","ECR","standard","bridge","co","2"
"2922","22","2","truemodel_G2_rho.5","ECR","standard","bridge","co","2"
"2923","23","2","truemodel_G2_rho.5","ECR","standard","bridge","co","2"
"2924","24","2","truemodel_G2_rho.5","ECR","standard","bridge","co","2"
"2925","25","2","truemodel_G2_rho.5","ECR","standard","bridge","co","2"
"2926","26","2","truemodel_G2_rho.5","ECR","standard","bridge","co","2"
"2927","27","2","truemodel_G2_rho.5","ECR","standard","bridge","co","2"
"2928","28","2","truemodel_G2_rho.5","ECR","standard","bridge","co","2"
"2929","29","2","truemodel_G2_rho.5","ECR","standard","bridge","co","2"
"2930","30","2","truemodel_G2_rho.5","ECR","standard","bridge","co","2"
"2931","31","2","truemodel_G2_rho.5","ECR","standard","bridge","co","2"
"2932","32","2","truemodel_G2_rho.5","ECR","standard","bridge","co","2"
"2933","33","2","truemodel_G2_rho.5","ECR","standard","bridge","co","2"
"2934","34","2","truemodel_G2_rho.5","ECR","standard","bridge","co","2"
"2935","35","2","truemodel_G2_rho.5","ECR","standard","bridge","co","2"
"2936","36","2","truemodel_G2_rho.5","ECR","standard","bridge","co","2"
"2937","37","2","truemodel_G2_rho.5","ECR","standard","bridge","co","2"
"2938","38","2","truemodel_G2_rho.5","ECR","standard","bridge","co","2"
"2939","39","2","truemodel_G2_rho.5","ECR","standard","bridge","co","2"
"2940","40","2","truemodel_G2_rho.5","ECR","standard","bridge","co","2"
"2941","41","2","truemodel_G2_rho.5","ECR","standard","bridge","co","2"
"2942","42","2","truemodel_G2_rho.5","ECR","standard","bridge","co","2"
"2943","43","2","truemodel_G2_rho.5","ECR","standard","bridge","co","2"
"2944","44","2","truemodel_G2_rho.5","ECR","standard","bridge","co","2"
"2945","45","2","truemodel_G2_rho.5","ECR","standard","bridge","co","2"
"2946","46","2","truemodel_G2_rho.5","ECR","standard","bridge","co","2"
"2947","47","2","truemodel_G2_rho.5","ECR","standard","bridge","co","2"
"2948","48","2","truemodel_G2_rho.5","ECR","standard","bridge","co","2"
"2949","49","2","truemodel_G2_rho.5","ECR","standard","bridge","co","2"
"2950","50","2","truemodel_G2_rho.5","ECR","standard","bridge","co","2"
"2951","1","2","truemodel_G2_rho1","ECR","standard","bridge","co","2"
"2952","2","2","truemodel_G2_rho1","ECR","standard","bridge","co","2"
"2953","3","2","truemodel_G2_rho1","ECR","standard","bridge","co","2"
"2954","4","2","truemodel_G2_rho1","ECR","standard","bridge","co","2"
"2955","5","2","truemodel_G2_rho1","ECR","standard","bridge","co","0"
"2956","6","2","truemodel_G2_rho1","ECR","standard","bridge","co","2"
"2957","7","2","truemodel_G2_rho1","ECR","standard","bridge","co","2"
"2958","8","2","truemodel_G2_rho1","ECR","standard","bridge","co","2"
"2959","9","2","truemodel_G2_rho1","ECR","standard","bridge","co","2"
"2960","10","2","truemodel_G2_rho1","ECR","standard","bridge","co","2"
"2961","11","2","truemodel_G2_rho1","ECR","standard","bridge","co","2"
"2962","12","2","truemodel_G2_rho1","ECR","standard","bridge","co","2"
"2963","13","2","truemodel_G2_rho1","ECR","standard","bridge","co","0"
"2964","14","2","truemodel_G2_rho1","ECR","standard","bridge","co","2"
"2965","15","2","truemodel_G2_rho1","ECR","standard","bridge","co","2"
"2966","16","2","truemodel_G2_rho1","ECR","standard","bridge","co","2"
"2967","17","2","truemodel_G2_rho1","ECR","standard","bridge","co","2"
"2968","18","2","truemodel_G2_rho1","ECR","standard","bridge","co","2"
"2969","19","2","truemodel_G2_rho1","ECR","standard","bridge","co","2"
"2970","20","2","truemodel_G2_rho1","ECR","standard","bridge","co","2"
"2971","21","2","truemodel_G2_rho1","ECR","standard","bridge","co","2"
"2972","22","2","truemodel_G2_rho1","ECR","standard","bridge","co","2"
"2973","23","2","truemodel_G2_rho1","ECR","standard","bridge","co","0"
"2974","24","2","truemodel_G2_rho1","ECR","standard","bridge","co","0"
"2975","25","2","truemodel_G2_rho1","ECR","standard","bridge","co","0"
"2976","26","2","truemodel_G2_rho1","ECR","standard","bridge","co","2"
"2977","27","2","truemodel_G2_rho1","ECR","standard","bridge","co","2"
"2978","28","2","truemodel_G2_rho1","ECR","standard","bridge","co","2"
"2979","29","2","truemodel_G2_rho1","ECR","standard","bridge","co","2"
"2980","30","2","truemodel_G2_rho1","ECR","standard","bridge","co","2"
"2981","31","2","truemodel_G2_rho1","ECR","standard","bridge","co","2"
"2982","32","2","truemodel_G2_rho1","ECR","standard","bridge","co","0"
"2983","33","2","truemodel_G2_rho1","ECR","standard","bridge","co","2"
"2984","34","2","truemodel_G2_rho1","ECR","standard","bridge","co","2"
"2985","35","2","truemodel_G2_rho1","ECR","standard","bridge","co","2"
"2986","36","2","truemodel_G2_rho1","ECR","standard","bridge","co","2"
"2987","37","2","truemodel_G2_rho1","ECR","standard","bridge","co","2"
"2988","38","2","truemodel_G2_rho1","ECR","standard","bridge","co","2"
"2989","39","2","truemodel_G2_rho1","ECR","standard","bridge","co","2"
"2990","40","2","truemodel_G2_rho1","ECR","standard","bridge","co","2"
"2991","41","2","truemodel_G2_rho1","ECR","standard","bridge","co","2"
"2992","42","2","truemodel_G2_rho1","ECR","standard","bridge","co","2"
"2993","43","2","truemodel_G2_rho1","ECR","standard","bridge","co","2"
"2994","44","2","truemodel_G2_rho1","ECR","standard","bridge","co","2"
"2995","45","2","truemodel_G2_rho1","ECR","standard","bridge","co","2"
"2996","46","2","truemodel_G2_rho1","ECR","standard","bridge","co","2"
"2997","47","2","truemodel_G2_rho1","ECR","standard","bridge","co","2"
"2998","48","2","truemodel_G2_rho1","ECR","standard","bridge","co","2"
"2999","49","2","truemodel_G2_rho1","ECR","standard","bridge","co","2"
"3000","50","2","truemodel_G2_rho1","ECR","standard","bridge","co","2"
"3001","1","2","truemodel_G2_rho0","ECR","standard","standard","co","2"
"3002","2","2","truemodel_G2_rho0","ECR","standard","standard","co","2"
"3003","3","2","truemodel_G2_rho0","ECR","standard","standard","co","2"
"3004","4","2","truemodel_G2_rho0","ECR","standard","standard","co","2"
"3005","5","2","truemodel_G2_rho0","ECR","standard","standard","co","2"
"3006","6","2","truemodel_G2_rho0","ECR","standard","standard","co","2"
"3007","7","2","truemodel_G2_rho0","ECR","standard","standard","co","2"
"3008","8","2","truemodel_G2_rho0","ECR","standard","standard","co","2"
"3009","9","2","truemodel_G2_rho0","ECR","standard","standard","co","2"
"3010","10","2","truemodel_G2_rho0","ECR","standard","standard","co","2"
"3011","11","2","truemodel_G2_rho0","ECR","standard","standard","co","2"
"3012","12","2","truemodel_G2_rho0","ECR","standard","standard","co","2"
"3013","13","2","truemodel_G2_rho0","ECR","standard","standard","co","2"
"3014","14","2","truemodel_G2_rho0","ECR","standard","standard","co","2"
"3015","15","2","truemodel_G2_rho0","ECR","standard","standard","co","2"
"3016","16","2","truemodel_G2_rho0","ECR","standard","standard","co","2"
"3017","17","2","truemodel_G2_rho0","ECR","standard","standard","co","2"
"3018","18","2","truemodel_G2_rho0","ECR","standard","standard","co","2"
"3019","19","2","truemodel_G2_rho0","ECR","standard","standard","co","2"
"3020","20","2","truemodel_G2_rho0","ECR","standard","standard","co","2"
"3021","21","2","truemodel_G2_rho0","ECR","standard","standard","co","2"
"3022","22","2","truemodel_G2_rho0","ECR","standard","standard","co","2"
"3023","23","2","truemodel_G2_rho0","ECR","standard","standard","co","2"
"3024","24","2","truemodel_G2_rho0","ECR","standard","standard","co","2"
"3025","25","2","truemodel_G2_rho0","ECR","standard","standard","co","2"
"3026","26","2","truemodel_G2_rho0","ECR","standard","standard","co","2"
"3027","27","2","truemodel_G2_rho0","ECR","standard","standard","co","2"
"3028","28","2","truemodel_G2_rho0","ECR","standard","standard","co","2"
"3029","29","2","truemodel_G2_rho0","ECR","standard","standard","co","2"
"3030","30","2","truemodel_G2_rho0","ECR","standard","standard","co","2"
"3031","31","2","truemodel_G2_rho0","ECR","standard","standard","co","2"
"3032","32","2","truemodel_G2_rho0","ECR","standard","standard","co","2"
"3033","33","2","truemodel_G2_rho0","ECR","standard","standard","co","2"
"3034","34","2","truemodel_G2_rho0","ECR","standard","standard","co","2"
"3035","35","2","truemodel_G2_rho0","ECR","standard","standard","co","2"
"3036","36","2","truemodel_G2_rho0","ECR","standard","standard","co","2"
"3037","37","2","truemodel_G2_rho0","ECR","standard","standard","co","2"
"3038","38","2","truemodel_G2_rho0","ECR","standard","standard","co","2"
"3039","39","2","truemodel_G2_rho0","ECR","standard","standard","co","2"
"3040","40","2","truemodel_G2_rho0","ECR","standard","standard","co","2"
"3041","41","2","truemodel_G2_rho0","ECR","standard","standard","co","2"
"3042","42","2","truemodel_G2_rho0","ECR","standard","standard","co","2"
"3043","43","2","truemodel_G2_rho0","ECR","standard","standard","co","2"
"3044","44","2","truemodel_G2_rho0","ECR","standard","standard","co","2"
"3045","45","2","truemodel_G2_rho0","ECR","standard","standard","co","2"
"3046","46","2","truemodel_G2_rho0","ECR","standard","standard","co","2"
"3047","47","2","truemodel_G2_rho0","ECR","standard","standard","co","2"
"3048","48","2","truemodel_G2_rho0","ECR","standard","standard","co","2"
"3049","49","2","truemodel_G2_rho0","ECR","standard","standard","co","2"
"3050","50","2","truemodel_G2_rho0","ECR","standard","standard","co","2"
"3051","1","2","truemodel_G2_rho.5","ECR","standard","standard","co","2"
"3052","2","2","truemodel_G2_rho.5","ECR","standard","standard","co","2"
"3053","3","2","truemodel_G2_rho.5","ECR","standard","standard","co","2"
"3054","4","2","truemodel_G2_rho.5","ECR","standard","standard","co","2"
"3055","5","2","truemodel_G2_rho.5","ECR","standard","standard","co","2"
"3056","6","2","truemodel_G2_rho.5","ECR","standard","standard","co","2"
"3057","7","2","truemodel_G2_rho.5","ECR","standard","standard","co","2"
"3058","8","2","truemodel_G2_rho.5","ECR","standard","standard","co","2"
"3059","9","2","truemodel_G2_rho.5","ECR","standard","standard","co","2"
"3060","10","2","truemodel_G2_rho.5","ECR","standard","standard","co","2"
"3061","11","2","truemodel_G2_rho.5","ECR","standard","standard","co","2"
"3062","12","2","truemodel_G2_rho.5","ECR","standard","standard","co","2"
"3063","13","2","truemodel_G2_rho.5","ECR","standard","standard","co","2"
"3064","14","2","truemodel_G2_rho.5","ECR","standard","standard","co","2"
"3065","15","2","truemodel_G2_rho.5","ECR","standard","standard","co","2"
"3066","16","2","truemodel_G2_rho.5","ECR","standard","standard","co","2"
"3067","17","2","truemodel_G2_rho.5","ECR","standard","standard","co","2"
"3068","18","2","truemodel_G2_rho.5","ECR","standard","standard","co","2"
"3069","19","2","truemodel_G2_rho.5","ECR","standard","standard","co","2"
"3070","20","2","truemodel_G2_rho.5","ECR","standard","standard","co","2"
"3071","21","2","truemodel_G2_rho.5","ECR","standard","standard","co","2"
"3072","22","2","truemodel_G2_rho.5","ECR","standard","standard","co","2"
"3073","23","2","truemodel_G2_rho.5","ECR","standard","standard","co","2"
"3074","24","2","truemodel_G2_rho.5","ECR","standard","standard","co","2"
"3075","25","2","truemodel_G2_rho.5","ECR","standard","standard","co","2"
"3076","26","2","truemodel_G2_rho.5","ECR","standard","standard","co","2"
"3077","27","2","truemodel_G2_rho.5","ECR","standard","standard","co","2"
"3078","28","2","truemodel_G2_rho.5","ECR","standard","standard","co","2"
"3079","29","2","truemodel_G2_rho.5","ECR","standard","standard","co","2"
"3080","30","2","truemodel_G2_rho.5","ECR","standard","standard","co","2"
"3081","31","2","truemodel_G2_rho.5","ECR","standard","standard","co","2"
"3082","32","2","truemodel_G2_rho.5","ECR","standard","standard","co","2"
"3083","33","2","truemodel_G2_rho.5","ECR","standard","standard","co","2"
"3084","34","2","truemodel_G2_rho.5","ECR","standard","standard","co","2"
"3085","35","2","truemodel_G2_rho.5","ECR","standard","standard","co","2"
"3086","36","2","truemodel_G2_rho.5","ECR","standard","standard","co","2"
"3087","37","2","truemodel_G2_rho.5","ECR","standard","standard","co","2"
"3088","38","2","truemodel_G2_rho.5","ECR","standard","standard","co","2"
"3089","39","2","truemodel_G2_rho.5","ECR","standard","standard","co","2"
"3090","40","2","truemodel_G2_rho.5","ECR","standard","standard","co","2"
"3091","41","2","truemodel_G2_rho.5","ECR","standard","standard","co","2"
"3092","42","2","truemodel_G2_rho.5","ECR","standard","standard","co","2"
"3093","43","2","truemodel_G2_rho.5","ECR","standard","standard","co","2"
"3094","44","2","truemodel_G2_rho.5","ECR","standard","standard","co","2"
"3095","45","2","truemodel_G2_rho.5","ECR","standard","standard","co","2"
"3096","46","2","truemodel_G2_rho.5","ECR","standard","standard","co","2"
"3097","47","2","truemodel_G2_rho.5","ECR","standard","standard","co","2"
"3098","48","2","truemodel_G2_rho.5","ECR","standard","standard","co","2"
"3099","49","2","truemodel_G2_rho.5","ECR","standard","standard","co","2"
"3100","50","2","truemodel_G2_rho.5","ECR","standard","standard","co","2"
"3101","1","2","truemodel_G2_rho1","ECR","standard","standard","co","2"
"3102","2","2","truemodel_G2_rho1","ECR","standard","standard","co","2"
"3103","3","2","truemodel_G2_rho1","ECR","standard","standard","co","2"
"3104","4","2","truemodel_G2_rho1","ECR","standard","standard","co","2"
"3105","5","2","truemodel_G2_rho1","ECR","standard","standard","co","0"
"3106","6","2","truemodel_G2_rho1","ECR","standard","standard","co","2"
"3107","7","2","truemodel_G2_rho1","ECR","standard","standard","co","2"
"3108","8","2","truemodel_G2_rho1","ECR","standard","standard","co","2"
"3109","9","2","truemodel_G2_rho1","ECR","standard","standard","co","2"
"3110","10","2","truemodel_G2_rho1","ECR","standard","standard","co","2"
"3111","11","2","truemodel_G2_rho1","ECR","standard","standard","co","2"
"3112","12","2","truemodel_G2_rho1","ECR","standard","standard","co","2"
"3113","13","2","truemodel_G2_rho1","ECR","standard","standard","co","0"
"3114","14","2","truemodel_G2_rho1","ECR","standard","standard","co","2"
"3115","15","2","truemodel_G2_rho1","ECR","standard","standard","co","2"
"3116","16","2","truemodel_G2_rho1","ECR","standard","standard","co","2"
"3117","17","2","truemodel_G2_rho1","ECR","standard","standard","co","2"
"3118","18","2","truemodel_G2_rho1","ECR","standard","standard","co","2"
"3119","19","2","truemodel_G2_rho1","ECR","standard","standard","co","2"
"3120","20","2","truemodel_G2_rho1","ECR","standard","standard","co","2"
"3121","21","2","truemodel_G2_rho1","ECR","standard","standard","co","2"
"3122","22","2","truemodel_G2_rho1","ECR","standard","standard","co","2"
"3123","23","2","truemodel_G2_rho1","ECR","standard","standard","co","0"
"3124","24","2","truemodel_G2_rho1","ECR","standard","standard","co","0"
"3125","25","2","truemodel_G2_rho1","ECR","standard","standard","co","0"
"3126","26","2","truemodel_G2_rho1","ECR","standard","standard","co","2"
"3127","27","2","truemodel_G2_rho1","ECR","standard","standard","co","2"
"3128","28","2","truemodel_G2_rho1","ECR","standard","standard","co","2"
"3129","29","2","truemodel_G2_rho1","ECR","standard","standard","co","2"
"3130","30","2","truemodel_G2_rho1","ECR","standard","standard","co","2"
"3131","31","2","truemodel_G2_rho1","ECR","standard","standard","co","2"
"3132","32","2","truemodel_G2_rho1","ECR","standard","standard","co","0"
"3133","33","2","truemodel_G2_rho1","ECR","standard","standard","co","2"
"3134","34","2","truemodel_G2_rho1","ECR","standard","standard","co","2"
"3135","35","2","truemodel_G2_rho1","ECR","standard","standard","co","2"
"3136","36","2","truemodel_G2_rho1","ECR","standard","standard","co","2"
"3137","37","2","truemodel_G2_rho1","ECR","standard","standard","co","2"
"3138","38","2","truemodel_G2_rho1","ECR","standard","standard","co","2"
"3139","39","2","truemodel_G2_rho1","ECR","standard","standard","co","2"
"3140","40","2","truemodel_G2_rho1","ECR","standard","standard","co","2"
"3141","41","2","truemodel_G2_rho1","ECR","standard","standard","co","2"
"3142","42","2","truemodel_G2_rho1","ECR","standard","standard","co","2"
"3143","43","2","truemodel_G2_rho1","ECR","standard","standard","co","2"
"3144","44","2","truemodel_G2_rho1","ECR","standard","standard","co","2"
"3145","45","2","truemodel_G2_rho1","ECR","standard","standard","co","2"
"3146","46","2","truemodel_G2_rho1","ECR","standard","standard","co","2"
"3147","47","2","truemodel_G2_rho1","ECR","standard","standard","co","2"
"3148","48","2","truemodel_G2_rho1","ECR","standard","standard","co","2"
"3149","49","2","truemodel_G2_rho1","ECR","standard","standard","co","2"
"3150","50","2","truemodel_G2_rho1","ECR","standard","standard","co","2"
