"","sim","G","sampler","relabalg","ellipsealg","thamesalg","estimate","value"
"1","1","3","truemodel_G3_rho0","ECR","standard","mc","upper","-19.2077105601238"
"2","2","3","truemodel_G3_rho0","ECR","standard","mc","upper","-13.4327994576542"
"3","3","3","truemodel_G3_rho0","ECR","standard","mc","upper","-19.7630662040948"
"4","4","3","truemodel_G3_rho0","ECR","standard","mc","upper","-16.7187147447753"
"5","5","3","truemodel_G3_rho0","ECR","standard","mc","upper","-20.3355665162011"
"6","6","3","truemodel_G3_rho0","ECR","standard","mc","upper","-7.11897287566416"
"7","7","3","truemodel_G3_rho0","ECR","standard","mc","upper","-13.9796676886433"
"8","8","3","truemodel_G3_rho0","ECR","standard","mc","upper","-11.7499725175582"
"9","9","3","truemodel_G3_rho0","ECR","standard","mc","upper","-34.5483789534068"
"10","10","3","truemodel_G3_rho0","ECR","standard","mc","upper","-38.4496420024175"
"11","11","3","truemodel_G3_rho0","ECR","standard","mc","upper","-8.49236100818022"
"12","12","3","truemodel_G3_rho0","ECR","standard","mc","upper","-24.1198278325045"
"13","13","3","truemodel_G3_rho0","ECR","standard","mc","upper","-13.9458687862681"
"14","14","3","truemodel_G3_rho0","ECR","standard","mc","upper","-14.1453820077024"
"15","15","3","truemodel_G3_rho0","ECR","standard","mc","upper","-10.9782866311219"
"16","16","3","truemodel_G3_rho0","ECR","standard","mc","upper","-21.3742600946866"
"17","17","3","truemodel_G3_rho0","ECR","standard","mc","upper","-12.8667879707379"
"18","18","3","truemodel_G3_rho0","ECR","standard","mc","upper","-10.1913246158027"
"19","19","3","truemodel_G3_rho0","ECR","standard","mc","upper","-19.0298792751197"
"20","20","3","truemodel_G3_rho0","ECR","standard","mc","upper","-12.1110273252417"
"21","21","3","truemodel_G3_rho0","ECR","standard","mc","upper","-11.0271038530958"
"22","22","3","truemodel_G3_rho0","ECR","standard","mc","upper","-18.6607293103304"
"23","23","3","truemodel_G3_rho0","ECR","standard","mc","upper","-4.79250628503979"
"24","24","3","truemodel_G3_rho0","ECR","standard","mc","upper","-11.2475017542206"
"25","25","3","truemodel_G3_rho0","ECR","standard","mc","upper","-18.4543265917123"
"26","26","3","truemodel_G3_rho0","ECR","standard","mc","upper","-17.5718165704352"
"27","27","3","truemodel_G3_rho0","ECR","standard","mc","upper","-8.20011300036816"
"28","28","3","truemodel_G3_rho0","ECR","standard","mc","upper","-13.0180242151405"
"29","29","3","truemodel_G3_rho0","ECR","standard","mc","upper","-18.8011042615143"
"30","30","3","truemodel_G3_rho0","ECR","standard","mc","upper","-11.1145554912918"
"31","31","3","truemodel_G3_rho0","ECR","standard","mc","upper","-10.6473348445278"
"32","32","3","truemodel_G3_rho0","ECR","standard","mc","upper","-9.23443017919768"
"33","33","3","truemodel_G3_rho0","ECR","standard","mc","upper","-9.16005695323353"
"34","34","3","truemodel_G3_rho0","ECR","standard","mc","upper","-20.5636494368764"
"35","35","3","truemodel_G3_rho0","ECR","standard","mc","upper","-13.8064028213705"
"36","36","3","truemodel_G3_rho0","ECR","standard","mc","upper","-18.1523926172282"
"37","37","3","truemodel_G3_rho0","ECR","standard","mc","upper","-15.0113689008889"
"38","38","3","truemodel_G3_rho0","ECR","standard","mc","upper","-19.2105084469936"
"39","39","3","truemodel_G3_rho0","ECR","standard","mc","upper","-11.661043217148"
"40","40","3","truemodel_G3_rho0","ECR","standard","mc","upper","-14.8493335475233"
"41","41","3","truemodel_G3_rho0","ECR","standard","mc","upper","-0.133152912268123"
"42","42","3","truemodel_G3_rho0","ECR","standard","mc","upper","-15.2564819916434"
"43","43","3","truemodel_G3_rho0","ECR","standard","mc","upper","-28.0260395022411"
"44","44","3","truemodel_G3_rho0","ECR","standard","mc","upper","-26.0756668594101"
"45","45","3","truemodel_G3_rho0","ECR","standard","mc","upper","-22.3898439092319"
"46","46","3","truemodel_G3_rho0","ECR","standard","mc","upper","-13.7880690194992"
"47","47","3","truemodel_G3_rho0","ECR","standard","mc","upper","-13.6711765595572"
"48","48","3","truemodel_G3_rho0","ECR","standard","mc","upper","-13.8166564475369"
"49","49","3","truemodel_G3_rho0","ECR","standard","mc","upper","-30.2780352432354"
"50","50","3","truemodel_G3_rho0","ECR","standard","mc","upper","-16.7512238814988"
"51","1","3","truemodel_G3_rho.5","ECR","standard","mc","upper","-10.0431670996768"
"52","2","3","truemodel_G3_rho.5","ECR","standard","mc","upper","-5.80064271787759"
"53","3","3","truemodel_G3_rho.5","ECR","standard","mc","upper","-7.76047583157555"
"54","4","3","truemodel_G3_rho.5","ECR","standard","mc","upper","-6.92682374718979"
"55","5","3","truemodel_G3_rho.5","ECR","standard","mc","upper","-6.5720002421111"
"56","6","3","truemodel_G3_rho.5","ECR","standard","mc","upper","-3.14466858007325"
"57","7","3","truemodel_G3_rho.5","ECR","standard","mc","upper","-7.42304937280828"
"58","8","3","truemodel_G3_rho.5","ECR","standard","mc","upper","-6.01252692112183"
"59","9","3","truemodel_G3_rho.5","ECR","standard","mc","upper","-17.6939509532064"
"60","10","3","truemodel_G3_rho.5","ECR","standard","mc","upper","-18.5701333690466"
"61","11","3","truemodel_G3_rho.5","ECR","standard","mc","upper","-3.89775316360046"
"62","12","3","truemodel_G3_rho.5","ECR","standard","mc","upper","-11.065476726893"
"63","13","3","truemodel_G3_rho.5","ECR","standard","mc","upper","-6.92817748568896"
"64","14","3","truemodel_G3_rho.5","ECR","standard","mc","upper","-9.37206144030694"
"65","15","3","truemodel_G3_rho.5","ECR","standard","mc","upper","-2.54522854740434"
"66","16","3","truemodel_G3_rho.5","ECR","standard","mc","upper","-10.0249039884364"
"67","17","3","truemodel_G3_rho.5","ECR","standard","mc","upper","-6.08709307935091"
"68","18","3","truemodel_G3_rho.5","ECR","standard","mc","upper","-4.97936227058167"
"69","19","3","truemodel_G3_rho.5","ECR","standard","mc","upper","-9.30315369997943"
"70","20","3","truemodel_G3_rho.5","ECR","standard","mc","upper","-6.19804965977983"
"71","21","3","truemodel_G3_rho.5","ECR","standard","mc","upper","-6.06462907694023"
"72","22","3","truemodel_G3_rho.5","ECR","standard","mc","upper","-10.6005526291268"
"73","23","3","truemodel_G3_rho.5","ECR","standard","mc","upper","-1.88212155790625"
"74","24","3","truemodel_G3_rho.5","ECR","standard","mc","upper","-5.71034318760829"
"75","25","3","truemodel_G3_rho.5","ECR","standard","mc","upper","-9.07998811608704"
"76","26","3","truemodel_G3_rho.5","ECR","standard","mc","upper","-8.13822151245827"
"77","27","3","truemodel_G3_rho.5","ECR","standard","mc","upper","-4.10402323824128"
"78","28","3","truemodel_G3_rho.5","ECR","standard","mc","upper","-7.83885084280588"
"79","29","3","truemodel_G3_rho.5","ECR","standard","mc","upper","-5.96959557157513"
"80","30","3","truemodel_G3_rho.5","ECR","standard","mc","upper","-5.64876513003807"
"81","31","3","truemodel_G3_rho.5","ECR","standard","mc","upper","-6.36706216241872"
"82","32","3","truemodel_G3_rho.5","ECR","standard","mc","upper","-3.78578609192917"
"83","33","3","truemodel_G3_rho.5","ECR","standard","mc","upper","-4.25426466853865"
"84","34","3","truemodel_G3_rho.5","ECR","standard","mc","upper","-9.8318760411342"
"85","35","3","truemodel_G3_rho.5","ECR","standard","mc","upper","-4.03246766433165"
"86","36","3","truemodel_G3_rho.5","ECR","standard","mc","upper","-8.43058851643874"
"87","37","3","truemodel_G3_rho.5","ECR","standard","mc","upper","-6.54295865764631"
"88","38","3","truemodel_G3_rho.5","ECR","standard","mc","upper","-9.04741569440203"
"89","39","3","truemodel_G3_rho.5","ECR","standard","mc","upper","-4.40630793257562"
"90","40","3","truemodel_G3_rho.5","ECR","standard","mc","upper","-6.65847243135822"
"91","41","3","truemodel_G3_rho.5","ECR","standard","mc","upper","-0.0415539419963338"
"92","42","3","truemodel_G3_rho.5","ECR","standard","mc","upper","-8.15685999463301"
"93","43","3","truemodel_G3_rho.5","ECR","standard","mc","upper","-12.3421739746683"
"94","44","3","truemodel_G3_rho.5","ECR","standard","mc","upper","-12.2071801632044"
"95","45","3","truemodel_G3_rho.5","ECR","standard","mc","upper","-9.89085473053429"
"96","46","3","truemodel_G3_rho.5","ECR","standard","mc","upper","-8.01002004901292"
"97","47","3","truemodel_G3_rho.5","ECR","standard","mc","upper","-8.40982180300727"
"98","48","3","truemodel_G3_rho.5","ECR","standard","mc","upper","-9.52778828142479"
"99","49","3","truemodel_G3_rho.5","ECR","standard","mc","upper","-14.4850710247625"
"100","50","3","truemodel_G3_rho.5","ECR","standard","mc","upper","-5.39381873518404"
"101","1","3","truemodel_G3_rho1","ECR","standard","mc","upper","-4.3154514924505"
"102","2","3","truemodel_G3_rho1","ECR","standard","mc","upper","-2.47997224013031"
"103","3","3","truemodel_G3_rho1","ECR","standard","mc","upper","-2.57072165175479"
"104","4","3","truemodel_G3_rho1","ECR","standard","mc","upper","-2.51613574930273"
"105","5","3","truemodel_G3_rho1","ECR","standard","mc","upper","-2.4293182051568"
"106","6","3","truemodel_G3_rho1","ECR","standard","mc","upper","-1.68837225410551"
"107","7","3","truemodel_G3_rho1","ECR","standard","mc","upper","-2.10838888553924"
"108","8","3","truemodel_G3_rho1","ECR","standard","mc","upper","-1.61300606684584"
"109","9","3","truemodel_G3_rho1","ECR","standard","mc","upper","-7.83458783589769"
"110","10","3","truemodel_G3_rho1","ECR","standard","mc","upper","-6.11847284036097"
"111","11","3","truemodel_G3_rho1","ECR","standard","mc","upper","-1.10712880158762"
"112","12","3","truemodel_G3_rho1","ECR","standard","mc","upper","-3.16230959849812"
"113","13","3","truemodel_G3_rho1","ECR","standard","mc","upper","-1.92593588343901"
"114","14","3","truemodel_G3_rho1","ECR","standard","mc","upper","-3.64676738185552"
"115","15","3","truemodel_G3_rho1","ECR","standard","mc","upper","-1.73106790471604"
"116","16","3","truemodel_G3_rho1","ECR","standard","mc","upper","-4.64623087244094"
"117","17","3","truemodel_G3_rho1","ECR","standard","mc","upper","-2.02691694893938"
"118","18","3","truemodel_G3_rho1","ECR","standard","mc","upper","-2.10903996595904"
"119","19","3","truemodel_G3_rho1","ECR","standard","mc","upper","-2.29051113762125"
"120","20","3","truemodel_G3_rho1","ECR","standard","mc","upper","-1.58602938606581"
"121","21","3","truemodel_G3_rho1","ECR","standard","mc","upper","-2.39425325904084"
"122","22","3","truemodel_G3_rho1","ECR","standard","mc","upper","-3.04164824960403"
"123","23","3","truemodel_G3_rho1","ECR","standard","mc","upper","-1.19293200362435"
"124","24","3","truemodel_G3_rho1","ECR","standard","mc","upper","-2.04894512610569"
"125","25","3","truemodel_G3_rho1","ECR","standard","mc","upper","-3.58227196415245"
"126","26","3","truemodel_G3_rho1","ECR","standard","mc","upper","-2.2048089861039"
"127","27","3","truemodel_G3_rho1","ECR","standard","mc","upper","-1.82612482864004"
"128","28","3","truemodel_G3_rho1","ECR","standard","mc","upper","-4.40880686337115"
"129","29","3","truemodel_G3_rho1","ECR","standard","mc","upper","-1.72061964719651"
"130","30","3","truemodel_G3_rho1","ECR","standard","mc","upper","-2.06911708747833"
"131","31","3","truemodel_G3_rho1","ECR","standard","mc","upper","-2.54346225878255"
"132","32","3","truemodel_G3_rho1","ECR","standard","mc","upper","-1.66844761380921"
"133","33","3","truemodel_G3_rho1","ECR","standard","mc","upper","-1.96927885971507"
"134","34","3","truemodel_G3_rho1","ECR","standard","mc","upper","-2.65021190725347"
"135","35","3","truemodel_G3_rho1","ECR","standard","mc","upper","-1.33993843907583"
"136","36","3","truemodel_G3_rho1","ECR","standard","mc","upper","-2.84240865328317"
"137","37","3","truemodel_G3_rho1","ECR","standard","mc","upper","-2.3626416921778"
"138","38","3","truemodel_G3_rho1","ECR","standard","mc","upper","-3.17012381473376"
"139","39","3","truemodel_G3_rho1","ECR","standard","mc","upper","-1.47045226318615"
"140","40","3","truemodel_G3_rho1","ECR","standard","mc","upper","-2.14371957285883"
"141","41","3","truemodel_G3_rho1","ECR","standard","mc","upper","-0.478984220467282"
"142","42","3","truemodel_G3_rho1","ECR","standard","mc","upper","-5.42683222893557"
"143","43","3","truemodel_G3_rho1","ECR","standard","mc","upper","-6.15170787523462"
"144","44","3","truemodel_G3_rho1","ECR","standard","mc","upper","-3.14381731796066"
"145","45","3","truemodel_G3_rho1","ECR","standard","mc","upper","-2.72432965897217"
"146","46","3","truemodel_G3_rho1","ECR","standard","mc","upper","-3.19038042755437"
"147","47","3","truemodel_G3_rho1","ECR","standard","mc","upper","-4.20142513599818"
"148","48","3","truemodel_G3_rho1","ECR","standard","mc","upper","-4.62988474118778"
"149","49","3","truemodel_G3_rho1","ECR","standard","mc","upper","-3.74875981699155"
"150","50","3","truemodel_G3_rho1","ECR","standard","mc","upper","-1.82789391993566"
"151","1","3","truemodel_G3_rho0","ECR","standard","bridge","upper","-1.34493369807916"
"152","2","3","truemodel_G3_rho0","ECR","standard","bridge","upper","-1.12543089233268"
"153","3","3","truemodel_G3_rho0","ECR","standard","bridge","upper","-1.49757037320234"
"154","4","3","truemodel_G3_rho0","ECR","standard","bridge","upper","-1.39886440268363"
"155","5","3","truemodel_G3_rho0","ECR","standard","bridge","upper","-1.33933837881433"
"156","6","3","truemodel_G3_rho0","ECR","standard","bridge","upper","-1.19188776203875"
"157","7","3","truemodel_G3_rho0","ECR","standard","bridge","upper","-1.16599811539083"
"158","8","3","truemodel_G3_rho0","ECR","standard","bridge","upper","-1.14490195381326"
"159","9","3","truemodel_G3_rho0","ECR","standard","bridge","upper","-1.58898732499762"
"160","10","3","truemodel_G3_rho0","ECR","standard","bridge","upper","-1.09857429775104"
"161","11","3","truemodel_G3_rho0","ECR","standard","bridge","upper","-1.21047164342198"
"162","12","3","truemodel_G3_rho0","ECR","standard","bridge","upper","-1.26760987708288"
"163","13","3","truemodel_G3_rho0","ECR","standard","bridge","upper","-1.12184746185978"
"164","14","3","truemodel_G3_rho0","ECR","standard","bridge","upper","-1.22024050693317"
"165","15","3","truemodel_G3_rho0","ECR","standard","bridge","upper","-1.39184539539023"
"166","16","3","truemodel_G3_rho0","ECR","standard","bridge","upper","-1.2467161070084"
"167","17","3","truemodel_G3_rho0","ECR","standard","bridge","upper","-1.22722201351683"
"168","18","3","truemodel_G3_rho0","ECR","standard","bridge","upper","-1.1354170589015"
"169","19","3","truemodel_G3_rho0","ECR","standard","bridge","upper","-1.13423502643892"
"170","20","3","truemodel_G3_rho0","ECR","standard","bridge","upper","-1.11760328556025"
"171","21","3","truemodel_G3_rho0","ECR","standard","bridge","upper","-1.11500679365228"
"172","22","3","truemodel_G3_rho0","ECR","standard","bridge","upper","-1.18661012246218"
"173","23","3","truemodel_G3_rho0","ECR","standard","bridge","upper","-1.12129644230809"
"174","24","3","truemodel_G3_rho0","ECR","standard","bridge","upper","-1.14378341449589"
"175","25","3","truemodel_G3_rho0","ECR","standard","bridge","upper","-1.14123547440354"
"176","26","3","truemodel_G3_rho0","ECR","standard","bridge","upper","-1.16601837150889"
"177","27","3","truemodel_G3_rho0","ECR","standard","bridge","upper","-1.22241857224552"
"178","28","3","truemodel_G3_rho0","ECR","standard","bridge","upper","-1.22576773788997"
"179","29","3","truemodel_G3_rho0","ECR","standard","bridge","upper","-1.35245169086416"
"180","30","3","truemodel_G3_rho0","ECR","standard","bridge","upper","-1.33692915979913"
"181","31","3","truemodel_G3_rho0","ECR","standard","bridge","upper","-1.27389363273866"
"182","32","3","truemodel_G3_rho0","ECR","standard","bridge","upper","-1.17088718536444"
"183","33","3","truemodel_G3_rho0","ECR","standard","bridge","upper","-1.38787661315529"
"184","34","3","truemodel_G3_rho0","ECR","standard","bridge","upper","-1.23006066242428"
"185","35","3","truemodel_G3_rho0","ECR","standard","bridge","upper","-1.26172443392225"
"186","36","3","truemodel_G3_rho0","ECR","standard","bridge","upper","-1.2088626683877"
"187","37","3","truemodel_G3_rho0","ECR","standard","bridge","upper","-1.20476858198021"
"188","38","3","truemodel_G3_rho0","ECR","standard","bridge","upper","-1.22904182878568"
"189","39","3","truemodel_G3_rho0","ECR","standard","bridge","upper","-1.22599946274988"
"190","40","3","truemodel_G3_rho0","ECR","standard","bridge","upper","-1.16330743152965"
"191","41","3","truemodel_G3_rho0","ECR","standard","bridge","upper","-1.13066478646588"
"192","42","3","truemodel_G3_rho0","ECR","standard","bridge","upper","-1.32615462296246"
"193","43","3","truemodel_G3_rho0","ECR","standard","bridge","upper","-1.74135316013344"
"194","44","3","truemodel_G3_rho0","ECR","standard","bridge","upper","-1.18599751450324"
"195","45","3","truemodel_G3_rho0","ECR","standard","bridge","upper","-1.18426503015785"
"196","46","3","truemodel_G3_rho0","ECR","standard","bridge","upper","-1.38164771968422"
"197","47","3","truemodel_G3_rho0","ECR","standard","bridge","upper","-1.20052239809117"
"198","48","3","truemodel_G3_rho0","ECR","standard","bridge","upper","-1.14026428275881"
"199","49","3","truemodel_G3_rho0","ECR","standard","bridge","upper","-1.21127694514347"
"200","50","3","truemodel_G3_rho0","ECR","standard","bridge","upper","-1.25593199942641"
"201","1","3","truemodel_G3_rho.5","ECR","standard","bridge","upper","-1.2618210905521"
"202","2","3","truemodel_G3_rho.5","ECR","standard","bridge","upper","-1.36572268543479"
"203","3","3","truemodel_G3_rho.5","ECR","standard","bridge","upper","-1.21843567515035"
"204","4","3","truemodel_G3_rho.5","ECR","standard","bridge","upper","-1.30099429606607"
"205","5","3","truemodel_G3_rho.5","ECR","standard","bridge","upper","-1.53645940961146"
"206","6","3","truemodel_G3_rho.5","ECR","standard","bridge","upper","-1.14526421236238"
"207","7","3","truemodel_G3_rho.5","ECR","standard","bridge","upper","-1.13578629657616"
"208","8","3","truemodel_G3_rho.5","ECR","standard","bridge","upper","-1.36454563985668"
"209","9","3","truemodel_G3_rho.5","ECR","standard","bridge","upper","-1.17311670540809"
"210","10","3","truemodel_G3_rho.5","ECR","standard","bridge","upper","-1.09991783053476"
"211","11","3","truemodel_G3_rho.5","ECR","standard","bridge","upper","-1.24813477685885"
"212","12","3","truemodel_G3_rho.5","ECR","standard","bridge","upper","-1.39679191690436"
"213","13","3","truemodel_G3_rho.5","ECR","standard","bridge","upper","-1.18973353851308"
"214","14","3","truemodel_G3_rho.5","ECR","standard","bridge","upper","-1.34160921914002"
"215","15","3","truemodel_G3_rho.5","ECR","standard","bridge","upper","-1.17598758703421"
"216","16","3","truemodel_G3_rho.5","ECR","standard","bridge","upper","-1.14238894297469"
"217","17","3","truemodel_G3_rho.5","ECR","standard","bridge","upper","-1.13430631844064"
"218","18","3","truemodel_G3_rho.5","ECR","standard","bridge","upper","-1.13639427005361"
"219","19","3","truemodel_G3_rho.5","ECR","standard","bridge","upper","-1.31883542015375"
"220","20","3","truemodel_G3_rho.5","ECR","standard","bridge","upper","-1.18171655011819"
"221","21","3","truemodel_G3_rho.5","ECR","standard","bridge","upper","-1.34748362564873"
"222","22","3","truemodel_G3_rho.5","ECR","standard","bridge","upper","-1.29312400197376"
"223","23","3","truemodel_G3_rho.5","ECR","standard","bridge","upper","-1.21104733749073"
"224","24","3","truemodel_G3_rho.5","ECR","standard","bridge","upper","-1.23395051199335"
"225","25","3","truemodel_G3_rho.5","ECR","standard","bridge","upper","-1.18563880520856"
"226","26","3","truemodel_G3_rho.5","ECR","standard","bridge","upper","-1.15499006845466"
"227","27","3","truemodel_G3_rho.5","ECR","standard","bridge","upper","-1.14028678335944"
"228","28","3","truemodel_G3_rho.5","ECR","standard","bridge","upper","-1.20608844270588"
"229","29","3","truemodel_G3_rho.5","ECR","standard","bridge","upper","-1.4453394114403"
"230","30","3","truemodel_G3_rho.5","ECR","standard","bridge","upper","-1.29274853760004"
"231","31","3","truemodel_G3_rho.5","ECR","standard","bridge","upper","-1.25906889535438"
"232","32","3","truemodel_G3_rho.5","ECR","standard","bridge","upper","-1.2568406217629"
"233","33","3","truemodel_G3_rho.5","ECR","standard","bridge","upper","-1.29472281943983"
"234","34","3","truemodel_G3_rho.5","ECR","standard","bridge","upper","-1.33776167452475"
"235","35","3","truemodel_G3_rho.5","ECR","standard","bridge","upper","-1.33991091067453"
"236","36","3","truemodel_G3_rho.5","ECR","standard","bridge","upper","-1.21979586194676"
"237","37","3","truemodel_G3_rho.5","ECR","standard","bridge","upper","-1.18682451365957"
"238","38","3","truemodel_G3_rho.5","ECR","standard","bridge","upper","-1.32380372301015"
"239","39","3","truemodel_G3_rho.5","ECR","standard","bridge","upper","-1.1904778469701"
"240","40","3","truemodel_G3_rho.5","ECR","standard","bridge","upper","-1.16144609343873"
"241","41","3","truemodel_G3_rho.5","ECR","standard","bridge","upper","-0.80982033613622"
"242","42","3","truemodel_G3_rho.5","ECR","standard","bridge","upper","-1.1609151194976"
"243","43","3","truemodel_G3_rho.5","ECR","standard","bridge","upper","-1.21006383595767"
"244","44","3","truemodel_G3_rho.5","ECR","standard","bridge","upper","-1.26789635842545"
"245","45","3","truemodel_G3_rho.5","ECR","standard","bridge","upper","-1.24030678748842"
"246","46","3","truemodel_G3_rho.5","ECR","standard","bridge","upper","-1.11163953593545"
"247","47","3","truemodel_G3_rho.5","ECR","standard","bridge","upper","-1.13636853288407"
"248","48","3","truemodel_G3_rho.5","ECR","standard","bridge","upper","-1.27239063408437"
"249","49","3","truemodel_G3_rho.5","ECR","standard","bridge","upper","-1.37392312871026"
"250","50","3","truemodel_G3_rho.5","ECR","standard","bridge","upper","-1.19025335524549"
"251","1","3","truemodel_G3_rho1","ECR","standard","bridge","upper","-1.26325641214221"
"252","2","3","truemodel_G3_rho1","ECR","standard","bridge","upper","-1.30196539022732"
"253","3","3","truemodel_G3_rho1","ECR","standard","bridge","upper","-1.22061364280705"
"254","4","3","truemodel_G3_rho1","ECR","standard","bridge","upper","-1.23739935173933"
"255","5","3","truemodel_G3_rho1","ECR","standard","bridge","upper","-1.28737766271662"
"256","6","3","truemodel_G3_rho1","ECR","standard","bridge","upper","-1.11231148236388"
"257","7","3","truemodel_G3_rho1","ECR","standard","bridge","upper","-1.14832526710148"
"258","8","3","truemodel_G3_rho1","ECR","standard","bridge","upper","-1.37209627827274"
"259","9","3","truemodel_G3_rho1","ECR","standard","bridge","upper","-1.23535362321218"
"260","10","3","truemodel_G3_rho1","ECR","standard","bridge","upper","-1.1263241493584"
"261","11","3","truemodel_G3_rho1","ECR","standard","bridge","upper","-0.838853309835635"
"262","12","3","truemodel_G3_rho1","ECR","standard","bridge","upper","-1.20477497111315"
"263","13","3","truemodel_G3_rho1","ECR","standard","bridge","upper","-0.880928101188534"
"264","14","3","truemodel_G3_rho1","ECR","standard","bridge","upper","-1.4315429584825"
"265","15","3","truemodel_G3_rho1","ECR","standard","bridge","upper","-1.09602849606683"
"266","16","3","truemodel_G3_rho1","ECR","standard","bridge","upper","-1.23023510890129"
"267","17","3","truemodel_G3_rho1","ECR","standard","bridge","upper","-1.25170968618105"
"268","18","3","truemodel_G3_rho1","ECR","standard","bridge","upper","-1.22291034620084"
"269","19","3","truemodel_G3_rho1","ECR","standard","bridge","upper","-1.30135629718465"
"270","20","3","truemodel_G3_rho1","ECR","standard","bridge","upper","-0.63437610010407"
"271","21","3","truemodel_G3_rho1","ECR","standard","bridge","upper","-1.10700775279357"
"272","22","3","truemodel_G3_rho1","ECR","standard","bridge","upper","-1.34271837768875"
"273","23","3","truemodel_G3_rho1","ECR","standard","bridge","upper","-1.02085433045504"
"274","24","3","truemodel_G3_rho1","ECR","standard","bridge","upper","-1.13165184528084"
"275","25","3","truemodel_G3_rho1","ECR","standard","bridge","upper","-1.27820994140437"
"276","26","3","truemodel_G3_rho1","ECR","standard","bridge","upper","-1.16990855713281"
"277","27","3","truemodel_G3_rho1","ECR","standard","bridge","upper","-1.15126171364437"
"278","28","3","truemodel_G3_rho1","ECR","standard","bridge","upper","-1.24935521877584"
"279","29","3","truemodel_G3_rho1","ECR","standard","bridge","upper","-1.25260467012645"
"280","30","3","truemodel_G3_rho1","ECR","standard","bridge","upper","-1.08272151721087"
"281","31","3","truemodel_G3_rho1","ECR","standard","bridge","upper","-1.10832842874063"
"282","32","3","truemodel_G3_rho1","ECR","standard","bridge","upper","-1.06273903947633"
"283","33","3","truemodel_G3_rho1","ECR","standard","bridge","upper","-1.13098987132966"
"284","34","3","truemodel_G3_rho1","ECR","standard","bridge","upper","-1.3039568885974"
"285","35","3","truemodel_G3_rho1","ECR","standard","bridge","upper","-1.01000389120864"
"286","36","3","truemodel_G3_rho1","ECR","standard","bridge","upper","-1.22936845360993"
"287","37","3","truemodel_G3_rho1","ECR","standard","bridge","upper","-1.00628586844525"
"288","38","3","truemodel_G3_rho1","ECR","standard","bridge","upper","-1.29676386517758"
"289","39","3","truemodel_G3_rho1","ECR","standard","bridge","upper","-0.88613903085734"
"290","40","3","truemodel_G3_rho1","ECR","standard","bridge","upper","-1.24333690221337"
"291","41","3","truemodel_G3_rho1","ECR","standard","bridge","upper","-0.676245257321916"
"292","42","3","truemodel_G3_rho1","ECR","standard","bridge","upper","-1.25160239091278"
"293","43","3","truemodel_G3_rho1","ECR","standard","bridge","upper","-1.18137290846973"
"294","44","3","truemodel_G3_rho1","ECR","standard","bridge","upper","-1.35086716789113"
"295","45","3","truemodel_G3_rho1","ECR","standard","bridge","upper","-1.24590495981488"
"296","46","3","truemodel_G3_rho1","ECR","standard","bridge","upper","-1.17932319896656"
"297","47","3","truemodel_G3_rho1","ECR","standard","bridge","upper","-1.25270163378867"
"298","48","3","truemodel_G3_rho1","ECR","standard","bridge","upper","-1.29700355015109"
"299","49","3","truemodel_G3_rho1","ECR","standard","bridge","upper","-1.26634419482389"
"300","50","3","truemodel_G3_rho1","ECR","standard","bridge","upper","-1.07944344998306"
"301","1","3","truemodel_G3_rho0","ECR","standard","simple","upper","0.352143092597089"
"302","2","3","truemodel_G3_rho0","ECR","standard","simple","upper","0.579972370612332"
"303","3","3","truemodel_G3_rho0","ECR","standard","simple","upper","0.664034299569543"
"304","4","3","truemodel_G3_rho0","ECR","standard","simple","upper","0.45567656093737"
"305","5","3","truemodel_G3_rho0","ECR","standard","simple","upper","0.368406087728282"
"306","6","3","truemodel_G3_rho0","ECR","standard","simple","upper","2.21111528217588"
"307","7","3","truemodel_G3_rho0","ECR","standard","simple","upper","0.661487723465221"
"308","8","3","truemodel_G3_rho0","ECR","standard","simple","upper","0.373460539871033"
"309","9","3","truemodel_G3_rho0","ECR","standard","simple","upper","0.863288265937314"
"310","10","3","truemodel_G3_rho0","ECR","standard","simple","upper","2.32092615991856"
"311","11","3","truemodel_G3_rho0","ECR","standard","simple","upper","1.38491746361351"
"312","12","3","truemodel_G3_rho0","ECR","standard","simple","upper","1.89966486183779"
"313","13","3","truemodel_G3_rho0","ECR","standard","simple","upper","1.69537281501489"
"314","14","3","truemodel_G3_rho0","ECR","standard","simple","upper","0.246898833592148"
"315","15","3","truemodel_G3_rho0","ECR","standard","simple","upper","2.39856382459709"
"316","16","3","truemodel_G3_rho0","ECR","standard","simple","upper","0.695748839175685"
"317","17","3","truemodel_G3_rho0","ECR","standard","simple","upper","1.55923832210873"
"318","18","3","truemodel_G3_rho0","ECR","standard","simple","upper","1.22713809479912"
"319","19","3","truemodel_G3_rho0","ECR","standard","simple","upper","0.738035877132944"
"320","20","3","truemodel_G3_rho0","ECR","standard","simple","upper","0.14505257206153"
"321","21","3","truemodel_G3_rho0","ECR","standard","simple","upper","0.395890962277214"
"322","22","3","truemodel_G3_rho0","ECR","standard","simple","upper","1.93879593070046"
"323","23","3","truemodel_G3_rho0","ECR","standard","simple","upper","0.203623015354154"
"324","24","3","truemodel_G3_rho0","ECR","standard","simple","upper","1.30544422225223"
"325","25","3","truemodel_G3_rho0","ECR","standard","simple","upper","0.398839618625701"
"326","26","3","truemodel_G3_rho0","ECR","standard","simple","upper","0.754487878529694"
"327","27","3","truemodel_G3_rho0","ECR","standard","simple","upper","2.08990035025106"
"328","28","3","truemodel_G3_rho0","ECR","standard","simple","upper","0.402441782649092"
"329","29","3","truemodel_G3_rho0","ECR","standard","simple","upper","0.586229750874033"
"330","30","3","truemodel_G3_rho0","ECR","standard","simple","upper","2.13729244072826"
"331","31","3","truemodel_G3_rho0","ECR","standard","simple","upper","1.8662042707677"
"332","32","3","truemodel_G3_rho0","ECR","standard","simple","upper","0.219969975725519"
"333","33","3","truemodel_G3_rho0","ECR","standard","simple","upper","0.986583916386301"
"334","34","3","truemodel_G3_rho0","ECR","standard","simple","upper","0.502328113069012"
"335","35","3","truemodel_G3_rho0","ECR","standard","simple","upper","0.366576853594893"
"336","36","3","truemodel_G3_rho0","ECR","standard","simple","upper","0.207142421647895"
"337","37","3","truemodel_G3_rho0","ECR","standard","simple","upper","0.330937873371923"
"338","38","3","truemodel_G3_rho0","ECR","standard","simple","upper","0.536949451237035"
"339","39","3","truemodel_G3_rho0","ECR","standard","simple","upper","0.403662601025957"
"340","40","3","truemodel_G3_rho0","ECR","standard","simple","upper","2.21825596760896"
"341","41","3","truemodel_G3_rho0","ECR","standard","simple","upper","0.591101605720414"
"342","42","3","truemodel_G3_rho0","ECR","standard","simple","upper","0.34328079185228"
"343","43","3","truemodel_G3_rho0","ECR","standard","simple","upper","0.321171841328656"
"344","44","3","truemodel_G3_rho0","ECR","standard","simple","upper","0.57563577762334"
"345","45","3","truemodel_G3_rho0","ECR","standard","simple","upper","0.332638629912573"
"346","46","3","truemodel_G3_rho0","ECR","standard","simple","upper","1.78153633191841"
"347","47","3","truemodel_G3_rho0","ECR","standard","simple","upper","0.27741725305922"
"348","48","3","truemodel_G3_rho0","ECR","standard","simple","upper","0.350630505205544"
"349","49","3","truemodel_G3_rho0","ECR","standard","simple","upper","0.264058918494321"
"350","50","3","truemodel_G3_rho0","ECR","standard","simple","upper","0.803257065110067"
"351","1","3","truemodel_G3_rho.5","ECR","standard","simple","upper","0.90729426007416"
"352","2","3","truemodel_G3_rho.5","ECR","standard","simple","upper","0.707039503666486"
"353","3","3","truemodel_G3_rho.5","ECR","standard","simple","upper","2.26355435771917"
"354","4","3","truemodel_G3_rho.5","ECR","standard","simple","upper","0.468770061278875"
"355","5","3","truemodel_G3_rho.5","ECR","standard","simple","upper","0.467570685290042"
"356","6","3","truemodel_G3_rho.5","ECR","standard","simple","upper","0.235965549191135"
"357","7","3","truemodel_G3_rho.5","ECR","standard","simple","upper","0.381253730375221"
"358","8","3","truemodel_G3_rho.5","ECR","standard","simple","upper","0.831718310870201"
"359","9","3","truemodel_G3_rho.5","ECR","standard","simple","upper","0.321814472299089"
"360","10","3","truemodel_G3_rho.5","ECR","standard","simple","upper","0.616770258170234"
"361","11","3","truemodel_G3_rho.5","ECR","standard","simple","upper","0.171591640868286"
"362","12","3","truemodel_G3_rho.5","ECR","standard","simple","upper","1.73257573980211"
"363","13","3","truemodel_G3_rho.5","ECR","standard","simple","upper","1.47308559220133"
"364","14","3","truemodel_G3_rho.5","ECR","standard","simple","upper","0.31688638516173"
"365","15","3","truemodel_G3_rho.5","ECR","standard","simple","upper","0.48119498648667"
"366","16","3","truemodel_G3_rho.5","ECR","standard","simple","upper","0.181113817634426"
"367","17","3","truemodel_G3_rho.5","ECR","standard","simple","upper","0.505951023184771"
"368","18","3","truemodel_G3_rho.5","ECR","standard","simple","upper","2.35511190494925"
"369","19","3","truemodel_G3_rho.5","ECR","standard","simple","upper","0.687339246824472"
"370","20","3","truemodel_G3_rho.5","ECR","standard","simple","upper","0.250409978006893"
"371","21","3","truemodel_G3_rho.5","ECR","standard","simple","upper","2.469678294309"
"372","22","3","truemodel_G3_rho.5","ECR","standard","simple","upper","0.415347309656404"
"373","23","3","truemodel_G3_rho.5","ECR","standard","simple","upper","0.444933497184291"
"374","24","3","truemodel_G3_rho.5","ECR","standard","simple","upper","1.61884499440866"
"375","25","3","truemodel_G3_rho.5","ECR","standard","simple","upper","0.626018684551056"
"376","26","3","truemodel_G3_rho.5","ECR","standard","simple","upper","0.394460798363028"
"377","27","3","truemodel_G3_rho.5","ECR","standard","simple","upper","0.374399941111001"
"378","28","3","truemodel_G3_rho.5","ECR","standard","simple","upper","0.504048185932838"
"379","29","3","truemodel_G3_rho.5","ECR","standard","simple","upper","0.138612098456541"
"380","30","3","truemodel_G3_rho.5","ECR","standard","simple","upper","1.05685222187897"
"381","31","3","truemodel_G3_rho.5","ECR","standard","simple","upper","0.189683021781299"
"382","32","3","truemodel_G3_rho.5","ECR","standard","simple","upper","0.448002177509871"
"383","33","3","truemodel_G3_rho.5","ECR","standard","simple","upper","1.91368370072199"
"384","34","3","truemodel_G3_rho.5","ECR","standard","simple","upper","1.08409318329601"
"385","35","3","truemodel_G3_rho.5","ECR","standard","simple","upper","2.41845628646497"
"386","36","3","truemodel_G3_rho.5","ECR","standard","simple","upper","0.4044365433111"
"387","37","3","truemodel_G3_rho.5","ECR","standard","simple","upper","2.43081885417809"
"388","38","3","truemodel_G3_rho.5","ECR","standard","simple","upper","0.255310468595589"
"389","39","3","truemodel_G3_rho.5","ECR","standard","simple","upper","1.06200845589127"
"390","40","3","truemodel_G3_rho.5","ECR","standard","simple","upper","1.2974801417852"
"391","41","3","truemodel_G3_rho.5","ECR","standard","simple","upper","2.29622170185178"
"392","42","3","truemodel_G3_rho.5","ECR","standard","simple","upper","0.265082343210665"
"393","43","3","truemodel_G3_rho.5","ECR","standard","simple","upper","0.291202536126157"
"394","44","3","truemodel_G3_rho.5","ECR","standard","simple","upper","1.19886128297951"
"395","45","3","truemodel_G3_rho.5","ECR","standard","simple","upper","0.488516041933103"
"396","46","3","truemodel_G3_rho.5","ECR","standard","simple","upper","0.127251149194159"
"397","47","3","truemodel_G3_rho.5","ECR","standard","simple","upper","1.58466523958784"
"398","48","3","truemodel_G3_rho.5","ECR","standard","simple","upper","0.228137251826809"
"399","49","3","truemodel_G3_rho.5","ECR","standard","simple","upper","1.27004552827191"
"400","50","3","truemodel_G3_rho.5","ECR","standard","simple","upper","0.446233811666737"
"401","1","3","truemodel_G3_rho1","ECR","standard","simple","upper","0.762737185600585"
"402","2","3","truemodel_G3_rho1","ECR","standard","simple","upper","0.452633114631148"
"403","3","3","truemodel_G3_rho1","ECR","standard","simple","upper","0.220967080894091"
"404","4","3","truemodel_G3_rho1","ECR","standard","simple","upper","0.313078473660873"
"405","5","3","truemodel_G3_rho1","ECR","standard","simple","upper","0.291284708408298"
"406","6","3","truemodel_G3_rho1","ECR","standard","simple","upper","0.38698905769801"
"407","7","3","truemodel_G3_rho1","ECR","standard","simple","upper","1.61371912561797"
"408","8","3","truemodel_G3_rho1","ECR","standard","simple","upper","0.503984894906282"
"409","9","3","truemodel_G3_rho1","ECR","standard","simple","upper","2.36355234675891"
"410","10","3","truemodel_G3_rho1","ECR","standard","simple","upper","1.12295092350238"
"411","11","3","truemodel_G3_rho1","ECR","standard","simple","upper","0.290045594655126"
"412","12","3","truemodel_G3_rho1","ECR","standard","simple","upper","0.116909381149185"
"413","13","3","truemodel_G3_rho1","ECR","standard","simple","upper","2.32955589405139"
"414","14","3","truemodel_G3_rho1","ECR","standard","simple","upper","0.181366227112377"
"415","15","3","truemodel_G3_rho1","ECR","standard","simple","upper","1.26283600014419"
"416","16","3","truemodel_G3_rho1","ECR","standard","simple","upper","0.478617006667228"
"417","17","3","truemodel_G3_rho1","ECR","standard","simple","upper","0.539192574016127"
"418","18","3","truemodel_G3_rho1","ECR","standard","simple","upper","0.302396786229338"
"419","19","3","truemodel_G3_rho1","ECR","standard","simple","upper","0.868581725512144"
"420","20","3","truemodel_G3_rho1","ECR","standard","simple","upper","1.56120348711026"
"421","21","3","truemodel_G3_rho1","ECR","standard","simple","upper","2.05420672519059"
"422","22","3","truemodel_G3_rho1","ECR","standard","simple","upper","0.312911245344324"
"423","23","3","truemodel_G3_rho1","ECR","standard","simple","upper","2.43954928918509"
"424","24","3","truemodel_G3_rho1","ECR","standard","simple","upper","1.24719006749091"
"425","25","3","truemodel_G3_rho1","ECR","standard","simple","upper","0.548356951666591"
"426","26","3","truemodel_G3_rho1","ECR","standard","simple","upper","0.415532406253739"
"427","27","3","truemodel_G3_rho1","ECR","standard","simple","upper","0.111787153148533"
"428","28","3","truemodel_G3_rho1","ECR","standard","simple","upper","1.82109830114884"
"429","29","3","truemodel_G3_rho1","ECR","standard","simple","upper","0.151168100767933"
"430","30","3","truemodel_G3_rho1","ECR","standard","simple","upper","0.355489973956065"
"431","31","3","truemodel_G3_rho1","ECR","standard","simple","upper","1.05941151793086"
"432","32","3","truemodel_G3_rho1","ECR","standard","simple","upper","0.327133095334158"
"433","33","3","truemodel_G3_rho1","ECR","standard","simple","upper","1.90638255991717"
"434","34","3","truemodel_G3_rho1","ECR","standard","simple","upper","0.235987141355331"
"435","35","3","truemodel_G3_rho1","ECR","standard","simple","upper","0.304654497921582"
"436","36","3","truemodel_G3_rho1","ECR","standard","simple","upper","0.472318243242448"
"437","37","3","truemodel_G3_rho1","ECR","standard","simple","upper","2.37057017007488"
"438","38","3","truemodel_G3_rho1","ECR","standard","simple","upper","1.55756546965105"
"439","39","3","truemodel_G3_rho1","ECR","standard","simple","upper","0.82196978414682"
"440","40","3","truemodel_G3_rho1","ECR","standard","simple","upper","0.358207524038921"
"441","41","3","truemodel_G3_rho1","ECR","standard","simple","upper","0.559291780965484"
"442","42","3","truemodel_G3_rho1","ECR","standard","simple","upper","0.349791040495766"
"443","43","3","truemodel_G3_rho1","ECR","standard","simple","upper","1.40836174489838"
"444","44","3","truemodel_G3_rho1","ECR","standard","simple","upper","0.394130747524201"
"445","45","3","truemodel_G3_rho1","ECR","standard","simple","upper","0.198821135009318"
"446","46","3","truemodel_G3_rho1","ECR","standard","simple","upper","0.794865162419995"
"447","47","3","truemodel_G3_rho1","ECR","standard","simple","upper","0.89150574838974"
"448","48","3","truemodel_G3_rho1","ECR","standard","simple","upper","0.193621569810446"
"449","49","3","truemodel_G3_rho1","ECR","standard","simple","upper","0.560692519547906"
"450","50","3","truemodel_G3_rho1","ECR","standard","simple","upper","0.33731164097113"
"451","1","3","truemodel_G3_rho0","ECR","standard","standard","upper","-0.825510029768587"
"452","2","3","truemodel_G3_rho0","ECR","standard","standard","upper","-0.500095678794359"
"453","3","3","truemodel_G3_rho0","ECR","standard","standard","upper","-0.724315721002142"
"454","4","3","truemodel_G3_rho0","ECR","standard","standard","upper","-0.78006741869735"
"455","5","3","truemodel_G3_rho0","ECR","standard","standard","upper","-0.777964644250382"
"456","6","3","truemodel_G3_rho0","ECR","standard","standard","upper","1.12554502756545"
"457","7","3","truemodel_G3_rho0","ECR","standard","standard","upper","-0.426078526434679"
"458","8","3","truemodel_G3_rho0","ECR","standard","standard","upper","-0.717938925437423"
"459","9","3","truemodel_G3_rho0","ECR","standard","standard","upper","-0.718499688342796"
"460","10","3","truemodel_G3_rho0","ECR","standard","standard","upper","1.22432211777893"
"461","11","3","truemodel_G3_rho0","ECR","standard","standard","upper","0.300606022428354"
"462","12","3","truemodel_G3_rho0","ECR","standard","standard","upper","0.811997059431995"
"463","13","3","truemodel_G3_rho0","ECR","standard","standard","upper","0.60958988450345"
"464","14","3","truemodel_G3_rho0","ECR","standard","standard","upper","-0.847622543522036"
"465","15","3","truemodel_G3_rho0","ECR","standard","standard","upper","1.12994997841413"
"466","16","3","truemodel_G3_rho0","ECR","standard","standard","upper","-0.443680395202442"
"467","17","3","truemodel_G3_rho0","ECR","standard","standard","upper","0.474204422745728"
"468","18","3","truemodel_G3_rho0","ECR","standard","standard","upper","0.143226121930539"
"469","19","3","truemodel_G3_rho0","ECR","standard","standard","upper","-0.347834365354061"
"470","20","3","truemodel_G3_rho0","ECR","standard","standard","upper","-0.94879443387628"
"471","21","3","truemodel_G3_rho0","ECR","standard","standard","upper","-0.691634867441515"
"472","22","3","truemodel_G3_rho0","ECR","standard","standard","upper","0.846365819885833"
"473","23","3","truemodel_G3_rho0","ECR","standard","standard","upper","-0.889967366610442"
"474","24","3","truemodel_G3_rho0","ECR","standard","standard","upper","0.221599523740984"
"475","25","3","truemodel_G3_rho0","ECR","standard","standard","upper","-0.679240656091046"
"476","26","3","truemodel_G3_rho0","ECR","standard","standard","upper","-0.335464324768836"
"477","27","3","truemodel_G3_rho0","ECR","standard","standard","upper","0.997710896811192"
"478","28","3","truemodel_G3_rho0","ECR","standard","standard","upper","-0.70706468588191"
"479","29","3","truemodel_G3_rho0","ECR","standard","standard","upper","-0.563778482781153"
"480","30","3","truemodel_G3_rho0","ECR","standard","standard","upper","0.917457192298031"
"481","31","3","truemodel_G3_rho0","ECR","standard","standard","upper","0.765767359691246"
"482","32","3","truemodel_G3_rho0","ECR","standard","standard","upper","-0.871374235150981"
"483","33","3","truemodel_G3_rho0","ECR","standard","standard","upper","-0.290376352748261"
"484","34","3","truemodel_G3_rho0","ECR","standard","standard","upper","-0.592095418370782"
"485","35","3","truemodel_G3_rho0","ECR","standard","standard","upper","-0.726032927234762"
"486","36","3","truemodel_G3_rho0","ECR","standard","standard","upper","-0.918506040109214"
"487","37","3","truemodel_G3_rho0","ECR","standard","standard","upper","-0.760593996797759"
"488","38","3","truemodel_G3_rho0","ECR","standard","standard","upper","-0.543837398203095"
"489","39","3","truemodel_G3_rho0","ECR","standard","standard","upper","-0.702019503633608"
"490","40","3","truemodel_G3_rho0","ECR","standard","standard","upper","1.12513015557272"
"491","41","3","truemodel_G3_rho0","ECR","standard","standard","upper","-0.492956121964777"
"492","42","3","truemodel_G3_rho0","ECR","standard","standard","upper","-0.856335232382683"
"493","43","3","truemodel_G3_rho0","ECR","standard","standard","upper","-1.4663651474529"
"494","44","3","truemodel_G3_rho0","ECR","standard","standard","upper","-0.513172567921728"
"495","45","3","truemodel_G3_rho0","ECR","standard","standard","upper","-0.757514939026791"
"496","46","3","truemodel_G3_rho0","ECR","standard","standard","upper","0.397783785508729"
"497","47","3","truemodel_G3_rho0","ECR","standard","standard","upper","-0.811360943288598"
"498","48","3","truemodel_G3_rho0","ECR","standard","standard","upper","-0.741738556796378"
"499","49","3","truemodel_G3_rho0","ECR","standard","standard","upper","-0.827765140259999"
"500","50","3","truemodel_G3_rho0","ECR","standard","standard","upper","-0.287632509381183"
"501","1","3","truemodel_G3_rho.5","ECR","standard","standard","upper","-0.18016889018385"
"502","2","3","truemodel_G3_rho.5","ECR","standard","standard","upper","-0.550818166304836"
"503","3","3","truemodel_G3_rho.5","ECR","standard","standard","upper","1.16765479869646"
"504","4","3","truemodel_G3_rho.5","ECR","standard","standard","upper","-0.72493306875144"
"505","5","3","truemodel_G3_rho.5","ECR","standard","standard","upper","-1.03439318218863"
"506","6","3","truemodel_G3_rho.5","ECR","standard","standard","upper","-0.856807452643807"
"507","7","3","truemodel_G3_rho.5","ECR","standard","standard","upper","-0.708692464268893"
"508","8","3","truemodel_G3_rho.5","ECR","standard","standard","upper","-0.347178478796948"
"509","9","3","truemodel_G3_rho.5","ECR","standard","standard","upper","-0.763212211413233"
"510","10","3","truemodel_G3_rho.5","ECR","standard","standard","upper","-0.469282346707217"
"511","11","3","truemodel_G3_rho.5","ECR","standard","standard","upper","-0.969447196143634"
"512","12","3","truemodel_G3_rho.5","ECR","standard","standard","upper","0.449973497518798"
"513","13","3","truemodel_G3_rho.5","ECR","standard","standard","upper","0.384036035849874"
"514","14","3","truemodel_G3_rho.5","ECR","standard","standard","upper","-0.889104131542659"
"515","15","3","truemodel_G3_rho.5","ECR","standard","standard","upper","-0.604547944297572"
"516","16","3","truemodel_G3_rho.5","ECR","standard","standard","upper","-0.912174249491144"
"517","17","3","truemodel_G3_rho.5","ECR","standard","standard","upper","-0.585866998525468"
"518","18","3","truemodel_G3_rho.5","ECR","standard","standard","upper","1.25821585400247"
"519","19","3","truemodel_G3_rho.5","ECR","standard","standard","upper","-0.404770026746746"
"520","20","3","truemodel_G3_rho.5","ECR","standard","standard","upper","-0.840873303062288"
"521","21","3","truemodel_G3_rho.5","ECR","standard","standard","upper","1.30603860982544"
"522","22","3","truemodel_G3_rho.5","ECR","standard","standard","upper","-0.679188203672084"
"523","23","3","truemodel_G3_rho.5","ECR","standard","standard","upper","-0.68189381271473"
"524","24","3","truemodel_G3_rho.5","ECR","standard","standard","upper","0.529337149863643"
"525","25","3","truemodel_G3_rho.5","ECR","standard","standard","upper","-0.465587351869935"
"526","26","3","truemodel_G3_rho.5","ECR","standard","standard","upper","-0.696509577183548"
"527","27","3","truemodel_G3_rho.5","ECR","standard","standard","upper","-0.716818491748633"
"528","28","3","truemodel_G3_rho.5","ECR","standard","standard","upper","-0.579933444914772"
"529","29","3","truemodel_G3_rho.5","ECR","standard","standard","upper","-1.1949312321515"
"530","30","3","truemodel_G3_rho.5","ECR","standard","standard","upper","-0.0386136540090405"
"531","31","3","truemodel_G3_rho.5","ECR","standard","standard","upper","-0.905826781245985"
"532","32","3","truemodel_G3_rho.5","ECR","standard","standard","upper","-0.656724928003918"
"533","33","3","truemodel_G3_rho.5","ECR","standard","standard","upper","0.805787894529992"
"534","34","3","truemodel_G3_rho.5","ECR","standard","standard","upper","-0.181311757357022"
"535","35","3","truemodel_G3_rho.5","ECR","standard","standard","upper","1.10732759493956"
"536","36","3","truemodel_G3_rho.5","ECR","standard","standard","upper","-0.684383435953741"
"537","37","3","truemodel_G3_rho.5","ECR","standard","standard","upper","1.32823907443128"
"538","38","3","truemodel_G3_rho.5","ECR","standard","standard","upper","-0.883018624300661"
"539","39","3","truemodel_G3_rho.5","ECR","standard","standard","upper","-0.0155286756199544"
"540","40","3","truemodel_G3_rho.5","ECR","standard","standard","upper","0.230359654148891"
"541","41","3","truemodel_G3_rho.5","ECR","standard","standard","upper","1.38110909612136"
"542","42","3","truemodel_G3_rho.5","ECR","standard","standard","upper","-0.82099397244599"
"543","43","3","truemodel_G3_rho.5","ECR","standard","standard","upper","-0.851737202140441"
"544","44","3","truemodel_G3_rho.5","ECR","standard","standard","upper","0.07267331769701"
"545","45","3","truemodel_G3_rho.5","ECR","standard","standard","upper","-0.603128784857759"
"546","46","3","truemodel_G3_rho.5","ECR","standard","standard","upper","-0.965362090761566"
"547","47","3","truemodel_G3_rho.5","ECR","standard","standard","upper","0.509557499110358"
"548","48","3","truemodel_G3_rho.5","ECR","standard","standard","upper","-0.908409901746793"
"549","49","3","truemodel_G3_rho.5","ECR","standard","standard","upper","0.109653424459843"
"550","50","3","truemodel_G3_rho.5","ECR","standard","standard","upper","-0.643079520680153"
"551","1","3","truemodel_G3_rho1","ECR","standard","standard","upper","-0.344763427346557"
"552","2","3","truemodel_G3_rho1","ECR","standard","standard","upper","-0.924274897934502"
"553","3","3","truemodel_G3_rho1","ECR","standard","standard","upper","-0.912378663843235"
"554","4","3","truemodel_G3_rho1","ECR","standard","standard","upper","-0.836621930313576"
"555","5","3","truemodel_G3_rho1","ECR","standard","standard","upper","-1.06301034695129"
"556","6","3","truemodel_G3_rho1","ECR","standard","standard","upper","-0.824004774103198"
"557","7","3","truemodel_G3_rho1","ECR","standard","standard","upper","0.530639657464366"
"558","8","3","truemodel_G3_rho1","ECR","standard","standard","upper","-0.796017322395876"
"559","9","3","truemodel_G3_rho1","ECR","standard","standard","upper","1.26383349802877"
"560","10","3","truemodel_G3_rho1","ECR","standard","standard","upper","0.036516585190391"
"561","11","3","truemodel_G3_rho1","ECR","standard","standard","upper","-0.578603689071894"
"562","12","3","truemodel_G3_rho1","ECR","standard","standard","upper","-0.991099573023568"
"563","13","3","truemodel_G3_rho1","ECR","standard","standard","upper","1.41787321331354"
"564","14","3","truemodel_G3_rho1","ECR","standard","standard","upper","-1.22609762787746"
"565","15","3","truemodel_G3_rho1","ECR","standard","standard","upper","0.249230742529186"
"566","16","3","truemodel_G3_rho1","ECR","standard","standard","upper","-0.645416439200787"
"567","17","3","truemodel_G3_rho1","ECR","standard","standard","upper","-0.785275263342591"
"568","18","3","truemodel_G3_rho1","ECR","standard","standard","upper","-0.79077694696629"
"569","19","3","truemodel_G3_rho1","ECR","standard","standard","upper","-0.442349409959284"
"570","20","3","truemodel_G3_rho1","ECR","standard","standard","upper","0.993177066527593"
"571","21","3","truemodel_G3_rho1","ECR","standard","standard","upper","0.97163429912176"
"572","22","3","truemodel_G3_rho1","ECR","standard","standard","upper","-0.972786998155541"
"573","23","3","truemodel_G3_rho1","ECR","standard","standard","upper","1.37256775363459"
"574","24","3","truemodel_G3_rho1","ECR","standard","standard","upper","0.187528466282785"
"575","25","3","truemodel_G3_rho1","ECR","standard","standard","upper","-0.579736604449245"
"576","26","3","truemodel_G3_rho1","ECR","standard","standard","upper","-0.834274650700706"
"577","27","3","truemodel_G3_rho1","ECR","standard","standard","upper","-1.02866510533434"
"578","28","3","truemodel_G3_rho1","ECR","standard","standard","upper","0.669153030757322"
"579","29","3","truemodel_G3_rho1","ECR","standard","standard","upper","-1.09644780470136"
"580","30","3","truemodel_G3_rho1","ECR","standard","standard","upper","-0.727736285574196"
"581","31","3","truemodel_G3_rho1","ECR","standard","standard","upper","-0.000181284593026021"
"582","32","3","truemodel_G3_rho1","ECR","standard","standard","upper","-0.807565676413624"
"583","33","3","truemodel_G3_rho1","ECR","standard","standard","upper","0.867862018351317"
"584","34","3","truemodel_G3_rho1","ECR","standard","standard","upper","-1.06162599635798"
"585","35","3","truemodel_G3_rho1","ECR","standard","standard","upper","-0.743121155130396"
"586","36","3","truemodel_G3_rho1","ECR","standard","standard","upper","-0.616715549885164"
"587","37","3","truemodel_G3_rho1","ECR","standard","standard","upper","1.3027554951526"
"588","38","3","truemodel_G3_rho1","ECR","standard","standard","upper","0.39478017766033"
"589","39","3","truemodel_G3_rho1","ECR","standard","standard","upper","-0.056729296626191"
"590","40","3","truemodel_G3_rho1","ECR","standard","standard","upper","-0.98307291556592"
"591","41","3","truemodel_G3_rho1","ECR","standard","standard","upper","-0.00191111691531631"
"592","42","3","truemodel_G3_rho1","ECR","standard","standard","upper","-0.789784441720563"
"593","43","3","truemodel_G3_rho1","ECR","standard","standard","upper","0.334711514675732"
"594","44","3","truemodel_G3_rho1","ECR","standard","standard","upper","-0.78253000059059"
"595","45","3","truemodel_G3_rho1","ECR","standard","standard","upper","-0.916576804643043"
"596","46","3","truemodel_G3_rho1","ECR","standard","standard","upper","-0.320056205935074"
"597","47","3","truemodel_G3_rho1","ECR","standard","standard","upper","-0.194346856134345"
"598","48","3","truemodel_G3_rho1","ECR","standard","standard","upper","-1.02130593583597"
"599","49","3","truemodel_G3_rho1","ECR","standard","standard","upper","-0.540395473903764"
"600","50","3","truemodel_G3_rho1","ECR","standard","standard","upper","-0.717742418550117"
"601","1","3","truemodel_G3_rho0","ECR","standard","mc","estim","-20.2391929465124"
"602","2","3","truemodel_G3_rho0","ECR","standard","mc","estim","-14.2155096763031"
"603","3","3","truemodel_G3_rho0","ECR","standard","mc","estim","-20.8543401162375"
"604","4","3","truemodel_G3_rho0","ECR","standard","mc","estim","-17.6773678126004"
"605","5","3","truemodel_G3_rho0","ECR","standard","mc","estim","-21.3150257595503"
"606","6","3","truemodel_G3_rho0","ECR","standard","mc","estim","-7.71850936410914"
"607","7","3","truemodel_G3_rho0","ECR","standard","mc","estim","-15.0708992003788"
"608","8","3","truemodel_G3_rho0","ECR","standard","mc","estim","-12.803173023835"
"609","9","3","truemodel_G3_rho0","ECR","standard","mc","estim","-35.6558052859099"
"610","10","3","truemodel_G3_rho0","ECR","standard","mc","estim","-39.5587897584256"
"611","11","3","truemodel_G3_rho0","ECR","standard","mc","estim","-9.26106482216537"
"612","12","3","truemodel_G3_rho0","ECR","standard","mc","estim","-25.2074914610525"
"613","13","3","truemodel_G3_rho0","ECR","standard","mc","estim","-14.7470175582011"
"614","14","3","truemodel_G3_rho0","ECR","standard","mc","estim","-14.9428782837664"
"615","15","3","truemodel_G3_rho0","ECR","standard","mc","estim","-11.6359976578687"
"616","16","3","truemodel_G3_rho0","ECR","standard","mc","estim","-22.4393686307037"
"617","17","3","truemodel_G3_rho0","ECR","standard","mc","estim","-13.5468372322672"
"618","18","3","truemodel_G3_rho0","ECR","standard","mc","estim","-11.2531856060811"
"619","19","3","truemodel_G3_rho0","ECR","standard","mc","estim","-19.8599882453267"
"620","20","3","truemodel_G3_rho0","ECR","standard","mc","estim","-12.9332653120763"
"621","21","3","truemodel_G3_rho0","ECR","standard","mc","estim","-11.7764200345119"
"622","22","3","truemodel_G3_rho0","ECR","standard","mc","estim","-19.5417453684371"
"623","23","3","truemodel_G3_rho0","ECR","standard","mc","estim","-5.29443138279876"
"624","24","3","truemodel_G3_rho0","ECR","standard","mc","estim","-12.0052316095214"
"625","25","3","truemodel_G3_rho0","ECR","standard","mc","estim","-19.5456637328765"
"626","26","3","truemodel_G3_rho0","ECR","standard","mc","estim","-18.3953423509546"
"627","27","3","truemodel_G3_rho0","ECR","standard","mc","estim","-9.04908668365535"
"628","28","3","truemodel_G3_rho0","ECR","standard","mc","estim","-14.0484604107211"
"629","29","3","truemodel_G3_rho0","ECR","standard","mc","estim","-19.6804268189371"
"630","30","3","truemodel_G3_rho0","ECR","standard","mc","estim","-12.0554585204735"
"631","31","3","truemodel_G3_rho0","ECR","standard","mc","estim","-11.484277906077"
"632","32","3","truemodel_G3_rho0","ECR","standard","mc","estim","-9.80140086876014"
"633","33","3","truemodel_G3_rho0","ECR","standard","mc","estim","-10.1951781175719"
"634","34","3","truemodel_G3_rho0","ECR","standard","mc","estim","-21.4316846406004"
"635","35","3","truemodel_G3_rho0","ECR","standard","mc","estim","-14.5040296793606"
"636","36","3","truemodel_G3_rho0","ECR","standard","mc","estim","-19.2562987909205"
"637","37","3","truemodel_G3_rho0","ECR","standard","mc","estim","-15.7985110772218"
"638","38","3","truemodel_G3_rho0","ECR","standard","mc","estim","-20.2080906161841"
"639","39","3","truemodel_G3_rho0","ECR","standard","mc","estim","-12.5457322133741"
"640","40","3","truemodel_G3_rho0","ECR","standard","mc","estim","-15.6066753197011"
"641","41","3","truemodel_G3_rho0","ECR","standard","mc","estim","-0.370199319624593"
"642","42","3","truemodel_G3_rho0","ECR","standard","mc","estim","-16.2410421559713"
"643","43","3","truemodel_G3_rho0","ECR","standard","mc","estim","-29.1330179650867"
"644","44","3","truemodel_G3_rho0","ECR","standard","mc","estim","-27.1824125259991"
"645","45","3","truemodel_G3_rho0","ECR","standard","mc","estim","-23.495499823205"
"646","46","3","truemodel_G3_rho0","ECR","standard","mc","estim","-14.8172071132183"
"647","47","3","truemodel_G3_rho0","ECR","standard","mc","estim","-14.7520927241293"
"648","48","3","truemodel_G3_rho0","ECR","standard","mc","estim","-14.8848182471359"
"649","49","3","truemodel_G3_rho0","ECR","standard","mc","estim","-31.3852566763334"
"650","50","3","truemodel_G3_rho0","ECR","standard","mc","estim","-17.6311053654087"
"651","1","3","truemodel_G3_rho.5","ECR","standard","mc","estim","-10.9025410457"
"652","2","3","truemodel_G3_rho.5","ECR","standard","mc","estim","-6.46805698288613"
"653","3","3","truemodel_G3_rho.5","ECR","standard","mc","estim","-8.74299756115852"
"654","4","3","truemodel_G3_rho.5","ECR","standard","mc","estim","-7.86830693490352"
"655","5","3","truemodel_G3_rho.5","ECR","standard","mc","estim","-7.54662027071755"
"656","6","3","truemodel_G3_rho.5","ECR","standard","mc","estim","-3.60333004593546"
"657","7","3","truemodel_G3_rho.5","ECR","standard","mc","estim","-8.21673738171225"
"658","8","3","truemodel_G3_rho.5","ECR","standard","mc","estim","-6.6840498275975"
"659","9","3","truemodel_G3_rho.5","ECR","standard","mc","estim","-18.7863892591384"
"660","10","3","truemodel_G3_rho.5","ECR","standard","mc","estim","-19.6761552753935"
"661","11","3","truemodel_G3_rho.5","ECR","standard","mc","estim","-4.33125448836085"
"662","12","3","truemodel_G3_rho.5","ECR","standard","mc","estim","-12.0454547454899"
"663","13","3","truemodel_G3_rho.5","ECR","standard","mc","estim","-7.48156156603078"
"664","14","3","truemodel_G3_rho.5","ECR","standard","mc","estim","-9.96826765232175"
"665","15","3","truemodel_G3_rho.5","ECR","standard","mc","estim","-3.17733927410974"
"666","16","3","truemodel_G3_rho.5","ECR","standard","mc","estim","-11.0527234819704"
"667","17","3","truemodel_G3_rho.5","ECR","standard","mc","estim","-6.78552160930896"
"668","18","3","truemodel_G3_rho.5","ECR","standard","mc","estim","-5.68270884954264"
"669","19","3","truemodel_G3_rho.5","ECR","standard","mc","estim","-9.9335777915971"
"670","20","3","truemodel_G3_rho.5","ECR","standard","mc","estim","-6.77802465290192"
"671","21","3","truemodel_G3_rho.5","ECR","standard","mc","estim","-6.53542814056581"
"672","22","3","truemodel_G3_rho.5","ECR","standard","mc","estim","-11.1878546687304"
"673","23","3","truemodel_G3_rho.5","ECR","standard","mc","estim","-2.33168034470262"
"674","24","3","truemodel_G3_rho.5","ECR","standard","mc","estim","-6.19092079879308"
"675","25","3","truemodel_G3_rho.5","ECR","standard","mc","estim","-10.0309982655623"
"676","26","3","truemodel_G3_rho.5","ECR","standard","mc","estim","-8.67146474584335"
"677","27","3","truemodel_G3_rho.5","ECR","standard","mc","estim","-4.63497521187895"
"678","28","3","truemodel_G3_rho.5","ECR","standard","mc","estim","-8.68196991523352"
"679","29","3","truemodel_G3_rho.5","ECR","standard","mc","estim","-6.87376928168087"
"680","30","3","truemodel_G3_rho.5","ECR","standard","mc","estim","-6.22640205242789"
"681","31","3","truemodel_G3_rho.5","ECR","standard","mc","estim","-6.86874456097328"
"682","32","3","truemodel_G3_rho.5","ECR","standard","mc","estim","-4.33689773700276"
"683","33","3","truemodel_G3_rho.5","ECR","standard","mc","estim","-5.00967107223905"
"684","34","3","truemodel_G3_rho.5","ECR","standard","mc","estim","-10.5594750800577"
"685","35","3","truemodel_G3_rho.5","ECR","standard","mc","estim","-4.51814606740627"
"686","36","3","truemodel_G3_rho.5","ECR","standard","mc","estim","-9.4790534564952"
"687","37","3","truemodel_G3_rho.5","ECR","standard","mc","estim","-7.01964106997167"
"688","38","3","truemodel_G3_rho.5","ECR","standard","mc","estim","-9.73139116907139"
"689","39","3","truemodel_G3_rho.5","ECR","standard","mc","estim","-4.96502723060894"
"690","40","3","truemodel_G3_rho.5","ECR","standard","mc","estim","-7.15534072586622"
"691","41","3","truemodel_G3_rho.5","ECR","standard","mc","estim","-0.31766956854533"
"692","42","3","truemodel_G3_rho.5","ECR","standard","mc","estim","-8.91715379424806"
"693","43","3","truemodel_G3_rho.5","ECR","standard","mc","estim","-13.4344002594593"
"694","44","3","truemodel_G3_rho.5","ECR","standard","mc","estim","-13.279836270291"
"695","45","3","truemodel_G3_rho.5","ECR","standard","mc","estim","-10.9462974731523"
"696","46","3","truemodel_G3_rho.5","ECR","standard","mc","estim","-8.67492572249876"
"697","47","3","truemodel_G3_rho.5","ECR","standard","mc","estim","-9.23657029030502"
"698","48","3","truemodel_G3_rho.5","ECR","standard","mc","estim","-10.357471566255"
"699","49","3","truemodel_G3_rho.5","ECR","standard","mc","estim","-15.5740484271025"
"700","50","3","truemodel_G3_rho.5","ECR","standard","mc","estim","-6.1225739307276"
"701","1","3","truemodel_G3_rho1","ECR","standard","mc","estim","-5.0490617727371"
"702","2","3","truemodel_G3_rho1","ECR","standard","mc","estim","-3.14802714241956"
"703","3","3","truemodel_G3_rho1","ECR","standard","mc","estim","-3.23920706197518"
"704","4","3","truemodel_G3_rho1","ECR","standard","mc","estim","-3.45824706595749"
"705","5","3","truemodel_G3_rho1","ECR","standard","mc","estim","-3.26756223403551"
"706","6","3","truemodel_G3_rho1","ECR","standard","mc","estim","-2.09657981077834"
"707","7","3","truemodel_G3_rho1","ECR","standard","mc","estim","-2.54711143597826"
"708","8","3","truemodel_G3_rho1","ECR","standard","mc","estim","-2.00021533712297"
"709","9","3","truemodel_G3_rho1","ECR","standard","mc","estim","-8.86321058069285"
"710","10","3","truemodel_G3_rho1","ECR","standard","mc","estim","-7.19180864430468"
"711","11","3","truemodel_G3_rho1","ECR","standard","mc","estim","-1.60263243143794"
"712","12","3","truemodel_G3_rho1","ECR","standard","mc","estim","-3.85220620663611"
"713","13","3","truemodel_G3_rho1","ECR","standard","mc","estim","-2.36528891810893"
"714","14","3","truemodel_G3_rho1","ECR","standard","mc","estim","-4.44068529155226"
"715","15","3","truemodel_G3_rho1","ECR","standard","mc","estim","-2.18538109451395"
"716","16","3","truemodel_G3_rho1","ECR","standard","mc","estim","-5.51672838418729"
"717","17","3","truemodel_G3_rho1","ECR","standard","mc","estim","-2.89479961840625"
"718","18","3","truemodel_G3_rho1","ECR","standard","mc","estim","-2.56050270935503"
"719","19","3","truemodel_G3_rho1","ECR","standard","mc","estim","-2.99949412703333"
"720","20","3","truemodel_G3_rho1","ECR","standard","mc","estim","-2.02712780656984"
"721","21","3","truemodel_G3_rho1","ECR","standard","mc","estim","-2.78589431062786"
"722","22","3","truemodel_G3_rho1","ECR","standard","mc","estim","-3.57601073794824"
"723","23","3","truemodel_G3_rho1","ECR","standard","mc","estim","-1.64259545745723"
"724","24","3","truemodel_G3_rho1","ECR","standard","mc","estim","-2.45938822397498"
"725","25","3","truemodel_G3_rho1","ECR","standard","mc","estim","-4.13599272052116"
"726","26","3","truemodel_G3_rho1","ECR","standard","mc","estim","-2.60928950478771"
"727","27","3","truemodel_G3_rho1","ECR","standard","mc","estim","-2.20268519675915"
"728","28","3","truemodel_G3_rho1","ECR","standard","mc","estim","-5.1109347903156"
"729","29","3","truemodel_G3_rho1","ECR","standard","mc","estim","-2.54923027637044"
"730","30","3","truemodel_G3_rho1","ECR","standard","mc","estim","-2.45024175705136"
"731","31","3","truemodel_G3_rho1","ECR","standard","mc","estim","-2.92628034153117"
"732","32","3","truemodel_G3_rho1","ECR","standard","mc","estim","-2.08751428486111"
"733","33","3","truemodel_G3_rho1","ECR","standard","mc","estim","-2.41612551607545"
"734","34","3","truemodel_G3_rho1","ECR","standard","mc","estim","-3.43835084395558"
"735","35","3","truemodel_G3_rho1","ECR","standard","mc","estim","-1.78129300422328"
"736","36","3","truemodel_G3_rho1","ECR","standard","mc","estim","-3.59875340078976"
"737","37","3","truemodel_G3_rho1","ECR","standard","mc","estim","-2.7570388589625"
"738","38","3","truemodel_G3_rho1","ECR","standard","mc","estim","-3.58810184638549"
"739","39","3","truemodel_G3_rho1","ECR","standard","mc","estim","-1.89769139090536"
"740","40","3","truemodel_G3_rho1","ECR","standard","mc","estim","-2.69478582773219"
"741","41","3","truemodel_G3_rho1","ECR","standard","mc","estim","-0.84334261349504"
"742","42","3","truemodel_G3_rho1","ECR","standard","mc","estim","-6.03781189317621"
"743","43","3","truemodel_G3_rho1","ECR","standard","mc","estim","-7.11752804184943"
"744","44","3","truemodel_G3_rho1","ECR","standard","mc","estim","-4.06332839421219"
"745","45","3","truemodel_G3_rho1","ECR","standard","mc","estim","-3.5147804460515"
"746","46","3","truemodel_G3_rho1","ECR","standard","mc","estim","-3.58601528083658"
"747","47","3","truemodel_G3_rho1","ECR","standard","mc","estim","-4.64592328672902"
"748","48","3","truemodel_G3_rho1","ECR","standard","mc","estim","-5.31103114088774"
"749","49","3","truemodel_G3_rho1","ECR","standard","mc","estim","-4.75859082491441"
"750","50","3","truemodel_G3_rho1","ECR","standard","mc","estim","-2.26307849600592"
"751","1","3","truemodel_G3_rho0","ECR","standard","bridge","estim","-1.33816474439657"
"752","2","3","truemodel_G3_rho0","ECR","standard","bridge","estim","-1.11905084829286"
"753","3","3","truemodel_G3_rho0","ECR","standard","bridge","estim","-1.49119808245025"
"754","4","3","truemodel_G3_rho0","ECR","standard","bridge","estim","-1.3919642554943"
"755","5","3","truemodel_G3_rho0","ECR","standard","bridge","estim","-1.33132741224107"
"756","6","3","truemodel_G3_rho0","ECR","standard","bridge","estim","-1.18684165372133"
"757","7","3","truemodel_G3_rho0","ECR","standard","bridge","estim","-1.16181036470151"
"758","8","3","truemodel_G3_rho0","ECR","standard","bridge","estim","-1.13985999288519"
"759","9","3","truemodel_G3_rho0","ECR","standard","bridge","estim","-1.58361871749479"
"760","10","3","truemodel_G3_rho0","ECR","standard","bridge","estim","-1.09772344780366"
"761","11","3","truemodel_G3_rho0","ECR","standard","bridge","estim","-1.20497414457247"
"762","12","3","truemodel_G3_rho0","ECR","standard","bridge","estim","-1.26191636163876"
"763","13","3","truemodel_G3_rho0","ECR","standard","bridge","estim","-1.11768014784458"
"764","14","3","truemodel_G3_rho0","ECR","standard","bridge","estim","-1.21193729279048"
"765","15","3","truemodel_G3_rho0","ECR","standard","bridge","estim","-1.38536950004091"
"766","16","3","truemodel_G3_rho0","ECR","standard","bridge","estim","-1.2391184829554"
"767","17","3","truemodel_G3_rho0","ECR","standard","bridge","estim","-1.22075179914228"
"768","18","3","truemodel_G3_rho0","ECR","standard","bridge","estim","-1.13078388412938"
"769","19","3","truemodel_G3_rho0","ECR","standard","bridge","estim","-1.12979152291171"
"770","20","3","truemodel_G3_rho0","ECR","standard","bridge","estim","-1.11469864580603"
"771","21","3","truemodel_G3_rho0","ECR","standard","bridge","estim","-1.11100940126626"
"772","22","3","truemodel_G3_rho0","ECR","standard","bridge","estim","-1.181535740316"
"773","23","3","truemodel_G3_rho0","ECR","standard","bridge","estim","-1.1168540294852"
"774","24","3","truemodel_G3_rho0","ECR","standard","bridge","estim","-1.13804644876115"
"775","25","3","truemodel_G3_rho0","ECR","standard","bridge","estim","-1.1322747865506"
"776","26","3","truemodel_G3_rho0","ECR","standard","bridge","estim","-1.16074748877875"
"777","27","3","truemodel_G3_rho0","ECR","standard","bridge","estim","-1.21635114913153"
"778","28","3","truemodel_G3_rho0","ECR","standard","bridge","estim","-1.21578773572405"
"779","29","3","truemodel_G3_rho0","ECR","standard","bridge","estim","-1.34527822145091"
"780","30","3","truemodel_G3_rho0","ECR","standard","bridge","estim","-1.32976338138513"
"781","31","3","truemodel_G3_rho0","ECR","standard","bridge","estim","-1.26736275600516"
"782","32","3","truemodel_G3_rho0","ECR","standard","bridge","estim","-1.16572755178806"
"783","33","3","truemodel_G3_rho0","ECR","standard","bridge","estim","-1.38110361959679"
"784","34","3","truemodel_G3_rho0","ECR","standard","bridge","estim","-1.22415973890602"
"785","35","3","truemodel_G3_rho0","ECR","standard","bridge","estim","-1.25515938549778"
"786","36","3","truemodel_G3_rho0","ECR","standard","bridge","estim","-1.20322094614779"
"787","37","3","truemodel_G3_rho0","ECR","standard","bridge","estim","-1.19913820101407"
"788","38","3","truemodel_G3_rho0","ECR","standard","bridge","estim","-1.22216973564358"
"789","39","3","truemodel_G3_rho0","ECR","standard","bridge","estim","-1.22030680786145"
"790","40","3","truemodel_G3_rho0","ECR","standard","bridge","estim","-1.15778270515639"
"791","41","3","truemodel_G3_rho0","ECR","standard","bridge","estim","-1.11890058030889"
"792","42","3","truemodel_G3_rho0","ECR","standard","bridge","estim","-1.31849723482804"
"793","43","3","truemodel_G3_rho0","ECR","standard","bridge","estim","-1.7380353907593"
"794","44","3","truemodel_G3_rho0","ECR","standard","bridge","estim","-1.18059060154825"
"795","45","3","truemodel_G3_rho0","ECR","standard","bridge","estim","-1.17870150449956"
"796","46","3","truemodel_G3_rho0","ECR","standard","bridge","estim","-1.37371496629266"
"797","47","3","truemodel_G3_rho0","ECR","standard","bridge","estim","-1.19525908813349"
"798","48","3","truemodel_G3_rho0","ECR","standard","bridge","estim","-1.13463216947883"
"799","49","3","truemodel_G3_rho0","ECR","standard","bridge","estim","-1.20628498058083"
"800","50","3","truemodel_G3_rho0","ECR","standard","bridge","estim","-1.2497041717979"
"801","1","3","truemodel_G3_rho.5","ECR","standard","bridge","estim","-1.25484793257566"
"802","2","3","truemodel_G3_rho.5","ECR","standard","bridge","estim","-1.35806778717708"
"803","3","3","truemodel_G3_rho.5","ECR","standard","bridge","estim","-1.21220348158759"
"804","4","3","truemodel_G3_rho.5","ECR","standard","bridge","estim","-1.29422159270268"
"805","5","3","truemodel_G3_rho.5","ECR","standard","bridge","estim","-1.5186173873654"
"806","6","3","truemodel_G3_rho.5","ECR","standard","bridge","estim","-1.13802935064674"
"807","7","3","truemodel_G3_rho.5","ECR","standard","bridge","estim","-1.13095338847175"
"808","8","3","truemodel_G3_rho.5","ECR","standard","bridge","estim","-1.35803821474394"
"809","9","3","truemodel_G3_rho.5","ECR","standard","bridge","estim","-1.16792334333868"
"810","10","3","truemodel_G3_rho.5","ECR","standard","bridge","estim","-1.09913084083959"
"811","11","3","truemodel_G3_rho.5","ECR","standard","bridge","estim","-1.24144757639039"
"812","12","3","truemodel_G3_rho.5","ECR","standard","bridge","estim","-1.39004978642171"
"813","13","3","truemodel_G3_rho.5","ECR","standard","bridge","estim","-1.18150496007038"
"814","14","3","truemodel_G3_rho.5","ECR","standard","bridge","estim","-1.33424481155525"
"815","15","3","truemodel_G3_rho.5","ECR","standard","bridge","estim","-1.16784082224539"
"816","16","3","truemodel_G3_rho.5","ECR","standard","bridge","estim","-1.13610573118238"
"817","17","3","truemodel_G3_rho.5","ECR","standard","bridge","estim","-1.1243994740868"
"818","18","3","truemodel_G3_rho.5","ECR","standard","bridge","estim","-1.13216729200634"
"819","19","3","truemodel_G3_rho.5","ECR","standard","bridge","estim","-1.31143535357126"
"820","20","3","truemodel_G3_rho.5","ECR","standard","bridge","estim","-1.17520608607533"
"821","21","3","truemodel_G3_rho.5","ECR","standard","bridge","estim","-1.34042785884478"
"822","22","3","truemodel_G3_rho.5","ECR","standard","bridge","estim","-1.28630598974181"
"823","23","3","truemodel_G3_rho.5","ECR","standard","bridge","estim","-1.20392703430531"
"824","24","3","truemodel_G3_rho.5","ECR","standard","bridge","estim","-1.2274644981823"
"825","25","3","truemodel_G3_rho.5","ECR","standard","bridge","estim","-1.17778055278012"
"826","26","3","truemodel_G3_rho.5","ECR","standard","bridge","estim","-1.14690488272437"
"827","27","3","truemodel_G3_rho.5","ECR","standard","bridge","estim","-1.13535138868872"
"828","28","3","truemodel_G3_rho.5","ECR","standard","bridge","estim","-1.19998375910082"
"829","29","3","truemodel_G3_rho.5","ECR","standard","bridge","estim","-1.43843179434121"
"830","30","3","truemodel_G3_rho.5","ECR","standard","bridge","estim","-1.28636329514074"
"831","31","3","truemodel_G3_rho.5","ECR","standard","bridge","estim","-1.25249179397353"
"832","32","3","truemodel_G3_rho.5","ECR","standard","bridge","estim","-1.24883259926906"
"833","33","3","truemodel_G3_rho.5","ECR","standard","bridge","estim","-1.28753399011159"
"834","34","3","truemodel_G3_rho.5","ECR","standard","bridge","estim","-1.33034606781111"
"835","35","3","truemodel_G3_rho.5","ECR","standard","bridge","estim","-1.33258264595344"
"836","36","3","truemodel_G3_rho.5","ECR","standard","bridge","estim","-1.2143553474329"
"837","37","3","truemodel_G3_rho.5","ECR","standard","bridge","estim","-1.17811575072025"
"838","38","3","truemodel_G3_rho.5","ECR","standard","bridge","estim","-1.31653514491296"
"839","39","3","truemodel_G3_rho.5","ECR","standard","bridge","estim","-1.1843576123435"
"840","40","3","truemodel_G3_rho.5","ECR","standard","bridge","estim","-1.15300128592421"
"841","41","3","truemodel_G3_rho.5","ECR","standard","bridge","estim","-0.798443569941096"
"842","42","3","truemodel_G3_rho.5","ECR","standard","bridge","estim","-1.15477384905434"
"843","43","3","truemodel_G3_rho.5","ECR","standard","bridge","estim","-1.20283384270745"
"844","44","3","truemodel_G3_rho.5","ECR","standard","bridge","estim","-1.26189719806089"
"845","45","3","truemodel_G3_rho.5","ECR","standard","bridge","estim","-1.23455192463773"
"846","46","3","truemodel_G3_rho.5","ECR","standard","bridge","estim","-1.10606339601885"
"847","47","3","truemodel_G3_rho.5","ECR","standard","bridge","estim","-1.13185725319932"
"848","48","3","truemodel_G3_rho.5","ECR","standard","bridge","estim","-1.26606835855793"
"849","49","3","truemodel_G3_rho.5","ECR","standard","bridge","estim","-1.36751426516662"
"850","50","3","truemodel_G3_rho.5","ECR","standard","bridge","estim","-1.18413623361317"
"851","1","3","truemodel_G3_rho1","ECR","standard","bridge","estim","-1.25667948494749"
"852","2","3","truemodel_G3_rho1","ECR","standard","bridge","estim","-1.29145944716537"
"853","3","3","truemodel_G3_rho1","ECR","standard","bridge","estim","-1.21205564343894"
"854","4","3","truemodel_G3_rho1","ECR","standard","bridge","estim","-1.22921941874544"
"855","5","3","truemodel_G3_rho1","ECR","standard","bridge","estim","-1.27632110511792"
"856","6","3","truemodel_G3_rho1","ECR","standard","bridge","estim","-1.10119436332958"
"857","7","3","truemodel_G3_rho1","ECR","standard","bridge","estim","-1.1416413208601"
"858","8","3","truemodel_G3_rho1","ECR","standard","bridge","estim","-1.36466700520074"
"859","9","3","truemodel_G3_rho1","ECR","standard","bridge","estim","-1.22892303627728"
"860","10","3","truemodel_G3_rho1","ECR","standard","bridge","estim","-1.12070530554029"
"861","11","3","truemodel_G3_rho1","ECR","standard","bridge","estim","-0.819906631270086"
"862","12","3","truemodel_G3_rho1","ECR","standard","bridge","estim","-1.19785683975655"
"863","13","3","truemodel_G3_rho1","ECR","standard","bridge","estim","-0.860651331755808"
"864","14","3","truemodel_G3_rho1","ECR","standard","bridge","estim","-1.42315890789558"
"865","15","3","truemodel_G3_rho1","ECR","standard","bridge","estim","-1.08576963526949"
"866","16","3","truemodel_G3_rho1","ECR","standard","bridge","estim","-1.22339880300228"
"867","17","3","truemodel_G3_rho1","ECR","standard","bridge","estim","-1.24309673256884"
"868","18","3","truemodel_G3_rho1","ECR","standard","bridge","estim","-1.21570260418552"
"869","19","3","truemodel_G3_rho1","ECR","standard","bridge","estim","-1.29223646007458"
"870","20","3","truemodel_G3_rho1","ECR","standard","bridge","estim","-0.614975680706351"
"871","21","3","truemodel_G3_rho1","ECR","standard","bridge","estim","-1.09939186211853"
"872","22","3","truemodel_G3_rho1","ECR","standard","bridge","estim","-1.33415422774102"
"873","23","3","truemodel_G3_rho1","ECR","standard","bridge","estim","-1.00843217118582"
"874","24","3","truemodel_G3_rho1","ECR","standard","bridge","estim","-1.12314970744032"
"875","25","3","truemodel_G3_rho1","ECR","standard","bridge","estim","-1.27099527741639"
"876","26","3","truemodel_G3_rho1","ECR","standard","bridge","estim","-1.15867307993487"
"877","27","3","truemodel_G3_rho1","ECR","standard","bridge","estim","-1.14159066015752"
"878","28","3","truemodel_G3_rho1","ECR","standard","bridge","estim","-1.24244679701507"
"879","29","3","truemodel_G3_rho1","ECR","standard","bridge","estim","-1.24244497435881"
"880","30","3","truemodel_G3_rho1","ECR","standard","bridge","estim","-1.07435809486038"
"881","31","3","truemodel_G3_rho1","ECR","standard","bridge","estim","-1.09963308551545"
"882","32","3","truemodel_G3_rho1","ECR","standard","bridge","estim","-1.04973537404221"
"883","33","3","truemodel_G3_rho1","ECR","standard","bridge","estim","-1.1234007545398"
"884","34","3","truemodel_G3_rho1","ECR","standard","bridge","estim","-1.29444155411802"
"885","35","3","truemodel_G3_rho1","ECR","standard","bridge","estim","-0.994592316691275"
"886","36","3","truemodel_G3_rho1","ECR","standard","bridge","estim","-1.22112780624517"
"887","37","3","truemodel_G3_rho1","ECR","standard","bridge","estim","-0.994310886282832"
"888","38","3","truemodel_G3_rho1","ECR","standard","bridge","estim","-1.28976658258951"
"889","39","3","truemodel_G3_rho1","ECR","standard","bridge","estim","-0.868611459587068"
"890","40","3","truemodel_G3_rho1","ECR","standard","bridge","estim","-1.23331198044012"
"891","41","3","truemodel_G3_rho1","ECR","standard","bridge","estim","-0.663297999252013"
"892","42","3","truemodel_G3_rho1","ECR","standard","bridge","estim","-1.24566392845428"
"893","43","3","truemodel_G3_rho1","ECR","standard","bridge","estim","-1.1755469141538"
"894","44","3","truemodel_G3_rho1","ECR","standard","bridge","estim","-1.34288391937261"
"895","45","3","truemodel_G3_rho1","ECR","standard","bridge","estim","-1.23773851131372"
"896","46","3","truemodel_G3_rho1","ECR","standard","bridge","estim","-1.17041506143434"
"897","47","3","truemodel_G3_rho1","ECR","standard","bridge","estim","-1.24545301624191"
"898","48","3","truemodel_G3_rho1","ECR","standard","bridge","estim","-1.28986882789413"
"899","49","3","truemodel_G3_rho1","ECR","standard","bridge","estim","-1.25933559024604"
"900","50","3","truemodel_G3_rho1","ECR","standard","bridge","estim","-1.06990128316203"
"901","1","3","truemodel_G3_rho0","ECR","standard","simple","estim","-0.0655887229884797"
"902","2","3","truemodel_G3_rho0","ECR","standard","simple","estim","-0.00843059391191048"
"903","3","3","truemodel_G3_rho0","ECR","standard","simple","estim","-0.00805732878790621"
"904","4","3","truemodel_G3_rho0","ECR","standard","simple","estim","-0.0235808050798596"
"905","5","3","truemodel_G3_rho0","ECR","standard","simple","estim","-0.000157177582138956"
"906","6","3","truemodel_G3_rho0","ECR","standard","simple","estim","0.00781052027656415"
"907","7","3","truemodel_G3_rho0","ECR","standard","simple","estim","-0.0629224050305837"
"908","8","3","truemodel_G3_rho0","ECR","standard","simple","estim","0.0067376909832717"
"909","9","3","truemodel_G3_rho0","ECR","standard","simple","estim","-0.0297605769635396"
"910","10","3","truemodel_G3_rho0","ECR","standard","simple","estim","0.00126753681831815"
"911","11","3","truemodel_G3_rho0","ECR","standard","simple","estim","-0.000269071444215285"
"912","12","3","truemodel_G3_rho0","ECR","standard","simple","estim","0.000371102503748943"
"913","13","3","truemodel_G3_rho0","ECR","standard","simple","estim","-0.00970408466881878"
"914","14","3","truemodel_G3_rho0","ECR","standard","simple","estim","-0.0416005515047218"
"915","15","3","truemodel_G3_rho0","ECR","standard","simple","estim","-0.0198177255759333"
"916","16","3","truemodel_G3_rho0","ECR","standard","simple","estim","-0.0421210811014205"
"917","17","3","truemodel_G3_rho0","ECR","standard","simple","estim","-0.00973382001630796"
"918","18","3","truemodel_G3_rho0","ECR","standard","simple","estim","0.00302137322395168"
"919","19","3","truemodel_G3_rho0","ECR","standard","simple","estim","-0.00136766938805977"
"920","20","3","truemodel_G3_rho0","ECR","standard","simple","estim","-0.0503357102534707"
"921","21","3","truemodel_G3_rho0","ECR","standard","simple","estim","-0.055695624265482"
"922","22","3","truemodel_G3_rho0","ECR","standard","simple","estim","-0.0210394586416172"
"923","23","3","truemodel_G3_rho0","ECR","standard","simple","estim","-0.0718337032332172"
"924","24","3","truemodel_G3_rho0","ECR","standard","simple","estim","-0.109483616988157"
"925","25","3","truemodel_G3_rho0","ECR","standard","simple","estim","6.16747323434197e-05"
"926","26","3","truemodel_G3_rho0","ECR","standard","simple","estim","-0.0439775297262415"
"927","27","3","truemodel_G3_rho0","ECR","standard","simple","estim","-0.0631559983916006"
"928","28","3","truemodel_G3_rho0","ECR","standard","simple","estim","0.00462956858997643"
"929","29","3","truemodel_G3_rho0","ECR","standard","simple","estim","0.00396609414861615"
"930","30","3","truemodel_G3_rho0","ECR","standard","simple","estim","-0.0199259068851703"
"931","31","3","truemodel_G3_rho0","ECR","standard","simple","estim","-0.0113170704171353"
"932","32","3","truemodel_G3_rho0","ECR","standard","simple","estim","-0.0322194049616229"
"933","33","3","truemodel_G3_rho0","ECR","standard","simple","estim","-0.0430522192527292"
"934","34","3","truemodel_G3_rho0","ECR","standard","simple","estim","0.019326296282216"
"935","35","3","truemodel_G3_rho0","ECR","standard","simple","estim","-0.0435742693267542"
"936","36","3","truemodel_G3_rho0","ECR","standard","simple","estim","-0.00781168815158395"
"937","37","3","truemodel_G3_rho0","ECR","standard","simple","estim","-0.025056760294845"
"938","38","3","truemodel_G3_rho0","ECR","standard","simple","estim","-0.0169416718847515"
"939","39","3","truemodel_G3_rho0","ECR","standard","simple","estim","-0.034592166687716"
"940","40","3","truemodel_G3_rho0","ECR","standard","simple","estim","-0.032035733532858"
"941","41","3","truemodel_G3_rho0","ECR","standard","simple","estim","-0.0140118892102166"
"942","42","3","truemodel_G3_rho0","ECR","standard","simple","estim","-0.0838870829899818"
"943","43","3","truemodel_G3_rho0","ECR","standard","simple","estim","-0.00853328144651755"
"944","44","3","truemodel_G3_rho0","ECR","standard","simple","estim","-0.0159260492405693"
"945","45","3","truemodel_G3_rho0","ECR","standard","simple","estim","-0.0183140076100301"
"946","46","3","truemodel_G3_rho0","ECR","standard","simple","estim","-0.00905872034402933"
"947","47","3","truemodel_G3_rho0","ECR","standard","simple","estim","-0.00733387166755506"
"948","48","3","truemodel_G3_rho0","ECR","standard","simple","estim","-0.0352800882538773"
"949","49","3","truemodel_G3_rho0","ECR","standard","simple","estim","-0.00776016681572855"
"950","50","3","truemodel_G3_rho0","ECR","standard","simple","estim","-0.0049345366063207"
"951","1","3","truemodel_G3_rho.5","ECR","standard","simple","estim","-0.0347402335742615"
"952","2","3","truemodel_G3_rho.5","ECR","standard","simple","estim","-0.0346113480155168"
"953","3","3","truemodel_G3_rho.5","ECR","standard","simple","estim","-0.102343816686258"
"954","4","3","truemodel_G3_rho.5","ECR","standard","simple","estim","0.0406901007589724"
"955","5","3","truemodel_G3_rho.5","ECR","standard","simple","estim","-0.0287031605934587"
"956","6","3","truemodel_G3_rho.5","ECR","standard","simple","estim","-0.0695256629467664"
"957","7","3","truemodel_G3_rho.5","ECR","standard","simple","estim","0.00852800670723042"
"958","8","3","truemodel_G3_rho.5","ECR","standard","simple","estim","-0.0400082775617108"
"959","9","3","truemodel_G3_rho.5","ECR","standard","simple","estim","-0.0640611006546408"
"960","10","3","truemodel_G3_rho.5","ECR","standard","simple","estim","0.0265529563719795"
"961","11","3","truemodel_G3_rho.5","ECR","standard","simple","estim","-0.0291184262463773"
"962","12","3","truemodel_G3_rho.5","ECR","standard","simple","estim","-0.0183961362266558"
"963","13","3","truemodel_G3_rho.5","ECR","standard","simple","estim","-0.0985551550486505"
"964","14","3","truemodel_G3_rho.5","ECR","standard","simple","estim","0.00461784917290942"
"965","15","3","truemodel_G3_rho.5","ECR","standard","simple","estim","-0.0792665749178454"
"966","16","3","truemodel_G3_rho.5","ECR","standard","simple","estim","-0.0500605277937609"
"967","17","3","truemodel_G3_rho.5","ECR","standard","simple","estim","0.0260371860379465"
"968","18","3","truemodel_G3_rho.5","ECR","standard","simple","estim","-0.0228704034968388"
"969","19","3","truemodel_G3_rho.5","ECR","standard","simple","estim","-0.0165069757596612"
"970","20","3","truemodel_G3_rho.5","ECR","standard","simple","estim","-0.0353777148181607"
"971","21","3","truemodel_G3_rho.5","ECR","standard","simple","estim","-0.0224662460545701"
"972","22","3","truemodel_G3_rho.5","ECR","standard","simple","estim","-0.0284465927116599"
"973","23","3","truemodel_G3_rho.5","ECR","standard","simple","estim","-0.0229139480891725"
"974","24","3","truemodel_G3_rho.5","ECR","standard","simple","estim","-0.0521424747790391"
"975","25","3","truemodel_G3_rho.5","ECR","standard","simple","estim","-0.0513812980198551"
"976","26","3","truemodel_G3_rho.5","ECR","standard","simple","estim","-0.0218428237224018"
"977","27","3","truemodel_G3_rho.5","ECR","standard","simple","estim","-0.043104074820782"
"978","28","3","truemodel_G3_rho.5","ECR","standard","simple","estim","-0.00113303049835878"
"979","29","3","truemodel_G3_rho.5","ECR","standard","simple","estim","-0.0645119346213434"
"980","30","3","truemodel_G3_rho.5","ECR","standard","simple","estim","-0.0314865709035814"
"981","31","3","truemodel_G3_rho.5","ECR","standard","simple","estim","-0.0765949293440542"
"982","32","3","truemodel_G3_rho.5","ECR","standard","simple","estim","-0.0439127821683982"
"983","33","3","truemodel_G3_rho.5","ECR","standard","simple","estim","-0.0336557253696625"
"984","34","3","truemodel_G3_rho.5","ECR","standard","simple","estim","-0.0117513759712011"
"985","35","3","truemodel_G3_rho.5","ECR","standard","simple","estim","-0.0400871768629898"
"986","36","3","truemodel_G3_rho.5","ECR","standard","simple","estim","-0.0321297210986486"
"987","37","3","truemodel_G3_rho.5","ECR","standard","simple","estim","0.000229822821793846"
"988","38","3","truemodel_G3_rho.5","ECR","standard","simple","estim","0.00697871903867764"
"989","39","3","truemodel_G3_rho.5","ECR","standard","simple","estim","-0.0539525926815685"
"990","40","3","truemodel_G3_rho.5","ECR","standard","simple","estim","-0.0321154907880441"
"991","41","3","truemodel_G3_rho.5","ECR","standard","simple","estim","-0.0427520134527484"
"992","42","3","truemodel_G3_rho.5","ECR","standard","simple","estim","0.00433387189082168"
"993","43","3","truemodel_G3_rho.5","ECR","standard","simple","estim","0.030340842229208"
"994","44","3","truemodel_G3_rho.5","ECR","standard","simple","estim","-0.0232531194906898"
"995","45","3","truemodel_G3_rho.5","ECR","standard","simple","estim","-0.0195428842082137"
"996","46","3","truemodel_G3_rho.5","ECR","standard","simple","estim","-0.0541696693187745"
"997","47","3","truemodel_G3_rho.5","ECR","standard","simple","estim","-0.0238406918562575"
"998","48","3","truemodel_G3_rho.5","ECR","standard","simple","estim","-0.0431069725791744"
"999","49","3","truemodel_G3_rho.5","ECR","standard","simple","estim","-0.0400142693399914"
"1000","50","3","truemodel_G3_rho.5","ECR","standard","simple","estim","-0.0827735879301414"
"1001","1","3","truemodel_G3_rho1","ECR","standard","simple","estim","-0.0420056933364421"
"1002","2","3","truemodel_G3_rho1","ECR","standard","simple","estim","-0.0407428475294438"
"1003","3","3","truemodel_G3_rho1","ECR","standard","simple","estim","0.000113050431394868"
"1004","4","3","truemodel_G3_rho1","ECR","standard","simple","estim","-0.0454941226632286"
"1005","5","3","truemodel_G3_rho1","ECR","standard","simple","estim","-0.0486520422787322"
"1006","6","3","truemodel_G3_rho1","ECR","standard","simple","estim","-0.0262424695486629"
"1007","7","3","truemodel_G3_rho1","ECR","standard","simple","estim","-0.0102475440531968"
"1008","8","3","truemodel_G3_rho1","ECR","standard","simple","estim","-0.0137707159645473"
"1009","9","3","truemodel_G3_rho1","ECR","standard","simple","estim","-0.0618627442090727"
"1010","10","3","truemodel_G3_rho1","ECR","standard","simple","estim","-0.0326486285839422"
"1011","11","3","truemodel_G3_rho1","ECR","standard","simple","estim","-0.0183389188520913"
"1012","12","3","truemodel_G3_rho1","ECR","standard","simple","estim","-0.0331585906206158"
"1013","13","3","truemodel_G3_rho1","ECR","standard","simple","estim","0.00898951209637389"
"1014","14","3","truemodel_G3_rho1","ECR","standard","simple","estim","-0.0569196862215122"
"1015","15","3","truemodel_G3_rho1","ECR","standard","simple","estim","-0.00125279231139785"
"1016","16","3","truemodel_G3_rho1","ECR","standard","simple","estim","-0.0519128449463224"
"1017","17","3","truemodel_G3_rho1","ECR","standard","simple","estim","0.0278045704506056"
"1018","18","3","truemodel_G3_rho1","ECR","standard","simple","estim","-0.0202893457649189"
"1019","19","3","truemodel_G3_rho1","ECR","standard","simple","estim","-0.0147439023411664"
"1020","20","3","truemodel_G3_rho1","ECR","standard","simple","estim","-0.0153112343239457"
"1021","21","3","truemodel_G3_rho1","ECR","standard","simple","estim","-0.0962590304102946"
"1022","22","3","truemodel_G3_rho1","ECR","standard","simple","estim","-0.017173704941861"
"1023","23","3","truemodel_G3_rho1","ECR","standard","simple","estim","-0.00675762154717674"
"1024","24","3","truemodel_G3_rho1","ECR","standard","simple","estim","0.0146185124249101"
"1025","25","3","truemodel_G3_rho1","ECR","standard","simple","estim","-0.0325648664927556"
"1026","26","3","truemodel_G3_rho1","ECR","standard","simple","estim","0.00341521460239846"
"1027","27","3","truemodel_G3_rho1","ECR","standard","simple","estim","-0.0525894907958246"
"1028","28","3","truemodel_G3_rho1","ECR","standard","simple","estim","0.00236172301699611"
"1029","29","3","truemodel_G3_rho1","ECR","standard","simple","estim","-0.0207999284651059"
"1030","30","3","truemodel_G3_rho1","ECR","standard","simple","estim","-6.67740401283368e-05"
"1031","31","3","truemodel_G3_rho1","ECR","standard","simple","estim","-0.0249951416394936"
"1032","32","3","truemodel_G3_rho1","ECR","standard","simple","estim","-0.00411582328506199"
"1033","33","3","truemodel_G3_rho1","ECR","standard","simple","estim","-0.00959943823747622"
"1034","34","3","truemodel_G3_rho1","ECR","standard","simple","estim","-0.0551900696395506"
"1035","35","3","truemodel_G3_rho1","ECR","standard","simple","estim","-0.0211589500369946"
"1036","36","3","truemodel_G3_rho1","ECR","standard","simple","estim","-0.0165650087509448"
"1037","37","3","truemodel_G3_rho1","ECR","standard","simple","estim","-0.0677820463373493"
"1038","38","3","truemodel_G3_rho1","ECR","standard","simple","estim","-0.0353581112103711"
"1039","39","3","truemodel_G3_rho1","ECR","standard","simple","estim","0.00510182338761567"
"1040","40","3","truemodel_G3_rho1","ECR","standard","simple","estim","0.0506336777424181"
"1041","41","3","truemodel_G3_rho1","ECR","standard","simple","estim","0.0443331213273552"
"1042","42","3","truemodel_G3_rho1","ECR","standard","simple","estim","-0.0261923564778925"
"1043","43","3","truemodel_G3_rho1","ECR","standard","simple","estim","-0.0369387012641909"
"1044","44","3","truemodel_G3_rho1","ECR","standard","simple","estim","-0.00186979248134378"
"1045","45","3","truemodel_G3_rho1","ECR","standard","simple","estim","0.00555799759281683"
"1046","46","3","truemodel_G3_rho1","ECR","standard","simple","estim","-0.00782855524018089"
"1047","47","3","truemodel_G3_rho1","ECR","standard","simple","estim","-0.0300346102959779"
"1048","48","3","truemodel_G3_rho1","ECR","standard","simple","estim","-0.0354996676685957"
"1049","49","3","truemodel_G3_rho1","ECR","standard","simple","estim","-0.0320266827968183"
"1050","50","3","truemodel_G3_rho1","ECR","standard","simple","estim","-0.0123440114039575"
"1051","1","3","truemodel_G3_rho0","ECR","standard","standard","estim","-1.24245703513278"
"1052","2","3","truemodel_G3_rho0","ECR","standard","standard","estim","-1.10704288258002"
"1053","3","3","truemodel_G3_rho0","ECR","standard","standard","estim","-1.39076585939553"
"1054","4","3","truemodel_G3_rho0","ECR","standard","standard","estim","-1.26324096981903"
"1055","5","3","truemodel_G3_rho0","ECR","standard","standard","estim","-1.14960632025875"
"1056","6","3","truemodel_G3_rho0","ECR","standard","standard","estim","-1.09118935541008"
"1057","7","3","truemodel_G3_rho0","ECR","standard","standard","estim","-1.16153469369869"
"1058","8","3","truemodel_G3_rho0","ECR","standard","standard","estim","-1.09187459768484"
"1059","9","3","truemodel_G3_rho0","ECR","standard","standard","estim","-1.61773353377665"
"1060","10","3","truemodel_G3_rho0","ECR","standard","standard","estim","-1.09734475184979"
"1061","11","3","truemodel_G3_rho0","ECR","standard","standard","estim","-1.09888136011232"
"1062","12","3","truemodel_G3_rho0","ECR","standard","standard","estim","-1.10092460406199"
"1063","13","3","truemodel_G3_rho0","ECR","standard","standard","estim","-1.10831637333693"
"1064","14","3","truemodel_G3_rho0","ECR","standard","standard","estim","-1.14021284017283"
"1065","15","3","truemodel_G3_rho0","ECR","standard","standard","estim","-1.2810036453619"
"1066","16","3","truemodel_G3_rho0","ECR","standard","standard","estim","-1.18570692181954"
"1067","17","3","truemodel_G3_rho0","ECR","standard","standard","estim","-1.10834610868442"
"1068","18","3","truemodel_G3_rho0","ECR","standard","standard","estim","-1.09559091544416"
"1069","19","3","truemodel_G3_rho0","ECR","standard","standard","estim","-1.09997995805617"
"1070","20","3","truemodel_G3_rho0","ECR","standard","standard","estim","-1.14894799892159"
"1071","21","3","truemodel_G3_rho0","ECR","standard","standard","estim","-1.1543079129336"
"1072","22","3","truemodel_G3_rho0","ECR","standard","standard","estim","-1.11965174730972"
"1073","23","3","truemodel_G3_rho0","ECR","standard","standard","estim","-1.17044599190132"
"1074","24","3","truemodel_G3_rho0","ECR","standard","standard","estim","-1.20809590565626"
"1075","25","3","truemodel_G3_rho0","ECR","standard","standard","estim","-1.10373622514852"
"1076","26","3","truemodel_G3_rho0","ECR","standard","standard","estim","-1.14258981839435"
"1077","27","3","truemodel_G3_rho0","ECR","standard","standard","estim","-1.16176828705971"
"1078","28","3","truemodel_G3_rho0","ECR","standard","standard","estim","-1.11351078020645"
"1079","29","3","truemodel_G3_rho0","ECR","standard","standard","estim","-1.15922922555523"
"1080","30","3","truemodel_G3_rho0","ECR","standard","standard","estim","-1.22169584907471"
"1081","31","3","truemodel_G3_rho0","ECR","standard","standard","estim","-1.1274355217227"
"1082","32","3","truemodel_G3_rho0","ECR","standard","standard","estim","-1.13083169362973"
"1083","33","3","truemodel_G3_rho0","ECR","standard","standard","estim","-1.2995676548649"
"1084","34","3","truemodel_G3_rho0","ECR","standard","standard","estim","-1.08574085634186"
"1085","35","3","truemodel_G3_rho0","ECR","standard","standard","estim","-1.14218655799486"
"1086","36","3","truemodel_G3_rho0","ECR","standard","standard","estim","-1.14213352719106"
"1087","37","3","truemodel_G3_rho0","ECR","standard","standard","estim","-1.12366904896296"
"1088","38","3","truemodel_G3_rho0","ECR","standard","standard","estim","-1.11555396055286"
"1089","39","3","truemodel_G3_rho0","ECR","standard","standard","estim","-1.14846475773936"
"1090","40","3","truemodel_G3_rho0","ECR","standard","standard","estim","-1.13064802220097"
"1091","41","3","truemodel_G3_rho0","ECR","standard","standard","estim","-1.11187652881214"
"1092","42","3","truemodel_G3_rho0","ECR","standard","standard","estim","-1.27791545531907"
"1093","43","3","truemodel_G3_rho0","ECR","standard","standard","estim","-1.79687310916496"
"1094","44","3","truemodel_G3_rho0","ECR","standard","standard","estim","-1.12299345594491"
"1095","45","3","truemodel_G3_rho0","ECR","standard","standard","estim","-1.12054972672676"
"1096","46","3","truemodel_G3_rho0","ECR","standard","standard","estim","-1.39975139720825"
"1097","47","3","truemodel_G3_rho0","ECR","standard","standard","estim","-1.10594616033567"
"1098","48","3","truemodel_G3_rho0","ECR","standard","standard","estim","-1.13389237692199"
"1099","49","3","truemodel_G3_rho0","ECR","standard","standard","estim","-1.10637245548384"
"1100","50","3","truemodel_G3_rho0","ECR","standard","standard","estim","-1.11435700456222"
"1101","1","3","truemodel_G3_rho.5","ECR","standard","standard","estim","-1.13840773947064"
"1102","2","3","truemodel_G3_rho.5","ECR","standard","standard","estim","-1.27370256589572"
"1103","3","3","truemodel_G3_rho.5","ECR","standard","standard","estim","-1.20138650396537"
"1104","4","3","truemodel_G3_rho.5","ECR","standard","standard","estim","-1.15294627298059"
"1105","5","3","truemodel_G3_rho.5","ECR","standard","standard","estim","-1.51759504364227"
"1106","6","3","truemodel_G3_rho.5","ECR","standard","standard","estim","-1.16715726507556"
"1107","7","3","truemodel_G3_rho.5","ECR","standard","standard","estim","-1.09008428196088"
"1108","8","3","truemodel_G3_rho.5","ECR","standard","standard","estim","-1.23307073228774"
"1109","9","3","truemodel_G3_rho.5","ECR","standard","standard","estim","-1.16267338932276"
"1110","10","3","truemodel_G3_rho.5","ECR","standard","standard","estim","-1.07205933229613"
"1111","11","3","truemodel_G3_rho.5","ECR","standard","standard","estim","-1.17554232178362"
"1112","12","3","truemodel_G3_rho.5","ECR","standard","standard","estim","-1.26699130316538"
"1113","13","3","truemodel_G3_rho.5","ECR","standard","standard","estim","-1.19716744371676"
"1114","14","3","truemodel_G3_rho.5","ECR","standard","standard","estim","-1.19935370631413"
"1115","15","3","truemodel_G3_rho.5","ECR","standard","standard","estim","-1.18121436166024"
"1116","16","3","truemodel_G3_rho.5","ECR","standard","standard","estim","-1.14867281646187"
"1117","17","3","truemodel_G3_rho.5","ECR","standard","standard","estim","-1.08598357521981"
"1118","18","3","truemodel_G3_rho.5","ECR","standard","standard","estim","-1.12148269216495"
"1119","19","3","truemodel_G3_rho.5","ECR","standard","standard","estim","-1.11696231152679"
"1120","20","3","truemodel_G3_rho.5","ECR","standard","standard","estim","-1.13399000348627"
"1121","21","3","truemodel_G3_rho.5","ECR","standard","standard","estim","-1.18356803598539"
"1122","22","3","truemodel_G3_rho.5","ECR","standard","standard","estim","-1.12705888137977"
"1123","23","3","truemodel_G3_rho.5","ECR","standard","standard","estim","-1.16149007666019"
"1124","24","3","truemodel_G3_rho.5","ECR","standard","standard","estim","-1.15075476344715"
"1125","25","3","truemodel_G3_rho.5","ECR","standard","standard","estim","-1.14999358668797"
"1126","26","3","truemodel_G3_rho.5","ECR","standard","standard","estim","-1.12045511239051"
"1127","27","3","truemodel_G3_rho.5","ECR","standard","standard","estim","-1.14171636348889"
"1128","28","3","truemodel_G3_rho.5","ECR","standard","standard","estim","-1.09974531916647"
"1129","29","3","truemodel_G3_rho.5","ECR","standard","standard","estim","-1.3991660284616"
"1130","30","3","truemodel_G3_rho.5","ECR","standard","standard","estim","-1.13899285347602"
"1131","31","3","truemodel_G3_rho.5","ECR","standard","standard","estim","-1.17806459980665"
"1132","32","3","truemodel_G3_rho.5","ECR","standard","standard","estim","-1.1558379968032"
"1133","33","3","truemodel_G3_rho.5","ECR","standard","standard","estim","-1.15038659061113"
"1134","34","3","truemodel_G3_rho.5","ECR","standard","standard","estim","-1.24220568133512"
"1135","35","3","truemodel_G3_rho.5","ECR","standard","standard","estim","-1.33607269181093"
"1136","36","3","truemodel_G3_rho.5","ECR","standard","standard","estim","-1.13668756451254"
"1137","37","3","truemodel_G3_rho.5","ECR","standard","standard","estim","-1.10355566539289"
"1138","38","3","truemodel_G3_rho.5","ECR","standard","standard","estim","-1.13853243356648"
"1139","39","3","truemodel_G3_rho.5","ECR","standard","standard","estim","-1.15256488134968"
"1140","40","3","truemodel_G3_rho.5","ECR","standard","standard","estim","-1.13072777945616"
"1141","41","3","truemodel_G3_rho.5","ECR","standard","standard","estim","-0.969332808309805"
"1142","42","3","truemodel_G3_rho.5","ECR","standard","standard","estim","-1.09354341320265"
"1143","43","3","truemodel_G3_rho.5","ECR","standard","standard","estim","-1.11401864471535"
"1144","44","3","truemodel_G3_rho.5","ECR","standard","standard","estim","-1.16425920028357"
"1145","45","3","truemodel_G3_rho.5","ECR","standard","standard","estim","-1.12763495323743"
"1146","46","3","truemodel_G3_rho.5","ECR","standard","standard","estim","-1.15278195798688"
"1147","47","3","truemodel_G3_rho.5","ECR","standard","standard","estim","-1.12245298052437"
"1148","48","3","truemodel_G3_rho.5","ECR","standard","standard","estim","-1.18740891021751"
"1149","49","3","truemodel_G3_rho.5","ECR","standard","standard","estim","-1.22904770603766"
"1150","50","3","truemodel_G3_rho.5","ECR","standard","standard","estim","-1.18138587659825"
"1151","1","3","truemodel_G3_rho1","ECR","standard","standard","estim","-1.1618221034605"
"1152","2","3","truemodel_G3_rho1","ECR","standard","standard","estim","-1.43163950563579"
"1153","3","3","truemodel_G3_rho1","ECR","standard","standard","estim","-1.13698307527179"
"1154","4","3","truemodel_G3_rho1","ECR","standard","standard","estim","-1.20613827004649"
"1155","5","3","truemodel_G3_rho1","ECR","standard","standard","estim","-1.40713888515305"
"1156","6","3","truemodel_G3_rho1","ECR","standard","standard","estim","-1.23936521692542"
"1157","7","3","truemodel_G3_rho1","ECR","standard","standard","estim","-1.10885983272131"
"1158","8","3","truemodel_G3_rho1","ECR","standard","standard","estim","-1.3165492872868"
"1159","9","3","truemodel_G3_rho1","ECR","standard","standard","estim","-1.16325233966362"
"1160","10","3","truemodel_G3_rho1","ECR","standard","standard","estim","-1.13126091725205"
"1161","11","3","truemodel_G3_rho1","ECR","standard","standard","estim","-0.928701695589105"
"1162","12","3","truemodel_G3_rho1","ECR","standard","standard","estim","-1.14575221327711"
"1163","13","3","truemodel_G3_rho1","ECR","standard","standard","estim","-0.944904065012583"
"1164","14","3","truemodel_G3_rho1","ECR","standard","standard","estim","-1.46605514295826"
"1165","15","3","truemodel_G3_rho1","ECR","standard","standard","estim","-1.10819392643953"
"1166","16","3","truemodel_G3_rho1","ECR","standard","standard","estim","-1.19785205486246"
"1167","17","3","truemodel_G3_rho1","ECR","standard","standard","estim","-1.26633069095634"
"1168","18","3","truemodel_G3_rho1","ECR","standard","standard","estim","-1.12129864983282"
"1169","19","3","truemodel_G3_rho1","ECR","standard","standard","estim","-1.35284387356776"
"1170","20","3","truemodel_G3_rho1","ECR","standard","standard","estim","-0.636309345811121"
"1171","21","3","truemodel_G3_rho1","ECR","standard","standard","estim","-1.19417208606637"
"1172","22","3","truemodel_G3_rho1","ECR","standard","standard","estim","-1.30317080178715"
"1173","23","3","truemodel_G3_rho1","ECR","standard","standard","estim","-1.07555940500809"
"1174","24","3","truemodel_G3_rho1","ECR","standard","standard","estim","-1.09319907849484"
"1175","25","3","truemodel_G3_rho1","ECR","standard","standard","estim","-1.17067864877079"
"1176","26","3","truemodel_G3_rho1","ECR","standard","standard","estim","-1.24624552040383"
"1177","27","3","truemodel_G3_rho1","ECR","standard","standard","estim","-1.19720050051164"
"1178","28","3","truemodel_G3_rho1","ECR","standard","standard","estim","-1.159932240643"
"1179","29","3","truemodel_G3_rho1","ECR","standard","standard","estim","-1.27016598564513"
"1180","30","3","truemodel_G3_rho1","ECR","standard","standard","estim","-1.09436364553405"
"1181","31","3","truemodel_G3_rho1","ECR","standard","standard","estim","-1.11738756954306"
"1182","32","3","truemodel_G3_rho1","ECR","standard","standard","estim","-1.15115646228323"
"1183","33","3","truemodel_G3_rho1","ECR","standard","standard","estim","-1.13155771335851"
"1184","34","3","truemodel_G3_rho1","ECR","standard","standard","estim","-1.3597233494007"
"1185","35","3","truemodel_G3_rho1","ECR","standard","standard","estim","-1.08863902609151"
"1186","36","3","truemodel_G3_rho1","ECR","standard","standard","estim","-1.11693510174791"
"1187","37","3","truemodel_G3_rho1","ECR","standard","standard","estim","-1.13769620851275"
"1188","38","3","truemodel_G3_rho1","ECR","standard","standard","estim","-1.19634893156631"
"1189","39","3","truemodel_G3_rho1","ECR","standard","standard","estim","-0.942464265105773"
"1190","40","3","truemodel_G3_rho1","ECR","standard","standard","estim","-1.3040892492723"
"1191","41","3","truemodel_G3_rho1","ECR","standard","standard","estim","-0.523369488695867"
"1192","42","3","truemodel_G3_rho1","ECR","standard","standard","estim","-1.17602307311736"
"1193","43","3","truemodel_G3_rho1","ECR","standard","standard","estim","-1.1355509899323"
"1194","44","3","truemodel_G3_rho1","ECR","standard","standard","estim","-1.18350072565602"
"1195","45","3","truemodel_G3_rho1","ECR","standard","standard","estim","-1.11426891868208"
"1196","46","3","truemodel_G3_rho1","ECR","standard","standard","estim","-1.13819715185072"
"1197","47","3","truemodel_G3_rho1","ECR","standard","standard","estim","-1.12864689896409"
"1198","48","3","truemodel_G3_rho1","ECR","standard","standard","estim","-1.24983620125619"
"1199","49","3","truemodel_G3_rho1","ECR","standard","standard","estim","-1.14633274707391"
"1200","50","3","truemodel_G3_rho1","ECR","standard","standard","estim","-1.10271042177056"
"1201","1","3","truemodel_G3_rho0","ECR","standard","mc","lower","-22.689537920696"
"1202","2","3","truemodel_G3_rho0","ECR","standard","mc","lower","-16.3213348027333"
"1203","3","3","truemodel_G3_rho0","ECR","standard","mc","lower","-23.3322105825721"
"1204","4","3","truemodel_G3_rho0","ECR","standard","mc","lower","-20.0716737481794"
"1205","5","3","truemodel_G3_rho0","ECR","standard","mc","lower","-23.7282373442132"
"1206","6","3","truemodel_G3_rho0","ECR","standard","mc","lower","-9.17880356078903"
"1207","7","3","truemodel_G3_rho0","ECR","standard","mc","lower","-17.5487551316591"
"1208","8","3","truemodel_G3_rho0","ECR","standard","mc","lower","-15.2652204285135"
"1209","9","3","truemodel_G3_rho0","ECR","standard","mc","lower","-38.1387443880596"
"1210","10","3","truemodel_G3_rho0","ECR","standard","mc","lower","-42.0422151149755"
"1211","11","3","truemodel_G3_rho0","ECR","standard","mc","lower","-11.3312553163883"
"1212","12","3","truemodel_G3_rho0","ECR","standard","mc","lower","-27.6841006803443"
"1213","13","3","truemodel_G3_rho0","ECR","standard","mc","lower","-16.8964163214652"
"1214","14","3","truemodel_G3_rho0","ECR","standard","mc","lower","-17.0839392127194"
"1215","15","3","truemodel_G3_rho0","ECR","standard","mc","lower","-13.3407896848098"
"1216","16","3","truemodel_G3_rho0","ECR","standard","mc","lower","-24.9069805982676"
"1217","17","3","truemodel_G3_rho0","ECR","standard","mc","lower","-15.3370194228896"
"1218","18","3","truemodel_G3_rho0","ECR","standard","mc","lower","-13.7193376129941"
"1219","19","3","truemodel_G3_rho0","ECR","standard","mc","lower","-22.0705934928047"
"1220","20","3","truemodel_G3_rho0","ECR","standard","mc","lower","-15.128075355597"
"1221","21","3","truemodel_G3_rho0","ECR","standard","mc","lower","-13.7935240700856"
"1222","22","3","truemodel_G3_rho0","ECR","standard","mc","lower","-21.8406552389691"
"1223","23","3","truemodel_G3_rho0","ECR","standard","mc","lower","-6.32881761894751"
"1224","24","3","truemodel_G3_rho0","ECR","standard","mc","lower","-14.0459192078801"
"1225","25","3","truemodel_G3_rho0","ECR","standard","mc","lower","-22.0235558622151"
"1226","26","3","truemodel_G3_rho0","ECR","standard","mc","lower","-20.5927785671553"
"1227","27","3","truemodel_G3_rho0","ECR","standard","mc","lower","-11.2951271623167"
"1228","28","3","truemodel_G3_rho0","ECR","standard","mc","lower","-16.4981887630597"
"1229","29","3","truemodel_G3_rho0","ECR","standard","mc","lower","-21.97675972893"
"1230","30","3","truemodel_G3_rho0","ECR","standard","mc","lower","-14.4315813890562"
"1231","31","3","truemodel_G3_rho0","ECR","standard","mc","lower","-13.7081084702602"
"1232","32","3","truemodel_G3_rho0","ECR","standard","mc","lower","-11.1170020667379"
"1233","33","3","truemodel_G3_rho0","ECR","standard","mc","lower","-12.6476290497468"
"1234","34","3","truemodel_G3_rho0","ECR","standard","mc","lower","-23.7102368540474"
"1235","35","3","truemodel_G3_rho0","ECR","standard","mc","lower","-16.3573410618764"
"1236","36","3","truemodel_G3_rho0","ECR","standard","mc","lower","-21.7382116961769"
"1237","37","3","truemodel_G3_rho0","ECR","standard","mc","lower","-17.9151504990352"
"1238","38","3","truemodel_G3_rho0","ECR","standard","mc","lower","-22.6358007599912"
"1239","39","3","truemodel_G3_rho0","ECR","standard","mc","lower","-14.8501513865566"
"1240","40","3","truemodel_G3_rho0","ECR","standard","mc","lower","-17.6462936521597"
"1241","41","3","truemodel_G3_rho0","ECR","standard","mc","lower","-0.68149117270745"
"1242","42","3","truemodel_G3_rho0","ECR","standard","mc","lower","-18.6585137871123"
"1243","43","3","truemodel_G3_rho0","ECR","standard","mc","lower","-31.6158288855879"
"1244","44","3","truemodel_G3_rho0","ECR","standard","mc","lower","-29.6651565462103"
"1245","45","3","truemodel_G3_rho0","ECR","standard","mc","lower","-25.9779281824915"
"1246","46","3","truemodel_G3_rho0","ECR","standard","mc","lower","-17.2661634027493"
"1247","47","3","truemodel_G3_rho0","ECR","standard","mc","lower","-17.2262149245029"
"1248","48","3","truemodel_G3_rho0","ECR","standard","mc","lower","-17.3537641572591"
"1249","49","3","truemodel_G3_rho0","ECR","standard","mc","lower","-33.8681372214716"
"1250","50","3","truemodel_G3_rho0","ECR","standard","mc","lower","-19.9282913610358"
"1251","1","3","truemodel_G3_rho.5","ECR","standard","mc","lower","-13.1667167155125"
"1252","2","3","truemodel_G3_rho.5","ECR","standard","mc","lower","-8.21062441411156"
"1253","3","3","truemodel_G3_rho.5","ECR","standard","mc","lower","-11.1587839613748"
"1254","4","3","truemodel_G3_rho.5","ECR","standard","mc","lower","-10.2450555064898"
"1255","5","3","truemodel_G3_rho.5","ECR","standard","mc","lower","-9.95565669784946"
"1256","6","3","truemodel_G3_rho.5","ECR","standard","mc","lower","-4.47093682299509"
"1257","7","3","truemodel_G3_rho.5","ECR","standard","mc","lower","-10.3489519561624"
"1258","8","3","truemodel_G3_rho.5","ECR","standard","mc","lower","-8.44230006198867"
"1259","9","3","truemodel_G3_rho.5","ECR","standard","mc","lower","-21.2646563226466"
"1260","10","3","truemodel_G3_rho.5","ECR","standard","mc","lower","-22.1586901074671"
"1261","11","3","truemodel_G3_rho.5","ECR","standard","mc","lower","-5.11199072589068"
"1262","12","3","truemodel_G3_rho.5","ECR","standard","mc","lower","-14.4591061470436"
"1263","13","3","truemodel_G3_rho.5","ECR","standard","mc","lower","-8.73672656328384"
"1264","14","3","truemodel_G3_rho.5","ECR","standard","mc","lower","-11.4138862886528"
"1265","15","3","truemodel_G3_rho.5","ECR","standard","mc","lower","-4.77788864990102"
"1266","16","3","truemodel_G3_rho.5","ECR","standard","mc","lower","-13.5008875830834"
"1267","17","3","truemodel_G3_rho.5","ECR","standard","mc","lower","-8.64162352745215"
"1268","18","3","truemodel_G3_rho.5","ECR","standard","mc","lower","-7.55575852341714"
"1269","19","3","truemodel_G3_rho.5","ECR","standard","mc","lower","-11.5270492661816"
"1270","20","3","truemodel_G3_rho.5","ECR","standard","mc","lower","-8.15161450316783"
"1271","21","3","truemodel_G3_rho.5","ECR","standard","mc","lower","-7.44766711605557"
"1272","22","3","truemodel_G3_rho.5","ECR","standard","mc","lower","-12.5940424769134"
"1273","23","3","truemodel_G3_rho.5","ECR","standard","mc","lower","-3.16697587319953"
"1274","24","3","truemodel_G3_rho.5","ECR","standard","mc","lower","-7.14037754902616"
"1275","25","3","truemodel_G3_rho.5","ECR","standard","mc","lower","-12.4177152822492"
"1276","26","3","truemodel_G3_rho.5","ECR","standard","mc","lower","-9.8381678001687"
"1277","27","3","truemodel_G3_rho.5","ECR","standard","mc","lower","-5.79174764359314"
"1278","28","3","truemodel_G3_rho.5","ECR","standard","mc","lower","-10.9173703126286"
"1279","29","3","truemodel_G3_rho.5","ECR","standard","mc","lower","-9.20564553720952"
"1280","30","3","truemodel_G3_rho.5","ECR","standard","mc","lower","-7.58957207068217"
"1281","31","3","truemodel_G3_rho.5","ECR","standard","mc","lower","-7.90213865636189"
"1282","32","3","truemodel_G3_rho.5","ECR","standard","mc","lower","-5.58199740709198"
"1283","33","3","truemodel_G3_rho.5","ECR","standard","mc","lower","-7.04393031894158"
"1284","34","3","truemodel_G3_rho.5","ECR","standard","mc","lower","-12.5117548921858"
"1285","35","3","truemodel_G3_rho.5","ECR","standard","mc","lower","-5.48744940579325"
"1286","36","3","truemodel_G3_rho.5","ECR","standard","mc","lower","-11.9387238267889"
"1287","37","3","truemodel_G3_rho.5","ECR","standard","mc","lower","-7.95414015084275"
"1288","38","3","truemodel_G3_rho.5","ECR","standard","mc","lower","-11.5359933161305"
"1289","39","3","truemodel_G3_rho.5","ECR","standard","mc","lower","-6.24388095372426"
"1290","40","3","truemodel_G3_rho.5","ECR","standard","mc","lower","-8.16917606016747"
"1291","41","3","truemodel_G3_rho.5","ECR","standard","mc","lower","-0.700395556325564"
"1292","42","3","truemodel_G3_rho.5","ECR","standard","mc","lower","-10.9648609555402"
"1293","43","3","truemodel_G3_rho.5","ECR","standard","mc","lower","-15.9125954754859"
"1294","44","3","truemodel_G3_rho.5","ECR","standard","mc","lower","-15.7506784057867"
"1295","45","3","truemodel_G3_rho.5","ECR","standard","mc","lower","-13.4094374046886"
"1296","46","3","truemodel_G3_rho.5","ECR","standard","mc","lower","-10.4078252897043"
"1297","47","3","truemodel_G3_rho.5","ECR","standard","mc","lower","-11.4405064468223"
"1298","48","3","truemodel_G3_rho.5","ECR","standard","mc","lower","-12.5672381128295"
"1299","49","3","truemodel_G3_rho.5","ECR","standard","mc","lower","-18.0511221600716"
"1300","50","3","truemodel_G3_rho.5","ECR","standard","mc","lower","-8.07844996430924"
"1301","1","3","truemodel_G3_rho1","ECR","standard","mc","lower","-7.019860453516"
"1302","2","3","truemodel_G3_rho1","ECR","standard","mc","lower","-4.89305234522016"
"1303","3","3","truemodel_G3_rho1","ECR","standard","mc","lower","-4.98588131578608"
"1304","4","3","truemodel_G3_rho1","ECR","standard","mc","lower","-5.8356706338738"
"1305","5","3","truemodel_G3_rho1","ECR","standard","mc","lower","-5.4938598367772"
"1306","6","3","truemodel_G3_rho1","ECR","standard","mc","lower","-2.79755160335219"
"1307","7","3","truemodel_G3_rho1","ECR","standard","mc","lower","-3.34524777112391"
"1308","8","3","truemodel_G3_rho1","ECR","standard","mc","lower","-2.64038026328797"
"1309","9","3","truemodel_G3_rho1","ECR","standard","mc","lower","-11.3118582130171"
"1310","10","3","truemodel_G3_rho1","ECR","standard","mc","lower","-9.66293064895789"
"1311","11","3","truemodel_G3_rho1","ECR","standard","mc","lower","-2.61096610711074"
"1312","12","3","truemodel_G3_rho1","ECR","standard","mc","lower","-5.67821005719522"
"1313","13","3","truemodel_G3_rho1","ECR","standard","mc","lower","-3.16554849804237"
"1314","14","3","truemodel_G3_rho1","ECR","standard","mc","lower","-6.57343836878347"
"1315","15","3","truemodel_G3_rho1","ECR","standard","mc","lower","-3.03742816948597"
"1316","16","3","truemodel_G3_rho1","ECR","standard","mc","lower","-7.7992503067307"
"1317","17","3","truemodel_G3_rho1","ECR","standard","mc","lower","-5.17310422572226"
"1318","18","3","truemodel_G3_rho1","ECR","standard","mc","lower","-3.40247377343713"
"1319","19","3","truemodel_G3_rho1","ECR","standard","mc","lower","-4.89160296206169"
"1320","20","3","truemodel_G3_rho1","ECR","standard","mc","lower","-2.83329015515622"
"1321","21","3","truemodel_G3_rho1","ECR","standard","mc","lower","-3.43850567869059"
"1322","22","3","truemodel_G3_rho1","ECR","standard","mc","lower","-4.74757644859313"
"1323","23","3","truemodel_G3_rho1","ECR","standard","mc","lower","-2.47825682396881"
"1324","24","3","truemodel_G3_rho1","ECR","standard","mc","lower","-3.16711490284672"
"1325","25","3","truemodel_G3_rho1","ECR","standard","mc","lower","-5.39265032004099"
"1326","26","3","truemodel_G3_rho1","ECR","standard","mc","lower","-3.29912284068189"
"1327","27","3","truemodel_G3_rho1","ECR","standard","mc","lower","-2.81374975851881"
"1328","28","3","truemodel_G3_rho1","ECR","standard","mc","lower","-6.97981247882916"
"1329","29","3","truemodel_G3_rho1","ECR","standard","mc","lower","-4.75687560790435"
"1330","30","3","truemodel_G3_rho1","ECR","standard","mc","lower","-3.07364212026512"
"1331","31","3","truemodel_G3_rho1","ECR","standard","mc","lower","-3.55430938043371"
"1332","32","3","truemodel_G3_rho1","ECR","standard","mc","lower","-2.82182577096571"
"1333","33","3","truemodel_G3_rho1","ECR","standard","mc","lower","-3.24198766060731"
"1334","34","3","truemodel_G3_rho1","ECR","standard","mc","lower","-5.55739237926534"
"1335","35","3","truemodel_G3_rho1","ECR","standard","mc","lower","-2.58832470121304"
"1336","36","3","truemodel_G3_rho1","ECR","standard","mc","lower","-5.6356164977058"
"1337","37","3","truemodel_G3_rho1","ECR","standard","mc","lower","-3.41749297933627"
"1338","38","3","truemodel_G3_rho1","ECR","standard","mc","lower","-4.31901051858178"
"1339","39","3","truemodel_G3_rho1","ECR","standard","mc","lower","-2.65798658795051"
"1340","40","3","truemodel_G3_rho1","ECR","standard","mc","lower","-3.93968462054708"
"1341","41","3","truemodel_G3_rho1","ECR","standard","mc","lower","-1.42240110159446"
"1342","42","3","truemodel_G3_rho1","ECR","standard","mc","lower","-7.54813653368977"
"1343","43","3","truemodel_G3_rho1","ECR","standard","mc","lower","-9.51863048257167"
"1344","44","3","truemodel_G3_rho1","ECR","standard","mc","lower","-6.41482211040639"
"1345","45","3","truemodel_G3_rho1","ECR","standard","mc","lower","-5.6393511638541"
"1346","46","3","truemodel_G3_rho1","ECR","standard","mc","lower","-4.250017203344"
"1347","47","3","truemodel_G3_rho1","ECR","standard","mc","lower","-5.46368866225585"
"1348","48","3","truemodel_G3_rho1","ECR","standard","mc","lower","-7.10526105610972"
"1349","49","3","truemodel_G3_rho1","ECR","standard","mc","lower","-7.19512803776305"
"1350","50","3","truemodel_G3_rho1","ECR","standard","mc","lower","-3.04938866427801"
"1351","1","3","truemodel_G3_rho0","ECR","standard","bridge","lower","-1.33144130155974"
"1352","2","3","truemodel_G3_rho0","ECR","standard","bridge","lower","-1.11271125129741"
"1353","3","3","truemodel_G3_rho0","ECR","standard","bridge","lower","-1.48486614080701"
"1354","4","3","truemodel_G3_rho0","ECR","standard","bridge","lower","-1.38511139424261"
"1355","5","3","truemodel_G3_rho0","ECR","standard","bridge","lower","-1.32338011156565"
"1356","6","3","truemodel_G3_rho0","ECR","standard","bridge","lower","-1.18182088082129"
"1357","7","3","truemodel_G3_rho0","ECR","standard","bridge","lower","-1.15764007815795"
"1358","8","3","truemodel_G3_rho0","ECR","standard","bridge","lower","-1.13484332584962"
"1359","9","3","truemodel_G3_rho0","ECR","standard","bridge","lower","-1.57827877809914"
"1360","10","3","truemodel_G3_rho0","ECR","standard","bridge","lower","-1.09687332118651"
"1361","11","3","truemodel_G3_rho0","ECR","standard","bridge","lower","-1.19950670305172"
"1362","12","3","truemodel_G3_rho0","ECR","standard","bridge","lower","-1.25625507888203"
"1363","13","3","truemodel_G3_rho0","ECR","standard","bridge","lower","-1.11353012828897"
"1364","14","3","truemodel_G3_rho0","ECR","standard","bridge","lower","-1.20370245466181"
"1365","15","3","truemodel_G3_rho0","ECR","standard","bridge","lower","-1.37893527222227"
"1366","16","3","truemodel_G3_rho0","ECR","standard","bridge","lower","-1.2315781478076"
"1367","17","3","truemodel_G3_rho0","ECR","standard","bridge","lower","-1.21432317945938"
"1368","18","3","truemodel_G3_rho0","ECR","standard","bridge","lower","-1.12617207670511"
"1369","19","3","truemodel_G3_rho0","ECR","standard","bridge","lower","-1.12536767679253"
"1370","20","3","truemodel_G3_rho0","ECR","standard","bridge","lower","-1.11180241855452"
"1371","21","3","truemodel_G3_rho0","ECR","standard","bridge","lower","-1.10702792442655"
"1372","22","3","truemodel_G3_rho0","ECR","standard","bridge","lower","-1.17648697757603"
"1373","23","3","truemodel_G3_rho0","ECR","standard","bridge","lower","-1.11243126444261"
"1374","24","3","truemodel_G3_rho0","ECR","standard","bridge","lower","-1.1323422081486"
"1375","25","3","truemodel_G3_rho0","ECR","standard","bridge","lower","-1.12339368004857"
"1376","26","3","truemodel_G3_rho0","ECR","standard","bridge","lower","-1.15550424264774"
"1377","27","3","truemodel_G3_rho0","ECR","standard","bridge","lower","-1.21032031773494"
"1378","28","3","truemodel_G3_rho0","ECR","standard","bridge","lower","-1.20590635061337"
"1379","29","3","truemodel_G3_rho0","ECR","standard","bridge","lower","-1.33815584440906"
"1380","30","3","truemodel_G3_rho0","ECR","standard","bridge","lower","-1.32264858623327"
"1381","31","3","truemodel_G3_rho0","ECR","standard","bridge","lower","-1.26087425502141"
"1382","32","3","truemodel_G3_rho0","ECR","standard","bridge","lower","-1.16059440343474"
"1383","33","3","truemodel_G3_rho0","ECR","standard","bridge","lower","-1.37437619104156"
"1384","34","3","truemodel_G3_rho0","ECR","standard","bridge","lower","-1.21829343211532"
"1385","35","3","truemodel_G3_rho0","ECR","standard","bridge","lower","-1.24863715597873"
"1386","36","3","truemodel_G3_rho0","ECR","standard","bridge","lower","-1.19761087445757"
"1387","37","3","truemodel_G3_rho0","ECR","standard","bridge","lower","-1.19353934382966"
"1388","38","3","truemodel_G3_rho0","ECR","standard","bridge","lower","-1.21534454602357"
"1389","39","3","truemodel_G3_rho0","ECR","standard","bridge","lower","-1.21464637594497"
"1390","40","3","truemodel_G3_rho0","ECR","standard","bridge","lower","-1.15228833375848"
"1391","41","3","truemodel_G3_rho0","ECR","standard","bridge","lower","-1.10727316304491"
"1392","42","3","truemodel_G3_rho0","ECR","standard","bridge","lower","-1.3108980369832"
"1393","43","3","truemodel_G3_rho0","ECR","standard","bridge","lower","-1.73472859258889"
"1394","44","3","truemodel_G3_rho0","ECR","standard","bridge","lower","-1.17521276615159"
"1395","45","3","truemodel_G3_rho0","ECR","standard","bridge","lower","-1.17316876048353"
"1396","46","3","truemodel_G3_rho0","ECR","standard","bridge","lower","-1.3658446465317"
"1397","47","3","truemodel_G3_rho0","ECR","standard","bridge","lower","-1.1900233356274"
"1398","48","3","truemodel_G3_rho0","ECR","standard","bridge","lower","-1.12903159932728"
"1399","49","3","truemodel_G3_rho0","ECR","standard","bridge","lower","-1.20131781199895"
"1400","50","3","truemodel_G3_rho0","ECR","standard","bridge","lower","-1.24351489007294"
"1401","1","3","truemodel_G3_rho.5","ECR","standard","bridge","lower","-1.24792306300304"
"1402","2","3","truemodel_G3_rho.5","ECR","standard","bridge","lower","-1.35047104151631"
"1403","3","3","truemodel_G3_rho.5","ECR","standard","bridge","lower","-1.20600988782418"
"1404","4","3","truemodel_G3_rho.5","ECR","standard","bridge","lower","-1.28749445045121"
"1405","5","3","truemodel_G3_rho.5","ECR","standard","bridge","lower","-1.50108813065896"
"1406","6","3","truemodel_G3_rho.5","ECR","standard","bridge","lower","-1.13084645640272"
"1407","7","3","truemodel_G3_rho.5","ECR","standard","bridge","lower","-1.12614372507357"
"1408","8","3","truemodel_G3_rho.5","ECR","standard","bridge","lower","-1.35157286257378"
"1409","9","3","truemodel_G3_rho.5","ECR","standard","bridge","lower","-1.16275681299199"
"1410","10","3","truemodel_G3_rho.5","ECR","standard","bridge","lower","-1.0983444700102"
"1411","11","3","truemodel_G3_rho.5","ECR","standard","bridge","lower","-1.23480479767927"
"1412","12","3","truemodel_G3_rho.5","ECR","standard","bridge","lower","-1.38335280801124"
"1413","13","3","truemodel_G3_rho.5","ECR","standard","bridge","lower","-1.17334353889785"
"1414","14","3","truemodel_G3_rho.5","ECR","standard","bridge","lower","-1.32693424222426"
"1415","15","3","truemodel_G3_rho.5","ECR","standard","bridge","lower","-1.15975989126174"
"1416","16","3","truemodel_G3_rho.5","ECR","standard","bridge","lower","-1.12986175176346"
"1417","17","3","truemodel_G3_rho.5","ECR","standard","bridge","lower","-1.11458981330257"
"1418","18","3","truemodel_G3_rho.5","ECR","standard","bridge","lower","-1.12795810612179"
"1419","19","3","truemodel_G3_rho.5","ECR","standard","bridge","lower","-1.30408964596042"
"1420","20","3","truemodel_G3_rho.5","ECR","standard","bridge","lower","-1.16873773415288"
"1421","21","3","truemodel_G3_rho.5","ECR","standard","bridge","lower","-1.33342152728612"
"1422","22","3","truemodel_G3_rho.5","ECR","standard","bridge","lower","-1.27953414818607"
"1423","23","3","truemodel_G3_rho.5","ECR","standard","bridge","lower","-1.19685707160898"
"1424","24","3","truemodel_G3_rho.5","ECR","standard","bridge","lower","-1.22102028179334"
"1425","25","3","truemodel_G3_rho.5","ECR","standard","bridge","lower","-1.16998357131307"
"1426","26","3","truemodel_G3_rho.5","ECR","standard","bridge","lower","-1.13888454327854"
"1427","27","3","truemodel_G3_rho.5","ECR","standard","bridge","lower","-1.13044023256074"
"1428","28","3","truemodel_G3_rho.5","ECR","standard","bridge","lower","-1.19391611664751"
"1429","29","3","truemodel_G3_rho.5","ECR","standard","bridge","lower","-1.43157156526491"
"1430","30","3","truemodel_G3_rho.5","ECR","standard","bridge","lower","-1.28001856545559"
"1431","31","3","truemodel_G3_rho.5","ECR","standard","bridge","lower","-1.24595766835323"
"1432","32","3","truemodel_G3_rho.5","ECR","standard","bridge","lower","-1.24088819607202"
"1433","33","3","truemodel_G3_rho.5","ECR","standard","bridge","lower","-1.28039647140654"
"1434","34","3","truemodel_G3_rho.5","ECR","standard","bridge","lower","-1.32298504777538"
"1435","35","3","truemodel_G3_rho.5","ECR","standard","bridge","lower","-1.32530769424119"
"1436","36","3","truemodel_G3_rho.5","ECR","standard","bridge","lower","-1.20894427202554"
"1437","37","3","truemodel_G3_rho.5","ECR","standard","bridge","lower","-1.16948217600753"
"1438","38","3","truemodel_G3_rho.5","ECR","standard","bridge","lower","-1.30931901802686"
"1439","39","3","truemodel_G3_rho.5","ECR","standard","bridge","lower","-1.17827460725079"
"1440","40","3","truemodel_G3_rho.5","ECR","standard","bridge","lower","-1.14462719640058"
"1441","41","3","truemodel_G3_rho.5","ECR","standard","bridge","lower","-0.787194779964317"
"1442","42","3","truemodel_G3_rho.5","ECR","standard","bridge","lower","-1.14867006372461"
"1443","43","3","truemodel_G3_rho.5","ECR","standard","bridge","lower","-1.19565574726329"
"1444","44","3","truemodel_G3_rho.5","ECR","standard","bridge","lower","-1.25593381310565"
"1445","45","3","truemodel_G3_rho.5","ECR","standard","bridge","lower","-1.22882999082176"
"1446","46","3","truemodel_G3_rho.5","ECR","standard","bridge","lower","-1.1005181770985"
"1447","47","3","truemodel_G3_rho.5","ECR","standard","bridge","lower","-1.12736623379339"
"1448","48","3","truemodel_G3_rho.5","ECR","standard","bridge","lower","-1.25978580320889"
"1449","49","3","truemodel_G3_rho.5","ECR","standard","bridge","lower","-1.36114621373444"
"1450","50","3","truemodel_G3_rho.5","ECR","standard","bridge","lower","-1.17805630376652"
"1451","1","3","truemodel_G3_rho1","ECR","standard","bridge","lower","-1.25014553124446"
"1452","2","3","truemodel_G3_rho1","ECR","standard","bridge","lower","-1.28106273239109"
"1453","3","3","truemodel_G3_rho1","ECR","standard","bridge","lower","-1.20357026239587"
"1454","4","3","truemodel_G3_rho1","ECR","standard","bridge","lower","-1.22110585453024"
"1455","5","3","truemodel_G3_rho1","ECR","standard","bridge","lower","-1.26538545933497"
"1456","6","3","truemodel_G3_rho1","ECR","standard","bridge","lower","-1.09019947700043"
"1457","7","3","truemodel_G3_rho1","ECR","standard","bridge","lower","-1.13500175329551"
"1458","8","3","truemodel_G3_rho1","ECR","standard","bridge","lower","-1.35729251944731"
"1459","9","3","truemodel_G3_rho1","ECR","standard","bridge","lower","-1.22253353770908"
"1460","10","3","truemodel_G3_rho1","ECR","standard","bridge","lower","-1.1151178568061"
"1461","11","3","truemodel_G3_rho1","ECR","standard","bridge","lower","-0.801312264537302"
"1462","12","3","truemodel_G3_rho1","ECR","standard","bridge","lower","-1.19098624029779"
"1463","13","3","truemodel_G3_rho1","ECR","standard","bridge","lower","-0.840777551907482"
"1464","14","3","truemodel_G3_rho1","ECR","standard","bridge","lower","-1.41484456558016"
"1465","15","3","truemodel_G3_rho1","ECR","standard","bridge","lower","-1.07561495087023"
"1466","16","3","truemodel_G3_rho1","ECR","standard","bridge","lower","-1.21660891503398"
"1467","17","3","truemodel_G3_rho1","ECR","standard","bridge","lower","-1.23455732889515"
"1468","18","3","truemodel_G3_rho1","ECR","standard","bridge","lower","-1.20854644216158"
"1469","19","3","truemodel_G3_rho1","ECR","standard","bridge","lower","-1.28319904329948"
"1470","20","3","truemodel_G3_rho1","ECR","standard","bridge","lower","-0.595944485830863"
"1471","21","3","truemodel_G3_rho1","ECR","standard","bridge","lower","-1.09183353511179"
"1472","22","3","truemodel_G3_rho1","ECR","standard","bridge","lower","-1.32566280009365"
"1473","23","3","truemodel_G3_rho1","ECR","standard","bridge","lower","-0.996162430525189"
"1474","24","3","truemodel_G3_rho1","ECR","standard","bridge","lower","-1.11471924696496"
"1475","25","3","truemodel_G3_rho1","ECR","standard","bridge","lower","-1.26383229218258"
"1476","26","3","truemodel_G3_rho1","ECR","standard","bridge","lower","-1.14756243740634"
"1477","27","3","truemodel_G3_rho1","ECR","standard","bridge","lower","-1.13201224079175"
"1478","28","3","truemodel_G3_rho1","ECR","standard","bridge","lower","-1.23558577428029"
"1479","29","3","truemodel_G3_rho1","ECR","standard","bridge","lower","-1.2323874607398"
"1480","30","3","truemodel_G3_rho1","ECR","standard","bridge","lower","-1.06606403959803"
"1481","31","3","truemodel_G3_rho1","ECR","standard","bridge","lower","-1.09101269996955"
"1482","32","3","truemodel_G3_rho1","ECR","standard","bridge","lower","-1.03689863558229"
"1483","33","3","truemodel_G3_rho1","ECR","standard","bridge","lower","-1.11586879891313"
"1484","34","3","truemodel_G3_rho1","ECR","standard","bridge","lower","-1.28501590847991"
"1485","35","3","truemodel_G3_rho1","ECR","standard","bridge","lower","-0.979414658346087"
"1486","36","3","truemodel_G3_rho1","ECR","standard","bridge","lower","-1.2129545124901"
"1487","37","3","truemodel_G3_rho1","ECR","standard","bridge","lower","-0.9824776090772"
"1488","38","3","truemodel_G3_rho1","ECR","standard","bridge","lower","-1.28281792194061"
"1489","39","3","truemodel_G3_rho1","ECR","standard","bridge","lower","-0.851385819546845"
"1490","40","3","truemodel_G3_rho1","ECR","standard","bridge","lower","-1.22338656104493"
"1491","41","3","truemodel_G3_rho1","ECR","standard","bridge","lower","-0.650516232299658"
"1492","42","3","truemodel_G3_rho1","ECR","standard","bridge","lower","-1.2397605232484"
"1493","43","3","truemodel_G3_rho1","ECR","standard","bridge","lower","-1.16975466554026"
"1494","44","3","truemodel_G3_rho1","ECR","standard","bridge","lower","-1.33496389868068"
"1495","45","3","truemodel_G3_rho1","ECR","standard","bridge","lower","-1.22963821383939"
"1496","46","3","truemodel_G3_rho1","ECR","standard","bridge","lower","-1.16158557866452"
"1497","47","3","truemodel_G3_rho1","ECR","standard","bridge","lower","-1.23825656325728"
"1498","48","3","truemodel_G3_rho1","ECR","standard","bridge","lower","-1.28278464949536"
"1499","49","3","truemodel_G3_rho1","ECR","standard","bridge","lower","-1.25237576453283"
"1500","50","3","truemodel_G3_rho1","ECR","standard","bridge","lower","-1.06044930932998"
"1501","1","3","truemodel_G3_rho0","ECR","standard","simple","lower","-0.359348190252376"
"1502","2","3","truemodel_G3_rho0","ECR","standard","simple","lower","-0.376406438589875"
"1503","3","3","truemodel_G3_rho0","ECR","standard","simple","lower","-0.406493496151732"
"1504","4","3","truemodel_G3_rho0","ECR","standard","simple","lower","-0.346212955579453"
"1505","5","3","truemodel_G3_rho0","ECR","standard","simple","lower","-0.268864783843625"
"1506","6","3","truemodel_G3_rho0","ECR","standard","simple","lower","-0.818622675150479"
"1507","7","3","truemodel_G3_rho0","ECR","standard","simple","lower","-0.478809205886272"
"1508","8","3","truemodel_G3_rho0","ECR","standard","simple","lower","-0.260995454914223"
"1509","9","3","truemodel_G3_rho0","ECR","standard","simple","lower","-0.495399272184578"
"1510","10","3","truemodel_G3_rho0","ECR","standard","simple","lower","-0.893978406455453"
"1511","11","3","truemodel_G3_rho0","ECR","standard","simple","lower","-0.582848116437155"
"1512","12","3","truemodel_G3_rho0","ECR","standard","simple","lower","-0.710767204809251"
"1513","13","3","truemodel_G3_rho0","ECR","standard","simple","lower","-0.667487325806938"
"1514","14","3","truemodel_G3_rho0","ECR","standard","simple","lower","-0.265234169958063"
"1515","15","3","truemodel_G3_rho0","ECR","standard","simple","lower","-1.005490083851"
"1516","16","3","truemodel_G3_rho0","ECR","standard","simple","lower","-0.462321536830181"
"1517","17","3","truemodel_G3_rho0","ECR","standard","simple","lower","-0.634361462457456"
"1518","18","3","truemodel_G3_rho0","ECR","standard","simple","lower","-0.543339867602256"
"1519","19","3","truemodel_G3_rho0","ECR","standard","simple","lower","-0.422055314986629"
"1520","20","3","truemodel_G3_rho0","ECR","standard","simple","lower","-0.213716324654783"
"1521","21","3","truemodel_G3_rho0","ECR","standard","simple","lower","-0.365664594487676"
"1522","22","3","truemodel_G3_rho0","ECR","standard","simple","lower","-0.751073704913992"
"1523","23","3","truemodel_G3_rho0","ECR","standard","simple","lower","-0.287569652502967"
"1524","24","3","truemodel_G3_rho0","ECR","standard","simple","lower","-0.698754649359685"
"1525","25","3","truemodel_G3_rho0","ECR","standard","simple","lower","-0.284259973922147"
"1526","26","3","truemodel_G3_rho0","ECR","standard","simple","lower","-0.482797889308749"
"1527","27","3","truemodel_G3_rho0","ECR","standard","simple","lower","-0.865927023578266"
"1528","28","3","truemodel_G3_rho0","ECR","standard","simple","lower","-0.279203984181208"
"1529","29","3","truemodel_G3_rho0","ECR","standard","simple","lower","-0.361638299212572"
"1530","30","3","truemodel_G3_rho0","ECR","standard","simple","lower","-0.82455814531771"
"1531","31","3","truemodel_G3_rho0","ECR","standard","simple","lower","-0.715975775951293"
"1532","32","3","truemodel_G3_rho0","ECR","standard","simple","lower","-0.233446489994833"
"1533","33","3","truemodel_G3_rho0","ECR","standard","simple","lower","-0.543814052050344"
"1534","34","3","truemodel_G3_rho0","ECR","standard","simple","lower","-0.304980684237037"
"1535","35","3","truemodel_G3_rho0","ECR","standard","simple","lower","-0.33359114656183"
"1536","36","3","truemodel_G3_rho0","ECR","standard","simple","lower","-0.184636118916785"
"1537","37","3","truemodel_G3_rho0","ECR","standard","simple","lower","-0.287054512115297"
"1538","38","3","truemodel_G3_rho0","ECR","standard","simple","lower","-0.371322825902396"
"1539","39","3","truemodel_G3_rho0","ECR","standard","simple","lower","-0.338274540745104"
"1540","40","3","truemodel_G3_rho0","ECR","standard","simple","lower","-0.883398178400945"
"1541","41","3","truemodel_G3_rho0","ECR","standard","simple","lower","-0.388343264596337"
"1542","42","3","truemodel_G3_rho0","ECR","standard","simple","lower","-0.382246447436323"
"1543","43","3","truemodel_G3_rho0","ECR","standard","simple","lower","-0.256068319882466"
"1544","44","3","truemodel_G3_rho0","ECR","standard","simple","lower","-0.385114368688974"
"1545","45","3","truemodel_G3_rho0","ECR","standard","simple","lower","-0.277583413312634"
"1546","46","3","truemodel_G3_rho0","ECR","standard","simple","lower","-0.689219713734381"
"1547","47","3","truemodel_G3_rho0","ECR","standard","simple","lower","-0.228714722045851"
"1548","48","3","truemodel_G3_rho0","ECR","standard","simple","lower","-0.313039617417999"
"1549","49","3","truemodel_G3_rho0","ECR","standard","simple","lower","-0.221263718936783"
"1550","50","3","truemodel_G3_rho0","ECR","standard","simple","lower","-0.446630493807767"
"1551","1","3","truemodel_G3_rho.5","ECR","standard","simple","lower","-0.513390622736878"
"1552","2","3","truemodel_G3_rho.5","ECR","standard","simple","lower","-0.456011328689421"
"1553","3","3","truemodel_G3_rho.5","ECR","standard","simple","lower","-1.03403902143474"
"1554","4","3","truemodel_G3_rho.5","ECR","standard","simple","lower","-0.258110478857617"
"1555","5","3","truemodel_G3_rho.5","ECR","standard","simple","lower","-0.358874176796299"
"1556","6","3","truemodel_G3_rho.5","ECR","standard","simple","lower","-0.303204420094218"
"1557","7","3","truemodel_G3_rho.5","ECR","standard","simple","lower","-0.26237344824181"
"1558","8","3","truemodel_G3_rho.5","ECR","standard","simple","lower","-0.499810511081726"
"1559","9","3","truemodel_G3_rho.5","ECR","standard","simple","lower","-0.341802595251295"
"1560","10","3","truemodel_G3_rho.5","ECR","standard","simple","lower","-0.342119927189906"
"1561","11","3","truemodel_G3_rho.5","ECR","standard","simple","lower","-0.196199767299397"
"1562","12","3","truemodel_G3_rho.5","ECR","standard","simple","lower","-0.688006054131357"
"1563","13","3","truemodel_G3_rho.5","ECR","standard","simple","lower","-0.723811179305194"
"1564","14","3","truemodel_G3_rho.5","ECR","standard","simple","lower","-0.232992557740175"
"1565","15","3","truemodel_G3_rho.5","ECR","standard","simple","lower","-0.436286080693819"
"1566","16","3","truemodel_G3_rho.5","ECR","standard","simple","lower","-0.237700339855635"
"1567","17","3","truemodel_G3_rho.5","ECR","standard","simple","lower","-0.296889248978026"
"1568","18","3","truemodel_G3_rho.5","ECR","standard","simple","lower","-0.965503458308191"
"1569","19","3","truemodel_G3_rho.5","ECR","standard","simple","lower","-0.425668084457087"
"1570","20","3","truemodel_G3_rho.5","ECR","standard","simple","lower","-0.257382913396242"
"1571","21","3","truemodel_G3_rho.5","ECR","standard","simple","lower","-1.17262268788699"
"1572","22","3","truemodel_G3_rho.5","ECR","standard","simple","lower","-0.334755919626865"
"1573","23","3","truemodel_G3_rho.5","ECR","standard","simple","lower","-0.340386241685177"
"1574","24","3","truemodel_G3_rho.5","ECR","standard","simple","lower","-0.701379147237631"
"1575","25","3","truemodel_G3_rho.5","ECR","standard","simple","lower","-0.451640094276975"
"1576","26","3","truemodel_G3_rho.5","ECR","standard","simple","lower","-0.314900426160662"
"1577","27","3","truemodel_G3_rho.5","ECR","standard","simple","lower","-0.336751693447155"
"1578","28","3","truemodel_G3_rho.5","ECR","standard","simple","lower","-0.335177407538922"
"1579","29","3","truemodel_G3_rho.5","ECR","standard","simple","lower","-0.233260964804984"
"1580","30","3","truemodel_G3_rho.5","ECR","standard","simple","lower","-0.54641243413765"
"1581","31","3","truemodel_G3_rho.5","ECR","standard","simple","lower","-0.286672592908907"
"1582","32","3","truemodel_G3_rho.5","ECR","standard","simple","lower","-0.372170233843761"
"1583","33","3","truemodel_G3_rho.5","ECR","standard","simple","lower","-0.759675008936568"
"1584","34","3","truemodel_G3_rho.5","ECR","standard","simple","lower","-0.528457851391998"
"1585","35","3","truemodel_G3_rho.5","ECR","standard","simple","lower","-1.08637113200111"
"1586","36","3","truemodel_G3_rho.5","ECR","standard","simple","lower","-0.33500703900765"
"1587","37","3","truemodel_G3_rho.5","ECR","standard","simple","lower","-1.00123275899793"
"1588","38","3","truemodel_G3_rho.5","ECR","standard","simple","lower","-0.191789265657597"
"1589","39","3","truemodel_G3_rho.5","ECR","standard","simple","lower","-0.575401634058451"
"1590","40","3","truemodel_G3_rho.5","ECR","standard","simple","lower","-0.602224236773729"
"1591","41","3","truemodel_G3_rho.5","ECR","standard","simple","lower","-0.952322889387212"
"1592","42","3","truemodel_G3_rho.5","ECR","standard","simple","lower","-0.202294294770915"
"1593","43","3","truemodel_G3_rho.5","ECR","standard","simple","lower","-0.176358268151311"
"1594","44","3","truemodel_G3_rho.5","ECR","standard","simple","lower","-0.569160011383254"
"1595","45","3","truemodel_G3_rho.5","ECR","standard","simple","lower","-0.354828120231907"
"1596","46","3","truemodel_G3_rho.5","ECR","standard","simple","lower","-0.207676467564788"
"1597","47","3","truemodel_G3_rho.5","ECR","standard","simple","lower","-0.657854259673741"
"1598","48","3","truemodel_G3_rho.5","ECR","standard","simple","lower","-0.256256534261915"
"1599","49","3","truemodel_G3_rho.5","ECR","standard","simple","lower","-0.60574195553572"
"1600","50","3","truemodel_G3_rho.5","ECR","standard","simple","lower","-0.426940273995783"
"1601","1","3","truemodel_G3_rho1","ECR","standard","simple","lower","-0.482685380200721"
"1602","2","3","truemodel_G3_rho1","ECR","standard","simple","lower","-0.369643019642233"
"1603","3","3","truemodel_G3_rho1","ECR","standard","simple","lower","-0.180679241762782"
"1604","4","3","truemodel_G3_rho1","ECR","standard","simple","lower","-0.308878710415833"
"1605","5","3","truemodel_G3_rho1","ECR","standard","simple","lower","-0.30188602679879"
"1606","6","3","truemodel_G3_rho1","ECR","standard","simple","lower","-0.317785256840999"
"1607","7","3","truemodel_G3_rho1","ECR","standard","simple","lower","-0.647980193383106"
"1608","8","3","truemodel_G3_rho1","ECR","standard","simple","lower","-0.353199862231833"
"1609","9","3","truemodel_G3_rho1","ECR","standard","simple","lower","-1.05642421851343"
"1610","10","3","truemodel_G3_rho1","ECR","standard","simple","lower","-0.563329484209213"
"1611","11","3","truemodel_G3_rho1","ECR","standard","simple","lower","-0.253701285496025"
"1612","12","3","truemodel_G3_rho1","ECR","standard","simple","lower","-0.163616976143921"
"1613","13","3","truemodel_G3_rho1","ECR","standard","simple","lower","-0.886904859305961"
"1614","14","3","truemodel_G3_rho1","ECR","standard","simple","lower","-0.249210248902266"
"1615","15","3","truemodel_G3_rho1","ECR","standard","simple","lower","-0.556648662532453"
"1616","16","3","truemodel_G3_rho1","ECR","standard","simple","lower","-0.396714786348994"
"1617","17","3","truemodel_G3_rho1","ECR","standard","simple","lower","-0.308909811281026"
"1618","18","3","truemodel_G3_rho1","ECR","standard","simple","lower","-0.263861898937829"
"1619","19","3","truemodel_G3_rho1","ECR","standard","simple","lower","-0.477734927648065"
"1620","20","3","truemodel_G3_rho1","ECR","standard","simple","lower","-0.6417167864089"
"1621","21","3","truemodel_G3_rho1","ECR","standard","simple","lower","-0.897879767101834"
"1622","22","3","truemodel_G3_rho1","ECR","standard","simple","lower","-0.264921932691252"
"1623","23","3","truemodel_G3_rho1","ECR","standard","simple","lower","-1.03153689888972"
"1624","24","3","truemodel_G3_rho1","ECR","standard","simple","lower","-0.533659153489765"
"1625","25","3","truemodel_G3_rho1","ECR","standard","simple","lower","-0.397648289142481"
"1626","26","3","truemodel_G3_rho1","ECR","standard","simple","lower","-0.287576386225211"
"1627","27","3","truemodel_G3_rho1","ECR","standard","simple","lower","-0.193722311755806"
"1628","28","3","truemodel_G3_rho1","ECR","standard","simple","lower","-0.685511273647528"
"1629","29","3","truemodel_G3_rho1","ECR","standard","simple","lower","-0.167489046532346"
"1630","30","3","truemodel_G3_rho1","ECR","standard","simple","lower","-0.26182841475508"
"1631","31","3","truemodel_G3_rho1","ECR","standard","simple","lower","-0.538985645430714"
"1632","32","3","truemodel_G3_rho1","ECR","standard","simple","lower","-0.252516575763572"
"1633","33","3","truemodel_G3_rho1","ECR","standard","simple","lower","-0.725811576199039"
"1634","34","3","truemodel_G3_rho1","ECR","standard","simple","lower","-0.280424855391743"
"1635","35","3","truemodel_G3_rho1","ECR","standard","simple","lower","-0.266502367309396"
"1636","36","3","truemodel_G3_rho1","ECR","standard","simple","lower","-0.343484441484129"
"1637","37","3","truemodel_G3_rho1","ECR","standard","simple","lower","-1.08026924360544"
"1638","38","3","truemodel_G3_rho1","ECR","standard","simple","lower","-0.665651875020139"
"1639","39","3","truemodel_G3_rho1","ECR","standard","simple","lower","-0.439134832143573"
"1640","40","3","truemodel_G3_rho1","ECR","standard","simple","lower","-0.184257739070674"
"1641","41","3","truemodel_G3_rho1","ECR","standard","simple","lower","-0.293906600145185"
"1642","42","3","truemodel_G3_rho1","ECR","standard","simple","lower","-0.298801095687985"
"1643","43","3","truemodel_G3_rho1","ECR","standard","simple","lower","-0.633072818151909"
"1644","44","3","truemodel_G3_rho1","ECR","standard","simple","lower","-0.284785777973852"
"1645","45","3","truemodel_G3_rho1","ECR","standard","simple","lower","-0.156335443297273"
"1646","46","3","truemodel_G3_rho1","ECR","standard","simple","lower","-0.447902652416076"
"1647","47","3","truemodel_G3_rho1","ECR","standard","simple","lower","-0.503305011423514"
"1648","48","3","truemodel_G3_rho1","ECR","standard","simple","lower","-0.221786588899768"
"1649","49","3","truemodel_G3_rho1","ECR","standard","simple","lower","-0.401657938925851"
"1650","50","3","truemodel_G3_rho1","ECR","standard","simple","lower","-0.270908149812243"
"1651","1","3","truemodel_G3_rho0","ECR","standard","standard","lower","-1.53583100392385"
"1652","2","3","truemodel_G3_rho0","ECR","standard","standard","lower","-1.48206297999941"
"1653","3","3","truemodel_G3_rho0","ECR","standard","standard","lower","-1.78725153052498"
"1654","4","3","truemodel_G3_rho0","ECR","standard","standard","lower","-1.58762454704612"
"1655","5","3","truemodel_G3_rho0","ECR","standard","standard","lower","-1.41993776339435"
"1656","6","3","truemodel_G3_rho0","ECR","standard","standard","lower","-1.92443670257382"
"1657","7","3","truemodel_G3_rho0","ECR","standard","standard","lower","-1.58096659756876"
"1658","8","3","truemodel_G3_rho0","ECR","standard","standard","lower","-1.36341115331519"
"1659","9","3","truemodel_G3_rho0","ECR","standard","standard","lower","-2.08504471041935"
"1660","10","3","truemodel_G3_rho0","ECR","standard","standard","lower","-1.99402832771873"
"1661","11","3","truemodel_G3_rho0","ECR","standard","standard","lower","-1.6846753682162"
"1662","12","3","truemodel_G3_rho0","ECR","standard","standard","lower","-1.81619902577126"
"1663","13","3","truemodel_G3_rho0","ECR","standard","standard","lower","-1.76936649599663"
"1664","14","3","truemodel_G3_rho0","ECR","standard","standard","lower","-1.36628980395237"
"1665","15","3","truemodel_G3_rho0","ECR","standard","standard","lower","-2.25782690725482"
"1666","16","3","truemodel_G3_rho0","ECR","standard","standard","lower","-1.60722579983096"
"1667","17","3","truemodel_G3_rho0","ECR","standard","standard","lower","-1.73617858072732"
"1668","18","3","truemodel_G3_rho0","ECR","standard","standard","lower","-1.64528218107672"
"1669","19","3","truemodel_G3_rho0","ECR","standard","standard","lower","-1.5246820756715"
"1670","20","3","truemodel_G3_rho0","ECR","standard","standard","lower","-1.31564391349823"
"1671","21","3","truemodel_G3_rho0","ECR","standard","standard","lower","-1.46941185597439"
"1672","22","3","truemodel_G3_rho0","ECR","standard","standard","lower","-1.85169622066896"
"1673","23","3","truemodel_G3_rho0","ECR","standard","standard","lower","-1.38924243558206"
"1674","24","3","truemodel_G3_rho0","ECR","standard","standard","lower","-1.80069949622654"
"1675","25","3","truemodel_G3_rho0","ECR","standard","standard","lower","-1.40079943580528"
"1676","26","3","truemodel_G3_rho0","ECR","standard","standard","lower","-1.58397200585424"
"1677","27","3","truemodel_G3_rho0","ECR","standard","standard","lower","-1.96741846742852"
"1678","28","3","truemodel_G3_rho0","ECR","standard","standard","lower","-1.40168298993617"
"1679","29","3","truemodel_G3_rho0","ECR","standard","standard","lower","-1.52990310854946"
"1680","30","3","truemodel_G3_rho0","ECR","standard","standard","lower","-2.01836506115632"
"1681","31","3","truemodel_G3_rho0","ECR","standard","standard","lower","-1.83674559763036"
"1682","32","3","truemodel_G3_rho0","ECR","standard","standard","lower","-1.33665000451678"
"1683","33","3","truemodel_G3_rho0","ECR","standard","standard","lower","-1.7952843288913"
"1684","34","3","truemodel_G3_rho0","ECR","standard","standard","lower","-1.41475942817748"
"1685","35","3","truemodel_G3_rho0","ECR","standard","standard","lower","-1.43517036259436"
"1686","36","3","truemodel_G3_rho0","ECR","standard","standard","lower","-1.32477757777138"
"1687","37","3","truemodel_G3_rho0","ECR","standard","standard","lower","-1.38946263425269"
"1688","38","3","truemodel_G3_rho0","ECR","standard","standard","lower","-1.47703746765548"
"1689","39","3","truemodel_G3_rho0","ECR","standard","standard","lower","-1.4560239336672"
"1690","40","3","truemodel_G3_rho0","ECR","standard","standard","lower","-1.98513705203298"
"1691","41","3","truemodel_G3_rho0","ECR","standard","standard","lower","-1.4913522639402"
"1692","42","3","truemodel_G3_rho0","ECR","standard","standard","lower","-1.57355874720623"
"1693","43","3","truemodel_G3_rho0","ECR","standard","standard","lower","-2.04485861572663"
"1694","44","3","truemodel_G3_rho0","ECR","standard","standard","lower","-1.49908947209514"
"1695","45","3","truemodel_G3_rho0","ECR","standard","standard","lower","-1.38632184255399"
"1696","46","3","truemodel_G3_rho0","ECR","standard","standard","lower","-2.08179654063462"
"1697","47","3","truemodel_G3_rho0","ECR","standard","standard","lower","-1.33320883995525"
"1698","48","3","truemodel_G3_rho0","ECR","standard","standard","lower","-1.41485176550924"
"1699","49","3","truemodel_G3_rho0","ECR","standard","standard","lower","-1.32403135897316"
"1700","50","3","truemodel_G3_rho0","ECR","standard","standard","lower","-1.56145265598249"
"1701","1","3","truemodel_G3_rho.5","ECR","standard","standard","lower","-1.6212516890898"
"1702","2","3","truemodel_G3_rho.5","ECR","standard","standard","lower","-1.68909604429704"
"1703","3","3","truemodel_G3_rho.5","ECR","standard","standard","lower","-2.1358592977674"
"1704","4","3","truemodel_G3_rho.5","ECR","standard","standard","lower","-1.45171457994536"
"1705","5","3","truemodel_G3_rho.5","ECR","standard","standard","lower","-1.84199124597984"
"1706","6","3","truemodel_G3_rho.5","ECR","standard","standard","lower","-1.40365885343621"
"1707","7","3","truemodel_G3_rho.5","ECR","standard","standard","lower","-1.36550884212028"
"1708","8","3","truemodel_G3_rho.5","ECR","standard","standard","lower","-1.69676287884551"
"1709","9","3","truemodel_G3_rho.5","ECR","standard","standard","lower","-1.44733992752483"
"1710","10","3","truemodel_G3_rho.5","ECR","standard","standard","lower","-1.44551067264469"
"1711","11","3","truemodel_G3_rho.5","ECR","standard","standard","lower","-1.34633461836419"
"1712","12","3","truemodel_G3_rho.5","ECR","standard","standard","lower","-1.92780070146812"
"1713","13","3","truemodel_G3_rho.5","ECR","standard","standard","lower","-1.82468113219947"
"1714","14","3","truemodel_G3_rho.5","ECR","standard","standard","lower","-1.43579727560783"
"1715","15","3","truemodel_G3_rho.5","ECR","standard","standard","lower","-1.54463927106909"
"1716","16","3","truemodel_G3_rho.5","ECR","standard","standard","lower","-1.33979964819197"
"1717","17","3","truemodel_G3_rho.5","ECR","standard","standard","lower","-1.41783166111434"
"1718","18","3","truemodel_G3_rho.5","ECR","standard","standard","lower","-2.06572861569583"
"1719","19","3","truemodel_G3_rho.5","ECR","standard","standard","lower","-1.52887325073741"
"1720","20","3","truemodel_G3_rho.5","ECR","standard","standard","lower","-1.36038021096248"
"1721","21","3","truemodel_G3_rho.5","ECR","standard","standard","lower","-2.31890090938747"
"1722","22","3","truemodel_G3_rho.5","ECR","standard","standard","lower","-1.43528799168551"
"1723","23","3","truemodel_G3_rho.5","ECR","standard","standard","lower","-1.48427418407256"
"1724","24","3","truemodel_G3_rho.5","ECR","standard","standard","lower","-1.80225582197212"
"1725","25","3","truemodel_G3_rho.5","ECR","standard","standard","lower","-1.55263941447517"
"1726","26","3","truemodel_G3_rho.5","ECR","standard","standard","lower","-1.41725089998282"
"1727","27","3","truemodel_G3_rho.5","ECR","standard","standard","lower","-1.43897503288152"
"1728","28","3","truemodel_G3_rho.5","ECR","standard","standard","lower","-1.44004589883691"
"1729","29","3","truemodel_G3_rho.5","ECR","standard","standard","lower","-1.56868014728222"
"1730","30","3","truemodel_G3_rho.5","ECR","standard","standard","lower","-1.65677209913653"
"1731","31","3","truemodel_G3_rho.5","ECR","standard","standard","lower","-1.39182579450445"
"1732","32","3","truemodel_G3_rho.5","ECR","standard","standard","lower","-1.48724901617098"
"1733","33","3","truemodel_G3_rho.5","ECR","standard","standard","lower","-1.87923797383613"
"1734","34","3","truemodel_G3_rho.5","ECR","standard","standard","lower","-1.75056476792144"
"1735","35","3","truemodel_G3_rho.5","ECR","standard","standard","lower","-2.35622964169008"
"1736","36","3","truemodel_G3_rho.5","ECR","standard","standard","lower","-1.44699141038661"
"1737","37","3","truemodel_G3_rho.5","ECR","standard","standard","lower","-2.10667508493365"
"1738","38","3","truemodel_G3_rho.5","ECR","standard","standard","lower","-1.34186630973988"
"1739","39","3","truemodel_G3_rho.5","ECR","standard","standard","lower","-1.67893968028708"
"1740","40","3","truemodel_G3_rho.5","ECR","standard","standard","lower","-1.70789754994851"
"1741","41","3","truemodel_G3_rho.5","ECR","standard","standard","lower","-1.88798684759102"
"1742","42","3","truemodel_G3_rho.5","ECR","standard","standard","lower","-1.3074962330101"
"1743","43","3","truemodel_G3_rho.5","ECR","standard","standard","lower","-1.32160624232719"
"1744","44","3","truemodel_G3_rho.5","ECR","standard","standard","lower","-1.71352409956916"
"1745","45","3","truemodel_G3_rho.5","ECR","standard","standard","lower","-1.46991545577256"
"1746","46","3","truemodel_G3_rho.5","ECR","standard","standard","lower","-1.31055843957558"
"1747","47","3","truemodel_G3_rho.5","ECR","standard","standard","lower","-1.76213234894901"
"1748","48","3","truemodel_G3_rho.5","ECR","standard","standard","lower","-1.40530620126496"
"1749","49","3","truemodel_G3_rho.5","ECR","standard","standard","lower","-1.80119782676574"
"1750","50","3","truemodel_G3_rho.5","ECR","standard","standard","lower","-1.52941145787398"
"1751","1","3","truemodel_G3_rho1","ECR","standard","standard","lower","-1.60611435114858"
"1752","2","3","truemodel_G3_rho1","ECR","standard","standard","lower","-1.76662582029012"
"1753","3","3","truemodel_G3_rho1","ECR","standard","standard","lower","-1.32027735453623"
"1754","4","3","truemodel_G3_rho1","ECR","standard","standard","lower","-1.47534943177736"
"1755","5","3","truemodel_G3_rho1","ECR","standard","standard","lower","-1.66268162085791"
"1756","6","3","truemodel_G3_rho1","ECR","standard","standard","lower","-1.53195848718202"
"1757","7","3","truemodel_G3_rho1","ECR","standard","standard","lower","-1.75035921198625"
"1758","8","3","truemodel_G3_rho1","ECR","standard","standard","lower","-1.65715443702136"
"1759","9","3","truemodel_G3_rho1","ECR","standard","standard","lower","-2.16000658576613"
"1760","10","3","truemodel_G3_rho1","ECR","standard","standard","lower","-1.66475160885714"
"1761","11","3","truemodel_G3_rho1","ECR","standard","standard","lower","-1.18750653354908"
"1762","12","3","truemodel_G3_rho1","ECR","standard","standard","lower","-1.27965991093892"
"1763","13","3","truemodel_G3_rho1","ECR","standard","standard","lower","-1.87388535159903"
"1764","14","3","truemodel_G3_rho1","ECR","standard","standard","lower","-1.65943097417269"
"1765","15","3","truemodel_G3_rho1","ECR","standard","standard","lower","-1.68454218915684"
"1766","16","3","truemodel_G3_rho1","ECR","standard","standard","lower","-1.55164548258116"
"1767","17","3","truemodel_G3_rho1","ECR","standard","standard","lower","-1.58976821592769"
"1768","18","3","truemodel_G3_rho1","ECR","standard","standard","lower","-1.36929186156129"
"1769","19","3","truemodel_G3_rho1","ECR","standard","standard","lower","-1.82317729698597"
"1770","20","3","truemodel_G3_rho1","ECR","standard","standard","lower","-1.27537695985239"
"1771","21","3","truemodel_G3_rho1","ECR","standard","standard","lower","-2.00269752448123"
"1772","22","3","truemodel_G3_rho1","ECR","standard","standard","lower","-1.5510866808894"
"1773","23","3","truemodel_G3_rho1","ECR","standard","standard","lower","-2.10331773179126"
"1774","24","3","truemodel_G3_rho1","ECR","standard","standard","lower","-1.65233974705858"
"1775","25","3","truemodel_G3_rho1","ECR","standard","standard","lower","-1.53962948601827"
"1776","26","3","truemodel_G3_rho1","ECR","standard","standard","lower","-1.5371646774438"
"1777","27","3","truemodel_G3_rho1","ECR","standard","standard","lower","-1.34138624563833"
"1778","28","3","truemodel_G3_rho1","ECR","standard","standard","lower","-1.85069103660823"
"1779","29","3","truemodel_G3_rho1","ECR","standard","standard","lower","-1.41812576184912"
"1780","30","3","truemodel_G3_rho1","ECR","standard","standard","lower","-1.36204615722323"
"1781","31","3","truemodel_G3_rho1","ECR","standard","standard","lower","-1.63912882519518"
"1782","32","3","truemodel_G3_rho1","ECR","standard","standard","lower","-1.40640385321642"
"1783","33","3","truemodel_G3_rho1","ECR","standard","standard","lower","-1.87475506153685"
"1784","34","3","truemodel_G3_rho1","ECR","standard","standard","lower","-1.58906439414085"
"1785","35","3","truemodel_G3_rho1","ECR","standard","standard","lower","-1.34494367454417"
"1786","36","3","truemodel_G3_rho1","ECR","standard","standard","lower","-1.4488280017745"
"1787","37","3","truemodel_G3_rho1","ECR","standard","standard","lower","-2.15332104934981"
"1788","38","3","truemodel_G3_rho1","ECR","standard","standard","lower","-1.82621607452724"
"1789","39","3","truemodel_G3_rho1","ECR","standard","standard","lower","-1.40611349248744"
"1790","40","3","truemodel_G3_rho1","ECR","standard","standard","lower","-1.54671270739412"
"1791","41","3","truemodel_G3_rho1","ECR","standard","standard","lower","-0.864366015110935"
"1792","42","3","truemodel_G3_rho1","ECR","standard","standard","lower","-1.45395148607155"
"1793","43","3","truemodel_G3_rho1","ECR","standard","standard","lower","-1.73735568272354"
"1794","44","3","truemodel_G3_rho1","ECR","standard","standard","lower","-1.46892801223251"
"1795","45","3","truemodel_G3_rho1","ECR","standard","standard","lower","-1.27925569900192"
"1796","46","3","truemodel_G3_rho1","ECR","standard","standard","lower","-1.58280466763222"
"1797","47","3","truemodel_G3_rho1","ECR","standard","standard","lower","-1.60527717172113"
"1798","48","3","truemodel_G3_rho1","ECR","standard","standard","lower","-1.43573284764637"
"1799","49","3","truemodel_G3_rho1","ECR","standard","standard","lower","-1.52097373514717"
"1800","50","3","truemodel_G3_rho1","ECR","standard","standard","lower","-1.37998420977783"
"1801","1","3","truemodel_G3_rho0","ECR","standard","mc","logcor","-19.2077105601238"
"1802","2","3","truemodel_G3_rho0","ECR","standard","mc","logcor","-13.4327994576542"
"1803","3","3","truemodel_G3_rho0","ECR","standard","mc","logcor","-19.7630662040948"
"1804","4","3","truemodel_G3_rho0","ECR","standard","mc","logcor","-16.7187147447753"
"1805","5","3","truemodel_G3_rho0","ECR","standard","mc","logcor","-20.3355665162011"
"1806","6","3","truemodel_G3_rho0","ECR","standard","mc","logcor","-7.11897287566416"
"1807","7","3","truemodel_G3_rho0","ECR","standard","mc","logcor","-13.9796676886433"
"1808","8","3","truemodel_G3_rho0","ECR","standard","mc","logcor","-11.7499725175582"
"1809","9","3","truemodel_G3_rho0","ECR","standard","mc","logcor","-34.5483789534068"
"1810","10","3","truemodel_G3_rho0","ECR","standard","mc","logcor","-38.4496420024175"
"1811","11","3","truemodel_G3_rho0","ECR","standard","mc","logcor","-8.49236100818022"
"1812","12","3","truemodel_G3_rho0","ECR","standard","mc","logcor","-24.1198278325045"
"1813","13","3","truemodel_G3_rho0","ECR","standard","mc","logcor","-13.9458687862681"
"1814","14","3","truemodel_G3_rho0","ECR","standard","mc","logcor","-14.1453820077024"
"1815","15","3","truemodel_G3_rho0","ECR","standard","mc","logcor","-10.9782866311219"
"1816","16","3","truemodel_G3_rho0","ECR","standard","mc","logcor","-21.3742600946866"
"1817","17","3","truemodel_G3_rho0","ECR","standard","mc","logcor","-12.8667879707379"
"1818","18","3","truemodel_G3_rho0","ECR","standard","mc","logcor","-10.1913246158027"
"1819","19","3","truemodel_G3_rho0","ECR","standard","mc","logcor","-19.0298792751197"
"1820","20","3","truemodel_G3_rho0","ECR","standard","mc","logcor","-12.1110273252417"
"1821","21","3","truemodel_G3_rho0","ECR","standard","mc","logcor","-11.0271038530958"
"1822","22","3","truemodel_G3_rho0","ECR","standard","mc","logcor","-18.6607293103304"
"1823","23","3","truemodel_G3_rho0","ECR","standard","mc","logcor","-4.79250628503979"
"1824","24","3","truemodel_G3_rho0","ECR","standard","mc","logcor","-11.2475017542206"
"1825","25","3","truemodel_G3_rho0","ECR","standard","mc","logcor","-18.4543265917123"
"1826","26","3","truemodel_G3_rho0","ECR","standard","mc","logcor","-17.5718165704352"
"1827","27","3","truemodel_G3_rho0","ECR","standard","mc","logcor","-8.20011300036816"
"1828","28","3","truemodel_G3_rho0","ECR","standard","mc","logcor","-13.0180242151405"
"1829","29","3","truemodel_G3_rho0","ECR","standard","mc","logcor","-18.8011042615143"
"1830","30","3","truemodel_G3_rho0","ECR","standard","mc","logcor","-11.1145554912918"
"1831","31","3","truemodel_G3_rho0","ECR","standard","mc","logcor","-10.6473348445278"
"1832","32","3","truemodel_G3_rho0","ECR","standard","mc","logcor","-9.23443017919768"
"1833","33","3","truemodel_G3_rho0","ECR","standard","mc","logcor","-9.16005695323353"
"1834","34","3","truemodel_G3_rho0","ECR","standard","mc","logcor","-20.5636494368764"
"1835","35","3","truemodel_G3_rho0","ECR","standard","mc","logcor","-13.8064028213705"
"1836","36","3","truemodel_G3_rho0","ECR","standard","mc","logcor","-18.1523926172282"
"1837","37","3","truemodel_G3_rho0","ECR","standard","mc","logcor","-15.0113689008889"
"1838","38","3","truemodel_G3_rho0","ECR","standard","mc","logcor","-19.2105084469936"
"1839","39","3","truemodel_G3_rho0","ECR","standard","mc","logcor","-11.661043217148"
"1840","40","3","truemodel_G3_rho0","ECR","standard","mc","logcor","-14.8493335475233"
"1841","41","3","truemodel_G3_rho0","ECR","standard","mc","logcor","-0.133152912268123"
"1842","42","3","truemodel_G3_rho0","ECR","standard","mc","logcor","-15.2564819916434"
"1843","43","3","truemodel_G3_rho0","ECR","standard","mc","logcor","-28.0260395022411"
"1844","44","3","truemodel_G3_rho0","ECR","standard","mc","logcor","-26.0756668594101"
"1845","45","3","truemodel_G3_rho0","ECR","standard","mc","logcor","-22.3898439092319"
"1846","46","3","truemodel_G3_rho0","ECR","standard","mc","logcor","-13.7880690194992"
"1847","47","3","truemodel_G3_rho0","ECR","standard","mc","logcor","-13.6711765595572"
"1848","48","3","truemodel_G3_rho0","ECR","standard","mc","logcor","-13.8166564475369"
"1849","49","3","truemodel_G3_rho0","ECR","standard","mc","logcor","-30.2780352432354"
"1850","50","3","truemodel_G3_rho0","ECR","standard","mc","logcor","-16.7512238814988"
"1851","1","3","truemodel_G3_rho.5","ECR","standard","mc","logcor","-10.0431670996768"
"1852","2","3","truemodel_G3_rho.5","ECR","standard","mc","logcor","-5.80064271787759"
"1853","3","3","truemodel_G3_rho.5","ECR","standard","mc","logcor","-7.76047583157555"
"1854","4","3","truemodel_G3_rho.5","ECR","standard","mc","logcor","-6.92682374718979"
"1855","5","3","truemodel_G3_rho.5","ECR","standard","mc","logcor","-6.5720002421111"
"1856","6","3","truemodel_G3_rho.5","ECR","standard","mc","logcor","-3.14466858007325"
"1857","7","3","truemodel_G3_rho.5","ECR","standard","mc","logcor","-7.42304937280828"
"1858","8","3","truemodel_G3_rho.5","ECR","standard","mc","logcor","-6.01252692112183"
"1859","9","3","truemodel_G3_rho.5","ECR","standard","mc","logcor","-17.6939509532064"
"1860","10","3","truemodel_G3_rho.5","ECR","standard","mc","logcor","-18.5701333690466"
"1861","11","3","truemodel_G3_rho.5","ECR","standard","mc","logcor","-3.89775316360046"
"1862","12","3","truemodel_G3_rho.5","ECR","standard","mc","logcor","-11.065476726893"
"1863","13","3","truemodel_G3_rho.5","ECR","standard","mc","logcor","-6.92817748568896"
"1864","14","3","truemodel_G3_rho.5","ECR","standard","mc","logcor","-9.37206144030694"
"1865","15","3","truemodel_G3_rho.5","ECR","standard","mc","logcor","-2.54522854740434"
"1866","16","3","truemodel_G3_rho.5","ECR","standard","mc","logcor","-10.0249039884364"
"1867","17","3","truemodel_G3_rho.5","ECR","standard","mc","logcor","-6.08709307935091"
"1868","18","3","truemodel_G3_rho.5","ECR","standard","mc","logcor","-4.97936227058167"
"1869","19","3","truemodel_G3_rho.5","ECR","standard","mc","logcor","-9.30315369997943"
"1870","20","3","truemodel_G3_rho.5","ECR","standard","mc","logcor","-6.19804965977983"
"1871","21","3","truemodel_G3_rho.5","ECR","standard","mc","logcor","-6.06462907694023"
"1872","22","3","truemodel_G3_rho.5","ECR","standard","mc","logcor","-10.6005526291268"
"1873","23","3","truemodel_G3_rho.5","ECR","standard","mc","logcor","-1.88212155790625"
"1874","24","3","truemodel_G3_rho.5","ECR","standard","mc","logcor","-5.71034318760829"
"1875","25","3","truemodel_G3_rho.5","ECR","standard","mc","logcor","-9.07998811608704"
"1876","26","3","truemodel_G3_rho.5","ECR","standard","mc","logcor","-8.13822151245827"
"1877","27","3","truemodel_G3_rho.5","ECR","standard","mc","logcor","-4.10402323824128"
"1878","28","3","truemodel_G3_rho.5","ECR","standard","mc","logcor","-7.83885084280588"
"1879","29","3","truemodel_G3_rho.5","ECR","standard","mc","logcor","-5.96959557157513"
"1880","30","3","truemodel_G3_rho.5","ECR","standard","mc","logcor","-5.64876513003807"
"1881","31","3","truemodel_G3_rho.5","ECR","standard","mc","logcor","-6.36706216241872"
"1882","32","3","truemodel_G3_rho.5","ECR","standard","mc","logcor","-3.78578609192917"
"1883","33","3","truemodel_G3_rho.5","ECR","standard","mc","logcor","-4.25426466853865"
"1884","34","3","truemodel_G3_rho.5","ECR","standard","mc","logcor","-9.8318760411342"
"1885","35","3","truemodel_G3_rho.5","ECR","standard","mc","logcor","-4.03246766433165"
"1886","36","3","truemodel_G3_rho.5","ECR","standard","mc","logcor","-8.43058851643874"
"1887","37","3","truemodel_G3_rho.5","ECR","standard","mc","logcor","-6.54295865764631"
"1888","38","3","truemodel_G3_rho.5","ECR","standard","mc","logcor","-9.04741569440203"
"1889","39","3","truemodel_G3_rho.5","ECR","standard","mc","logcor","-4.40630793257562"
"1890","40","3","truemodel_G3_rho.5","ECR","standard","mc","logcor","-6.65847243135822"
"1891","41","3","truemodel_G3_rho.5","ECR","standard","mc","logcor","-0.0415539419963338"
"1892","42","3","truemodel_G3_rho.5","ECR","standard","mc","logcor","-8.15685999463301"
"1893","43","3","truemodel_G3_rho.5","ECR","standard","mc","logcor","-12.3421739746683"
"1894","44","3","truemodel_G3_rho.5","ECR","standard","mc","logcor","-12.2071801632044"
"1895","45","3","truemodel_G3_rho.5","ECR","standard","mc","logcor","-9.89085473053429"
"1896","46","3","truemodel_G3_rho.5","ECR","standard","mc","logcor","-8.01002004901292"
"1897","47","3","truemodel_G3_rho.5","ECR","standard","mc","logcor","-8.40982180300727"
"1898","48","3","truemodel_G3_rho.5","ECR","standard","mc","logcor","-9.52778828142479"
"1899","49","3","truemodel_G3_rho.5","ECR","standard","mc","logcor","-14.4850710247625"
"1900","50","3","truemodel_G3_rho.5","ECR","standard","mc","logcor","-5.39381873518404"
"1901","1","3","truemodel_G3_rho1","ECR","standard","mc","logcor","-4.3154514924505"
"1902","2","3","truemodel_G3_rho1","ECR","standard","mc","logcor","-2.47997224013031"
"1903","3","3","truemodel_G3_rho1","ECR","standard","mc","logcor","-2.57072165175479"
"1904","4","3","truemodel_G3_rho1","ECR","standard","mc","logcor","-2.51613574930273"
"1905","5","3","truemodel_G3_rho1","ECR","standard","mc","logcor","-2.4293182051568"
"1906","6","3","truemodel_G3_rho1","ECR","standard","mc","logcor","-1.68837225410551"
"1907","7","3","truemodel_G3_rho1","ECR","standard","mc","logcor","-2.10838888553924"
"1908","8","3","truemodel_G3_rho1","ECR","standard","mc","logcor","-1.61300606684584"
"1909","9","3","truemodel_G3_rho1","ECR","standard","mc","logcor","-7.83458783589769"
"1910","10","3","truemodel_G3_rho1","ECR","standard","mc","logcor","-6.11847284036097"
"1911","11","3","truemodel_G3_rho1","ECR","standard","mc","logcor","-1.10712880158762"
"1912","12","3","truemodel_G3_rho1","ECR","standard","mc","logcor","-3.16230959849812"
"1913","13","3","truemodel_G3_rho1","ECR","standard","mc","logcor","-1.92593588343901"
"1914","14","3","truemodel_G3_rho1","ECR","standard","mc","logcor","-3.64676738185552"
"1915","15","3","truemodel_G3_rho1","ECR","standard","mc","logcor","-1.73106790471604"
"1916","16","3","truemodel_G3_rho1","ECR","standard","mc","logcor","-4.64623087244094"
"1917","17","3","truemodel_G3_rho1","ECR","standard","mc","logcor","-2.02691694893938"
"1918","18","3","truemodel_G3_rho1","ECR","standard","mc","logcor","-2.10903996595904"
"1919","19","3","truemodel_G3_rho1","ECR","standard","mc","logcor","-2.29051113762125"
"1920","20","3","truemodel_G3_rho1","ECR","standard","mc","logcor","-1.58602938606581"
"1921","21","3","truemodel_G3_rho1","ECR","standard","mc","logcor","-2.39425325904084"
"1922","22","3","truemodel_G3_rho1","ECR","standard","mc","logcor","-3.04164824960403"
"1923","23","3","truemodel_G3_rho1","ECR","standard","mc","logcor","-1.19293200362435"
"1924","24","3","truemodel_G3_rho1","ECR","standard","mc","logcor","-2.04894512610569"
"1925","25","3","truemodel_G3_rho1","ECR","standard","mc","logcor","-3.58227196415245"
"1926","26","3","truemodel_G3_rho1","ECR","standard","mc","logcor","-2.2048089861039"
"1927","27","3","truemodel_G3_rho1","ECR","standard","mc","logcor","-1.82612482864004"
"1928","28","3","truemodel_G3_rho1","ECR","standard","mc","logcor","-4.40880686337115"
"1929","29","3","truemodel_G3_rho1","ECR","standard","mc","logcor","-1.72061964719651"
"1930","30","3","truemodel_G3_rho1","ECR","standard","mc","logcor","-2.06911708747833"
"1931","31","3","truemodel_G3_rho1","ECR","standard","mc","logcor","-2.54346225878255"
"1932","32","3","truemodel_G3_rho1","ECR","standard","mc","logcor","-1.66844761380921"
"1933","33","3","truemodel_G3_rho1","ECR","standard","mc","logcor","-1.96927885971507"
"1934","34","3","truemodel_G3_rho1","ECR","standard","mc","logcor","-2.65021190725347"
"1935","35","3","truemodel_G3_rho1","ECR","standard","mc","logcor","-1.33993843907583"
"1936","36","3","truemodel_G3_rho1","ECR","standard","mc","logcor","-2.84240865328317"
"1937","37","3","truemodel_G3_rho1","ECR","standard","mc","logcor","-2.3626416921778"
"1938","38","3","truemodel_G3_rho1","ECR","standard","mc","logcor","-3.17012381473376"
"1939","39","3","truemodel_G3_rho1","ECR","standard","mc","logcor","-1.47045226318615"
"1940","40","3","truemodel_G3_rho1","ECR","standard","mc","logcor","-2.14371957285883"
"1941","41","3","truemodel_G3_rho1","ECR","standard","mc","logcor","-0.478984220467282"
"1942","42","3","truemodel_G3_rho1","ECR","standard","mc","logcor","-5.42683222893557"
"1943","43","3","truemodel_G3_rho1","ECR","standard","mc","logcor","-6.15170787523462"
"1944","44","3","truemodel_G3_rho1","ECR","standard","mc","logcor","-3.14381731796066"
"1945","45","3","truemodel_G3_rho1","ECR","standard","mc","logcor","-2.72432965897217"
"1946","46","3","truemodel_G3_rho1","ECR","standard","mc","logcor","-3.19038042755437"
"1947","47","3","truemodel_G3_rho1","ECR","standard","mc","logcor","-4.20142513599818"
"1948","48","3","truemodel_G3_rho1","ECR","standard","mc","logcor","-4.62988474118778"
"1949","49","3","truemodel_G3_rho1","ECR","standard","mc","logcor","-3.74875981699155"
"1950","50","3","truemodel_G3_rho1","ECR","standard","mc","logcor","-1.82789391993566"
"1951","1","3","truemodel_G3_rho0","ECR","standard","bridge","logcor","-1.34493369807916"
"1952","2","3","truemodel_G3_rho0","ECR","standard","bridge","logcor","-1.12543089233268"
"1953","3","3","truemodel_G3_rho0","ECR","standard","bridge","logcor","-1.49757037320234"
"1954","4","3","truemodel_G3_rho0","ECR","standard","bridge","logcor","-1.39886440268363"
"1955","5","3","truemodel_G3_rho0","ECR","standard","bridge","logcor","-1.33933837881433"
"1956","6","3","truemodel_G3_rho0","ECR","standard","bridge","logcor","-1.19188776203875"
"1957","7","3","truemodel_G3_rho0","ECR","standard","bridge","logcor","-1.16599811539083"
"1958","8","3","truemodel_G3_rho0","ECR","standard","bridge","logcor","-1.14490195381326"
"1959","9","3","truemodel_G3_rho0","ECR","standard","bridge","logcor","-1.58898732499762"
"1960","10","3","truemodel_G3_rho0","ECR","standard","bridge","logcor","-1.09857429775104"
"1961","11","3","truemodel_G3_rho0","ECR","standard","bridge","logcor","-1.21047164342198"
"1962","12","3","truemodel_G3_rho0","ECR","standard","bridge","logcor","-1.26760987708288"
"1963","13","3","truemodel_G3_rho0","ECR","standard","bridge","logcor","-1.12184746185978"
"1964","14","3","truemodel_G3_rho0","ECR","standard","bridge","logcor","-1.22024050693317"
"1965","15","3","truemodel_G3_rho0","ECR","standard","bridge","logcor","-1.39184539539023"
"1966","16","3","truemodel_G3_rho0","ECR","standard","bridge","logcor","-1.2467161070084"
"1967","17","3","truemodel_G3_rho0","ECR","standard","bridge","logcor","-1.22722201351683"
"1968","18","3","truemodel_G3_rho0","ECR","standard","bridge","logcor","-1.1354170589015"
"1969","19","3","truemodel_G3_rho0","ECR","standard","bridge","logcor","-1.13423502643892"
"1970","20","3","truemodel_G3_rho0","ECR","standard","bridge","logcor","-1.11760328556025"
"1971","21","3","truemodel_G3_rho0","ECR","standard","bridge","logcor","-1.11500679365228"
"1972","22","3","truemodel_G3_rho0","ECR","standard","bridge","logcor","-1.18661012246218"
"1973","23","3","truemodel_G3_rho0","ECR","standard","bridge","logcor","-1.12129644230809"
"1974","24","3","truemodel_G3_rho0","ECR","standard","bridge","logcor","-1.14378341449589"
"1975","25","3","truemodel_G3_rho0","ECR","standard","bridge","logcor","-1.14123547440354"
"1976","26","3","truemodel_G3_rho0","ECR","standard","bridge","logcor","-1.16601837150889"
"1977","27","3","truemodel_G3_rho0","ECR","standard","bridge","logcor","-1.22241857224552"
"1978","28","3","truemodel_G3_rho0","ECR","standard","bridge","logcor","-1.22576773788997"
"1979","29","3","truemodel_G3_rho0","ECR","standard","bridge","logcor","-1.35245169086416"
"1980","30","3","truemodel_G3_rho0","ECR","standard","bridge","logcor","-1.33692915979913"
"1981","31","3","truemodel_G3_rho0","ECR","standard","bridge","logcor","-1.27389363273866"
"1982","32","3","truemodel_G3_rho0","ECR","standard","bridge","logcor","-1.17088718536444"
"1983","33","3","truemodel_G3_rho0","ECR","standard","bridge","logcor","-1.38787661315529"
"1984","34","3","truemodel_G3_rho0","ECR","standard","bridge","logcor","-1.23006066242428"
"1985","35","3","truemodel_G3_rho0","ECR","standard","bridge","logcor","-1.26172443392225"
"1986","36","3","truemodel_G3_rho0","ECR","standard","bridge","logcor","-1.2088626683877"
"1987","37","3","truemodel_G3_rho0","ECR","standard","bridge","logcor","-1.20476858198021"
"1988","38","3","truemodel_G3_rho0","ECR","standard","bridge","logcor","-1.22904182878568"
"1989","39","3","truemodel_G3_rho0","ECR","standard","bridge","logcor","-1.22599946274988"
"1990","40","3","truemodel_G3_rho0","ECR","standard","bridge","logcor","-1.16330743152965"
"1991","41","3","truemodel_G3_rho0","ECR","standard","bridge","logcor","-1.13066478646588"
"1992","42","3","truemodel_G3_rho0","ECR","standard","bridge","logcor","-1.32615462296246"
"1993","43","3","truemodel_G3_rho0","ECR","standard","bridge","logcor","-1.74135316013344"
"1994","44","3","truemodel_G3_rho0","ECR","standard","bridge","logcor","-1.18599751450324"
"1995","45","3","truemodel_G3_rho0","ECR","standard","bridge","logcor","-1.18426503015785"
"1996","46","3","truemodel_G3_rho0","ECR","standard","bridge","logcor","-1.38164771968422"
"1997","47","3","truemodel_G3_rho0","ECR","standard","bridge","logcor","-1.20052239809117"
"1998","48","3","truemodel_G3_rho0","ECR","standard","bridge","logcor","-1.14026428275881"
"1999","49","3","truemodel_G3_rho0","ECR","standard","bridge","logcor","-1.21127694514347"
"2000","50","3","truemodel_G3_rho0","ECR","standard","bridge","logcor","-1.25593199942641"
"2001","1","3","truemodel_G3_rho.5","ECR","standard","bridge","logcor","-1.2618210905521"
"2002","2","3","truemodel_G3_rho.5","ECR","standard","bridge","logcor","-1.36572268543479"
"2003","3","3","truemodel_G3_rho.5","ECR","standard","bridge","logcor","-1.21843567515035"
"2004","4","3","truemodel_G3_rho.5","ECR","standard","bridge","logcor","-1.30099429606607"
"2005","5","3","truemodel_G3_rho.5","ECR","standard","bridge","logcor","-1.53645940961146"
"2006","6","3","truemodel_G3_rho.5","ECR","standard","bridge","logcor","-1.14526421236238"
"2007","7","3","truemodel_G3_rho.5","ECR","standard","bridge","logcor","-1.13578629657616"
"2008","8","3","truemodel_G3_rho.5","ECR","standard","bridge","logcor","-1.36454563985668"
"2009","9","3","truemodel_G3_rho.5","ECR","standard","bridge","logcor","-1.17311670540809"
"2010","10","3","truemodel_G3_rho.5","ECR","standard","bridge","logcor","-1.09991783053476"
"2011","11","3","truemodel_G3_rho.5","ECR","standard","bridge","logcor","-1.24813477685885"
"2012","12","3","truemodel_G3_rho.5","ECR","standard","bridge","logcor","-1.39679191690436"
"2013","13","3","truemodel_G3_rho.5","ECR","standard","bridge","logcor","-1.18973353851308"
"2014","14","3","truemodel_G3_rho.5","ECR","standard","bridge","logcor","-1.34160921914002"
"2015","15","3","truemodel_G3_rho.5","ECR","standard","bridge","logcor","-1.17598758703421"
"2016","16","3","truemodel_G3_rho.5","ECR","standard","bridge","logcor","-1.14238894297469"
"2017","17","3","truemodel_G3_rho.5","ECR","standard","bridge","logcor","-1.13430631844064"
"2018","18","3","truemodel_G3_rho.5","ECR","standard","bridge","logcor","-1.13639427005361"
"2019","19","3","truemodel_G3_rho.5","ECR","standard","bridge","logcor","-1.31883542015375"
"2020","20","3","truemodel_G3_rho.5","ECR","standard","bridge","logcor","-1.18171655011819"
"2021","21","3","truemodel_G3_rho.5","ECR","standard","bridge","logcor","-1.34748362564873"
"2022","22","3","truemodel_G3_rho.5","ECR","standard","bridge","logcor","-1.29312400197376"
"2023","23","3","truemodel_G3_rho.5","ECR","standard","bridge","logcor","-1.21104733749073"
"2024","24","3","truemodel_G3_rho.5","ECR","standard","bridge","logcor","-1.23395051199335"
"2025","25","3","truemodel_G3_rho.5","ECR","standard","bridge","logcor","-1.18563880520856"
"2026","26","3","truemodel_G3_rho.5","ECR","standard","bridge","logcor","-1.15499006845466"
"2027","27","3","truemodel_G3_rho.5","ECR","standard","bridge","logcor","-1.14028678335944"
"2028","28","3","truemodel_G3_rho.5","ECR","standard","bridge","logcor","-1.20608844270588"
"2029","29","3","truemodel_G3_rho.5","ECR","standard","bridge","logcor","-1.4453394114403"
"2030","30","3","truemodel_G3_rho.5","ECR","standard","bridge","logcor","-1.29274853760004"
"2031","31","3","truemodel_G3_rho.5","ECR","standard","bridge","logcor","-1.25906889535438"
"2032","32","3","truemodel_G3_rho.5","ECR","standard","bridge","logcor","-1.2568406217629"
"2033","33","3","truemodel_G3_rho.5","ECR","standard","bridge","logcor","-1.29472281943983"
"2034","34","3","truemodel_G3_rho.5","ECR","standard","bridge","logcor","-1.33776167452475"
"2035","35","3","truemodel_G3_rho.5","ECR","standard","bridge","logcor","-1.33991091067453"
"2036","36","3","truemodel_G3_rho.5","ECR","standard","bridge","logcor","-1.21979586194676"
"2037","37","3","truemodel_G3_rho.5","ECR","standard","bridge","logcor","-1.18682451365957"
"2038","38","3","truemodel_G3_rho.5","ECR","standard","bridge","logcor","-1.32380372301015"
"2039","39","3","truemodel_G3_rho.5","ECR","standard","bridge","logcor","-1.1904778469701"
"2040","40","3","truemodel_G3_rho.5","ECR","standard","bridge","logcor","-1.16144609343873"
"2041","41","3","truemodel_G3_rho.5","ECR","standard","bridge","logcor","-0.80982033613622"
"2042","42","3","truemodel_G3_rho.5","ECR","standard","bridge","logcor","-1.1609151194976"
"2043","43","3","truemodel_G3_rho.5","ECR","standard","bridge","logcor","-1.21006383595767"
"2044","44","3","truemodel_G3_rho.5","ECR","standard","bridge","logcor","-1.26789635842545"
"2045","45","3","truemodel_G3_rho.5","ECR","standard","bridge","logcor","-1.24030678748842"
"2046","46","3","truemodel_G3_rho.5","ECR","standard","bridge","logcor","-1.11163953593545"
"2047","47","3","truemodel_G3_rho.5","ECR","standard","bridge","logcor","-1.13636853288407"
"2048","48","3","truemodel_G3_rho.5","ECR","standard","bridge","logcor","-1.27239063408437"
"2049","49","3","truemodel_G3_rho.5","ECR","standard","bridge","logcor","-1.37392312871026"
"2050","50","3","truemodel_G3_rho.5","ECR","standard","bridge","logcor","-1.19025335524549"
"2051","1","3","truemodel_G3_rho1","ECR","standard","bridge","logcor","-1.26325641214221"
"2052","2","3","truemodel_G3_rho1","ECR","standard","bridge","logcor","-1.30196539022732"
"2053","3","3","truemodel_G3_rho1","ECR","standard","bridge","logcor","-1.22061364280705"
"2054","4","3","truemodel_G3_rho1","ECR","standard","bridge","logcor","-1.23739935173933"
"2055","5","3","truemodel_G3_rho1","ECR","standard","bridge","logcor","-1.28737766271662"
"2056","6","3","truemodel_G3_rho1","ECR","standard","bridge","logcor","-1.11231148236388"
"2057","7","3","truemodel_G3_rho1","ECR","standard","bridge","logcor","-1.14832526710148"
"2058","8","3","truemodel_G3_rho1","ECR","standard","bridge","logcor","-1.37209627827274"
"2059","9","3","truemodel_G3_rho1","ECR","standard","bridge","logcor","-1.23535362321218"
"2060","10","3","truemodel_G3_rho1","ECR","standard","bridge","logcor","-1.1263241493584"
"2061","11","3","truemodel_G3_rho1","ECR","standard","bridge","logcor","-0.838853309835635"
"2062","12","3","truemodel_G3_rho1","ECR","standard","bridge","logcor","-1.20477497111315"
"2063","13","3","truemodel_G3_rho1","ECR","standard","bridge","logcor","-0.880928101188534"
"2064","14","3","truemodel_G3_rho1","ECR","standard","bridge","logcor","-1.4315429584825"
"2065","15","3","truemodel_G3_rho1","ECR","standard","bridge","logcor","-1.09602849606683"
"2066","16","3","truemodel_G3_rho1","ECR","standard","bridge","logcor","-1.23023510890129"
"2067","17","3","truemodel_G3_rho1","ECR","standard","bridge","logcor","-1.25170968618105"
"2068","18","3","truemodel_G3_rho1","ECR","standard","bridge","logcor","-1.22291034620084"
"2069","19","3","truemodel_G3_rho1","ECR","standard","bridge","logcor","-1.30135629718465"
"2070","20","3","truemodel_G3_rho1","ECR","standard","bridge","logcor","-0.63437610010407"
"2071","21","3","truemodel_G3_rho1","ECR","standard","bridge","logcor","-1.10700775279357"
"2072","22","3","truemodel_G3_rho1","ECR","standard","bridge","logcor","-1.34271837768875"
"2073","23","3","truemodel_G3_rho1","ECR","standard","bridge","logcor","-1.02085433045504"
"2074","24","3","truemodel_G3_rho1","ECR","standard","bridge","logcor","-1.13165184528084"
"2075","25","3","truemodel_G3_rho1","ECR","standard","bridge","logcor","-1.27820994140437"
"2076","26","3","truemodel_G3_rho1","ECR","standard","bridge","logcor","-1.16990855713281"
"2077","27","3","truemodel_G3_rho1","ECR","standard","bridge","logcor","-1.15126171364437"
"2078","28","3","truemodel_G3_rho1","ECR","standard","bridge","logcor","-1.24935521877584"
"2079","29","3","truemodel_G3_rho1","ECR","standard","bridge","logcor","-1.25260467012645"
"2080","30","3","truemodel_G3_rho1","ECR","standard","bridge","logcor","-1.08272151721087"
"2081","31","3","truemodel_G3_rho1","ECR","standard","bridge","logcor","-1.10832842874063"
"2082","32","3","truemodel_G3_rho1","ECR","standard","bridge","logcor","-1.06273903947633"
"2083","33","3","truemodel_G3_rho1","ECR","standard","bridge","logcor","-1.13098987132966"
"2084","34","3","truemodel_G3_rho1","ECR","standard","bridge","logcor","-1.3039568885974"
"2085","35","3","truemodel_G3_rho1","ECR","standard","bridge","logcor","-1.01000389120864"
"2086","36","3","truemodel_G3_rho1","ECR","standard","bridge","logcor","-1.22936845360993"
"2087","37","3","truemodel_G3_rho1","ECR","standard","bridge","logcor","-1.00628586844525"
"2088","38","3","truemodel_G3_rho1","ECR","standard","bridge","logcor","-1.29676386517758"
"2089","39","3","truemodel_G3_rho1","ECR","standard","bridge","logcor","-0.88613903085734"
"2090","40","3","truemodel_G3_rho1","ECR","standard","bridge","logcor","-1.24333690221337"
"2091","41","3","truemodel_G3_rho1","ECR","standard","bridge","logcor","-0.676245257321916"
"2092","42","3","truemodel_G3_rho1","ECR","standard","bridge","logcor","-1.25160239091278"
"2093","43","3","truemodel_G3_rho1","ECR","standard","bridge","logcor","-1.18137290846973"
"2094","44","3","truemodel_G3_rho1","ECR","standard","bridge","logcor","-1.35086716789113"
"2095","45","3","truemodel_G3_rho1","ECR","standard","bridge","logcor","-1.24590495981488"
"2096","46","3","truemodel_G3_rho1","ECR","standard","bridge","logcor","-1.17932319896656"
"2097","47","3","truemodel_G3_rho1","ECR","standard","bridge","logcor","-1.25270163378867"
"2098","48","3","truemodel_G3_rho1","ECR","standard","bridge","logcor","-1.29700355015109"
"2099","49","3","truemodel_G3_rho1","ECR","standard","bridge","logcor","-1.26634419482389"
"2100","50","3","truemodel_G3_rho1","ECR","standard","bridge","logcor","-1.07944344998306"
"2101","1","3","truemodel_G3_rho0","ECR","standard","simple","logcor","-1.83885107676191"
"2102","2","3","truemodel_G3_rho0","ECR","standard","simple","logcor","-1.52371903703156"
"2103","3","3","truemodel_G3_rho0","ECR","standard","simple","logcor","-1.64402935720372"
"2104","4","3","truemodel_G3_rho0","ECR","standard","simple","logcor","-1.43590486167323"
"2105","5","3","truemodel_G3_rho0","ECR","standard","simple","logcor","-1.25071506687807"
"2106","6","3","truemodel_G3_rho0","ECR","standard","simple","logcor","-1.11779510808488"
"2107","7","3","truemodel_G3_rho0","ECR","standard","simple","logcor","-1.80849879323235"
"2108","8","3","truemodel_G3_rho0","ECR","standard","simple","logcor","-1.64402935720372"
"2109","9","3","truemodel_G3_rho0","ECR","standard","simple","logcor","-1.19072757757592"
"2110","10","3","truemodel_G3_rho0","ECR","standard","simple","logcor","-1.27618513843986"
"2111","11","3","truemodel_G3_rho0","ECR","standard","simple","logcor","-1.6019658975954"
"2112","12","3","truemodel_G3_rho0","ECR","standard","simple","logcor","-1.75388581679997"
"2113","13","3","truemodel_G3_rho0","ECR","standard","simple","logcor","-1.5255564284534"
"2114","14","3","truemodel_G3_rho0","ECR","standard","simple","logcor","-2.02571121925887"
"2115","15","3","truemodel_G3_rho0","ECR","standard","simple","logcor","-1.47098116928708"
"2116","16","3","truemodel_G3_rho0","ECR","standard","simple","logcor","-1.38909828845262"
"2117","17","3","truemodel_G3_rho0","ECR","standard","simple","logcor","-1.70100510595959"
"2118","18","3","truemodel_G3_rho0","ECR","standard","simple","logcor","-1.94911528000426"
"2119","19","3","truemodel_G3_rho0","ECR","standard","simple","logcor","-1.69772282730167"
"2120","20","3","truemodel_G3_rho0","ECR","standard","simple","logcor","-1.61093903856037"
"2121","21","3","truemodel_G3_rho0","ECR","standard","simple","logcor","-1.403643999455"
"2122","22","3","truemodel_G3_rho0","ECR","standard","simple","logcor","-1.35015531450402"
"2123","23","3","truemodel_G3_rho0","ECR","standard","simple","logcor","-1.79095978905749"
"2124","24","3","truemodel_G3_rho0","ECR","standard","simple","logcor","-1.98050159382493"
"2125","25","3","truemodel_G3_rho0","ECR","standard","simple","logcor","-0.95711272639441"
"2126","26","3","truemodel_G3_rho0","ECR","standard","simple","logcor","-2.04794287462046"
"2127","27","3","truemodel_G3_rho0","ECR","standard","simple","logcor","-1.35595916132382"
"2128","28","3","truemodel_G3_rho0","ECR","standard","simple","logcor","-1.80423699073917"
"2129","29","3","truemodel_G3_rho0","ECR","standard","simple","logcor","-1.25526609871349"
"2130","30","3","truemodel_G3_rho0","ECR","standard","simple","logcor","-1.43590486167323"
"2131","31","3","truemodel_G3_rho0","ECR","standard","simple","logcor","-1.36727635528413"
"2132","32","3","truemodel_G3_rho0","ECR","standard","simple","logcor","-1.07763388228292"
"2133","33","3","truemodel_G3_rho0","ECR","standard","simple","logcor","-1.40283032975999"
"2134","34","3","truemodel_G3_rho0","ECR","standard","simple","logcor","-1.18155920948904"
"2135","35","3","truemodel_G3_rho0","ECR","standard","simple","logcor","-1.46231184754381"
"2136","36","3","truemodel_G3_rho0","ECR","standard","simple","logcor","-0.738772358586221"
"2137","37","3","truemodel_G3_rho0","ECR","standard","simple","logcor","-1.4679383501604"
"2138","38","3","truemodel_G3_rho0","ECR","standard","simple","logcor","-1.33750419695046"
"2139","39","3","truemodel_G3_rho0","ECR","standard","simple","logcor","-1.00977757496762"
"2140","40","3","truemodel_G3_rho0","ECR","standard","simple","logcor","-1.38669444114123"
"2141","41","3","truemodel_G3_rho0","ECR","standard","simple","logcor","-1.83696606206613"
"2142","42","3","truemodel_G3_rho0","ECR","standard","simple","logcor","-1.91054300521802"
"2143","43","3","truemodel_G3_rho0","ECR","standard","simple","logcor","-1.20097729534614"
"2144","44","3","truemodel_G3_rho0","ECR","standard","simple","logcor","-0.70785480943222"
"2145","45","3","truemodel_G3_rho0","ECR","standard","simple","logcor","-1.15613547491178"
"2146","46","3","truemodel_G3_rho0","ECR","standard","simple","logcor","-1.01749323738332"
"2147","47","3","truemodel_G3_rho0","ECR","standard","simple","logcor","-1.17668194409003"
"2148","48","3","truemodel_G3_rho0","ECR","standard","simple","logcor","-1.59307255834784"
"2149","49","3","truemodel_G3_rho0","ECR","standard","simple","logcor","-1.20031284349445"
"2150","50","3","truemodel_G3_rho0","ECR","standard","simple","logcor","-1.30121818876477"
"2151","1","3","truemodel_G3_rho.5","ECR","standard","simple","logcor","-1.58085045558219"
"2152","2","3","truemodel_G3_rho.5","ECR","standard","simple","logcor","-1.51231120170338"
"2153","3","3","truemodel_G3_rho.5","ECR","standard","simple","logcor","-1.53665224270845"
"2154","4","3","truemodel_G3_rho.5","ECR","standard","simple","logcor","-1.29098418131557"
"2155","5","3","truemodel_G3_rho.5","ECR","standard","simple","logcor","-2.57965698633381"
"2156","6","3","truemodel_G3_rho.5","ECR","standard","simple","logcor","-2.11361899348142"
"2157","7","3","truemodel_G3_rho.5","ECR","standard","simple","logcor","-1.40527332771769"
"2158","8","3","truemodel_G3_rho.5","ECR","standard","simple","logcor","-1.58523322373728"
"2159","9","3","truemodel_G3_rho.5","ECR","standard","simple","logcor","-1.23237227884763"
"2160","10","3","truemodel_G3_rho.5","ECR","standard","simple","logcor","-1.63938178880717"
"2161","11","3","truemodel_G3_rho.5","ECR","standard","simple","logcor","-1.18221131254442"
"2162","12","3","truemodel_G3_rho.5","ECR","standard","simple","logcor","-1.05096563520076"
"2163","13","3","truemodel_G3_rho.5","ECR","standard","simple","logcor","-1.90380897303668"
"2164","14","3","truemodel_G3_rho.5","ECR","standard","simple","logcor","-1.06160556303901"
"2165","15","3","truemodel_G3_rho.5","ECR","standard","simple","logcor","-1.82635091399767"
"2166","16","3","truemodel_G3_rho.5","ECR","standard","simple","logcor","-1.91121890926538"
"2167","17","3","truemodel_G3_rho.5","ECR","standard","simple","logcor","-0.926088574354266"
"2168","18","3","truemodel_G3_rho.5","ECR","standard","simple","logcor","-1.23031677966554"
"2169","19","3","truemodel_G3_rho.5","ECR","standard","simple","logcor","-1.94142024378246"
"2170","20","3","truemodel_G3_rho.5","ECR","standard","simple","logcor","-1.56781623774328"
"2171","21","3","truemodel_G3_rho.5","ECR","standard","simple","logcor","-1.4032370818502"
"2172","22","3","truemodel_G3_rho.5","ECR","standard","simple","logcor","-2.01665455358107"
"2173","23","3","truemodel_G3_rho.5","ECR","standard","simple","logcor","-0.870123051029148"
"2174","24","3","truemodel_G3_rho.5","ECR","standard","simple","logcor","-2.00248050054371"
"2175","25","3","truemodel_G3_rho.5","ECR","standard","simple","logcor","-1.93724777597666"
"2176","26","3","truemodel_G3_rho.5","ECR","standard","simple","logcor","-1.67450990917782"
"2177","27","3","truemodel_G3_rho.5","ECR","standard","simple","logcor","-1.50058350752202"
"2178","28","3","truemodel_G3_rho.5","ECR","standard","simple","logcor","-1.39110591811711"
"2179","29","3","truemodel_G3_rho.5","ECR","standard","simple","logcor","-1.61194104265222"
"2180","30","3","truemodel_G3_rho.5","ECR","standard","simple","logcor","-1.78141317717391"
"2181","31","3","truemodel_G3_rho.5","ECR","standard","simple","logcor","-1.43380534379094"
"2182","32","3","truemodel_G3_rho.5","ECR","standard","simple","logcor","-1.29791725050248"
"2183","33","3","truemodel_G3_rho.5","ECR","standard","simple","logcor","-1.31192927916458"
"2184","34","3","truemodel_G3_rho.5","ECR","standard","simple","logcor","-0.851674088788183"
"2185","35","3","truemodel_G3_rho.5","ECR","standard","simple","logcor","-0.930896884263517"
"2186","36","3","truemodel_G3_rho.5","ECR","standard","simple","logcor","-1.03676488534203"
"2187","37","3","truemodel_G3_rho.5","ECR","standard","simple","logcor","-1.14476094469409"
"2188","38","3","truemodel_G3_rho.5","ECR","standard","simple","logcor","-1.30970375895818"
"2189","39","3","truemodel_G3_rho.5","ECR","standard","simple","logcor","-1.59061615819351"
"2190","40","3","truemodel_G3_rho.5","ECR","standard","simple","logcor","-1.22553698224178"
"2191","41","3","truemodel_G3_rho.5","ECR","standard","simple","logcor","-2.17068002211411"
"2192","42","3","truemodel_G3_rho.5","ECR","standard","simple","logcor","-0.988055298103466"
"2193","43","3","truemodel_G3_rho.5","ECR","standard","simple","logcor","-1.61696617885489"
"2194","44","3","truemodel_G3_rho.5","ECR","standard","simple","logcor","-1.06160556303901"
"2195","45","3","truemodel_G3_rho.5","ECR","standard","simple","logcor","-1.23134400112207"
"2196","46","3","truemodel_G3_rho.5","ECR","standard","simple","logcor","-1.48060504059113"
"2197","47","3","truemodel_G3_rho.5","ECR","standard","simple","logcor","-1.48148454812364"
"2198","48","3","truemodel_G3_rho.5","ECR","standard","simple","logcor","-0.990475630063532"
"2199","49","3","truemodel_G3_rho.5","ECR","standard","simple","logcor","-1.36218728577666"
"2200","50","3","truemodel_G3_rho.5","ECR","standard","simple","logcor","-1.72765854382153"
"2201","1","3","truemodel_G3_rho1","ECR","standard","simple","logcor","-1.69663112413648"
"2202","2","3","truemodel_G3_rho1","ECR","standard","simple","logcor","-1.4200579912727"
"2203","3","3","truemodel_G3_rho1","ECR","standard","simple","logcor","-1.86626752140312"
"2204","4","3","truemodel_G3_rho1","ECR","standard","simple","logcor","-0.962596484750667"
"2205","5","3","truemodel_G3_rho1","ECR","standard","simple","logcor","-1.15074804308864"
"2206","6","3","truemodel_G3_rho1","ECR","standard","simple","logcor","-1.86110954736285"
"2207","7","3","truemodel_G3_rho1","ECR","standard","simple","logcor","-1.59998275366335"
"2208","8","3","truemodel_G3_rho1","ECR","standard","simple","logcor","-1.34323487165944"
"2209","9","3","truemodel_G3_rho1","ECR","standard","simple","logcor","-1.36453286933838"
"2210","10","3","truemodel_G3_rho1","ECR","standard","simple","logcor","-2.2182439445603"
"2211","11","3","truemodel_G3_rho1","ECR","standard","simple","logcor","-1.31341571570732"
"2212","12","3","truemodel_G3_rho1","ECR","standard","simple","logcor","-1.6476591252543"
"2213","13","3","truemodel_G3_rho1","ECR","standard","simple","logcor","-1.50688132410901"
"2214","14","3","truemodel_G3_rho1","ECR","standard","simple","logcor","-1.97977721856689"
"2215","15","3","truemodel_G3_rho1","ECR","standard","simple","logcor","-0.845832268225594"
"2216","16","3","truemodel_G3_rho1","ECR","standard","simple","logcor","-0.916540763129364"
"2217","17","3","truemodel_G3_rho1","ECR","standard","simple","logcor","-0.837710631751298"
"2218","18","3","truemodel_G3_rho1","ECR","standard","simple","logcor","-1.3653159547347"
"2219","19","3","truemodel_G3_rho1","ECR","standard","simple","logcor","-1.47185224948154"
"2220","20","3","truemodel_G3_rho1","ECR","standard","simple","logcor","-1.33484107953097"
"2221","21","3","truemodel_G3_rho1","ECR","standard","simple","logcor","-1.7441128157607"
"2222","22","3","truemodel_G3_rho1","ECR","standard","simple","logcor","-1.97472123090943"
"2223","23","3","truemodel_G3_rho1","ECR","standard","simple","logcor","-1.97977721856689"
"2224","24","3","truemodel_G3_rho1","ECR","standard","simple","logcor","-1.27546880603101"
"2225","25","3","truemodel_G3_rho1","ECR","standard","simple","logcor","-1.81400507817537"
"2226","26","3","truemodel_G3_rho1","ECR","standard","simple","logcor","-2.07624665078332"
"2227","27","3","truemodel_G3_rho1","ECR","standard","simple","logcor","-1.77372310674196"
"2228","28","3","truemodel_G3_rho1","ECR","standard","simple","logcor","-1.26443077336305"
"2229","29","3","truemodel_G3_rho1","ECR","standard","simple","logcor","-0.849333263749274"
"2230","30","3","truemodel_G3_rho1","ECR","standard","simple","logcor","-1.82635091399767"
"2231","31","3","truemodel_G3_rho1","ECR","standard","simple","logcor","-1.65391240253593"
"2232","32","3","truemodel_G3_rho1","ECR","standard","simple","logcor","-1.51140417216273"
"2233","33","3","truemodel_G3_rho1","ECR","standard","simple","logcor","-0.797841251674611"
"2234","34","3","truemodel_G3_rho1","ECR","standard","simple","logcor","-1.81584726475714"
"2235","35","3","truemodel_G3_rho1","ECR","standard","simple","logcor","-1.13538001286032"
"2236","36","3","truemodel_G3_rho1","ECR","standard","simple","logcor","-1.89778687387359"
"2237","37","3","truemodel_G3_rho1","ECR","standard","simple","logcor","-1.90448033929217"
"2238","38","3","truemodel_G3_rho1","ECR","standard","simple","logcor","-1.24618465313525"
"2239","39","3","truemodel_G3_rho1","ECR","standard","simple","logcor","-1.23994546478475"
"2240","40","3","truemodel_G3_rho1","ECR","standard","simple","logcor","-1.23580752784595"
"2241","41","3","truemodel_G3_rho1","ECR","standard","simple","logcor","-2.01215679487424"
"2242","42","3","truemodel_G3_rho1","ECR","standard","simple","logcor","-1.03817591986428"
"2243","43","3","truemodel_G3_rho1","ECR","standard","simple","logcor","-1.68523962585038"
"2244","44","3","truemodel_G3_rho1","ECR","standard","simple","logcor","-1.70100510595959"
"2245","45","3","truemodel_G3_rho1","ECR","standard","simple","logcor","-1.84073965144977"
"2246","46","3","truemodel_G3_rho1","ECR","standard","simple","logcor","-1.36257783450257"
"2247","47","3","truemodel_G3_rho1","ECR","standard","simple","logcor","-1.83258146374831"
"2248","48","3","truemodel_G3_rho1","ECR","standard","simple","logcor","-1.31007433520848"
"2249","49","3","truemodel_G3_rho1","ECR","standard","simple","logcor","-1.49165487677772"
"2250","50","3","truemodel_G3_rho1","ECR","standard","simple","logcor","-0.841415197229048"
"2251","1","3","truemodel_G3_rho0","ECR","standard","standard","logcor","-1.83885107676191"
"2252","2","3","truemodel_G3_rho0","ECR","standard","standard","logcor","-1.52371903703156"
"2253","3","3","truemodel_G3_rho0","ECR","standard","standard","logcor","-1.64402935720372"
"2254","4","3","truemodel_G3_rho0","ECR","standard","standard","logcor","-1.43590486167323"
"2255","5","3","truemodel_G3_rho0","ECR","standard","standard","logcor","-1.25071506687807"
"2256","6","3","truemodel_G3_rho0","ECR","standard","standard","logcor","-1.11779510808488"
"2257","7","3","truemodel_G3_rho0","ECR","standard","standard","logcor","-1.80849879323235"
"2258","8","3","truemodel_G3_rho0","ECR","standard","standard","logcor","-1.64402935720372"
"2259","9","3","truemodel_G3_rho0","ECR","standard","standard","logcor","-1.19072757757592"
"2260","10","3","truemodel_G3_rho0","ECR","standard","standard","logcor","-1.27618513843986"
"2261","11","3","truemodel_G3_rho0","ECR","standard","standard","logcor","-1.6019658975954"
"2262","12","3","truemodel_G3_rho0","ECR","standard","standard","logcor","-1.75388581679997"
"2263","13","3","truemodel_G3_rho0","ECR","standard","standard","logcor","-1.5255564284534"
"2264","14","3","truemodel_G3_rho0","ECR","standard","standard","logcor","-2.02571121925887"
"2265","15","3","truemodel_G3_rho0","ECR","standard","standard","logcor","-1.47098116928708"
"2266","16","3","truemodel_G3_rho0","ECR","standard","standard","logcor","-1.38909828845262"
"2267","17","3","truemodel_G3_rho0","ECR","standard","standard","logcor","-1.70100510595959"
"2268","18","3","truemodel_G3_rho0","ECR","standard","standard","logcor","-1.94911528000426"
"2269","19","3","truemodel_G3_rho0","ECR","standard","standard","logcor","-1.69772282730167"
"2270","20","3","truemodel_G3_rho0","ECR","standard","standard","logcor","-1.61093903856037"
"2271","21","3","truemodel_G3_rho0","ECR","standard","standard","logcor","-1.403643999455"
"2272","22","3","truemodel_G3_rho0","ECR","standard","standard","logcor","-1.35015531450402"
"2273","23","3","truemodel_G3_rho0","ECR","standard","standard","logcor","-1.79095978905749"
"2274","24","3","truemodel_G3_rho0","ECR","standard","standard","logcor","-1.98050159382493"
"2275","25","3","truemodel_G3_rho0","ECR","standard","standard","logcor","-0.95711272639441"
"2276","26","3","truemodel_G3_rho0","ECR","standard","standard","logcor","-2.04794287462046"
"2277","27","3","truemodel_G3_rho0","ECR","standard","standard","logcor","-1.35595916132382"
"2278","28","3","truemodel_G3_rho0","ECR","standard","standard","logcor","-1.80423699073917"
"2279","29","3","truemodel_G3_rho0","ECR","standard","standard","logcor","-1.25526609871349"
"2280","30","3","truemodel_G3_rho0","ECR","standard","standard","logcor","-1.43590486167323"
"2281","31","3","truemodel_G3_rho0","ECR","standard","standard","logcor","-1.36727635528413"
"2282","32","3","truemodel_G3_rho0","ECR","standard","standard","logcor","-1.07763388228292"
"2283","33","3","truemodel_G3_rho0","ECR","standard","standard","logcor","-1.40283032975999"
"2284","34","3","truemodel_G3_rho0","ECR","standard","standard","logcor","-1.18155920948904"
"2285","35","3","truemodel_G3_rho0","ECR","standard","standard","logcor","-1.46231184754381"
"2286","36","3","truemodel_G3_rho0","ECR","standard","standard","logcor","-0.738772358586221"
"2287","37","3","truemodel_G3_rho0","ECR","standard","standard","logcor","-1.4679383501604"
"2288","38","3","truemodel_G3_rho0","ECR","standard","standard","logcor","-1.33750419695046"
"2289","39","3","truemodel_G3_rho0","ECR","standard","standard","logcor","-1.00977757496762"
"2290","40","3","truemodel_G3_rho0","ECR","standard","standard","logcor","-1.38669444114123"
"2291","41","3","truemodel_G3_rho0","ECR","standard","standard","logcor","-1.83696606206613"
"2292","42","3","truemodel_G3_rho0","ECR","standard","standard","logcor","-1.91054300521802"
"2293","43","3","truemodel_G3_rho0","ECR","standard","standard","logcor","-1.20097729534614"
"2294","44","3","truemodel_G3_rho0","ECR","standard","standard","logcor","-0.70785480943222"
"2295","45","3","truemodel_G3_rho0","ECR","standard","standard","logcor","-1.15613547491178"
"2296","46","3","truemodel_G3_rho0","ECR","standard","standard","logcor","-1.01749323738332"
"2297","47","3","truemodel_G3_rho0","ECR","standard","standard","logcor","-1.17668194409003"
"2298","48","3","truemodel_G3_rho0","ECR","standard","standard","logcor","-1.59307255834784"
"2299","49","3","truemodel_G3_rho0","ECR","standard","standard","logcor","-1.20031284349445"
"2300","50","3","truemodel_G3_rho0","ECR","standard","standard","logcor","-1.30121818876477"
"2301","1","3","truemodel_G3_rho.5","ECR","standard","standard","logcor","-1.58085045558219"
"2302","2","3","truemodel_G3_rho.5","ECR","standard","standard","logcor","-1.51231120170338"
"2303","3","3","truemodel_G3_rho.5","ECR","standard","standard","logcor","-1.53665224270845"
"2304","4","3","truemodel_G3_rho.5","ECR","standard","standard","logcor","-1.29098418131557"
"2305","5","3","truemodel_G3_rho.5","ECR","standard","standard","logcor","-2.57965698633381"
"2306","6","3","truemodel_G3_rho.5","ECR","standard","standard","logcor","-2.11361899348142"
"2307","7","3","truemodel_G3_rho.5","ECR","standard","standard","logcor","-1.40527332771769"
"2308","8","3","truemodel_G3_rho.5","ECR","standard","standard","logcor","-1.58523322373728"
"2309","9","3","truemodel_G3_rho.5","ECR","standard","standard","logcor","-1.23237227884763"
"2310","10","3","truemodel_G3_rho.5","ECR","standard","standard","logcor","-1.63938178880717"
"2311","11","3","truemodel_G3_rho.5","ECR","standard","standard","logcor","-1.18221131254442"
"2312","12","3","truemodel_G3_rho.5","ECR","standard","standard","logcor","-1.05096563520076"
"2313","13","3","truemodel_G3_rho.5","ECR","standard","standard","logcor","-1.90380897303668"
"2314","14","3","truemodel_G3_rho.5","ECR","standard","standard","logcor","-1.06160556303901"
"2315","15","3","truemodel_G3_rho.5","ECR","standard","standard","logcor","-1.82635091399767"
"2316","16","3","truemodel_G3_rho.5","ECR","standard","standard","logcor","-1.91121890926538"
"2317","17","3","truemodel_G3_rho.5","ECR","standard","standard","logcor","-0.926088574354266"
"2318","18","3","truemodel_G3_rho.5","ECR","standard","standard","logcor","-1.23031677966554"
"2319","19","3","truemodel_G3_rho.5","ECR","standard","standard","logcor","-1.94142024378246"
"2320","20","3","truemodel_G3_rho.5","ECR","standard","standard","logcor","-1.56781623774328"
"2321","21","3","truemodel_G3_rho.5","ECR","standard","standard","logcor","-1.4032370818502"
"2322","22","3","truemodel_G3_rho.5","ECR","standard","standard","logcor","-2.01665455358107"
"2323","23","3","truemodel_G3_rho.5","ECR","standard","standard","logcor","-0.870123051029148"
"2324","24","3","truemodel_G3_rho.5","ECR","standard","standard","logcor","-2.00248050054371"
"2325","25","3","truemodel_G3_rho.5","ECR","standard","standard","logcor","-1.93724777597666"
"2326","26","3","truemodel_G3_rho.5","ECR","standard","standard","logcor","-1.67450990917782"
"2327","27","3","truemodel_G3_rho.5","ECR","standard","standard","logcor","-1.50058350752202"
"2328","28","3","truemodel_G3_rho.5","ECR","standard","standard","logcor","-1.39110591811711"
"2329","29","3","truemodel_G3_rho.5","ECR","standard","standard","logcor","-1.61194104265222"
"2330","30","3","truemodel_G3_rho.5","ECR","standard","standard","logcor","-1.78141317717391"
"2331","31","3","truemodel_G3_rho.5","ECR","standard","standard","logcor","-1.43380534379094"
"2332","32","3","truemodel_G3_rho.5","ECR","standard","standard","logcor","-1.29791725050248"
"2333","33","3","truemodel_G3_rho.5","ECR","standard","standard","logcor","-1.31192927916458"
"2334","34","3","truemodel_G3_rho.5","ECR","standard","standard","logcor","-0.851674088788183"
"2335","35","3","truemodel_G3_rho.5","ECR","standard","standard","logcor","-0.930896884263517"
"2336","36","3","truemodel_G3_rho.5","ECR","standard","standard","logcor","-1.03676488534203"
"2337","37","3","truemodel_G3_rho.5","ECR","standard","standard","logcor","-1.14476094469409"
"2338","38","3","truemodel_G3_rho.5","ECR","standard","standard","logcor","-1.30970375895818"
"2339","39","3","truemodel_G3_rho.5","ECR","standard","standard","logcor","-1.59061615819351"
"2340","40","3","truemodel_G3_rho.5","ECR","standard","standard","logcor","-1.22553698224178"
"2341","41","3","truemodel_G3_rho.5","ECR","standard","standard","logcor","-2.17068002211411"
"2342","42","3","truemodel_G3_rho.5","ECR","standard","standard","logcor","-0.988055298103466"
"2343","43","3","truemodel_G3_rho.5","ECR","standard","standard","logcor","-1.61696617885489"
"2344","44","3","truemodel_G3_rho.5","ECR","standard","standard","logcor","-1.06160556303901"
"2345","45","3","truemodel_G3_rho.5","ECR","standard","standard","logcor","-1.23134400112207"
"2346","46","3","truemodel_G3_rho.5","ECR","standard","standard","logcor","-1.48060504059113"
"2347","47","3","truemodel_G3_rho.5","ECR","standard","standard","logcor","-1.48148454812364"
"2348","48","3","truemodel_G3_rho.5","ECR","standard","standard","logcor","-0.990475630063532"
"2349","49","3","truemodel_G3_rho.5","ECR","standard","standard","logcor","-1.36218728577666"
"2350","50","3","truemodel_G3_rho.5","ECR","standard","standard","logcor","-1.72765854382153"
"2351","1","3","truemodel_G3_rho1","ECR","standard","standard","logcor","-1.69663112413648"
"2352","2","3","truemodel_G3_rho1","ECR","standard","standard","logcor","-1.4200579912727"
"2353","3","3","truemodel_G3_rho1","ECR","standard","standard","logcor","-1.86626752140312"
"2354","4","3","truemodel_G3_rho1","ECR","standard","standard","logcor","-0.962596484750667"
"2355","5","3","truemodel_G3_rho1","ECR","standard","standard","logcor","-1.15074804308864"
"2356","6","3","truemodel_G3_rho1","ECR","standard","standard","logcor","-1.86110954736285"
"2357","7","3","truemodel_G3_rho1","ECR","standard","standard","logcor","-1.59998275366335"
"2358","8","3","truemodel_G3_rho1","ECR","standard","standard","logcor","-1.34323487165944"
"2359","9","3","truemodel_G3_rho1","ECR","standard","standard","logcor","-1.36453286933838"
"2360","10","3","truemodel_G3_rho1","ECR","standard","standard","logcor","-2.2182439445603"
"2361","11","3","truemodel_G3_rho1","ECR","standard","standard","logcor","-1.31341571570732"
"2362","12","3","truemodel_G3_rho1","ECR","standard","standard","logcor","-1.6476591252543"
"2363","13","3","truemodel_G3_rho1","ECR","standard","standard","logcor","-1.50688132410901"
"2364","14","3","truemodel_G3_rho1","ECR","standard","standard","logcor","-1.97977721856689"
"2365","15","3","truemodel_G3_rho1","ECR","standard","standard","logcor","-0.845832268225594"
"2366","16","3","truemodel_G3_rho1","ECR","standard","standard","logcor","-0.916540763129364"
"2367","17","3","truemodel_G3_rho1","ECR","standard","standard","logcor","-0.837710631751298"
"2368","18","3","truemodel_G3_rho1","ECR","standard","standard","logcor","-1.3653159547347"
"2369","19","3","truemodel_G3_rho1","ECR","standard","standard","logcor","-1.47185224948154"
"2370","20","3","truemodel_G3_rho1","ECR","standard","standard","logcor","-1.33484107953097"
"2371","21","3","truemodel_G3_rho1","ECR","standard","standard","logcor","-1.7441128157607"
"2372","22","3","truemodel_G3_rho1","ECR","standard","standard","logcor","-1.97472123090943"
"2373","23","3","truemodel_G3_rho1","ECR","standard","standard","logcor","-1.97977721856689"
"2374","24","3","truemodel_G3_rho1","ECR","standard","standard","logcor","-1.27546880603101"
"2375","25","3","truemodel_G3_rho1","ECR","standard","standard","logcor","-1.81400507817537"
"2376","26","3","truemodel_G3_rho1","ECR","standard","standard","logcor","-2.07624665078332"
"2377","27","3","truemodel_G3_rho1","ECR","standard","standard","logcor","-1.77372310674196"
"2378","28","3","truemodel_G3_rho1","ECR","standard","standard","logcor","-1.26443077336305"
"2379","29","3","truemodel_G3_rho1","ECR","standard","standard","logcor","-0.849333263749274"
"2380","30","3","truemodel_G3_rho1","ECR","standard","standard","logcor","-1.82635091399767"
"2381","31","3","truemodel_G3_rho1","ECR","standard","standard","logcor","-1.65391240253593"
"2382","32","3","truemodel_G3_rho1","ECR","standard","standard","logcor","-1.51140417216273"
"2383","33","3","truemodel_G3_rho1","ECR","standard","standard","logcor","-0.797841251674611"
"2384","34","3","truemodel_G3_rho1","ECR","standard","standard","logcor","-1.81584726475714"
"2385","35","3","truemodel_G3_rho1","ECR","standard","standard","logcor","-1.13538001286032"
"2386","36","3","truemodel_G3_rho1","ECR","standard","standard","logcor","-1.89778687387359"
"2387","37","3","truemodel_G3_rho1","ECR","standard","standard","logcor","-1.90448033929217"
"2388","38","3","truemodel_G3_rho1","ECR","standard","standard","logcor","-1.24618465313525"
"2389","39","3","truemodel_G3_rho1","ECR","standard","standard","logcor","-1.23994546478475"
"2390","40","3","truemodel_G3_rho1","ECR","standard","standard","logcor","-1.23580752784595"
"2391","41","3","truemodel_G3_rho1","ECR","standard","standard","logcor","-2.01215679487424"
"2392","42","3","truemodel_G3_rho1","ECR","standard","standard","logcor","-1.03817591986428"
"2393","43","3","truemodel_G3_rho1","ECR","standard","standard","logcor","-1.68523962585038"
"2394","44","3","truemodel_G3_rho1","ECR","standard","standard","logcor","-1.70100510595959"
"2395","45","3","truemodel_G3_rho1","ECR","standard","standard","logcor","-1.84073965144977"
"2396","46","3","truemodel_G3_rho1","ECR","standard","standard","logcor","-1.36257783450257"
"2397","47","3","truemodel_G3_rho1","ECR","standard","standard","logcor","-1.83258146374831"
"2398","48","3","truemodel_G3_rho1","ECR","standard","standard","logcor","-1.31007433520848"
"2399","49","3","truemodel_G3_rho1","ECR","standard","standard","logcor","-1.49165487677772"
"2400","50","3","truemodel_G3_rho1","ECR","standard","standard","logcor","-0.841415197229048"
"2401","1","3","truemodel_G3_rho0","ECR","standard","mc","permlen","-20.2391929465124"
"2402","2","3","truemodel_G3_rho0","ECR","standard","mc","permlen","-14.2155096763031"
"2403","3","3","truemodel_G3_rho0","ECR","standard","mc","permlen","-20.8543401162375"
"2404","4","3","truemodel_G3_rho0","ECR","standard","mc","permlen","-17.6773678126004"
"2405","5","3","truemodel_G3_rho0","ECR","standard","mc","permlen","-21.3150257595503"
"2406","6","3","truemodel_G3_rho0","ECR","standard","mc","permlen","-7.71850936410914"
"2407","7","3","truemodel_G3_rho0","ECR","standard","mc","permlen","-15.0708992003788"
"2408","8","3","truemodel_G3_rho0","ECR","standard","mc","permlen","-12.803173023835"
"2409","9","3","truemodel_G3_rho0","ECR","standard","mc","permlen","-35.6558052859099"
"2410","10","3","truemodel_G3_rho0","ECR","standard","mc","permlen","-39.5587897584256"
"2411","11","3","truemodel_G3_rho0","ECR","standard","mc","permlen","-9.26106482216537"
"2412","12","3","truemodel_G3_rho0","ECR","standard","mc","permlen","-25.2074914610525"
"2413","13","3","truemodel_G3_rho0","ECR","standard","mc","permlen","-14.7470175582011"
"2414","14","3","truemodel_G3_rho0","ECR","standard","mc","permlen","-14.9428782837664"
"2415","15","3","truemodel_G3_rho0","ECR","standard","mc","permlen","-11.6359976578687"
"2416","16","3","truemodel_G3_rho0","ECR","standard","mc","permlen","-22.4393686307037"
"2417","17","3","truemodel_G3_rho0","ECR","standard","mc","permlen","-13.5468372322672"
"2418","18","3","truemodel_G3_rho0","ECR","standard","mc","permlen","-11.2531856060811"
"2419","19","3","truemodel_G3_rho0","ECR","standard","mc","permlen","-19.8599882453267"
"2420","20","3","truemodel_G3_rho0","ECR","standard","mc","permlen","-12.9332653120763"
"2421","21","3","truemodel_G3_rho0","ECR","standard","mc","permlen","-11.7764200345119"
"2422","22","3","truemodel_G3_rho0","ECR","standard","mc","permlen","-19.5417453684371"
"2423","23","3","truemodel_G3_rho0","ECR","standard","mc","permlen","-5.29443138279876"
"2424","24","3","truemodel_G3_rho0","ECR","standard","mc","permlen","-12.0052316095214"
"2425","25","3","truemodel_G3_rho0","ECR","standard","mc","permlen","-19.5456637328765"
"2426","26","3","truemodel_G3_rho0","ECR","standard","mc","permlen","-18.3953423509546"
"2427","27","3","truemodel_G3_rho0","ECR","standard","mc","permlen","-9.04908668365535"
"2428","28","3","truemodel_G3_rho0","ECR","standard","mc","permlen","-14.0484604107211"
"2429","29","3","truemodel_G3_rho0","ECR","standard","mc","permlen","-19.6804268189371"
"2430","30","3","truemodel_G3_rho0","ECR","standard","mc","permlen","-12.0554585204735"
"2431","31","3","truemodel_G3_rho0","ECR","standard","mc","permlen","-11.484277906077"
"2432","32","3","truemodel_G3_rho0","ECR","standard","mc","permlen","-9.80140086876014"
"2433","33","3","truemodel_G3_rho0","ECR","standard","mc","permlen","-10.1951781175719"
"2434","34","3","truemodel_G3_rho0","ECR","standard","mc","permlen","-21.4316846406004"
"2435","35","3","truemodel_G3_rho0","ECR","standard","mc","permlen","-14.5040296793606"
"2436","36","3","truemodel_G3_rho0","ECR","standard","mc","permlen","-19.2562987909205"
"2437","37","3","truemodel_G3_rho0","ECR","standard","mc","permlen","-15.7985110772218"
"2438","38","3","truemodel_G3_rho0","ECR","standard","mc","permlen","-20.2080906161841"
"2439","39","3","truemodel_G3_rho0","ECR","standard","mc","permlen","-12.5457322133741"
"2440","40","3","truemodel_G3_rho0","ECR","standard","mc","permlen","-15.6066753197011"
"2441","41","3","truemodel_G3_rho0","ECR","standard","mc","permlen","-0.370199319624593"
"2442","42","3","truemodel_G3_rho0","ECR","standard","mc","permlen","-16.2410421559713"
"2443","43","3","truemodel_G3_rho0","ECR","standard","mc","permlen","-29.1330179650867"
"2444","44","3","truemodel_G3_rho0","ECR","standard","mc","permlen","-27.1824125259991"
"2445","45","3","truemodel_G3_rho0","ECR","standard","mc","permlen","-23.495499823205"
"2446","46","3","truemodel_G3_rho0","ECR","standard","mc","permlen","-14.8172071132183"
"2447","47","3","truemodel_G3_rho0","ECR","standard","mc","permlen","-14.7520927241293"
"2448","48","3","truemodel_G3_rho0","ECR","standard","mc","permlen","-14.8848182471359"
"2449","49","3","truemodel_G3_rho0","ECR","standard","mc","permlen","-31.3852566763334"
"2450","50","3","truemodel_G3_rho0","ECR","standard","mc","permlen","-17.6311053654087"
"2451","1","3","truemodel_G3_rho.5","ECR","standard","mc","permlen","-10.9025410457"
"2452","2","3","truemodel_G3_rho.5","ECR","standard","mc","permlen","-6.46805698288613"
"2453","3","3","truemodel_G3_rho.5","ECR","standard","mc","permlen","-8.74299756115852"
"2454","4","3","truemodel_G3_rho.5","ECR","standard","mc","permlen","-7.86830693490352"
"2455","5","3","truemodel_G3_rho.5","ECR","standard","mc","permlen","-7.54662027071755"
"2456","6","3","truemodel_G3_rho.5","ECR","standard","mc","permlen","-3.60333004593546"
"2457","7","3","truemodel_G3_rho.5","ECR","standard","mc","permlen","-8.21673738171225"
"2458","8","3","truemodel_G3_rho.5","ECR","standard","mc","permlen","-6.6840498275975"
"2459","9","3","truemodel_G3_rho.5","ECR","standard","mc","permlen","-18.7863892591384"
"2460","10","3","truemodel_G3_rho.5","ECR","standard","mc","permlen","-19.6761552753935"
"2461","11","3","truemodel_G3_rho.5","ECR","standard","mc","permlen","-4.33125448836085"
"2462","12","3","truemodel_G3_rho.5","ECR","standard","mc","permlen","-12.0454547454899"
"2463","13","3","truemodel_G3_rho.5","ECR","standard","mc","permlen","-7.48156156603078"
"2464","14","3","truemodel_G3_rho.5","ECR","standard","mc","permlen","-9.96826765232175"
"2465","15","3","truemodel_G3_rho.5","ECR","standard","mc","permlen","-3.17733927410974"
"2466","16","3","truemodel_G3_rho.5","ECR","standard","mc","permlen","-11.0527234819704"
"2467","17","3","truemodel_G3_rho.5","ECR","standard","mc","permlen","-6.78552160930896"
"2468","18","3","truemodel_G3_rho.5","ECR","standard","mc","permlen","-5.68270884954264"
"2469","19","3","truemodel_G3_rho.5","ECR","standard","mc","permlen","-9.9335777915971"
"2470","20","3","truemodel_G3_rho.5","ECR","standard","mc","permlen","-6.77802465290192"
"2471","21","3","truemodel_G3_rho.5","ECR","standard","mc","permlen","-6.53542814056581"
"2472","22","3","truemodel_G3_rho.5","ECR","standard","mc","permlen","-11.1878546687304"
"2473","23","3","truemodel_G3_rho.5","ECR","standard","mc","permlen","-2.33168034470262"
"2474","24","3","truemodel_G3_rho.5","ECR","standard","mc","permlen","-6.19092079879308"
"2475","25","3","truemodel_G3_rho.5","ECR","standard","mc","permlen","-10.0309982655623"
"2476","26","3","truemodel_G3_rho.5","ECR","standard","mc","permlen","-8.67146474584335"
"2477","27","3","truemodel_G3_rho.5","ECR","standard","mc","permlen","-4.63497521187895"
"2478","28","3","truemodel_G3_rho.5","ECR","standard","mc","permlen","-8.68196991523352"
"2479","29","3","truemodel_G3_rho.5","ECR","standard","mc","permlen","-6.87376928168087"
"2480","30","3","truemodel_G3_rho.5","ECR","standard","mc","permlen","-6.22640205242789"
"2481","31","3","truemodel_G3_rho.5","ECR","standard","mc","permlen","-6.86874456097328"
"2482","32","3","truemodel_G3_rho.5","ECR","standard","mc","permlen","-4.33689773700276"
"2483","33","3","truemodel_G3_rho.5","ECR","standard","mc","permlen","-5.00967107223905"
"2484","34","3","truemodel_G3_rho.5","ECR","standard","mc","permlen","-10.5594750800577"
"2485","35","3","truemodel_G3_rho.5","ECR","standard","mc","permlen","-4.51814606740627"
"2486","36","3","truemodel_G3_rho.5","ECR","standard","mc","permlen","-9.4790534564952"
"2487","37","3","truemodel_G3_rho.5","ECR","standard","mc","permlen","-7.01964106997167"
"2488","38","3","truemodel_G3_rho.5","ECR","standard","mc","permlen","-9.73139116907139"
"2489","39","3","truemodel_G3_rho.5","ECR","standard","mc","permlen","-4.96502723060894"
"2490","40","3","truemodel_G3_rho.5","ECR","standard","mc","permlen","-7.15534072586622"
"2491","41","3","truemodel_G3_rho.5","ECR","standard","mc","permlen","-0.31766956854533"
"2492","42","3","truemodel_G3_rho.5","ECR","standard","mc","permlen","-8.91715379424806"
"2493","43","3","truemodel_G3_rho.5","ECR","standard","mc","permlen","-13.4344002594593"
"2494","44","3","truemodel_G3_rho.5","ECR","standard","mc","permlen","-13.279836270291"
"2495","45","3","truemodel_G3_rho.5","ECR","standard","mc","permlen","-10.9462974731523"
"2496","46","3","truemodel_G3_rho.5","ECR","standard","mc","permlen","-8.67492572249876"
"2497","47","3","truemodel_G3_rho.5","ECR","standard","mc","permlen","-9.23657029030502"
"2498","48","3","truemodel_G3_rho.5","ECR","standard","mc","permlen","-10.357471566255"
"2499","49","3","truemodel_G3_rho.5","ECR","standard","mc","permlen","-15.5740484271025"
"2500","50","3","truemodel_G3_rho.5","ECR","standard","mc","permlen","-6.1225739307276"
"2501","1","3","truemodel_G3_rho1","ECR","standard","mc","permlen","-5.0490617727371"
"2502","2","3","truemodel_G3_rho1","ECR","standard","mc","permlen","-3.14802714241956"
"2503","3","3","truemodel_G3_rho1","ECR","standard","mc","permlen","-3.23920706197518"
"2504","4","3","truemodel_G3_rho1","ECR","standard","mc","permlen","-3.45824706595749"
"2505","5","3","truemodel_G3_rho1","ECR","standard","mc","permlen","-3.26756223403551"
"2506","6","3","truemodel_G3_rho1","ECR","standard","mc","permlen","-2.09657981077834"
"2507","7","3","truemodel_G3_rho1","ECR","standard","mc","permlen","-2.54711143597826"
"2508","8","3","truemodel_G3_rho1","ECR","standard","mc","permlen","-2.00021533712297"
"2509","9","3","truemodel_G3_rho1","ECR","standard","mc","permlen","-8.86321058069285"
"2510","10","3","truemodel_G3_rho1","ECR","standard","mc","permlen","-7.19180864430468"
"2511","11","3","truemodel_G3_rho1","ECR","standard","mc","permlen","-1.60263243143794"
"2512","12","3","truemodel_G3_rho1","ECR","standard","mc","permlen","-3.85220620663611"
"2513","13","3","truemodel_G3_rho1","ECR","standard","mc","permlen","-2.36528891810893"
"2514","14","3","truemodel_G3_rho1","ECR","standard","mc","permlen","-4.44068529155226"
"2515","15","3","truemodel_G3_rho1","ECR","standard","mc","permlen","-2.18538109451395"
"2516","16","3","truemodel_G3_rho1","ECR","standard","mc","permlen","-5.51672838418729"
"2517","17","3","truemodel_G3_rho1","ECR","standard","mc","permlen","-2.89479961840625"
"2518","18","3","truemodel_G3_rho1","ECR","standard","mc","permlen","-2.56050270935503"
"2519","19","3","truemodel_G3_rho1","ECR","standard","mc","permlen","-2.99949412703333"
"2520","20","3","truemodel_G3_rho1","ECR","standard","mc","permlen","-2.02712780656984"
"2521","21","3","truemodel_G3_rho1","ECR","standard","mc","permlen","-2.78589431062786"
"2522","22","3","truemodel_G3_rho1","ECR","standard","mc","permlen","-3.57601073794824"
"2523","23","3","truemodel_G3_rho1","ECR","standard","mc","permlen","-1.64259545745723"
"2524","24","3","truemodel_G3_rho1","ECR","standard","mc","permlen","-2.45938822397498"
"2525","25","3","truemodel_G3_rho1","ECR","standard","mc","permlen","-4.13599272052116"
"2526","26","3","truemodel_G3_rho1","ECR","standard","mc","permlen","-2.60928950478771"
"2527","27","3","truemodel_G3_rho1","ECR","standard","mc","permlen","-2.20268519675915"
"2528","28","3","truemodel_G3_rho1","ECR","standard","mc","permlen","-5.1109347903156"
"2529","29","3","truemodel_G3_rho1","ECR","standard","mc","permlen","-2.54923027637044"
"2530","30","3","truemodel_G3_rho1","ECR","standard","mc","permlen","-2.45024175705136"
"2531","31","3","truemodel_G3_rho1","ECR","standard","mc","permlen","-2.92628034153117"
"2532","32","3","truemodel_G3_rho1","ECR","standard","mc","permlen","-2.08751428486111"
"2533","33","3","truemodel_G3_rho1","ECR","standard","mc","permlen","-2.41612551607545"
"2534","34","3","truemodel_G3_rho1","ECR","standard","mc","permlen","-3.43835084395558"
"2535","35","3","truemodel_G3_rho1","ECR","standard","mc","permlen","-1.78129300422328"
"2536","36","3","truemodel_G3_rho1","ECR","standard","mc","permlen","-3.59875340078976"
"2537","37","3","truemodel_G3_rho1","ECR","standard","mc","permlen","-2.7570388589625"
"2538","38","3","truemodel_G3_rho1","ECR","standard","mc","permlen","-3.58810184638549"
"2539","39","3","truemodel_G3_rho1","ECR","standard","mc","permlen","-1.89769139090536"
"2540","40","3","truemodel_G3_rho1","ECR","standard","mc","permlen","-2.69478582773219"
"2541","41","3","truemodel_G3_rho1","ECR","standard","mc","permlen","-0.84334261349504"
"2542","42","3","truemodel_G3_rho1","ECR","standard","mc","permlen","-6.03781189317621"
"2543","43","3","truemodel_G3_rho1","ECR","standard","mc","permlen","-7.11752804184943"
"2544","44","3","truemodel_G3_rho1","ECR","standard","mc","permlen","-4.06332839421219"
"2545","45","3","truemodel_G3_rho1","ECR","standard","mc","permlen","-3.5147804460515"
"2546","46","3","truemodel_G3_rho1","ECR","standard","mc","permlen","-3.58601528083658"
"2547","47","3","truemodel_G3_rho1","ECR","standard","mc","permlen","-4.64592328672902"
"2548","48","3","truemodel_G3_rho1","ECR","standard","mc","permlen","-5.31103114088774"
"2549","49","3","truemodel_G3_rho1","ECR","standard","mc","permlen","-4.75859082491441"
"2550","50","3","truemodel_G3_rho1","ECR","standard","mc","permlen","-2.26307849600592"
"2551","1","3","truemodel_G3_rho0","ECR","standard","bridge","permlen","-1.33816474439657"
"2552","2","3","truemodel_G3_rho0","ECR","standard","bridge","permlen","-1.11905084829286"
"2553","3","3","truemodel_G3_rho0","ECR","standard","bridge","permlen","-1.49119808245025"
"2554","4","3","truemodel_G3_rho0","ECR","standard","bridge","permlen","-1.3919642554943"
"2555","5","3","truemodel_G3_rho0","ECR","standard","bridge","permlen","-1.33132741224107"
"2556","6","3","truemodel_G3_rho0","ECR","standard","bridge","permlen","-1.18684165372133"
"2557","7","3","truemodel_G3_rho0","ECR","standard","bridge","permlen","-1.16181036470151"
"2558","8","3","truemodel_G3_rho0","ECR","standard","bridge","permlen","-1.13985999288519"
"2559","9","3","truemodel_G3_rho0","ECR","standard","bridge","permlen","-1.58361871749479"
"2560","10","3","truemodel_G3_rho0","ECR","standard","bridge","permlen","-1.09772344780366"
"2561","11","3","truemodel_G3_rho0","ECR","standard","bridge","permlen","-1.20497414457247"
"2562","12","3","truemodel_G3_rho0","ECR","standard","bridge","permlen","-1.26191636163876"
"2563","13","3","truemodel_G3_rho0","ECR","standard","bridge","permlen","-1.11768014784458"
"2564","14","3","truemodel_G3_rho0","ECR","standard","bridge","permlen","-1.21193729279048"
"2565","15","3","truemodel_G3_rho0","ECR","standard","bridge","permlen","-1.38536950004091"
"2566","16","3","truemodel_G3_rho0","ECR","standard","bridge","permlen","-1.2391184829554"
"2567","17","3","truemodel_G3_rho0","ECR","standard","bridge","permlen","-1.22075179914228"
"2568","18","3","truemodel_G3_rho0","ECR","standard","bridge","permlen","-1.13078388412938"
"2569","19","3","truemodel_G3_rho0","ECR","standard","bridge","permlen","-1.12979152291171"
"2570","20","3","truemodel_G3_rho0","ECR","standard","bridge","permlen","-1.11469864580603"
"2571","21","3","truemodel_G3_rho0","ECR","standard","bridge","permlen","-1.11100940126626"
"2572","22","3","truemodel_G3_rho0","ECR","standard","bridge","permlen","-1.181535740316"
"2573","23","3","truemodel_G3_rho0","ECR","standard","bridge","permlen","-1.1168540294852"
"2574","24","3","truemodel_G3_rho0","ECR","standard","bridge","permlen","-1.13804644876115"
"2575","25","3","truemodel_G3_rho0","ECR","standard","bridge","permlen","-1.1322747865506"
"2576","26","3","truemodel_G3_rho0","ECR","standard","bridge","permlen","-1.16074748877875"
"2577","27","3","truemodel_G3_rho0","ECR","standard","bridge","permlen","-1.21635114913153"
"2578","28","3","truemodel_G3_rho0","ECR","standard","bridge","permlen","-1.21578773572405"
"2579","29","3","truemodel_G3_rho0","ECR","standard","bridge","permlen","-1.34527822145091"
"2580","30","3","truemodel_G3_rho0","ECR","standard","bridge","permlen","-1.32976338138513"
"2581","31","3","truemodel_G3_rho0","ECR","standard","bridge","permlen","-1.26736275600516"
"2582","32","3","truemodel_G3_rho0","ECR","standard","bridge","permlen","-1.16572755178806"
"2583","33","3","truemodel_G3_rho0","ECR","standard","bridge","permlen","-1.38110361959679"
"2584","34","3","truemodel_G3_rho0","ECR","standard","bridge","permlen","-1.22415973890602"
"2585","35","3","truemodel_G3_rho0","ECR","standard","bridge","permlen","-1.25515938549778"
"2586","36","3","truemodel_G3_rho0","ECR","standard","bridge","permlen","-1.20322094614779"
"2587","37","3","truemodel_G3_rho0","ECR","standard","bridge","permlen","-1.19913820101407"
"2588","38","3","truemodel_G3_rho0","ECR","standard","bridge","permlen","-1.22216973564358"
"2589","39","3","truemodel_G3_rho0","ECR","standard","bridge","permlen","-1.22030680786145"
"2590","40","3","truemodel_G3_rho0","ECR","standard","bridge","permlen","-1.15778270515639"
"2591","41","3","truemodel_G3_rho0","ECR","standard","bridge","permlen","-1.11890058030889"
"2592","42","3","truemodel_G3_rho0","ECR","standard","bridge","permlen","-1.31849723482804"
"2593","43","3","truemodel_G3_rho0","ECR","standard","bridge","permlen","-1.7380353907593"
"2594","44","3","truemodel_G3_rho0","ECR","standard","bridge","permlen","-1.18059060154825"
"2595","45","3","truemodel_G3_rho0","ECR","standard","bridge","permlen","-1.17870150449956"
"2596","46","3","truemodel_G3_rho0","ECR","standard","bridge","permlen","-1.37371496629266"
"2597","47","3","truemodel_G3_rho0","ECR","standard","bridge","permlen","-1.19525908813349"
"2598","48","3","truemodel_G3_rho0","ECR","standard","bridge","permlen","-1.13463216947883"
"2599","49","3","truemodel_G3_rho0","ECR","standard","bridge","permlen","-1.20628498058083"
"2600","50","3","truemodel_G3_rho0","ECR","standard","bridge","permlen","-1.2497041717979"
"2601","1","3","truemodel_G3_rho.5","ECR","standard","bridge","permlen","-1.25484793257566"
"2602","2","3","truemodel_G3_rho.5","ECR","standard","bridge","permlen","-1.35806778717708"
"2603","3","3","truemodel_G3_rho.5","ECR","standard","bridge","permlen","-1.21220348158759"
"2604","4","3","truemodel_G3_rho.5","ECR","standard","bridge","permlen","-1.29422159270268"
"2605","5","3","truemodel_G3_rho.5","ECR","standard","bridge","permlen","-1.5186173873654"
"2606","6","3","truemodel_G3_rho.5","ECR","standard","bridge","permlen","-1.13802935064674"
"2607","7","3","truemodel_G3_rho.5","ECR","standard","bridge","permlen","-1.13095338847175"
"2608","8","3","truemodel_G3_rho.5","ECR","standard","bridge","permlen","-1.35803821474394"
"2609","9","3","truemodel_G3_rho.5","ECR","standard","bridge","permlen","-1.16792334333868"
"2610","10","3","truemodel_G3_rho.5","ECR","standard","bridge","permlen","-1.09913084083959"
"2611","11","3","truemodel_G3_rho.5","ECR","standard","bridge","permlen","-1.24144757639039"
"2612","12","3","truemodel_G3_rho.5","ECR","standard","bridge","permlen","-1.39004978642171"
"2613","13","3","truemodel_G3_rho.5","ECR","standard","bridge","permlen","-1.18150496007038"
"2614","14","3","truemodel_G3_rho.5","ECR","standard","bridge","permlen","-1.33424481155525"
"2615","15","3","truemodel_G3_rho.5","ECR","standard","bridge","permlen","-1.16784082224539"
"2616","16","3","truemodel_G3_rho.5","ECR","standard","bridge","permlen","-1.13610573118238"
"2617","17","3","truemodel_G3_rho.5","ECR","standard","bridge","permlen","-1.1243994740868"
"2618","18","3","truemodel_G3_rho.5","ECR","standard","bridge","permlen","-1.13216729200634"
"2619","19","3","truemodel_G3_rho.5","ECR","standard","bridge","permlen","-1.31143535357126"
"2620","20","3","truemodel_G3_rho.5","ECR","standard","bridge","permlen","-1.17520608607533"
"2621","21","3","truemodel_G3_rho.5","ECR","standard","bridge","permlen","-1.34042785884478"
"2622","22","3","truemodel_G3_rho.5","ECR","standard","bridge","permlen","-1.28630598974181"
"2623","23","3","truemodel_G3_rho.5","ECR","standard","bridge","permlen","-1.20392703430531"
"2624","24","3","truemodel_G3_rho.5","ECR","standard","bridge","permlen","-1.2274644981823"
"2625","25","3","truemodel_G3_rho.5","ECR","standard","bridge","permlen","-1.17778055278012"
"2626","26","3","truemodel_G3_rho.5","ECR","standard","bridge","permlen","-1.14690488272437"
"2627","27","3","truemodel_G3_rho.5","ECR","standard","bridge","permlen","-1.13535138868872"
"2628","28","3","truemodel_G3_rho.5","ECR","standard","bridge","permlen","-1.19998375910082"
"2629","29","3","truemodel_G3_rho.5","ECR","standard","bridge","permlen","-1.43843179434121"
"2630","30","3","truemodel_G3_rho.5","ECR","standard","bridge","permlen","-1.28636329514074"
"2631","31","3","truemodel_G3_rho.5","ECR","standard","bridge","permlen","-1.25249179397353"
"2632","32","3","truemodel_G3_rho.5","ECR","standard","bridge","permlen","-1.24883259926906"
"2633","33","3","truemodel_G3_rho.5","ECR","standard","bridge","permlen","-1.28753399011159"
"2634","34","3","truemodel_G3_rho.5","ECR","standard","bridge","permlen","-1.33034606781111"
"2635","35","3","truemodel_G3_rho.5","ECR","standard","bridge","permlen","-1.33258264595344"
"2636","36","3","truemodel_G3_rho.5","ECR","standard","bridge","permlen","-1.2143553474329"
"2637","37","3","truemodel_G3_rho.5","ECR","standard","bridge","permlen","-1.17811575072025"
"2638","38","3","truemodel_G3_rho.5","ECR","standard","bridge","permlen","-1.31653514491296"
"2639","39","3","truemodel_G3_rho.5","ECR","standard","bridge","permlen","-1.1843576123435"
"2640","40","3","truemodel_G3_rho.5","ECR","standard","bridge","permlen","-1.15300128592421"
"2641","41","3","truemodel_G3_rho.5","ECR","standard","bridge","permlen","-0.798443569941096"
"2642","42","3","truemodel_G3_rho.5","ECR","standard","bridge","permlen","-1.15477384905434"
"2643","43","3","truemodel_G3_rho.5","ECR","standard","bridge","permlen","-1.20283384270745"
"2644","44","3","truemodel_G3_rho.5","ECR","standard","bridge","permlen","-1.26189719806089"
"2645","45","3","truemodel_G3_rho.5","ECR","standard","bridge","permlen","-1.23455192463773"
"2646","46","3","truemodel_G3_rho.5","ECR","standard","bridge","permlen","-1.10606339601885"
"2647","47","3","truemodel_G3_rho.5","ECR","standard","bridge","permlen","-1.13185725319932"
"2648","48","3","truemodel_G3_rho.5","ECR","standard","bridge","permlen","-1.26606835855793"
"2649","49","3","truemodel_G3_rho.5","ECR","standard","bridge","permlen","-1.36751426516662"
"2650","50","3","truemodel_G3_rho.5","ECR","standard","bridge","permlen","-1.18413623361317"
"2651","1","3","truemodel_G3_rho1","ECR","standard","bridge","permlen","-1.25667948494749"
"2652","2","3","truemodel_G3_rho1","ECR","standard","bridge","permlen","-1.29145944716537"
"2653","3","3","truemodel_G3_rho1","ECR","standard","bridge","permlen","-1.21205564343894"
"2654","4","3","truemodel_G3_rho1","ECR","standard","bridge","permlen","-1.22921941874544"
"2655","5","3","truemodel_G3_rho1","ECR","standard","bridge","permlen","-1.27632110511792"
"2656","6","3","truemodel_G3_rho1","ECR","standard","bridge","permlen","-1.10119436332958"
"2657","7","3","truemodel_G3_rho1","ECR","standard","bridge","permlen","-1.1416413208601"
"2658","8","3","truemodel_G3_rho1","ECR","standard","bridge","permlen","-1.36466700520074"
"2659","9","3","truemodel_G3_rho1","ECR","standard","bridge","permlen","-1.22892303627728"
"2660","10","3","truemodel_G3_rho1","ECR","standard","bridge","permlen","-1.12070530554029"
"2661","11","3","truemodel_G3_rho1","ECR","standard","bridge","permlen","-0.819906631270086"
"2662","12","3","truemodel_G3_rho1","ECR","standard","bridge","permlen","-1.19785683975655"
"2663","13","3","truemodel_G3_rho1","ECR","standard","bridge","permlen","-0.860651331755808"
"2664","14","3","truemodel_G3_rho1","ECR","standard","bridge","permlen","-1.42315890789558"
"2665","15","3","truemodel_G3_rho1","ECR","standard","bridge","permlen","-1.08576963526949"
"2666","16","3","truemodel_G3_rho1","ECR","standard","bridge","permlen","-1.22339880300228"
"2667","17","3","truemodel_G3_rho1","ECR","standard","bridge","permlen","-1.24309673256884"
"2668","18","3","truemodel_G3_rho1","ECR","standard","bridge","permlen","-1.21570260418552"
"2669","19","3","truemodel_G3_rho1","ECR","standard","bridge","permlen","-1.29223646007458"
"2670","20","3","truemodel_G3_rho1","ECR","standard","bridge","permlen","-0.614975680706351"
"2671","21","3","truemodel_G3_rho1","ECR","standard","bridge","permlen","-1.09939186211853"
"2672","22","3","truemodel_G3_rho1","ECR","standard","bridge","permlen","-1.33415422774102"
"2673","23","3","truemodel_G3_rho1","ECR","standard","bridge","permlen","-1.00843217118582"
"2674","24","3","truemodel_G3_rho1","ECR","standard","bridge","permlen","-1.12314970744032"
"2675","25","3","truemodel_G3_rho1","ECR","standard","bridge","permlen","-1.27099527741639"
"2676","26","3","truemodel_G3_rho1","ECR","standard","bridge","permlen","-1.15867307993487"
"2677","27","3","truemodel_G3_rho1","ECR","standard","bridge","permlen","-1.14159066015752"
"2678","28","3","truemodel_G3_rho1","ECR","standard","bridge","permlen","-1.24244679701507"
"2679","29","3","truemodel_G3_rho1","ECR","standard","bridge","permlen","-1.24244497435881"
"2680","30","3","truemodel_G3_rho1","ECR","standard","bridge","permlen","-1.07435809486038"
"2681","31","3","truemodel_G3_rho1","ECR","standard","bridge","permlen","-1.09963308551545"
"2682","32","3","truemodel_G3_rho1","ECR","standard","bridge","permlen","-1.04973537404221"
"2683","33","3","truemodel_G3_rho1","ECR","standard","bridge","permlen","-1.1234007545398"
"2684","34","3","truemodel_G3_rho1","ECR","standard","bridge","permlen","-1.29444155411802"
"2685","35","3","truemodel_G3_rho1","ECR","standard","bridge","permlen","-0.994592316691275"
"2686","36","3","truemodel_G3_rho1","ECR","standard","bridge","permlen","-1.22112780624517"
"2687","37","3","truemodel_G3_rho1","ECR","standard","bridge","permlen","-0.994310886282832"
"2688","38","3","truemodel_G3_rho1","ECR","standard","bridge","permlen","-1.28976658258951"
"2689","39","3","truemodel_G3_rho1","ECR","standard","bridge","permlen","-0.868611459587068"
"2690","40","3","truemodel_G3_rho1","ECR","standard","bridge","permlen","-1.23331198044012"
"2691","41","3","truemodel_G3_rho1","ECR","standard","bridge","permlen","-0.663297999252013"
"2692","42","3","truemodel_G3_rho1","ECR","standard","bridge","permlen","-1.24566392845428"
"2693","43","3","truemodel_G3_rho1","ECR","standard","bridge","permlen","-1.1755469141538"
"2694","44","3","truemodel_G3_rho1","ECR","standard","bridge","permlen","-1.34288391937261"
"2695","45","3","truemodel_G3_rho1","ECR","standard","bridge","permlen","-1.23773851131372"
"2696","46","3","truemodel_G3_rho1","ECR","standard","bridge","permlen","-1.17041506143434"
"2697","47","3","truemodel_G3_rho1","ECR","standard","bridge","permlen","-1.24545301624191"
"2698","48","3","truemodel_G3_rho1","ECR","standard","bridge","permlen","-1.28986882789413"
"2699","49","3","truemodel_G3_rho1","ECR","standard","bridge","permlen","-1.25933559024604"
"2700","50","3","truemodel_G3_rho1","ECR","standard","bridge","permlen","-1.06990128316203"
"2701","1","3","truemodel_G3_rho0","ECR","standard","simple","permlen","2"
"2702","2","3","truemodel_G3_rho0","ECR","standard","simple","permlen","2"
"2703","3","3","truemodel_G3_rho0","ECR","standard","simple","permlen","2"
"2704","4","3","truemodel_G3_rho0","ECR","standard","simple","permlen","2"
"2705","5","3","truemodel_G3_rho0","ECR","standard","simple","permlen","2"
"2706","6","3","truemodel_G3_rho0","ECR","standard","simple","permlen","2"
"2707","7","3","truemodel_G3_rho0","ECR","standard","simple","permlen","2"
"2708","8","3","truemodel_G3_rho0","ECR","standard","simple","permlen","2"
"2709","9","3","truemodel_G3_rho0","ECR","standard","simple","permlen","2"
"2710","10","3","truemodel_G3_rho0","ECR","standard","simple","permlen","2"
"2711","11","3","truemodel_G3_rho0","ECR","standard","simple","permlen","2"
"2712","12","3","truemodel_G3_rho0","ECR","standard","simple","permlen","2"
"2713","13","3","truemodel_G3_rho0","ECR","standard","simple","permlen","2"
"2714","14","3","truemodel_G3_rho0","ECR","standard","simple","permlen","2"
"2715","15","3","truemodel_G3_rho0","ECR","standard","simple","permlen","2"
"2716","16","3","truemodel_G3_rho0","ECR","standard","simple","permlen","2"
"2717","17","3","truemodel_G3_rho0","ECR","standard","simple","permlen","2"
"2718","18","3","truemodel_G3_rho0","ECR","standard","simple","permlen","2"
"2719","19","3","truemodel_G3_rho0","ECR","standard","simple","permlen","2"
"2720","20","3","truemodel_G3_rho0","ECR","standard","simple","permlen","2"
"2721","21","3","truemodel_G3_rho0","ECR","standard","simple","permlen","2"
"2722","22","3","truemodel_G3_rho0","ECR","standard","simple","permlen","2"
"2723","23","3","truemodel_G3_rho0","ECR","standard","simple","permlen","2"
"2724","24","3","truemodel_G3_rho0","ECR","standard","simple","permlen","2"
"2725","25","3","truemodel_G3_rho0","ECR","standard","simple","permlen","2"
"2726","26","3","truemodel_G3_rho0","ECR","standard","simple","permlen","2"
"2727","27","3","truemodel_G3_rho0","ECR","standard","simple","permlen","2"
"2728","28","3","truemodel_G3_rho0","ECR","standard","simple","permlen","2"
"2729","29","3","truemodel_G3_rho0","ECR","standard","simple","permlen","2"
"2730","30","3","truemodel_G3_rho0","ECR","standard","simple","permlen","2"
"2731","31","3","truemodel_G3_rho0","ECR","standard","simple","permlen","2"
"2732","32","3","truemodel_G3_rho0","ECR","standard","simple","permlen","2"
"2733","33","3","truemodel_G3_rho0","ECR","standard","simple","permlen","2"
"2734","34","3","truemodel_G3_rho0","ECR","standard","simple","permlen","2"
"2735","35","3","truemodel_G3_rho0","ECR","standard","simple","permlen","2"
"2736","36","3","truemodel_G3_rho0","ECR","standard","simple","permlen","2"
"2737","37","3","truemodel_G3_rho0","ECR","standard","simple","permlen","2"
"2738","38","3","truemodel_G3_rho0","ECR","standard","simple","permlen","2"
"2739","39","3","truemodel_G3_rho0","ECR","standard","simple","permlen","2"
"2740","40","3","truemodel_G3_rho0","ECR","standard","simple","permlen","2"
"2741","41","3","truemodel_G3_rho0","ECR","standard","simple","permlen","3"
"2742","42","3","truemodel_G3_rho0","ECR","standard","simple","permlen","2"
"2743","43","3","truemodel_G3_rho0","ECR","standard","simple","permlen","2"
"2744","44","3","truemodel_G3_rho0","ECR","standard","simple","permlen","2"
"2745","45","3","truemodel_G3_rho0","ECR","standard","simple","permlen","2"
"2746","46","3","truemodel_G3_rho0","ECR","standard","simple","permlen","2"
"2747","47","3","truemodel_G3_rho0","ECR","standard","simple","permlen","2"
"2748","48","3","truemodel_G3_rho0","ECR","standard","simple","permlen","2"
"2749","49","3","truemodel_G3_rho0","ECR","standard","simple","permlen","2"
"2750","50","3","truemodel_G3_rho0","ECR","standard","simple","permlen","2"
"2751","1","3","truemodel_G3_rho.5","ECR","standard","simple","permlen","2"
"2752","2","3","truemodel_G3_rho.5","ECR","standard","simple","permlen","2"
"2753","3","3","truemodel_G3_rho.5","ECR","standard","simple","permlen","2"
"2754","4","3","truemodel_G3_rho.5","ECR","standard","simple","permlen","2"
"2755","5","3","truemodel_G3_rho.5","ECR","standard","simple","permlen","3"
"2756","6","3","truemodel_G3_rho.5","ECR","standard","simple","permlen","3"
"2757","7","3","truemodel_G3_rho.5","ECR","standard","simple","permlen","2"
"2758","8","3","truemodel_G3_rho.5","ECR","standard","simple","permlen","2"
"2759","9","3","truemodel_G3_rho.5","ECR","standard","simple","permlen","2"
"2760","10","3","truemodel_G3_rho.5","ECR","standard","simple","permlen","2"
"2761","11","3","truemodel_G3_rho.5","ECR","standard","simple","permlen","2"
"2762","12","3","truemodel_G3_rho.5","ECR","standard","simple","permlen","2"
"2763","13","3","truemodel_G3_rho.5","ECR","standard","simple","permlen","2"
"2764","14","3","truemodel_G3_rho.5","ECR","standard","simple","permlen","2"
"2765","15","3","truemodel_G3_rho.5","ECR","standard","simple","permlen","3"
"2766","16","3","truemodel_G3_rho.5","ECR","standard","simple","permlen","2"
"2767","17","3","truemodel_G3_rho.5","ECR","standard","simple","permlen","2"
"2768","18","3","truemodel_G3_rho.5","ECR","standard","simple","permlen","2"
"2769","19","3","truemodel_G3_rho.5","ECR","standard","simple","permlen","2"
"2770","20","3","truemodel_G3_rho.5","ECR","standard","simple","permlen","2"
"2771","21","3","truemodel_G3_rho.5","ECR","standard","simple","permlen","2"
"2772","22","3","truemodel_G3_rho.5","ECR","standard","simple","permlen","2"
"2773","23","3","truemodel_G3_rho.5","ECR","standard","simple","permlen","2"
"2774","24","3","truemodel_G3_rho.5","ECR","standard","simple","permlen","2"
"2775","25","3","truemodel_G3_rho.5","ECR","standard","simple","permlen","2"
"2776","26","3","truemodel_G3_rho.5","ECR","standard","simple","permlen","2"
"2777","27","3","truemodel_G3_rho.5","ECR","standard","simple","permlen","2"
"2778","28","3","truemodel_G3_rho.5","ECR","standard","simple","permlen","2"
"2779","29","3","truemodel_G3_rho.5","ECR","standard","simple","permlen","2"
"2780","30","3","truemodel_G3_rho.5","ECR","standard","simple","permlen","2"
"2781","31","3","truemodel_G3_rho.5","ECR","standard","simple","permlen","2"
"2782","32","3","truemodel_G3_rho.5","ECR","standard","simple","permlen","2"
"2783","33","3","truemodel_G3_rho.5","ECR","standard","simple","permlen","2"
"2784","34","3","truemodel_G3_rho.5","ECR","standard","simple","permlen","2"
"2785","35","3","truemodel_G3_rho.5","ECR","standard","simple","permlen","2"
"2786","36","3","truemodel_G3_rho.5","ECR","standard","simple","permlen","2"
"2787","37","3","truemodel_G3_rho.5","ECR","standard","simple","permlen","3"
"2788","38","3","truemodel_G3_rho.5","ECR","standard","simple","permlen","2"
"2789","39","3","truemodel_G3_rho.5","ECR","standard","simple","permlen","2"
"2790","40","3","truemodel_G3_rho.5","ECR","standard","simple","permlen","2"
"2791","41","3","truemodel_G3_rho.5","ECR","standard","simple","permlen","6"
"2792","42","3","truemodel_G3_rho.5","ECR","standard","simple","permlen","2"
"2793","43","3","truemodel_G3_rho.5","ECR","standard","simple","permlen","2"
"2794","44","3","truemodel_G3_rho.5","ECR","standard","simple","permlen","2"
"2795","45","3","truemodel_G3_rho.5","ECR","standard","simple","permlen","2"
"2796","46","3","truemodel_G3_rho.5","ECR","standard","simple","permlen","2"
"2797","47","3","truemodel_G3_rho.5","ECR","standard","simple","permlen","2"
"2798","48","3","truemodel_G3_rho.5","ECR","standard","simple","permlen","2"
"2799","49","3","truemodel_G3_rho.5","ECR","standard","simple","permlen","2"
"2800","50","3","truemodel_G3_rho.5","ECR","standard","simple","permlen","2"
"2801","1","3","truemodel_G3_rho1","ECR","standard","simple","permlen","2"
"2802","2","3","truemodel_G3_rho1","ECR","standard","simple","permlen","3"
"2803","3","3","truemodel_G3_rho1","ECR","standard","simple","permlen","3"
"2804","4","3","truemodel_G3_rho1","ECR","standard","simple","permlen","3"
"2805","5","3","truemodel_G3_rho1","ECR","standard","simple","permlen","3"
"2806","6","3","truemodel_G3_rho1","ECR","standard","simple","permlen","6"
"2807","7","3","truemodel_G3_rho1","ECR","standard","simple","permlen","3"
"2808","8","3","truemodel_G3_rho1","ECR","standard","simple","permlen","3"
"2809","9","3","truemodel_G3_rho1","ECR","standard","simple","permlen","2"
"2810","10","3","truemodel_G3_rho1","ECR","standard","simple","permlen","2"
"2811","11","3","truemodel_G3_rho1","ECR","standard","simple","permlen","6"
"2812","12","3","truemodel_G3_rho1","ECR","standard","simple","permlen","3"
"2813","13","3","truemodel_G3_rho1","ECR","standard","simple","permlen","6"
"2814","14","3","truemodel_G3_rho1","ECR","standard","simple","permlen","3"
"2815","15","3","truemodel_G3_rho1","ECR","standard","simple","permlen","6"
"2816","16","3","truemodel_G3_rho1","ECR","standard","simple","permlen","2"
"2817","17","3","truemodel_G3_rho1","ECR","standard","simple","permlen","3"
"2818","18","3","truemodel_G3_rho1","ECR","standard","simple","permlen","2"
"2819","19","3","truemodel_G3_rho1","ECR","standard","simple","permlen","3"
"2820","20","3","truemodel_G3_rho1","ECR","standard","simple","permlen","6"
"2821","21","3","truemodel_G3_rho1","ECR","standard","simple","permlen","6"
"2822","22","3","truemodel_G3_rho1","ECR","standard","simple","permlen","3"
"2823","23","3","truemodel_G3_rho1","ECR","standard","simple","permlen","6"
"2824","24","3","truemodel_G3_rho1","ECR","standard","simple","permlen","6"
"2825","25","3","truemodel_G3_rho1","ECR","standard","simple","permlen","2"
"2826","26","3","truemodel_G3_rho1","ECR","standard","simple","permlen","6"
"2827","27","3","truemodel_G3_rho1","ECR","standard","simple","permlen","6"
"2828","28","3","truemodel_G3_rho1","ECR","standard","simple","permlen","2"
"2829","29","3","truemodel_G3_rho1","ECR","standard","simple","permlen","3"
"2830","30","3","truemodel_G3_rho1","ECR","standard","simple","permlen","6"
"2831","31","3","truemodel_G3_rho1","ECR","standard","simple","permlen","6"
"2832","32","3","truemodel_G3_rho1","ECR","standard","simple","permlen","6"
"2833","33","3","truemodel_G3_rho1","ECR","standard","simple","permlen","3"
"2834","34","3","truemodel_G3_rho1","ECR","standard","simple","permlen","3"
"2835","35","3","truemodel_G3_rho1","ECR","standard","simple","permlen","6"
"2836","36","3","truemodel_G3_rho1","ECR","standard","simple","permlen","3"
"2837","37","3","truemodel_G3_rho1","ECR","standard","simple","permlen","6"
"2838","38","3","truemodel_G3_rho1","ECR","standard","simple","permlen","2"
"2839","39","3","truemodel_G3_rho1","ECR","standard","simple","permlen","6"
"2840","40","3","truemodel_G3_rho1","ECR","standard","simple","permlen","3"
"2841","41","3","truemodel_G3_rho1","ECR","standard","simple","permlen","6"
"2842","42","3","truemodel_G3_rho1","ECR","standard","simple","permlen","2"
"2843","43","3","truemodel_G3_rho1","ECR","standard","simple","permlen","2"
"2844","44","3","truemodel_G3_rho1","ECR","standard","simple","permlen","3"
"2845","45","3","truemodel_G3_rho1","ECR","standard","simple","permlen","3"
"2846","46","3","truemodel_G3_rho1","ECR","standard","simple","permlen","6"
"2847","47","3","truemodel_G3_rho1","ECR","standard","simple","permlen","2"
"2848","48","3","truemodel_G3_rho1","ECR","standard","simple","permlen","2"
"2849","49","3","truemodel_G3_rho1","ECR","standard","simple","permlen","3"
"2850","50","3","truemodel_G3_rho1","ECR","standard","simple","permlen","6"
"2851","1","3","truemodel_G3_rho0","ECR","standard","standard","permlen","1"
"2852","2","3","truemodel_G3_rho0","ECR","standard","standard","permlen","1"
"2853","3","3","truemodel_G3_rho0","ECR","standard","standard","permlen","1"
"2854","4","3","truemodel_G3_rho0","ECR","standard","standard","permlen","1"
"2855","5","3","truemodel_G3_rho0","ECR","standard","standard","permlen","1"
"2856","6","3","truemodel_G3_rho0","ECR","standard","standard","permlen","1"
"2857","7","3","truemodel_G3_rho0","ECR","standard","standard","permlen","1"
"2858","8","3","truemodel_G3_rho0","ECR","standard","standard","permlen","1"
"2859","9","3","truemodel_G3_rho0","ECR","standard","standard","permlen","1"
"2860","10","3","truemodel_G3_rho0","ECR","standard","standard","permlen","1"
"2861","11","3","truemodel_G3_rho0","ECR","standard","standard","permlen","1"
"2862","12","3","truemodel_G3_rho0","ECR","standard","standard","permlen","1"
"2863","13","3","truemodel_G3_rho0","ECR","standard","standard","permlen","1"
"2864","14","3","truemodel_G3_rho0","ECR","standard","standard","permlen","1"
"2865","15","3","truemodel_G3_rho0","ECR","standard","standard","permlen","1"
"2866","16","3","truemodel_G3_rho0","ECR","standard","standard","permlen","1"
"2867","17","3","truemodel_G3_rho0","ECR","standard","standard","permlen","1"
"2868","18","3","truemodel_G3_rho0","ECR","standard","standard","permlen","1"
"2869","19","3","truemodel_G3_rho0","ECR","standard","standard","permlen","1"
"2870","20","3","truemodel_G3_rho0","ECR","standard","standard","permlen","1"
"2871","21","3","truemodel_G3_rho0","ECR","standard","standard","permlen","1"
"2872","22","3","truemodel_G3_rho0","ECR","standard","standard","permlen","1"
"2873","23","3","truemodel_G3_rho0","ECR","standard","standard","permlen","1"
"2874","24","3","truemodel_G3_rho0","ECR","standard","standard","permlen","1"
"2875","25","3","truemodel_G3_rho0","ECR","standard","standard","permlen","1"
"2876","26","3","truemodel_G3_rho0","ECR","standard","standard","permlen","1"
"2877","27","3","truemodel_G3_rho0","ECR","standard","standard","permlen","1"
"2878","28","3","truemodel_G3_rho0","ECR","standard","standard","permlen","1"
"2879","29","3","truemodel_G3_rho0","ECR","standard","standard","permlen","1"
"2880","30","3","truemodel_G3_rho0","ECR","standard","standard","permlen","1"
"2881","31","3","truemodel_G3_rho0","ECR","standard","standard","permlen","1"
"2882","32","3","truemodel_G3_rho0","ECR","standard","standard","permlen","1"
"2883","33","3","truemodel_G3_rho0","ECR","standard","standard","permlen","1"
"2884","34","3","truemodel_G3_rho0","ECR","standard","standard","permlen","1"
"2885","35","3","truemodel_G3_rho0","ECR","standard","standard","permlen","1"
"2886","36","3","truemodel_G3_rho0","ECR","standard","standard","permlen","1"
"2887","37","3","truemodel_G3_rho0","ECR","standard","standard","permlen","1"
"2888","38","3","truemodel_G3_rho0","ECR","standard","standard","permlen","1"
"2889","39","3","truemodel_G3_rho0","ECR","standard","standard","permlen","1"
"2890","40","3","truemodel_G3_rho0","ECR","standard","standard","permlen","1"
"2891","41","3","truemodel_G3_rho0","ECR","standard","standard","permlen","1"
"2892","42","3","truemodel_G3_rho0","ECR","standard","standard","permlen","1"
"2893","43","3","truemodel_G3_rho0","ECR","standard","standard","permlen","1"
"2894","44","3","truemodel_G3_rho0","ECR","standard","standard","permlen","1"
"2895","45","3","truemodel_G3_rho0","ECR","standard","standard","permlen","1"
"2896","46","3","truemodel_G3_rho0","ECR","standard","standard","permlen","1"
"2897","47","3","truemodel_G3_rho0","ECR","standard","standard","permlen","1"
"2898","48","3","truemodel_G3_rho0","ECR","standard","standard","permlen","1"
"2899","49","3","truemodel_G3_rho0","ECR","standard","standard","permlen","1"
"2900","50","3","truemodel_G3_rho0","ECR","standard","standard","permlen","1"
"2901","1","3","truemodel_G3_rho.5","ECR","standard","standard","permlen","1"
"2902","2","3","truemodel_G3_rho.5","ECR","standard","standard","permlen","1"
"2903","3","3","truemodel_G3_rho.5","ECR","standard","standard","permlen","1"
"2904","4","3","truemodel_G3_rho.5","ECR","standard","standard","permlen","1"
"2905","5","3","truemodel_G3_rho.5","ECR","standard","standard","permlen","1"
"2906","6","3","truemodel_G3_rho.5","ECR","standard","standard","permlen","1"
"2907","7","3","truemodel_G3_rho.5","ECR","standard","standard","permlen","1"
"2908","8","3","truemodel_G3_rho.5","ECR","standard","standard","permlen","1"
"2909","9","3","truemodel_G3_rho.5","ECR","standard","standard","permlen","1"
"2910","10","3","truemodel_G3_rho.5","ECR","standard","standard","permlen","1"
"2911","11","3","truemodel_G3_rho.5","ECR","standard","standard","permlen","1"
"2912","12","3","truemodel_G3_rho.5","ECR","standard","standard","permlen","1"
"2913","13","3","truemodel_G3_rho.5","ECR","standard","standard","permlen","1"
"2914","14","3","truemodel_G3_rho.5","ECR","standard","standard","permlen","1"
"2915","15","3","truemodel_G3_rho.5","ECR","standard","standard","permlen","1"
"2916","16","3","truemodel_G3_rho.5","ECR","standard","standard","permlen","1"
"2917","17","3","truemodel_G3_rho.5","ECR","standard","standard","permlen","1"
"2918","18","3","truemodel_G3_rho.5","ECR","standard","standard","permlen","1"
"2919","19","3","truemodel_G3_rho.5","ECR","standard","standard","permlen","1"
"2920","20","3","truemodel_G3_rho.5","ECR","standard","standard","permlen","1"
"2921","21","3","truemodel_G3_rho.5","ECR","standard","standard","permlen","1"
"2922","22","3","truemodel_G3_rho.5","ECR","standard","standard","permlen","1"
"2923","23","3","truemodel_G3_rho.5","ECR","standard","standard","permlen","1"
"2924","24","3","truemodel_G3_rho.5","ECR","standard","standard","permlen","1"
"2925","25","3","truemodel_G3_rho.5","ECR","standard","standard","permlen","1"
"2926","26","3","truemodel_G3_rho.5","ECR","standard","standard","permlen","1"
"2927","27","3","truemodel_G3_rho.5","ECR","standard","standard","permlen","1"
"2928","28","3","truemodel_G3_rho.5","ECR","standard","standard","permlen","1"
"2929","29","3","truemodel_G3_rho.5","ECR","standard","standard","permlen","1"
"2930","30","3","truemodel_G3_rho.5","ECR","standard","standard","permlen","1"
"2931","31","3","truemodel_G3_rho.5","ECR","standard","standard","permlen","1"
"2932","32","3","truemodel_G3_rho.5","ECR","standard","standard","permlen","1"
"2933","33","3","truemodel_G3_rho.5","ECR","standard","standard","permlen","1"
"2934","34","3","truemodel_G3_rho.5","ECR","standard","standard","permlen","1"
"2935","35","3","truemodel_G3_rho.5","ECR","standard","standard","permlen","1"
"2936","36","3","truemodel_G3_rho.5","ECR","standard","standard","permlen","1"
"2937","37","3","truemodel_G3_rho.5","ECR","standard","standard","permlen","1"
"2938","38","3","truemodel_G3_rho.5","ECR","standard","standard","permlen","1"
"2939","39","3","truemodel_G3_rho.5","ECR","standard","standard","permlen","1"
"2940","40","3","truemodel_G3_rho.5","ECR","standard","standard","permlen","1"
"2941","41","3","truemodel_G3_rho.5","ECR","standard","standard","permlen","1"
"2942","42","3","truemodel_G3_rho.5","ECR","standard","standard","permlen","1"
"2943","43","3","truemodel_G3_rho.5","ECR","standard","standard","permlen","1"
"2944","44","3","truemodel_G3_rho.5","ECR","standard","standard","permlen","1"
"2945","45","3","truemodel_G3_rho.5","ECR","standard","standard","permlen","1"
"2946","46","3","truemodel_G3_rho.5","ECR","standard","standard","permlen","1"
"2947","47","3","truemodel_G3_rho.5","ECR","standard","standard","permlen","1"
"2948","48","3","truemodel_G3_rho.5","ECR","standard","standard","permlen","1"
"2949","49","3","truemodel_G3_rho.5","ECR","standard","standard","permlen","1"
"2950","50","3","truemodel_G3_rho.5","ECR","standard","standard","permlen","1"
"2951","1","3","truemodel_G3_rho1","ECR","standard","standard","permlen","1"
"2952","2","3","truemodel_G3_rho1","ECR","standard","standard","permlen","1"
"2953","3","3","truemodel_G3_rho1","ECR","standard","standard","permlen","1"
"2954","4","3","truemodel_G3_rho1","ECR","standard","standard","permlen","1"
"2955","5","3","truemodel_G3_rho1","ECR","standard","standard","permlen","1"
"2956","6","3","truemodel_G3_rho1","ECR","standard","standard","permlen","1"
"2957","7","3","truemodel_G3_rho1","ECR","standard","standard","permlen","1"
"2958","8","3","truemodel_G3_rho1","ECR","standard","standard","permlen","1"
"2959","9","3","truemodel_G3_rho1","ECR","standard","standard","permlen","1"
"2960","10","3","truemodel_G3_rho1","ECR","standard","standard","permlen","1"
"2961","11","3","truemodel_G3_rho1","ECR","standard","standard","permlen","1"
"2962","12","3","truemodel_G3_rho1","ECR","standard","standard","permlen","1"
"2963","13","3","truemodel_G3_rho1","ECR","standard","standard","permlen","1"
"2964","14","3","truemodel_G3_rho1","ECR","standard","standard","permlen","1"
"2965","15","3","truemodel_G3_rho1","ECR","standard","standard","permlen","1"
"2966","16","3","truemodel_G3_rho1","ECR","standard","standard","permlen","1"
"2967","17","3","truemodel_G3_rho1","ECR","standard","standard","permlen","1"
"2968","18","3","truemodel_G3_rho1","ECR","standard","standard","permlen","1"
"2969","19","3","truemodel_G3_rho1","ECR","standard","standard","permlen","1"
"2970","20","3","truemodel_G3_rho1","ECR","standard","standard","permlen","1"
"2971","21","3","truemodel_G3_rho1","ECR","standard","standard","permlen","1"
"2972","22","3","truemodel_G3_rho1","ECR","standard","standard","permlen","1"
"2973","23","3","truemodel_G3_rho1","ECR","standard","standard","permlen","1"
"2974","24","3","truemodel_G3_rho1","ECR","standard","standard","permlen","1"
"2975","25","3","truemodel_G3_rho1","ECR","standard","standard","permlen","1"
"2976","26","3","truemodel_G3_rho1","ECR","standard","standard","permlen","1"
"2977","27","3","truemodel_G3_rho1","ECR","standard","standard","permlen","1"
"2978","28","3","truemodel_G3_rho1","ECR","standard","standard","permlen","1"
"2979","29","3","truemodel_G3_rho1","ECR","standard","standard","permlen","1"
"2980","30","3","truemodel_G3_rho1","ECR","standard","standard","permlen","1"
"2981","31","3","truemodel_G3_rho1","ECR","standard","standard","permlen","1"
"2982","32","3","truemodel_G3_rho1","ECR","standard","standard","permlen","1"
"2983","33","3","truemodel_G3_rho1","ECR","standard","standard","permlen","1"
"2984","34","3","truemodel_G3_rho1","ECR","standard","standard","permlen","1"
"2985","35","3","truemodel_G3_rho1","ECR","standard","standard","permlen","1"
"2986","36","3","truemodel_G3_rho1","ECR","standard","standard","permlen","1"
"2987","37","3","truemodel_G3_rho1","ECR","standard","standard","permlen","1"
"2988","38","3","truemodel_G3_rho1","ECR","standard","standard","permlen","1"
"2989","39","3","truemodel_G3_rho1","ECR","standard","standard","permlen","1"
"2990","40","3","truemodel_G3_rho1","ECR","standard","standard","permlen","1"
"2991","41","3","truemodel_G3_rho1","ECR","standard","standard","permlen","1"
"2992","42","3","truemodel_G3_rho1","ECR","standard","standard","permlen","1"
"2993","43","3","truemodel_G3_rho1","ECR","standard","standard","permlen","1"
"2994","44","3","truemodel_G3_rho1","ECR","standard","standard","permlen","1"
"2995","45","3","truemodel_G3_rho1","ECR","standard","standard","permlen","1"
"2996","46","3","truemodel_G3_rho1","ECR","standard","standard","permlen","1"
"2997","47","3","truemodel_G3_rho1","ECR","standard","standard","permlen","1"
"2998","48","3","truemodel_G3_rho1","ECR","standard","standard","permlen","1"
"2999","49","3","truemodel_G3_rho1","ECR","standard","standard","permlen","1"
"3000","50","3","truemodel_G3_rho1","ECR","standard","standard","permlen","1"
"3001","1","3","truemodel_G3_rho0","ECR","standard","mc","alpha","-22.689537920696"
"3002","2","3","truemodel_G3_rho0","ECR","standard","mc","alpha","-16.3213348027333"
"3003","3","3","truemodel_G3_rho0","ECR","standard","mc","alpha","-23.3322105825721"
"3004","4","3","truemodel_G3_rho0","ECR","standard","mc","alpha","-20.0716737481794"
"3005","5","3","truemodel_G3_rho0","ECR","standard","mc","alpha","-23.7282373442132"
"3006","6","3","truemodel_G3_rho0","ECR","standard","mc","alpha","-9.17880356078903"
"3007","7","3","truemodel_G3_rho0","ECR","standard","mc","alpha","-17.5487551316591"
"3008","8","3","truemodel_G3_rho0","ECR","standard","mc","alpha","-15.2652204285135"
"3009","9","3","truemodel_G3_rho0","ECR","standard","mc","alpha","-38.1387443880596"
"3010","10","3","truemodel_G3_rho0","ECR","standard","mc","alpha","-42.0422151149755"
"3011","11","3","truemodel_G3_rho0","ECR","standard","mc","alpha","-11.3312553163883"
"3012","12","3","truemodel_G3_rho0","ECR","standard","mc","alpha","-27.6841006803443"
"3013","13","3","truemodel_G3_rho0","ECR","standard","mc","alpha","-16.8964163214652"
"3014","14","3","truemodel_G3_rho0","ECR","standard","mc","alpha","-17.0839392127194"
"3015","15","3","truemodel_G3_rho0","ECR","standard","mc","alpha","-13.3407896848098"
"3016","16","3","truemodel_G3_rho0","ECR","standard","mc","alpha","-24.9069805982676"
"3017","17","3","truemodel_G3_rho0","ECR","standard","mc","alpha","-15.3370194228896"
"3018","18","3","truemodel_G3_rho0","ECR","standard","mc","alpha","-13.7193376129941"
"3019","19","3","truemodel_G3_rho0","ECR","standard","mc","alpha","-22.0705934928047"
"3020","20","3","truemodel_G3_rho0","ECR","standard","mc","alpha","-15.128075355597"
"3021","21","3","truemodel_G3_rho0","ECR","standard","mc","alpha","-13.7935240700856"
"3022","22","3","truemodel_G3_rho0","ECR","standard","mc","alpha","-21.8406552389691"
"3023","23","3","truemodel_G3_rho0","ECR","standard","mc","alpha","-6.32881761894751"
"3024","24","3","truemodel_G3_rho0","ECR","standard","mc","alpha","-14.0459192078801"
"3025","25","3","truemodel_G3_rho0","ECR","standard","mc","alpha","-22.0235558622151"
"3026","26","3","truemodel_G3_rho0","ECR","standard","mc","alpha","-20.5927785671553"
"3027","27","3","truemodel_G3_rho0","ECR","standard","mc","alpha","-11.2951271623167"
"3028","28","3","truemodel_G3_rho0","ECR","standard","mc","alpha","-16.4981887630597"
"3029","29","3","truemodel_G3_rho0","ECR","standard","mc","alpha","-21.97675972893"
"3030","30","3","truemodel_G3_rho0","ECR","standard","mc","alpha","-14.4315813890562"
"3031","31","3","truemodel_G3_rho0","ECR","standard","mc","alpha","-13.7081084702602"
"3032","32","3","truemodel_G3_rho0","ECR","standard","mc","alpha","-11.1170020667379"
"3033","33","3","truemodel_G3_rho0","ECR","standard","mc","alpha","-12.6476290497468"
"3034","34","3","truemodel_G3_rho0","ECR","standard","mc","alpha","-23.7102368540474"
"3035","35","3","truemodel_G3_rho0","ECR","standard","mc","alpha","-16.3573410618764"
"3036","36","3","truemodel_G3_rho0","ECR","standard","mc","alpha","-21.7382116961769"
"3037","37","3","truemodel_G3_rho0","ECR","standard","mc","alpha","-17.9151504990352"
"3038","38","3","truemodel_G3_rho0","ECR","standard","mc","alpha","-22.6358007599912"
"3039","39","3","truemodel_G3_rho0","ECR","standard","mc","alpha","-14.8501513865566"
"3040","40","3","truemodel_G3_rho0","ECR","standard","mc","alpha","-17.6462936521597"
"3041","41","3","truemodel_G3_rho0","ECR","standard","mc","alpha","-0.68149117270745"
"3042","42","3","truemodel_G3_rho0","ECR","standard","mc","alpha","-18.6585137871123"
"3043","43","3","truemodel_G3_rho0","ECR","standard","mc","alpha","-31.6158288855879"
"3044","44","3","truemodel_G3_rho0","ECR","standard","mc","alpha","-29.6651565462103"
"3045","45","3","truemodel_G3_rho0","ECR","standard","mc","alpha","-25.9779281824915"
"3046","46","3","truemodel_G3_rho0","ECR","standard","mc","alpha","-17.2661634027493"
"3047","47","3","truemodel_G3_rho0","ECR","standard","mc","alpha","-17.2262149245029"
"3048","48","3","truemodel_G3_rho0","ECR","standard","mc","alpha","-17.3537641572591"
"3049","49","3","truemodel_G3_rho0","ECR","standard","mc","alpha","-33.8681372214716"
"3050","50","3","truemodel_G3_rho0","ECR","standard","mc","alpha","-19.9282913610358"
"3051","1","3","truemodel_G3_rho.5","ECR","standard","mc","alpha","-13.1667167155125"
"3052","2","3","truemodel_G3_rho.5","ECR","standard","mc","alpha","-8.21062441411156"
"3053","3","3","truemodel_G3_rho.5","ECR","standard","mc","alpha","-11.1587839613748"
"3054","4","3","truemodel_G3_rho.5","ECR","standard","mc","alpha","-10.2450555064898"
"3055","5","3","truemodel_G3_rho.5","ECR","standard","mc","alpha","-9.95565669784946"
"3056","6","3","truemodel_G3_rho.5","ECR","standard","mc","alpha","-4.47093682299509"
"3057","7","3","truemodel_G3_rho.5","ECR","standard","mc","alpha","-10.3489519561624"
"3058","8","3","truemodel_G3_rho.5","ECR","standard","mc","alpha","-8.44230006198867"
"3059","9","3","truemodel_G3_rho.5","ECR","standard","mc","alpha","-21.2646563226466"
"3060","10","3","truemodel_G3_rho.5","ECR","standard","mc","alpha","-22.1586901074671"
"3061","11","3","truemodel_G3_rho.5","ECR","standard","mc","alpha","-5.11199072589068"
"3062","12","3","truemodel_G3_rho.5","ECR","standard","mc","alpha","-14.4591061470436"
"3063","13","3","truemodel_G3_rho.5","ECR","standard","mc","alpha","-8.73672656328384"
"3064","14","3","truemodel_G3_rho.5","ECR","standard","mc","alpha","-11.4138862886528"
"3065","15","3","truemodel_G3_rho.5","ECR","standard","mc","alpha","-4.77788864990102"
"3066","16","3","truemodel_G3_rho.5","ECR","standard","mc","alpha","-13.5008875830834"
"3067","17","3","truemodel_G3_rho.5","ECR","standard","mc","alpha","-8.64162352745215"
"3068","18","3","truemodel_G3_rho.5","ECR","standard","mc","alpha","-7.55575852341714"
"3069","19","3","truemodel_G3_rho.5","ECR","standard","mc","alpha","-11.5270492661816"
"3070","20","3","truemodel_G3_rho.5","ECR","standard","mc","alpha","-8.15161450316783"
"3071","21","3","truemodel_G3_rho.5","ECR","standard","mc","alpha","-7.44766711605557"
"3072","22","3","truemodel_G3_rho.5","ECR","standard","mc","alpha","-12.5940424769134"
"3073","23","3","truemodel_G3_rho.5","ECR","standard","mc","alpha","-3.16697587319953"
"3074","24","3","truemodel_G3_rho.5","ECR","standard","mc","alpha","-7.14037754902616"
"3075","25","3","truemodel_G3_rho.5","ECR","standard","mc","alpha","-12.4177152822492"
"3076","26","3","truemodel_G3_rho.5","ECR","standard","mc","alpha","-9.8381678001687"
"3077","27","3","truemodel_G3_rho.5","ECR","standard","mc","alpha","-5.79174764359314"
"3078","28","3","truemodel_G3_rho.5","ECR","standard","mc","alpha","-10.9173703126286"
"3079","29","3","truemodel_G3_rho.5","ECR","standard","mc","alpha","-9.20564553720952"
"3080","30","3","truemodel_G3_rho.5","ECR","standard","mc","alpha","-7.58957207068217"
"3081","31","3","truemodel_G3_rho.5","ECR","standard","mc","alpha","-7.90213865636189"
"3082","32","3","truemodel_G3_rho.5","ECR","standard","mc","alpha","-5.58199740709198"
"3083","33","3","truemodel_G3_rho.5","ECR","standard","mc","alpha","-7.04393031894158"
"3084","34","3","truemodel_G3_rho.5","ECR","standard","mc","alpha","-12.5117548921858"
"3085","35","3","truemodel_G3_rho.5","ECR","standard","mc","alpha","-5.48744940579325"
"3086","36","3","truemodel_G3_rho.5","ECR","standard","mc","alpha","-11.9387238267889"
"3087","37","3","truemodel_G3_rho.5","ECR","standard","mc","alpha","-7.95414015084275"
"3088","38","3","truemodel_G3_rho.5","ECR","standard","mc","alpha","-11.5359933161305"
"3089","39","3","truemodel_G3_rho.5","ECR","standard","mc","alpha","-6.24388095372426"
"3090","40","3","truemodel_G3_rho.5","ECR","standard","mc","alpha","-8.16917606016747"
"3091","41","3","truemodel_G3_rho.5","ECR","standard","mc","alpha","-0.700395556325564"
"3092","42","3","truemodel_G3_rho.5","ECR","standard","mc","alpha","-10.9648609555402"
"3093","43","3","truemodel_G3_rho.5","ECR","standard","mc","alpha","-15.9125954754859"
"3094","44","3","truemodel_G3_rho.5","ECR","standard","mc","alpha","-15.7506784057867"
"3095","45","3","truemodel_G3_rho.5","ECR","standard","mc","alpha","-13.4094374046886"
"3096","46","3","truemodel_G3_rho.5","ECR","standard","mc","alpha","-10.4078252897043"
"3097","47","3","truemodel_G3_rho.5","ECR","standard","mc","alpha","-11.4405064468223"
"3098","48","3","truemodel_G3_rho.5","ECR","standard","mc","alpha","-12.5672381128295"
"3099","49","3","truemodel_G3_rho.5","ECR","standard","mc","alpha","-18.0511221600716"
"3100","50","3","truemodel_G3_rho.5","ECR","standard","mc","alpha","-8.07844996430924"
"3101","1","3","truemodel_G3_rho1","ECR","standard","mc","alpha","-7.019860453516"
"3102","2","3","truemodel_G3_rho1","ECR","standard","mc","alpha","-4.89305234522016"
"3103","3","3","truemodel_G3_rho1","ECR","standard","mc","alpha","-4.98588131578608"
"3104","4","3","truemodel_G3_rho1","ECR","standard","mc","alpha","-5.8356706338738"
"3105","5","3","truemodel_G3_rho1","ECR","standard","mc","alpha","-5.4938598367772"
"3106","6","3","truemodel_G3_rho1","ECR","standard","mc","alpha","-2.79755160335219"
"3107","7","3","truemodel_G3_rho1","ECR","standard","mc","alpha","-3.34524777112391"
"3108","8","3","truemodel_G3_rho1","ECR","standard","mc","alpha","-2.64038026328797"
"3109","9","3","truemodel_G3_rho1","ECR","standard","mc","alpha","-11.3118582130171"
"3110","10","3","truemodel_G3_rho1","ECR","standard","mc","alpha","-9.66293064895789"
"3111","11","3","truemodel_G3_rho1","ECR","standard","mc","alpha","-2.61096610711074"
"3112","12","3","truemodel_G3_rho1","ECR","standard","mc","alpha","-5.67821005719522"
"3113","13","3","truemodel_G3_rho1","ECR","standard","mc","alpha","-3.16554849804237"
"3114","14","3","truemodel_G3_rho1","ECR","standard","mc","alpha","-6.57343836878347"
"3115","15","3","truemodel_G3_rho1","ECR","standard","mc","alpha","-3.03742816948597"
"3116","16","3","truemodel_G3_rho1","ECR","standard","mc","alpha","-7.7992503067307"
"3117","17","3","truemodel_G3_rho1","ECR","standard","mc","alpha","-5.17310422572226"
"3118","18","3","truemodel_G3_rho1","ECR","standard","mc","alpha","-3.40247377343713"
"3119","19","3","truemodel_G3_rho1","ECR","standard","mc","alpha","-4.89160296206169"
"3120","20","3","truemodel_G3_rho1","ECR","standard","mc","alpha","-2.83329015515622"
"3121","21","3","truemodel_G3_rho1","ECR","standard","mc","alpha","-3.43850567869059"
"3122","22","3","truemodel_G3_rho1","ECR","standard","mc","alpha","-4.74757644859313"
"3123","23","3","truemodel_G3_rho1","ECR","standard","mc","alpha","-2.47825682396881"
"3124","24","3","truemodel_G3_rho1","ECR","standard","mc","alpha","-3.16711490284672"
"3125","25","3","truemodel_G3_rho1","ECR","standard","mc","alpha","-5.39265032004099"
"3126","26","3","truemodel_G3_rho1","ECR","standard","mc","alpha","-3.29912284068189"
"3127","27","3","truemodel_G3_rho1","ECR","standard","mc","alpha","-2.81374975851881"
"3128","28","3","truemodel_G3_rho1","ECR","standard","mc","alpha","-6.97981247882916"
"3129","29","3","truemodel_G3_rho1","ECR","standard","mc","alpha","-4.75687560790435"
"3130","30","3","truemodel_G3_rho1","ECR","standard","mc","alpha","-3.07364212026512"
"3131","31","3","truemodel_G3_rho1","ECR","standard","mc","alpha","-3.55430938043371"
"3132","32","3","truemodel_G3_rho1","ECR","standard","mc","alpha","-2.82182577096571"
"3133","33","3","truemodel_G3_rho1","ECR","standard","mc","alpha","-3.24198766060731"
"3134","34","3","truemodel_G3_rho1","ECR","standard","mc","alpha","-5.55739237926534"
"3135","35","3","truemodel_G3_rho1","ECR","standard","mc","alpha","-2.58832470121304"
"3136","36","3","truemodel_G3_rho1","ECR","standard","mc","alpha","-5.6356164977058"
"3137","37","3","truemodel_G3_rho1","ECR","standard","mc","alpha","-3.41749297933627"
"3138","38","3","truemodel_G3_rho1","ECR","standard","mc","alpha","-4.31901051858178"
"3139","39","3","truemodel_G3_rho1","ECR","standard","mc","alpha","-2.65798658795051"
"3140","40","3","truemodel_G3_rho1","ECR","standard","mc","alpha","-3.93968462054708"
"3141","41","3","truemodel_G3_rho1","ECR","standard","mc","alpha","-1.42240110159446"
"3142","42","3","truemodel_G3_rho1","ECR","standard","mc","alpha","-7.54813653368977"
"3143","43","3","truemodel_G3_rho1","ECR","standard","mc","alpha","-9.51863048257167"
"3144","44","3","truemodel_G3_rho1","ECR","standard","mc","alpha","-6.41482211040639"
"3145","45","3","truemodel_G3_rho1","ECR","standard","mc","alpha","-5.6393511638541"
"3146","46","3","truemodel_G3_rho1","ECR","standard","mc","alpha","-4.250017203344"
"3147","47","3","truemodel_G3_rho1","ECR","standard","mc","alpha","-5.46368866225585"
"3148","48","3","truemodel_G3_rho1","ECR","standard","mc","alpha","-7.10526105610972"
"3149","49","3","truemodel_G3_rho1","ECR","standard","mc","alpha","-7.19512803776305"
"3150","50","3","truemodel_G3_rho1","ECR","standard","mc","alpha","-3.04938866427801"
"3151","1","3","truemodel_G3_rho0","ECR","standard","bridge","alpha","-1.33144130155974"
"3152","2","3","truemodel_G3_rho0","ECR","standard","bridge","alpha","-1.11271125129741"
"3153","3","3","truemodel_G3_rho0","ECR","standard","bridge","alpha","-1.48486614080701"
"3154","4","3","truemodel_G3_rho0","ECR","standard","bridge","alpha","-1.38511139424261"
"3155","5","3","truemodel_G3_rho0","ECR","standard","bridge","alpha","-1.32338011156565"
"3156","6","3","truemodel_G3_rho0","ECR","standard","bridge","alpha","-1.18182088082129"
"3157","7","3","truemodel_G3_rho0","ECR","standard","bridge","alpha","-1.15764007815795"
"3158","8","3","truemodel_G3_rho0","ECR","standard","bridge","alpha","-1.13484332584962"
"3159","9","3","truemodel_G3_rho0","ECR","standard","bridge","alpha","-1.57827877809914"
"3160","10","3","truemodel_G3_rho0","ECR","standard","bridge","alpha","-1.09687332118651"
"3161","11","3","truemodel_G3_rho0","ECR","standard","bridge","alpha","-1.19950670305172"
"3162","12","3","truemodel_G3_rho0","ECR","standard","bridge","alpha","-1.25625507888203"
"3163","13","3","truemodel_G3_rho0","ECR","standard","bridge","alpha","-1.11353012828897"
"3164","14","3","truemodel_G3_rho0","ECR","standard","bridge","alpha","-1.20370245466181"
"3165","15","3","truemodel_G3_rho0","ECR","standard","bridge","alpha","-1.37893527222227"
"3166","16","3","truemodel_G3_rho0","ECR","standard","bridge","alpha","-1.2315781478076"
"3167","17","3","truemodel_G3_rho0","ECR","standard","bridge","alpha","-1.21432317945938"
"3168","18","3","truemodel_G3_rho0","ECR","standard","bridge","alpha","-1.12617207670511"
"3169","19","3","truemodel_G3_rho0","ECR","standard","bridge","alpha","-1.12536767679253"
"3170","20","3","truemodel_G3_rho0","ECR","standard","bridge","alpha","-1.11180241855452"
"3171","21","3","truemodel_G3_rho0","ECR","standard","bridge","alpha","-1.10702792442655"
"3172","22","3","truemodel_G3_rho0","ECR","standard","bridge","alpha","-1.17648697757603"
"3173","23","3","truemodel_G3_rho0","ECR","standard","bridge","alpha","-1.11243126444261"
"3174","24","3","truemodel_G3_rho0","ECR","standard","bridge","alpha","-1.1323422081486"
"3175","25","3","truemodel_G3_rho0","ECR","standard","bridge","alpha","-1.12339368004857"
"3176","26","3","truemodel_G3_rho0","ECR","standard","bridge","alpha","-1.15550424264774"
"3177","27","3","truemodel_G3_rho0","ECR","standard","bridge","alpha","-1.21032031773494"
"3178","28","3","truemodel_G3_rho0","ECR","standard","bridge","alpha","-1.20590635061337"
"3179","29","3","truemodel_G3_rho0","ECR","standard","bridge","alpha","-1.33815584440906"
"3180","30","3","truemodel_G3_rho0","ECR","standard","bridge","alpha","-1.32264858623327"
"3181","31","3","truemodel_G3_rho0","ECR","standard","bridge","alpha","-1.26087425502141"
"3182","32","3","truemodel_G3_rho0","ECR","standard","bridge","alpha","-1.16059440343474"
"3183","33","3","truemodel_G3_rho0","ECR","standard","bridge","alpha","-1.37437619104156"
"3184","34","3","truemodel_G3_rho0","ECR","standard","bridge","alpha","-1.21829343211532"
"3185","35","3","truemodel_G3_rho0","ECR","standard","bridge","alpha","-1.24863715597873"
"3186","36","3","truemodel_G3_rho0","ECR","standard","bridge","alpha","-1.19761087445757"
"3187","37","3","truemodel_G3_rho0","ECR","standard","bridge","alpha","-1.19353934382966"
"3188","38","3","truemodel_G3_rho0","ECR","standard","bridge","alpha","-1.21534454602357"
"3189","39","3","truemodel_G3_rho0","ECR","standard","bridge","alpha","-1.21464637594497"
"3190","40","3","truemodel_G3_rho0","ECR","standard","bridge","alpha","-1.15228833375848"
"3191","41","3","truemodel_G3_rho0","ECR","standard","bridge","alpha","-1.10727316304491"
"3192","42","3","truemodel_G3_rho0","ECR","standard","bridge","alpha","-1.3108980369832"
"3193","43","3","truemodel_G3_rho0","ECR","standard","bridge","alpha","-1.73472859258889"
"3194","44","3","truemodel_G3_rho0","ECR","standard","bridge","alpha","-1.17521276615159"
"3195","45","3","truemodel_G3_rho0","ECR","standard","bridge","alpha","-1.17316876048353"
"3196","46","3","truemodel_G3_rho0","ECR","standard","bridge","alpha","-1.3658446465317"
"3197","47","3","truemodel_G3_rho0","ECR","standard","bridge","alpha","-1.1900233356274"
"3198","48","3","truemodel_G3_rho0","ECR","standard","bridge","alpha","-1.12903159932728"
"3199","49","3","truemodel_G3_rho0","ECR","standard","bridge","alpha","-1.20131781199895"
"3200","50","3","truemodel_G3_rho0","ECR","standard","bridge","alpha","-1.24351489007294"
"3201","1","3","truemodel_G3_rho.5","ECR","standard","bridge","alpha","-1.24792306300304"
"3202","2","3","truemodel_G3_rho.5","ECR","standard","bridge","alpha","-1.35047104151631"
"3203","3","3","truemodel_G3_rho.5","ECR","standard","bridge","alpha","-1.20600988782418"
"3204","4","3","truemodel_G3_rho.5","ECR","standard","bridge","alpha","-1.28749445045121"
"3205","5","3","truemodel_G3_rho.5","ECR","standard","bridge","alpha","-1.50108813065896"
"3206","6","3","truemodel_G3_rho.5","ECR","standard","bridge","alpha","-1.13084645640272"
"3207","7","3","truemodel_G3_rho.5","ECR","standard","bridge","alpha","-1.12614372507357"
"3208","8","3","truemodel_G3_rho.5","ECR","standard","bridge","alpha","-1.35157286257378"
"3209","9","3","truemodel_G3_rho.5","ECR","standard","bridge","alpha","-1.16275681299199"
"3210","10","3","truemodel_G3_rho.5","ECR","standard","bridge","alpha","-1.0983444700102"
"3211","11","3","truemodel_G3_rho.5","ECR","standard","bridge","alpha","-1.23480479767927"
"3212","12","3","truemodel_G3_rho.5","ECR","standard","bridge","alpha","-1.38335280801124"
"3213","13","3","truemodel_G3_rho.5","ECR","standard","bridge","alpha","-1.17334353889785"
"3214","14","3","truemodel_G3_rho.5","ECR","standard","bridge","alpha","-1.32693424222426"
"3215","15","3","truemodel_G3_rho.5","ECR","standard","bridge","alpha","-1.15975989126174"
"3216","16","3","truemodel_G3_rho.5","ECR","standard","bridge","alpha","-1.12986175176346"
"3217","17","3","truemodel_G3_rho.5","ECR","standard","bridge","alpha","-1.11458981330257"
"3218","18","3","truemodel_G3_rho.5","ECR","standard","bridge","alpha","-1.12795810612179"
"3219","19","3","truemodel_G3_rho.5","ECR","standard","bridge","alpha","-1.30408964596042"
"3220","20","3","truemodel_G3_rho.5","ECR","standard","bridge","alpha","-1.16873773415288"
"3221","21","3","truemodel_G3_rho.5","ECR","standard","bridge","alpha","-1.33342152728612"
"3222","22","3","truemodel_G3_rho.5","ECR","standard","bridge","alpha","-1.27953414818607"
"3223","23","3","truemodel_G3_rho.5","ECR","standard","bridge","alpha","-1.19685707160898"
"3224","24","3","truemodel_G3_rho.5","ECR","standard","bridge","alpha","-1.22102028179334"
"3225","25","3","truemodel_G3_rho.5","ECR","standard","bridge","alpha","-1.16998357131307"
"3226","26","3","truemodel_G3_rho.5","ECR","standard","bridge","alpha","-1.13888454327854"
"3227","27","3","truemodel_G3_rho.5","ECR","standard","bridge","alpha","-1.13044023256074"
"3228","28","3","truemodel_G3_rho.5","ECR","standard","bridge","alpha","-1.19391611664751"
"3229","29","3","truemodel_G3_rho.5","ECR","standard","bridge","alpha","-1.43157156526491"
"3230","30","3","truemodel_G3_rho.5","ECR","standard","bridge","alpha","-1.28001856545559"
"3231","31","3","truemodel_G3_rho.5","ECR","standard","bridge","alpha","-1.24595766835323"
"3232","32","3","truemodel_G3_rho.5","ECR","standard","bridge","alpha","-1.24088819607202"
"3233","33","3","truemodel_G3_rho.5","ECR","standard","bridge","alpha","-1.28039647140654"
"3234","34","3","truemodel_G3_rho.5","ECR","standard","bridge","alpha","-1.32298504777538"
"3235","35","3","truemodel_G3_rho.5","ECR","standard","bridge","alpha","-1.32530769424119"
"3236","36","3","truemodel_G3_rho.5","ECR","standard","bridge","alpha","-1.20894427202554"
"3237","37","3","truemodel_G3_rho.5","ECR","standard","bridge","alpha","-1.16948217600753"
"3238","38","3","truemodel_G3_rho.5","ECR","standard","bridge","alpha","-1.30931901802686"
"3239","39","3","truemodel_G3_rho.5","ECR","standard","bridge","alpha","-1.17827460725079"
"3240","40","3","truemodel_G3_rho.5","ECR","standard","bridge","alpha","-1.14462719640058"
"3241","41","3","truemodel_G3_rho.5","ECR","standard","bridge","alpha","-0.787194779964317"
"3242","42","3","truemodel_G3_rho.5","ECR","standard","bridge","alpha","-1.14867006372461"
"3243","43","3","truemodel_G3_rho.5","ECR","standard","bridge","alpha","-1.19565574726329"
"3244","44","3","truemodel_G3_rho.5","ECR","standard","bridge","alpha","-1.25593381310565"
"3245","45","3","truemodel_G3_rho.5","ECR","standard","bridge","alpha","-1.22882999082176"
"3246","46","3","truemodel_G3_rho.5","ECR","standard","bridge","alpha","-1.1005181770985"
"3247","47","3","truemodel_G3_rho.5","ECR","standard","bridge","alpha","-1.12736623379339"
"3248","48","3","truemodel_G3_rho.5","ECR","standard","bridge","alpha","-1.25978580320889"
"3249","49","3","truemodel_G3_rho.5","ECR","standard","bridge","alpha","-1.36114621373444"
"3250","50","3","truemodel_G3_rho.5","ECR","standard","bridge","alpha","-1.17805630376652"
"3251","1","3","truemodel_G3_rho1","ECR","standard","bridge","alpha","-1.25014553124446"
"3252","2","3","truemodel_G3_rho1","ECR","standard","bridge","alpha","-1.28106273239109"
"3253","3","3","truemodel_G3_rho1","ECR","standard","bridge","alpha","-1.20357026239587"
"3254","4","3","truemodel_G3_rho1","ECR","standard","bridge","alpha","-1.22110585453024"
"3255","5","3","truemodel_G3_rho1","ECR","standard","bridge","alpha","-1.26538545933497"
"3256","6","3","truemodel_G3_rho1","ECR","standard","bridge","alpha","-1.09019947700043"
"3257","7","3","truemodel_G3_rho1","ECR","standard","bridge","alpha","-1.13500175329551"
"3258","8","3","truemodel_G3_rho1","ECR","standard","bridge","alpha","-1.35729251944731"
"3259","9","3","truemodel_G3_rho1","ECR","standard","bridge","alpha","-1.22253353770908"
"3260","10","3","truemodel_G3_rho1","ECR","standard","bridge","alpha","-1.1151178568061"
"3261","11","3","truemodel_G3_rho1","ECR","standard","bridge","alpha","-0.801312264537302"
"3262","12","3","truemodel_G3_rho1","ECR","standard","bridge","alpha","-1.19098624029779"
"3263","13","3","truemodel_G3_rho1","ECR","standard","bridge","alpha","-0.840777551907482"
"3264","14","3","truemodel_G3_rho1","ECR","standard","bridge","alpha","-1.41484456558016"
"3265","15","3","truemodel_G3_rho1","ECR","standard","bridge","alpha","-1.07561495087023"
"3266","16","3","truemodel_G3_rho1","ECR","standard","bridge","alpha","-1.21660891503398"
"3267","17","3","truemodel_G3_rho1","ECR","standard","bridge","alpha","-1.23455732889515"
"3268","18","3","truemodel_G3_rho1","ECR","standard","bridge","alpha","-1.20854644216158"
"3269","19","3","truemodel_G3_rho1","ECR","standard","bridge","alpha","-1.28319904329948"
"3270","20","3","truemodel_G3_rho1","ECR","standard","bridge","alpha","-0.595944485830863"
"3271","21","3","truemodel_G3_rho1","ECR","standard","bridge","alpha","-1.09183353511179"
"3272","22","3","truemodel_G3_rho1","ECR","standard","bridge","alpha","-1.32566280009365"
"3273","23","3","truemodel_G3_rho1","ECR","standard","bridge","alpha","-0.996162430525189"
"3274","24","3","truemodel_G3_rho1","ECR","standard","bridge","alpha","-1.11471924696496"
"3275","25","3","truemodel_G3_rho1","ECR","standard","bridge","alpha","-1.26383229218258"
"3276","26","3","truemodel_G3_rho1","ECR","standard","bridge","alpha","-1.14756243740634"
"3277","27","3","truemodel_G3_rho1","ECR","standard","bridge","alpha","-1.13201224079175"
"3278","28","3","truemodel_G3_rho1","ECR","standard","bridge","alpha","-1.23558577428029"
"3279","29","3","truemodel_G3_rho1","ECR","standard","bridge","alpha","-1.2323874607398"
"3280","30","3","truemodel_G3_rho1","ECR","standard","bridge","alpha","-1.06606403959803"
"3281","31","3","truemodel_G3_rho1","ECR","standard","bridge","alpha","-1.09101269996955"
"3282","32","3","truemodel_G3_rho1","ECR","standard","bridge","alpha","-1.03689863558229"
"3283","33","3","truemodel_G3_rho1","ECR","standard","bridge","alpha","-1.11586879891313"
"3284","34","3","truemodel_G3_rho1","ECR","standard","bridge","alpha","-1.28501590847991"
"3285","35","3","truemodel_G3_rho1","ECR","standard","bridge","alpha","-0.979414658346087"
"3286","36","3","truemodel_G3_rho1","ECR","standard","bridge","alpha","-1.2129545124901"
"3287","37","3","truemodel_G3_rho1","ECR","standard","bridge","alpha","-0.9824776090772"
"3288","38","3","truemodel_G3_rho1","ECR","standard","bridge","alpha","-1.28281792194061"
"3289","39","3","truemodel_G3_rho1","ECR","standard","bridge","alpha","-0.851385819546845"
"3290","40","3","truemodel_G3_rho1","ECR","standard","bridge","alpha","-1.22338656104493"
"3291","41","3","truemodel_G3_rho1","ECR","standard","bridge","alpha","-0.650516232299658"
"3292","42","3","truemodel_G3_rho1","ECR","standard","bridge","alpha","-1.2397605232484"
"3293","43","3","truemodel_G3_rho1","ECR","standard","bridge","alpha","-1.16975466554026"
"3294","44","3","truemodel_G3_rho1","ECR","standard","bridge","alpha","-1.33496389868068"
"3295","45","3","truemodel_G3_rho1","ECR","standard","bridge","alpha","-1.22963821383939"
"3296","46","3","truemodel_G3_rho1","ECR","standard","bridge","alpha","-1.16158557866452"
"3297","47","3","truemodel_G3_rho1","ECR","standard","bridge","alpha","-1.23825656325728"
"3298","48","3","truemodel_G3_rho1","ECR","standard","bridge","alpha","-1.28278464949536"
"3299","49","3","truemodel_G3_rho1","ECR","standard","bridge","alpha","-1.25237576453283"
"3300","50","3","truemodel_G3_rho1","ECR","standard","bridge","alpha","-1.06044930932998"
"3301","1","3","truemodel_G3_rho0","ECR","standard","simple","alpha","0.2198"
"3302","2","3","truemodel_G3_rho0","ECR","standard","simple","alpha","0.3198"
"3303","3","3","truemodel_G3_rho0","ECR","standard","simple","alpha","0.2598"
"3304","4","3","truemodel_G3_rho0","ECR","standard","simple","alpha","0.3098"
"3305","5","3","truemodel_G3_rho0","ECR","standard","simple","alpha","0.3598"
"3306","6","3","truemodel_G3_rho0","ECR","standard","simple","alpha","0.3998"
"3307","7","3","truemodel_G3_rho0","ECR","standard","simple","alpha","0.2498"
"3308","8","3","truemodel_G3_rho0","ECR","standard","simple","alpha","0.2698"
"3309","9","3","truemodel_G3_rho0","ECR","standard","simple","alpha","0.3998"
"3310","10","3","truemodel_G3_rho0","ECR","standard","simple","alpha","0.3698"
"3311","11","3","truemodel_G3_rho0","ECR","standard","simple","alpha","0.2898"
"3312","12","3","truemodel_G3_rho0","ECR","standard","simple","alpha","0.2298"
"3313","13","3","truemodel_G3_rho0","ECR","standard","simple","alpha","0.3398"
"3314","14","3","truemodel_G3_rho0","ECR","standard","simple","alpha","0.2498"
"3315","15","3","truemodel_G3_rho0","ECR","standard","simple","alpha","0.2898"
"3316","16","3","truemodel_G3_rho0","ECR","standard","simple","alpha","0.3098"
"3317","17","3","truemodel_G3_rho0","ECR","standard","simple","alpha","0.2798"
"3318","18","3","truemodel_G3_rho0","ECR","standard","simple","alpha","0.2298"
"3319","19","3","truemodel_G3_rho0","ECR","standard","simple","alpha","0.2898"
"3320","20","3","truemodel_G3_rho0","ECR","standard","simple","alpha","0.3098"
"3321","21","3","truemodel_G3_rho0","ECR","standard","simple","alpha","0.3498"
"3322","22","3","truemodel_G3_rho0","ECR","standard","simple","alpha","0.3598"
"3323","23","3","truemodel_G3_rho0","ECR","standard","simple","alpha","0.2798"
"3324","24","3","truemodel_G3_rho0","ECR","standard","simple","alpha","0.2098"
"3325","25","3","truemodel_G3_rho0","ECR","standard","simple","alpha","0.4598"
"3326","26","3","truemodel_G3_rho0","ECR","standard","simple","alpha","0.2198"
"3327","27","3","truemodel_G3_rho0","ECR","standard","simple","alpha","0.3298"
"3328","28","3","truemodel_G3_rho0","ECR","standard","simple","alpha","0.2298"
"3329","29","3","truemodel_G3_rho0","ECR","standard","simple","alpha","0.3498"
"3330","30","3","truemodel_G3_rho0","ECR","standard","simple","alpha","0.2898"
"3331","31","3","truemodel_G3_rho0","ECR","standard","simple","alpha","0.3198"
"3332","32","3","truemodel_G3_rho0","ECR","standard","simple","alpha","0.4298"
"3333","33","3","truemodel_G3_rho0","ECR","standard","simple","alpha","0.3098"
"3334","34","3","truemodel_G3_rho0","ECR","standard","simple","alpha","0.3598"
"3335","35","3","truemodel_G3_rho0","ECR","standard","simple","alpha","0.3198"
"3336","36","3","truemodel_G3_rho0","ECR","standard","simple","alpha","0.4998"
"3337","37","3","truemodel_G3_rho0","ECR","standard","simple","alpha","0.3198"
"3338","38","3","truemodel_G3_rho0","ECR","standard","simple","alpha","0.3298"
"3339","39","3","truemodel_G3_rho0","ECR","standard","simple","alpha","0.4198"
"3340","40","3","truemodel_G3_rho0","ECR","standard","simple","alpha","0.3498"
"3341","41","3","truemodel_G3_rho0","ECR","standard","simple","alpha","0.3298"
"3342","42","3","truemodel_G3_rho0","ECR","standard","simple","alpha","0.2098"
"3343","43","3","truemodel_G3_rho0","ECR","standard","simple","alpha","0.3998"
"3344","44","3","truemodel_G3_rho0","ECR","standard","simple","alpha","0.5"
"3345","45","3","truemodel_G3_rho0","ECR","standard","simple","alpha","0.3698"
"3346","46","3","truemodel_G3_rho0","ECR","standard","simple","alpha","0.4398"
"3347","47","3","truemodel_G3_rho0","ECR","standard","simple","alpha","0.3798"
"3348","48","3","truemodel_G3_rho0","ECR","standard","simple","alpha","0.3298"
"3349","49","3","truemodel_G3_rho0","ECR","standard","simple","alpha","0.3698"
"3350","50","3","truemodel_G3_rho0","ECR","standard","simple","alpha","0.3298"
"3351","1","3","truemodel_G3_rho.5","ECR","standard","simple","alpha","0.2698"
"3352","2","3","truemodel_G3_rho.5","ECR","standard","simple","alpha","0.2998"
"3353","3","3","truemodel_G3_rho.5","ECR","standard","simple","alpha","0.2798"
"3354","4","3","truemodel_G3_rho.5","ECR","standard","simple","alpha","0.3198"
"3355","5","3","truemodel_G3_rho.5","ECR","standard","simple","alpha","0.2098"
"3356","6","3","truemodel_G3_rho.5","ECR","standard","simple","alpha","0.2298"
"3357","7","3","truemodel_G3_rho.5","ECR","standard","simple","alpha","0.3298"
"3358","8","3","truemodel_G3_rho.5","ECR","standard","simple","alpha","0.2598"
"3359","9","3","truemodel_G3_rho.5","ECR","standard","simple","alpha","0.3798"
"3360","10","3","truemodel_G3_rho.5","ECR","standard","simple","alpha","0.2798"
"3361","11","3","truemodel_G3_rho.5","ECR","standard","simple","alpha","0.3998"
"3362","12","3","truemodel_G3_rho.5","ECR","standard","simple","alpha","0.4098"
"3363","13","3","truemodel_G3_rho.5","ECR","standard","simple","alpha","0.2798"
"3364","14","3","truemodel_G3_rho.5","ECR","standard","simple","alpha","0.4198"
"3365","15","3","truemodel_G3_rho.5","ECR","standard","simple","alpha","0.2398"
"3366","16","3","truemodel_G3_rho.5","ECR","standard","simple","alpha","0.2198"
"3367","17","3","truemodel_G3_rho.5","ECR","standard","simple","alpha","0.5"
"3368","18","3","truemodel_G3_rho.5","ECR","standard","simple","alpha","0.3898"
"3369","19","3","truemodel_G3_rho.5","ECR","standard","simple","alpha","0.2098"
"3370","20","3","truemodel_G3_rho.5","ECR","standard","simple","alpha","0.3298"
"3371","21","3","truemodel_G3_rho.5","ECR","standard","simple","alpha","0.3098"
"3372","22","3","truemodel_G3_rho.5","ECR","standard","simple","alpha","0.2098"
"3373","23","3","truemodel_G3_rho.5","ECR","standard","simple","alpha","0.4898"
"3374","24","3","truemodel_G3_rho.5","ECR","standard","simple","alpha","0.2098"
"3375","25","3","truemodel_G3_rho.5","ECR","standard","simple","alpha","0.2098"
"3376","26","3","truemodel_G3_rho.5","ECR","standard","simple","alpha","0.3198"
"3377","27","3","truemodel_G3_rho.5","ECR","standard","simple","alpha","0.3298"
"3378","28","3","truemodel_G3_rho.5","ECR","standard","simple","alpha","0.3098"
"3379","29","3","truemodel_G3_rho.5","ECR","standard","simple","alpha","0.2798"
"3380","30","3","truemodel_G3_rho.5","ECR","standard","simple","alpha","0.2298"
"3381","31","3","truemodel_G3_rho.5","ECR","standard","simple","alpha","0.3298"
"3382","32","3","truemodel_G3_rho.5","ECR","standard","simple","alpha","0.3898"
"3383","33","3","truemodel_G3_rho.5","ECR","standard","simple","alpha","0.3498"
"3384","34","3","truemodel_G3_rho.5","ECR","standard","simple","alpha","0.4898"
"3385","35","3","truemodel_G3_rho.5","ECR","standard","simple","alpha","0.4798"
"3386","36","3","truemodel_G3_rho.5","ECR","standard","simple","alpha","0.4198"
"3387","37","3","truemodel_G3_rho.5","ECR","standard","simple","alpha","0.4398"
"3388","38","3","truemodel_G3_rho.5","ECR","standard","simple","alpha","0.3398"
"3389","39","3","truemodel_G3_rho.5","ECR","standard","simple","alpha","0.2898"
"3390","40","3","truemodel_G3_rho.5","ECR","standard","simple","alpha","0.4098"
"3391","41","3","truemodel_G3_rho.5","ECR","standard","simple","alpha","0.2698"
"3392","42","3","truemodel_G3_rho.5","ECR","standard","simple","alpha","0.4398"
"3393","43","3","truemodel_G3_rho.5","ECR","standard","simple","alpha","0.2598"
"3394","44","3","truemodel_G3_rho.5","ECR","standard","simple","alpha","0.3998"
"3395","45","3","truemodel_G3_rho.5","ECR","standard","simple","alpha","0.3598"
"3396","46","3","truemodel_G3_rho.5","ECR","standard","simple","alpha","0.3398"
"3397","47","3","truemodel_G3_rho.5","ECR","standard","simple","alpha","0.3398"
"3398","48","3","truemodel_G3_rho.5","ECR","standard","simple","alpha","0.4198"
"3399","49","3","truemodel_G3_rho.5","ECR","standard","simple","alpha","0.3198"
"3400","50","3","truemodel_G3_rho.5","ECR","standard","simple","alpha","0.2598"
"3401","1","3","truemodel_G3_rho1","ECR","standard","simple","alpha","0.2398"
"3402","2","3","truemodel_G3_rho1","ECR","standard","simple","alpha","0.3698"
"3403","3","3","truemodel_G3_rho1","ECR","standard","simple","alpha","0.2098"
"3404","4","3","truemodel_G3_rho1","ECR","standard","simple","alpha","0.4498"
"3405","5","3","truemodel_G3_rho1","ECR","standard","simple","alpha","0.4498"
"3406","6","3","truemodel_G3_rho1","ECR","standard","simple","alpha","0.2398"
"3407","7","3","truemodel_G3_rho1","ECR","standard","simple","alpha","0.2898"
"3408","8","3","truemodel_G3_rho1","ECR","standard","simple","alpha","0.3298"
"3409","9","3","truemodel_G3_rho1","ECR","standard","simple","alpha","0.3198"
"3410","10","3","truemodel_G3_rho1","ECR","standard","simple","alpha","0.2098"
"3411","11","3","truemodel_G3_rho1","ECR","standard","simple","alpha","0.5"
"3412","12","3","truemodel_G3_rho1","ECR","standard","simple","alpha","0.2598"
"3413","13","3","truemodel_G3_rho1","ECR","standard","simple","alpha","0.4198"
"3414","14","3","truemodel_G3_rho1","ECR","standard","simple","alpha","0.2198"
"3415","15","3","truemodel_G3_rho1","ECR","standard","simple","alpha","0.5"
"3416","16","3","truemodel_G3_rho1","ECR","standard","simple","alpha","0.4798"
"3417","17","3","truemodel_G3_rho1","ECR","standard","simple","alpha","0.5"
"3418","18","3","truemodel_G3_rho1","ECR","standard","simple","alpha","0.3598"
"3419","19","3","truemodel_G3_rho1","ECR","standard","simple","alpha","0.3098"
"3420","20","3","truemodel_G3_rho1","ECR","standard","simple","alpha","0.5"
"3421","21","3","truemodel_G3_rho1","ECR","standard","simple","alpha","0.2998"
"3422","22","3","truemodel_G3_rho1","ECR","standard","simple","alpha","0.2098"
"3423","23","3","truemodel_G3_rho1","ECR","standard","simple","alpha","0.2198"
"3424","24","3","truemodel_G3_rho1","ECR","standard","simple","alpha","0.3898"
"3425","25","3","truemodel_G3_rho1","ECR","standard","simple","alpha","0.2298"
"3426","26","3","truemodel_G3_rho1","ECR","standard","simple","alpha","0.2098"
"3427","27","3","truemodel_G3_rho1","ECR","standard","simple","alpha","0.2298"
"3428","28","3","truemodel_G3_rho1","ECR","standard","simple","alpha","0.3598"
"3429","29","3","truemodel_G3_rho1","ECR","standard","simple","alpha","0.5"
"3430","30","3","truemodel_G3_rho1","ECR","standard","simple","alpha","0.2398"
"3431","31","3","truemodel_G3_rho1","ECR","standard","simple","alpha","0.2898"
"3432","32","3","truemodel_G3_rho1","ECR","standard","simple","alpha","0.3598"
"3433","33","3","truemodel_G3_rho1","ECR","standard","simple","alpha","0.5"
"3434","34","3","truemodel_G3_rho1","ECR","standard","simple","alpha","0.2498"
"3435","35","3","truemodel_G3_rho1","ECR","standard","simple","alpha","0.5"
"3436","36","3","truemodel_G3_rho1","ECR","standard","simple","alpha","0.2198"
"3437","37","3","truemodel_G3_rho1","ECR","standard","simple","alpha","0.2898"
"3438","38","3","truemodel_G3_rho1","ECR","standard","simple","alpha","0.3598"
"3439","39","3","truemodel_G3_rho1","ECR","standard","simple","alpha","0.5"
"3440","40","3","truemodel_G3_rho1","ECR","standard","simple","alpha","0.3798"
"3441","41","3","truemodel_G3_rho1","ECR","standard","simple","alpha","0.2098"
"3442","42","3","truemodel_G3_rho1","ECR","standard","simple","alpha","0.4298"
"3443","43","3","truemodel_G3_rho1","ECR","standard","simple","alpha","0.2498"
"3444","44","3","truemodel_G3_rho1","ECR","standard","simple","alpha","0.2398"
"3445","45","3","truemodel_G3_rho1","ECR","standard","simple","alpha","0.2098"
"3446","46","3","truemodel_G3_rho1","ECR","standard","simple","alpha","0.3798"
"3447","47","3","truemodel_G3_rho1","ECR","standard","simple","alpha","0.2498"
"3448","48","3","truemodel_G3_rho1","ECR","standard","simple","alpha","0.3598"
"3449","49","3","truemodel_G3_rho1","ECR","standard","simple","alpha","0.2898"
"3450","50","3","truemodel_G3_rho1","ECR","standard","simple","alpha","0.5"
"3451","1","3","truemodel_G3_rho0","ECR","standard","standard","alpha","0.2198"
"3452","2","3","truemodel_G3_rho0","ECR","standard","standard","alpha","0.3198"
"3453","3","3","truemodel_G3_rho0","ECR","standard","standard","alpha","0.2598"
"3454","4","3","truemodel_G3_rho0","ECR","standard","standard","alpha","0.3098"
"3455","5","3","truemodel_G3_rho0","ECR","standard","standard","alpha","0.3598"
"3456","6","3","truemodel_G3_rho0","ECR","standard","standard","alpha","0.3998"
"3457","7","3","truemodel_G3_rho0","ECR","standard","standard","alpha","0.2498"
"3458","8","3","truemodel_G3_rho0","ECR","standard","standard","alpha","0.2698"
"3459","9","3","truemodel_G3_rho0","ECR","standard","standard","alpha","0.3998"
"3460","10","3","truemodel_G3_rho0","ECR","standard","standard","alpha","0.3698"
"3461","11","3","truemodel_G3_rho0","ECR","standard","standard","alpha","0.2898"
"3462","12","3","truemodel_G3_rho0","ECR","standard","standard","alpha","0.2298"
"3463","13","3","truemodel_G3_rho0","ECR","standard","standard","alpha","0.3398"
"3464","14","3","truemodel_G3_rho0","ECR","standard","standard","alpha","0.2498"
"3465","15","3","truemodel_G3_rho0","ECR","standard","standard","alpha","0.2898"
"3466","16","3","truemodel_G3_rho0","ECR","standard","standard","alpha","0.3098"
"3467","17","3","truemodel_G3_rho0","ECR","standard","standard","alpha","0.2798"
"3468","18","3","truemodel_G3_rho0","ECR","standard","standard","alpha","0.2298"
"3469","19","3","truemodel_G3_rho0","ECR","standard","standard","alpha","0.2898"
"3470","20","3","truemodel_G3_rho0","ECR","standard","standard","alpha","0.3098"
"3471","21","3","truemodel_G3_rho0","ECR","standard","standard","alpha","0.3498"
"3472","22","3","truemodel_G3_rho0","ECR","standard","standard","alpha","0.3598"
"3473","23","3","truemodel_G3_rho0","ECR","standard","standard","alpha","0.2798"
"3474","24","3","truemodel_G3_rho0","ECR","standard","standard","alpha","0.2098"
"3475","25","3","truemodel_G3_rho0","ECR","standard","standard","alpha","0.4598"
"3476","26","3","truemodel_G3_rho0","ECR","standard","standard","alpha","0.2198"
"3477","27","3","truemodel_G3_rho0","ECR","standard","standard","alpha","0.3298"
"3478","28","3","truemodel_G3_rho0","ECR","standard","standard","alpha","0.2298"
"3479","29","3","truemodel_G3_rho0","ECR","standard","standard","alpha","0.3498"
"3480","30","3","truemodel_G3_rho0","ECR","standard","standard","alpha","0.2898"
"3481","31","3","truemodel_G3_rho0","ECR","standard","standard","alpha","0.3198"
"3482","32","3","truemodel_G3_rho0","ECR","standard","standard","alpha","0.4298"
"3483","33","3","truemodel_G3_rho0","ECR","standard","standard","alpha","0.3098"
"3484","34","3","truemodel_G3_rho0","ECR","standard","standard","alpha","0.3598"
"3485","35","3","truemodel_G3_rho0","ECR","standard","standard","alpha","0.3198"
"3486","36","3","truemodel_G3_rho0","ECR","standard","standard","alpha","0.4998"
"3487","37","3","truemodel_G3_rho0","ECR","standard","standard","alpha","0.3198"
"3488","38","3","truemodel_G3_rho0","ECR","standard","standard","alpha","0.3298"
"3489","39","3","truemodel_G3_rho0","ECR","standard","standard","alpha","0.4198"
"3490","40","3","truemodel_G3_rho0","ECR","standard","standard","alpha","0.3498"
"3491","41","3","truemodel_G3_rho0","ECR","standard","standard","alpha","0.3298"
"3492","42","3","truemodel_G3_rho0","ECR","standard","standard","alpha","0.2098"
"3493","43","3","truemodel_G3_rho0","ECR","standard","standard","alpha","0.3998"
"3494","44","3","truemodel_G3_rho0","ECR","standard","standard","alpha","0.5"
"3495","45","3","truemodel_G3_rho0","ECR","standard","standard","alpha","0.3698"
"3496","46","3","truemodel_G3_rho0","ECR","standard","standard","alpha","0.4398"
"3497","47","3","truemodel_G3_rho0","ECR","standard","standard","alpha","0.3798"
"3498","48","3","truemodel_G3_rho0","ECR","standard","standard","alpha","0.3298"
"3499","49","3","truemodel_G3_rho0","ECR","standard","standard","alpha","0.3698"
"3500","50","3","truemodel_G3_rho0","ECR","standard","standard","alpha","0.3298"
"3501","1","3","truemodel_G3_rho.5","ECR","standard","standard","alpha","0.2698"
"3502","2","3","truemodel_G3_rho.5","ECR","standard","standard","alpha","0.2998"
"3503","3","3","truemodel_G3_rho.5","ECR","standard","standard","alpha","0.2798"
"3504","4","3","truemodel_G3_rho.5","ECR","standard","standard","alpha","0.3198"
"3505","5","3","truemodel_G3_rho.5","ECR","standard","standard","alpha","0.2098"
"3506","6","3","truemodel_G3_rho.5","ECR","standard","standard","alpha","0.2298"
"3507","7","3","truemodel_G3_rho.5","ECR","standard","standard","alpha","0.3298"
"3508","8","3","truemodel_G3_rho.5","ECR","standard","standard","alpha","0.2598"
"3509","9","3","truemodel_G3_rho.5","ECR","standard","standard","alpha","0.3798"
"3510","10","3","truemodel_G3_rho.5","ECR","standard","standard","alpha","0.2798"
"3511","11","3","truemodel_G3_rho.5","ECR","standard","standard","alpha","0.3998"
"3512","12","3","truemodel_G3_rho.5","ECR","standard","standard","alpha","0.4098"
"3513","13","3","truemodel_G3_rho.5","ECR","standard","standard","alpha","0.2798"
"3514","14","3","truemodel_G3_rho.5","ECR","standard","standard","alpha","0.4198"
"3515","15","3","truemodel_G3_rho.5","ECR","standard","standard","alpha","0.2398"
"3516","16","3","truemodel_G3_rho.5","ECR","standard","standard","alpha","0.2198"
"3517","17","3","truemodel_G3_rho.5","ECR","standard","standard","alpha","0.5"
"3518","18","3","truemodel_G3_rho.5","ECR","standard","standard","alpha","0.3898"
"3519","19","3","truemodel_G3_rho.5","ECR","standard","standard","alpha","0.2098"
"3520","20","3","truemodel_G3_rho.5","ECR","standard","standard","alpha","0.3298"
"3521","21","3","truemodel_G3_rho.5","ECR","standard","standard","alpha","0.3098"
"3522","22","3","truemodel_G3_rho.5","ECR","standard","standard","alpha","0.2098"
"3523","23","3","truemodel_G3_rho.5","ECR","standard","standard","alpha","0.4898"
"3524","24","3","truemodel_G3_rho.5","ECR","standard","standard","alpha","0.2098"
"3525","25","3","truemodel_G3_rho.5","ECR","standard","standard","alpha","0.2098"
"3526","26","3","truemodel_G3_rho.5","ECR","standard","standard","alpha","0.3198"
"3527","27","3","truemodel_G3_rho.5","ECR","standard","standard","alpha","0.3298"
"3528","28","3","truemodel_G3_rho.5","ECR","standard","standard","alpha","0.3098"
"3529","29","3","truemodel_G3_rho.5","ECR","standard","standard","alpha","0.2798"
"3530","30","3","truemodel_G3_rho.5","ECR","standard","standard","alpha","0.2298"
"3531","31","3","truemodel_G3_rho.5","ECR","standard","standard","alpha","0.3298"
"3532","32","3","truemodel_G3_rho.5","ECR","standard","standard","alpha","0.3898"
"3533","33","3","truemodel_G3_rho.5","ECR","standard","standard","alpha","0.3498"
"3534","34","3","truemodel_G3_rho.5","ECR","standard","standard","alpha","0.4898"
"3535","35","3","truemodel_G3_rho.5","ECR","standard","standard","alpha","0.4798"
"3536","36","3","truemodel_G3_rho.5","ECR","standard","standard","alpha","0.4198"
"3537","37","3","truemodel_G3_rho.5","ECR","standard","standard","alpha","0.4398"
"3538","38","3","truemodel_G3_rho.5","ECR","standard","standard","alpha","0.3398"
"3539","39","3","truemodel_G3_rho.5","ECR","standard","standard","alpha","0.2898"
"3540","40","3","truemodel_G3_rho.5","ECR","standard","standard","alpha","0.4098"
"3541","41","3","truemodel_G3_rho.5","ECR","standard","standard","alpha","0.2698"
"3542","42","3","truemodel_G3_rho.5","ECR","standard","standard","alpha","0.4398"
"3543","43","3","truemodel_G3_rho.5","ECR","standard","standard","alpha","0.2598"
"3544","44","3","truemodel_G3_rho.5","ECR","standard","standard","alpha","0.3998"
"3545","45","3","truemodel_G3_rho.5","ECR","standard","standard","alpha","0.3598"
"3546","46","3","truemodel_G3_rho.5","ECR","standard","standard","alpha","0.3398"
"3547","47","3","truemodel_G3_rho.5","ECR","standard","standard","alpha","0.3398"
"3548","48","3","truemodel_G3_rho.5","ECR","standard","standard","alpha","0.4198"
"3549","49","3","truemodel_G3_rho.5","ECR","standard","standard","alpha","0.3198"
"3550","50","3","truemodel_G3_rho.5","ECR","standard","standard","alpha","0.2598"
"3551","1","3","truemodel_G3_rho1","ECR","standard","standard","alpha","0.2398"
"3552","2","3","truemodel_G3_rho1","ECR","standard","standard","alpha","0.3698"
"3553","3","3","truemodel_G3_rho1","ECR","standard","standard","alpha","0.2098"
"3554","4","3","truemodel_G3_rho1","ECR","standard","standard","alpha","0.4498"
"3555","5","3","truemodel_G3_rho1","ECR","standard","standard","alpha","0.4498"
"3556","6","3","truemodel_G3_rho1","ECR","standard","standard","alpha","0.2398"
"3557","7","3","truemodel_G3_rho1","ECR","standard","standard","alpha","0.2898"
"3558","8","3","truemodel_G3_rho1","ECR","standard","standard","alpha","0.3298"
"3559","9","3","truemodel_G3_rho1","ECR","standard","standard","alpha","0.3198"
"3560","10","3","truemodel_G3_rho1","ECR","standard","standard","alpha","0.2098"
"3561","11","3","truemodel_G3_rho1","ECR","standard","standard","alpha","0.5"
"3562","12","3","truemodel_G3_rho1","ECR","standard","standard","alpha","0.2598"
"3563","13","3","truemodel_G3_rho1","ECR","standard","standard","alpha","0.4198"
"3564","14","3","truemodel_G3_rho1","ECR","standard","standard","alpha","0.2198"
"3565","15","3","truemodel_G3_rho1","ECR","standard","standard","alpha","0.5"
"3566","16","3","truemodel_G3_rho1","ECR","standard","standard","alpha","0.4798"
"3567","17","3","truemodel_G3_rho1","ECR","standard","standard","alpha","0.5"
"3568","18","3","truemodel_G3_rho1","ECR","standard","standard","alpha","0.3598"
"3569","19","3","truemodel_G3_rho1","ECR","standard","standard","alpha","0.3098"
"3570","20","3","truemodel_G3_rho1","ECR","standard","standard","alpha","0.5"
"3571","21","3","truemodel_G3_rho1","ECR","standard","standard","alpha","0.2998"
"3572","22","3","truemodel_G3_rho1","ECR","standard","standard","alpha","0.2098"
"3573","23","3","truemodel_G3_rho1","ECR","standard","standard","alpha","0.2198"
"3574","24","3","truemodel_G3_rho1","ECR","standard","standard","alpha","0.3898"
"3575","25","3","truemodel_G3_rho1","ECR","standard","standard","alpha","0.2298"
"3576","26","3","truemodel_G3_rho1","ECR","standard","standard","alpha","0.2098"
"3577","27","3","truemodel_G3_rho1","ECR","standard","standard","alpha","0.2298"
"3578","28","3","truemodel_G3_rho1","ECR","standard","standard","alpha","0.3598"
"3579","29","3","truemodel_G3_rho1","ECR","standard","standard","alpha","0.5"
"3580","30","3","truemodel_G3_rho1","ECR","standard","standard","alpha","0.2398"
"3581","31","3","truemodel_G3_rho1","ECR","standard","standard","alpha","0.2898"
"3582","32","3","truemodel_G3_rho1","ECR","standard","standard","alpha","0.3598"
"3583","33","3","truemodel_G3_rho1","ECR","standard","standard","alpha","0.5"
"3584","34","3","truemodel_G3_rho1","ECR","standard","standard","alpha","0.2498"
"3585","35","3","truemodel_G3_rho1","ECR","standard","standard","alpha","0.5"
"3586","36","3","truemodel_G3_rho1","ECR","standard","standard","alpha","0.2198"
"3587","37","3","truemodel_G3_rho1","ECR","standard","standard","alpha","0.2898"
"3588","38","3","truemodel_G3_rho1","ECR","standard","standard","alpha","0.3598"
"3589","39","3","truemodel_G3_rho1","ECR","standard","standard","alpha","0.5"
"3590","40","3","truemodel_G3_rho1","ECR","standard","standard","alpha","0.3798"
"3591","41","3","truemodel_G3_rho1","ECR","standard","standard","alpha","0.2098"
"3592","42","3","truemodel_G3_rho1","ECR","standard","standard","alpha","0.4298"
"3593","43","3","truemodel_G3_rho1","ECR","standard","standard","alpha","0.2498"
"3594","44","3","truemodel_G3_rho1","ECR","standard","standard","alpha","0.2398"
"3595","45","3","truemodel_G3_rho1","ECR","standard","standard","alpha","0.2098"
"3596","46","3","truemodel_G3_rho1","ECR","standard","standard","alpha","0.3798"
"3597","47","3","truemodel_G3_rho1","ECR","standard","standard","alpha","0.2498"
"3598","48","3","truemodel_G3_rho1","ECR","standard","standard","alpha","0.3598"
"3599","49","3","truemodel_G3_rho1","ECR","standard","standard","alpha","0.2898"
"3600","50","3","truemodel_G3_rho1","ECR","standard","standard","alpha","0.5"
