"","sim","G","sampler","relabalg","ellipsealg","thamesalg","estimate","value"
"1","1","2","JAGS","ECR","standard","permutations","upper","-74.5354304621025"
"2","2","2","JAGS","ECR","standard","permutations","upper","-75.5115263890444"
"3","3","2","JAGS","ECR","standard","permutations","upper","-75.876421942995"
"4","4","2","JAGS","ECR","standard","permutations","upper","-76.2808756901385"
"5","5","2","JAGS","ECR","standard","permutations","upper","-74.8456006292013"
"6","6","2","JAGS","ECR","standard","permutations","upper","-76.2415625192922"
"7","7","2","JAGS","ECR","standard","permutations","upper","-74.518455111517"
"8","8","2","JAGS","ECR","standard","permutations","upper","-75.8763478916381"
"9","9","2","JAGS","ECR","standard","permutations","upper","-76.1318145696719"
"10","10","2","JAGS","ECR","standard","permutations","upper","-74.1660562173863"
"11","11","2","JAGS","ECR","standard","permutations","upper","-76.0197864333156"
"12","12","2","JAGS","ECR","standard","permutations","upper","-76.0500619740331"
"13","13","2","JAGS","ECR","standard","permutations","upper","-76.2223012257543"
"14","14","2","JAGS","ECR","standard","permutations","upper","-74.3572480385506"
"15","15","2","JAGS","ECR","standard","permutations","upper","-76.0569073873417"
"16","16","2","JAGS","ECR","standard","permutations","upper","-74.2593834245925"
"17","17","2","JAGS","ECR","standard","permutations","upper","-74.3891138473868"
"18","18","2","JAGS","ECR","standard","permutations","upper","-74.102678452619"
"19","19","2","JAGS","ECR","standard","permutations","upper","-74.4699709041262"
"20","20","2","JAGS","ECR","standard","permutations","upper","-75.2699453440583"
"21","1","3","JAGS","ECR","standard","permutations","upper","-72.8364609006014"
"22","2","3","JAGS","ECR","standard","permutations","upper","-72.1008770429005"
"23","3","3","JAGS","ECR","standard","permutations","upper","-72.1455306136316"
"24","4","3","JAGS","ECR","standard","permutations","upper","-73.5776948073485"
"25","5","3","JAGS","ECR","standard","permutations","upper","-72.8904259017734"
"26","6","3","JAGS","ECR","standard","permutations","upper","-72.9181328787082"
"27","7","3","JAGS","ECR","standard","permutations","upper","-72.6504938753111"
"28","8","3","JAGS","ECR","standard","permutations","upper","-72.4607049344969"
"29","9","3","JAGS","ECR","standard","permutations","upper","-72.835647362685"
"30","10","3","JAGS","ECR","standard","permutations","upper","-71.7899051223924"
"31","11","3","JAGS","ECR","standard","permutations","upper","-72.4978110496579"
"32","12","3","JAGS","ECR","standard","permutations","upper","-71.5572026807508"
"33","13","3","JAGS","ECR","standard","permutations","upper","-73.2082460565044"
"34","14","3","JAGS","ECR","standard","permutations","upper","-73.7065395738165"
"35","15","3","JAGS","ECR","standard","permutations","upper","-73.4823717786367"
"36","16","3","JAGS","ECR","standard","permutations","upper","-71.5678687598311"
"37","17","3","JAGS","ECR","standard","permutations","upper","-73.6973929266732"
"38","18","3","JAGS","ECR","standard","permutations","upper","-73.3673922882749"
"39","19","3","JAGS","ECR","standard","permutations","upper","-72.8835058737754"
"40","20","3","JAGS","ECR","standard","permutations","upper","-73.3054244351361"
"41","1","4","JAGS","ECR","standard","permutations","upper","-73.3873718292871"
"42","2","4","JAGS","ECR","standard","permutations","upper","-73.3323996195583"
"43","3","4","JAGS","ECR","standard","permutations","upper","-72.9217358779793"
"44","4","4","JAGS","ECR","standard","permutations","upper","-72.1108004258234"
"45","5","4","JAGS","ECR","standard","permutations","upper","-73.3355723447372"
"46","6","4","JAGS","ECR","standard","permutations","upper","-72.7388516607341"
"47","7","4","JAGS","ECR","standard","permutations","upper","-71.7307184678443"
"48","8","4","JAGS","ECR","standard","permutations","upper","-73.0065242164701"
"49","9","4","JAGS","ECR","standard","permutations","upper","-71.8281258294999"
"50","10","4","JAGS","ECR","standard","permutations","upper","-72.2867687715228"
"51","11","4","JAGS","ECR","standard","permutations","upper","-72.5523233365928"
"52","12","4","JAGS","ECR","standard","permutations","upper","-72.72049039679"
"53","13","4","JAGS","ECR","standard","permutations","upper","-71.6649483257211"
"54","14","4","JAGS","ECR","standard","permutations","upper","-72.6508593888338"
"55","15","4","JAGS","ECR","standard","permutations","upper","-73.0701282799447"
"56","16","4","JAGS","ECR","standard","permutations","upper","-71.9805424981381"
"57","17","4","JAGS","ECR","standard","permutations","upper","-74.3115300029677"
"58","18","4","JAGS","ECR","standard","permutations","upper","-72.2304260538577"
"59","19","4","JAGS","ECR","standard","permutations","upper","-72.3523330192589"
"60","20","4","JAGS","ECR","standard","permutations","upper","-71.6426943545594"
"61","1","5","JAGS","ECR","standard","permutations","upper","-72.3264259342613"
"62","2","5","JAGS","ECR","standard","permutations","upper","-72.06586750097"
"63","3","5","JAGS","ECR","standard","permutations","upper","-71.9774879937739"
"64","4","5","JAGS","ECR","standard","permutations","upper","-73.4051083205343"
"65","5","5","JAGS","ECR","standard","permutations","upper","-73.4412359763161"
"66","6","5","JAGS","ECR","standard","permutations","upper","-72.2721347160476"
"67","7","5","JAGS","ECR","standard","permutations","upper","-73.5131316032506"
"68","8","5","JAGS","ECR","standard","permutations","upper","-71.2822004124912"
"69","9","5","JAGS","ECR","standard","permutations","upper","-71.8487338318061"
"70","10","5","JAGS","ECR","standard","permutations","upper","-72.6582663665526"
"71","11","5","JAGS","ECR","standard","permutations","upper","-72.2004927820364"
"72","12","5","JAGS","ECR","standard","permutations","upper","-72.8950853579345"
"73","13","5","JAGS","ECR","standard","permutations","upper","-72.0684438369192"
"74","14","5","JAGS","ECR","standard","permutations","upper","-73.163610326909"
"75","15","5","JAGS","ECR","standard","permutations","upper","-73.3487737739483"
"76","16","5","JAGS","ECR","standard","permutations","upper","-72.3661812097786"
"77","17","5","JAGS","ECR","standard","permutations","upper","-73.4133408754573"
"78","18","5","JAGS","ECR","standard","permutations","upper","-72.2689864908565"
"79","19","5","JAGS","ECR","standard","permutations","upper","-72.3476855842111"
"80","20","5","JAGS","ECR","standard","permutations","upper","-71.7455862216492"
"81","1","6","JAGS","ECR","standard","permutations","upper","-73.367954938736"
"82","2","6","JAGS","ECR","standard","permutations","upper","-72.8287852808426"
"83","3","6","JAGS","ECR","standard","permutations","upper","-72.7359816879151"
"84","4","6","JAGS","ECR","standard","permutations","upper","-71.5553225827404"
"85","5","6","JAGS","ECR","standard","permutations","upper","-71.533992495273"
"86","6","6","JAGS","ECR","standard","permutations","upper","-73.7592334543277"
"87","7","6","JAGS","ECR","standard","permutations","upper","-72.8168006632023"
"88","8","6","JAGS","ECR","standard","permutations","upper","-74.3300421387044"
"89","9","6","JAGS","ECR","standard","permutations","upper","-72.8961222661308"
"90","10","6","JAGS","ECR","standard","permutations","upper","-73.405511216022"
"91","11","6","JAGS","ECR","standard","permutations","upper","-72.8977382865418"
"92","12","6","JAGS","ECR","standard","permutations","upper","-73.3114150779627"
"93","13","6","JAGS","ECR","standard","permutations","upper","-73.5519062094706"
"94","14","6","JAGS","ECR","standard","permutations","upper","-74.6300494178672"
"95","15","6","JAGS","ECR","standard","permutations","upper","-71.4493483354134"
"96","16","6","JAGS","ECR","standard","permutations","upper","-72.9677853893324"
"97","17","6","JAGS","ECR","standard","permutations","upper","-72.6829046130489"
"98","18","6","JAGS","ECR","standard","permutations","upper","-70.8082904086316"
"99","19","6","JAGS","ECR","standard","permutations","upper","-71.2109987487041"
"100","20","6","JAGS","ECR","standard","permutations","upper","-73.4876917830908"
"101","1","2","STAN","ECR","standard","permutations","upper",NA
"102","2","2","STAN","ECR","standard","permutations","upper",NA
"103","3","2","STAN","ECR","standard","permutations","upper",NA
"104","4","2","STAN","ECR","standard","permutations","upper",NA
"105","5","2","STAN","ECR","standard","permutations","upper",NA
"106","6","2","STAN","ECR","standard","permutations","upper",NA
"107","7","2","STAN","ECR","standard","permutations","upper",NA
"108","8","2","STAN","ECR","standard","permutations","upper",NA
"109","9","2","STAN","ECR","standard","permutations","upper",NA
"110","10","2","STAN","ECR","standard","permutations","upper",NA
"111","11","2","STAN","ECR","standard","permutations","upper",NA
"112","12","2","STAN","ECR","standard","permutations","upper",NA
"113","13","2","STAN","ECR","standard","permutations","upper",NA
"114","14","2","STAN","ECR","standard","permutations","upper",NA
"115","15","2","STAN","ECR","standard","permutations","upper",NA
"116","16","2","STAN","ECR","standard","permutations","upper",NA
"117","17","2","STAN","ECR","standard","permutations","upper",NA
"118","18","2","STAN","ECR","standard","permutations","upper",NA
"119","19","2","STAN","ECR","standard","permutations","upper",NA
"120","20","2","STAN","ECR","standard","permutations","upper",NA
"121","1","3","STAN","ECR","standard","permutations","upper",NA
"122","2","3","STAN","ECR","standard","permutations","upper",NA
"123","3","3","STAN","ECR","standard","permutations","upper",NA
"124","4","3","STAN","ECR","standard","permutations","upper",NA
"125","5","3","STAN","ECR","standard","permutations","upper",NA
"126","6","3","STAN","ECR","standard","permutations","upper",NA
"127","7","3","STAN","ECR","standard","permutations","upper",NA
"128","8","3","STAN","ECR","standard","permutations","upper",NA
"129","9","3","STAN","ECR","standard","permutations","upper",NA
"130","10","3","STAN","ECR","standard","permutations","upper",NA
"131","11","3","STAN","ECR","standard","permutations","upper",NA
"132","12","3","STAN","ECR","standard","permutations","upper",NA
"133","13","3","STAN","ECR","standard","permutations","upper",NA
"134","14","3","STAN","ECR","standard","permutations","upper",NA
"135","15","3","STAN","ECR","standard","permutations","upper",NA
"136","16","3","STAN","ECR","standard","permutations","upper",NA
"137","17","3","STAN","ECR","standard","permutations","upper",NA
"138","18","3","STAN","ECR","standard","permutations","upper",NA
"139","19","3","STAN","ECR","standard","permutations","upper",NA
"140","20","3","STAN","ECR","standard","permutations","upper",NA
"141","1","4","STAN","ECR","standard","permutations","upper",NA
"142","2","4","STAN","ECR","standard","permutations","upper",NA
"143","3","4","STAN","ECR","standard","permutations","upper",NA
"144","4","4","STAN","ECR","standard","permutations","upper",NA
"145","5","4","STAN","ECR","standard","permutations","upper",NA
"146","6","4","STAN","ECR","standard","permutations","upper",NA
"147","7","4","STAN","ECR","standard","permutations","upper",NA
"148","8","4","STAN","ECR","standard","permutations","upper",NA
"149","9","4","STAN","ECR","standard","permutations","upper",NA
"150","10","4","STAN","ECR","standard","permutations","upper",NA
"151","11","4","STAN","ECR","standard","permutations","upper",NA
"152","12","4","STAN","ECR","standard","permutations","upper",NA
"153","13","4","STAN","ECR","standard","permutations","upper",NA
"154","14","4","STAN","ECR","standard","permutations","upper",NA
"155","15","4","STAN","ECR","standard","permutations","upper",NA
"156","16","4","STAN","ECR","standard","permutations","upper",NA
"157","17","4","STAN","ECR","standard","permutations","upper",NA
"158","18","4","STAN","ECR","standard","permutations","upper",NA
"159","19","4","STAN","ECR","standard","permutations","upper",NA
"160","20","4","STAN","ECR","standard","permutations","upper",NA
"161","1","5","STAN","ECR","standard","permutations","upper",NA
"162","2","5","STAN","ECR","standard","permutations","upper",NA
"163","3","5","STAN","ECR","standard","permutations","upper",NA
"164","4","5","STAN","ECR","standard","permutations","upper",NA
"165","5","5","STAN","ECR","standard","permutations","upper",NA
"166","6","5","STAN","ECR","standard","permutations","upper",NA
"167","7","5","STAN","ECR","standard","permutations","upper",NA
"168","8","5","STAN","ECR","standard","permutations","upper",NA
"169","9","5","STAN","ECR","standard","permutations","upper",NA
"170","10","5","STAN","ECR","standard","permutations","upper",NA
"171","11","5","STAN","ECR","standard","permutations","upper",NA
"172","12","5","STAN","ECR","standard","permutations","upper",NA
"173","13","5","STAN","ECR","standard","permutations","upper",NA
"174","14","5","STAN","ECR","standard","permutations","upper",NA
"175","15","5","STAN","ECR","standard","permutations","upper",NA
"176","16","5","STAN","ECR","standard","permutations","upper",NA
"177","17","5","STAN","ECR","standard","permutations","upper",NA
"178","18","5","STAN","ECR","standard","permutations","upper",NA
"179","19","5","STAN","ECR","standard","permutations","upper",NA
"180","20","5","STAN","ECR","standard","permutations","upper",NA
"181","1","6","STAN","ECR","standard","permutations","upper",NA
"182","2","6","STAN","ECR","standard","permutations","upper",NA
"183","3","6","STAN","ECR","standard","permutations","upper",NA
"184","4","6","STAN","ECR","standard","permutations","upper",NA
"185","5","6","STAN","ECR","standard","permutations","upper",NA
"186","6","6","STAN","ECR","standard","permutations","upper",NA
"187","7","6","STAN","ECR","standard","permutations","upper",NA
"188","8","6","STAN","ECR","standard","permutations","upper",NA
"189","9","6","STAN","ECR","standard","permutations","upper",NA
"190","10","6","STAN","ECR","standard","permutations","upper",NA
"191","11","6","STAN","ECR","standard","permutations","upper",NA
"192","12","6","STAN","ECR","standard","permutations","upper",NA
"193","13","6","STAN","ECR","standard","permutations","upper",NA
"194","14","6","STAN","ECR","standard","permutations","upper",NA
"195","15","6","STAN","ECR","standard","permutations","upper",NA
"196","16","6","STAN","ECR","standard","permutations","upper",NA
"197","17","6","STAN","ECR","standard","permutations","upper",NA
"198","18","6","STAN","ECR","standard","permutations","upper",NA
"199","19","6","STAN","ECR","standard","permutations","upper",NA
"200","20","6","STAN","ECR","standard","permutations","upper",NA
"201","1","2","JAGS","STEPHENS","standard","permutations","upper","-74.5354304621025"
"202","2","2","JAGS","STEPHENS","standard","permutations","upper","-75.5115263890444"
"203","3","2","JAGS","STEPHENS","standard","permutations","upper","-75.876421942995"
"204","4","2","JAGS","STEPHENS","standard","permutations","upper","-76.2808756901385"
"205","5","2","JAGS","STEPHENS","standard","permutations","upper","-74.8456006292013"
"206","6","2","JAGS","STEPHENS","standard","permutations","upper","-76.2415625192922"
"207","7","2","JAGS","STEPHENS","standard","permutations","upper","-74.518455111517"
"208","8","2","JAGS","STEPHENS","standard","permutations","upper","-75.8763478916381"
"209","9","2","JAGS","STEPHENS","standard","permutations","upper","-76.1318145696719"
"210","10","2","JAGS","STEPHENS","standard","permutations","upper","-74.1660562173863"
"211","11","2","JAGS","STEPHENS","standard","permutations","upper","-76.0197864333156"
"212","12","2","JAGS","STEPHENS","standard","permutations","upper","-76.0500619740331"
"213","13","2","JAGS","STEPHENS","standard","permutations","upper","-76.2223012257543"
"214","14","2","JAGS","STEPHENS","standard","permutations","upper","-74.3572480385506"
"215","15","2","JAGS","STEPHENS","standard","permutations","upper","-76.0569073873417"
"216","16","2","JAGS","STEPHENS","standard","permutations","upper","-74.2593834245925"
"217","17","2","JAGS","STEPHENS","standard","permutations","upper","-74.3891138473868"
"218","18","2","JAGS","STEPHENS","standard","permutations","upper","-74.102678452619"
"219","19","2","JAGS","STEPHENS","standard","permutations","upper","-74.4699709041262"
"220","20","2","JAGS","STEPHENS","standard","permutations","upper","-75.2699453440583"
"221","1","3","JAGS","STEPHENS","standard","permutations","upper","-72.7385672096724"
"222","2","3","JAGS","STEPHENS","standard","permutations","upper","-72.0574005148356"
"223","3","3","JAGS","STEPHENS","standard","permutations","upper","-72.2027826756205"
"224","4","3","JAGS","STEPHENS","standard","permutations","upper","-73.6187699557089"
"225","5","3","JAGS","STEPHENS","standard","permutations","upper","-72.8279828163151"
"226","6","3","JAGS","STEPHENS","standard","permutations","upper","-72.9516901042781"
"227","7","3","JAGS","STEPHENS","standard","permutations","upper","-72.6553088382838"
"228","8","3","JAGS","STEPHENS","standard","permutations","upper","-72.5200033418364"
"229","9","3","JAGS","STEPHENS","standard","permutations","upper","-72.8296662988911"
"230","10","3","JAGS","STEPHENS","standard","permutations","upper","-71.7716099801426"
"231","11","3","JAGS","STEPHENS","standard","permutations","upper","-72.4691528839508"
"232","12","3","JAGS","STEPHENS","standard","permutations","upper","-71.4873971495105"
"233","13","3","JAGS","STEPHENS","standard","permutations","upper","-73.2626232340089"
"234","14","3","JAGS","STEPHENS","standard","permutations","upper","-73.6850359244444"
"235","15","3","JAGS","STEPHENS","standard","permutations","upper","-73.4491474468298"
"236","16","3","JAGS","STEPHENS","standard","permutations","upper","-71.5846776995968"
"237","17","3","JAGS","STEPHENS","standard","permutations","upper","-73.7576278913532"
"238","18","3","JAGS","STEPHENS","standard","permutations","upper","-73.392022356759"
"239","19","3","JAGS","STEPHENS","standard","permutations","upper","-72.9638394161947"
"240","20","3","JAGS","STEPHENS","standard","permutations","upper","-73.3166448408466"
"241","1","4","JAGS","STEPHENS","standard","permutations","upper","-73.1093229704459"
"242","2","4","JAGS","STEPHENS","standard","permutations","upper","-74.9537883895135"
"243","3","4","JAGS","STEPHENS","standard","permutations","upper","-72.5174031178001"
"244","4","4","JAGS","STEPHENS","standard","permutations","upper","-73.3755446219793"
"245","5","4","JAGS","STEPHENS","standard","permutations","upper","-73.3362179270082"
"246","6","4","JAGS","STEPHENS","standard","permutations","upper","-72.8695551567057"
"247","7","4","JAGS","STEPHENS","standard","permutations","upper","-73.7112774233369"
"248","8","4","JAGS","STEPHENS","standard","permutations","upper","-72.2646209948284"
"249","9","4","JAGS","STEPHENS","standard","permutations","upper","-72.2143185462034"
"250","10","4","JAGS","STEPHENS","standard","permutations","upper","-72.5655063312121"
"251","11","4","JAGS","STEPHENS","standard","permutations","upper","-72.7509982682429"
"252","12","4","JAGS","STEPHENS","standard","permutations","upper","-73.0080255789928"
"253","13","4","JAGS","STEPHENS","standard","permutations","upper","-71.2909327763469"
"254","14","4","JAGS","STEPHENS","standard","permutations","upper","-72.1941271590918"
"255","15","4","JAGS","STEPHENS","standard","permutations","upper","-73.6348514303079"
"256","16","4","JAGS","STEPHENS","standard","permutations","upper","-71.9152331098493"
"257","17","4","JAGS","STEPHENS","standard","permutations","upper","-73.3217506068167"
"258","18","4","JAGS","STEPHENS","standard","permutations","upper","-71.2839102072968"
"259","19","4","JAGS","STEPHENS","standard","permutations","upper","-73.9240855652558"
"260","20","4","JAGS","STEPHENS","standard","permutations","upper","-71.0522476111255"
"261","1","5","JAGS","STEPHENS","standard","permutations","upper","-72.3238391793063"
"262","2","5","JAGS","STEPHENS","standard","permutations","upper","-72.5696084742736"
"263","3","5","JAGS","STEPHENS","standard","permutations","upper","-72.4950843651077"
"264","4","5","JAGS","STEPHENS","standard","permutations","upper","-72.064913198906"
"265","5","5","JAGS","STEPHENS","standard","permutations","upper","-72.399264697373"
"266","6","5","JAGS","STEPHENS","standard","permutations","upper","-72.6104476850899"
"267","7","5","JAGS","STEPHENS","standard","permutations","upper","-72.5179429222444"
"268","8","5","JAGS","STEPHENS","standard","permutations","upper","-72.6789361049542"
"269","9","5","JAGS","STEPHENS","standard","permutations","upper","-72.8490612635387"
"270","10","5","JAGS","STEPHENS","standard","permutations","upper","-73.6506431687485"
"271","11","5","JAGS","STEPHENS","standard","permutations","upper","-72.0770282319975"
"272","12","5","JAGS","STEPHENS","standard","permutations","upper","-73.059938968668"
"273","13","5","JAGS","STEPHENS","standard","permutations","upper","-72.4638485479058"
"274","14","5","JAGS","STEPHENS","standard","permutations","upper","-72.9092766114759"
"275","15","5","JAGS","STEPHENS","standard","permutations","upper","-73.5735099213012"
"276","16","5","JAGS","STEPHENS","standard","permutations","upper","-72.3750705635414"
"277","17","5","JAGS","STEPHENS","standard","permutations","upper","-72.6103411526362"
"278","18","5","JAGS","STEPHENS","standard","permutations","upper","-71.7196432185807"
"279","19","5","JAGS","STEPHENS","standard","permutations","upper","-71.9732840102959"
"280","20","5","JAGS","STEPHENS","standard","permutations","upper","-71.834976167711"
"281","1","6","JAGS","STEPHENS","standard","permutations","upper","-73.7169897278983"
"282","2","6","JAGS","STEPHENS","standard","permutations","upper","-71.1534314577302"
"283","3","6","JAGS","STEPHENS","standard","permutations","upper","-73.2768428837962"
"284","4","6","JAGS","STEPHENS","standard","permutations","upper","-71.2024288667821"
"285","5","6","JAGS","STEPHENS","standard","permutations","upper","-73.9572650343808"
"286","6","6","JAGS","STEPHENS","standard","permutations","upper","-74.0231620204865"
"287","7","6","JAGS","STEPHENS","standard","permutations","upper","-72.7006935675342"
"288","8","6","JAGS","STEPHENS","standard","permutations","upper","-73.9906978539242"
"289","9","6","JAGS","STEPHENS","standard","permutations","upper","-73.2449057201109"
"290","10","6","JAGS","STEPHENS","standard","permutations","upper","-73.0548357236839"
"291","11","6","JAGS","STEPHENS","standard","permutations","upper","-73.0813195308359"
"292","12","6","JAGS","STEPHENS","standard","permutations","upper","-73.0650534409906"
"293","13","6","JAGS","STEPHENS","standard","permutations","upper","-73.3727272202931"
"294","14","6","JAGS","STEPHENS","standard","permutations","upper","-74.2929026723685"
"295","15","6","JAGS","STEPHENS","standard","permutations","upper","-72.6139445109192"
"296","16","6","JAGS","STEPHENS","standard","permutations","upper","-71.5966729558487"
"297","17","6","JAGS","STEPHENS","standard","permutations","upper","-72.6856326418806"
"298","18","6","JAGS","STEPHENS","standard","permutations","upper","-73.05807432572"
"299","19","6","JAGS","STEPHENS","standard","permutations","upper","-73.8210400222433"
"300","20","6","JAGS","STEPHENS","standard","permutations","upper","-72.8363114222925"
"301","1","2","STAN","STEPHENS","standard","permutations","upper","-76.1727254521721"
"302","2","2","STAN","STEPHENS","standard","permutations","upper","-74.3828522315372"
"303","3","2","STAN","STEPHENS","standard","permutations","upper","-75.8676985019523"
"304","4","2","STAN","STEPHENS","standard","permutations","upper","-75.5626568684715"
"305","5","2","STAN","STEPHENS","standard","permutations","upper","-74.8808420566022"
"306","6","2","STAN","STEPHENS","standard","permutations","upper","-76.2932201061012"
"307","7","2","STAN","STEPHENS","standard","permutations","upper","-74.7920321226373"
"308","8","2","STAN","STEPHENS","standard","permutations","upper","-75.4863704068143"
"309","9","2","STAN","STEPHENS","standard","permutations","upper","-75.6481354855254"
"310","10","2","STAN","STEPHENS","standard","permutations","upper","-76.2963406470728"
"311","11","2","STAN","STEPHENS","standard","permutations","upper","-75.9547516977865"
"312","12","2","STAN","STEPHENS","standard","permutations","upper","-76.0112553739713"
"313","13","2","STAN","STEPHENS","standard","permutations","upper","-76.1659951329225"
"314","14","2","STAN","STEPHENS","standard","permutations","upper","-75.5933975502772"
"315","15","2","STAN","STEPHENS","standard","permutations","upper","-75.3154848413523"
"316","16","2","STAN","STEPHENS","standard","permutations","upper","-76.2310506831001"
"317","17","2","STAN","STEPHENS","standard","permutations","upper","-74.3279567168142"
"318","18","2","STAN","STEPHENS","standard","permutations","upper","-74.2398631894984"
"319","19","2","STAN","STEPHENS","standard","permutations","upper","-75.806356074106"
"320","20","2","STAN","STEPHENS","standard","permutations","upper","-75.2502336862767"
"321","1","3","STAN","STEPHENS","standard","permutations","upper","-71.8495679451508"
"322","2","3","STAN","STEPHENS","standard","permutations","upper","-72.2269960997446"
"323","3","3","STAN","STEPHENS","standard","permutations","upper","-72.1297782186236"
"324","4","3","STAN","STEPHENS","standard","permutations","upper","-72.5979501806665"
"325","5","3","STAN","STEPHENS","standard","permutations","upper","-72.7528757431353"
"326","6","3","STAN","STEPHENS","standard","permutations","upper","-72.028167999872"
"327","7","3","STAN","STEPHENS","standard","permutations","upper","-71.8307588325766"
"328","8","3","STAN","STEPHENS","standard","permutations","upper","-71.5889702708532"
"329","9","3","STAN","STEPHENS","standard","permutations","upper","-73.3889384143054"
"330","10","3","STAN","STEPHENS","standard","permutations","upper","-72.0916593107787"
"331","11","3","STAN","STEPHENS","standard","permutations","upper","-73.1594643342095"
"332","12","3","STAN","STEPHENS","standard","permutations","upper","-73.0834404906019"
"333","13","3","STAN","STEPHENS","standard","permutations","upper","-73.1717005636573"
"334","14","3","STAN","STEPHENS","standard","permutations","upper","-72.9639027917284"
"335","15","3","STAN","STEPHENS","standard","permutations","upper","-72.643984792375"
"336","16","3","STAN","STEPHENS","standard","permutations","upper","-73.2655997568919"
"337","17","3","STAN","STEPHENS","standard","permutations","upper","-72.9877152731473"
"338","18","3","STAN","STEPHENS","standard","permutations","upper","-73.7206464424447"
"339","19","3","STAN","STEPHENS","standard","permutations","upper","-71.9497113544032"
"340","20","3","STAN","STEPHENS","standard","permutations","upper","-73.5793766565614"
"341","1","4","STAN","STEPHENS","standard","permutations","upper","-72.0824245867365"
"342","2","4","STAN","STEPHENS","standard","permutations","upper","-73.2417838379741"
"343","3","4","STAN","STEPHENS","standard","permutations","upper","-72.8809198904135"
"344","4","4","STAN","STEPHENS","standard","permutations","upper","-72.3356583384803"
"345","5","4","STAN","STEPHENS","standard","permutations","upper","-72.0002079487786"
"346","6","4","STAN","STEPHENS","standard","permutations","upper","-72.5587164133165"
"347","7","4","STAN","STEPHENS","standard","permutations","upper","-72.9707701443655"
"348","8","4","STAN","STEPHENS","standard","permutations","upper","-72.1914855184564"
"349","9","4","STAN","STEPHENS","standard","permutations","upper","-73.7797850447097"
"350","10","4","STAN","STEPHENS","standard","permutations","upper","-72.5391813550613"
"351","11","4","STAN","STEPHENS","standard","permutations","upper","-74.0329592843343"
"352","12","4","STAN","STEPHENS","standard","permutations","upper","-73.5070485950887"
"353","13","4","STAN","STEPHENS","standard","permutations","upper","-72.4925959078783"
"354","14","4","STAN","STEPHENS","standard","permutations","upper","-71.5049394031662"
"355","15","4","STAN","STEPHENS","standard","permutations","upper","-71.4042363637542"
"356","16","4","STAN","STEPHENS","standard","permutations","upper","-72.4600538241555"
"357","17","4","STAN","STEPHENS","standard","permutations","upper","-72.1194566040135"
"358","18","4","STAN","STEPHENS","standard","permutations","upper","-71.5557809941816"
"359","19","4","STAN","STEPHENS","standard","permutations","upper","-71.7704893680577"
"360","20","4","STAN","STEPHENS","standard","permutations","upper","-74.6184877461715"
"361","1","5","STAN","STEPHENS","standard","permutations","upper","-73.4171590826021"
"362","2","5","STAN","STEPHENS","standard","permutations","upper","-73.7698253357224"
"363","3","5","STAN","STEPHENS","standard","permutations","upper","-73.9876487908895"
"364","4","5","STAN","STEPHENS","standard","permutations","upper","-71.795733034382"
"365","5","5","STAN","STEPHENS","standard","permutations","upper","-72.324297877278"
"366","6","5","STAN","STEPHENS","standard","permutations","upper","-73.756449853321"
"367","7","5","STAN","STEPHENS","standard","permutations","upper","-72.1806176855037"
"368","8","5","STAN","STEPHENS","standard","permutations","upper","-70.4853394239682"
"369","9","5","STAN","STEPHENS","standard","permutations","upper","-72.930953056946"
"370","10","5","STAN","STEPHENS","standard","permutations","upper","-72.1073316550136"
"371","11","5","STAN","STEPHENS","standard","permutations","upper","-73.1358528667341"
"372","12","5","STAN","STEPHENS","standard","permutations","upper","-72.4829852380906"
"373","13","5","STAN","STEPHENS","standard","permutations","upper","-72.0622042204956"
"374","14","5","STAN","STEPHENS","standard","permutations","upper","-72.0472847206858"
"375","15","5","STAN","STEPHENS","standard","permutations","upper","-71.8046094293401"
"376","16","5","STAN","STEPHENS","standard","permutations","upper","-72.9469722824931"
"377","17","5","STAN","STEPHENS","standard","permutations","upper","-72.3268527570428"
"378","18","5","STAN","STEPHENS","standard","permutations","upper","-71.3283704676157"
"379","19","5","STAN","STEPHENS","standard","permutations","upper","-73.8090082054504"
"380","20","5","STAN","STEPHENS","standard","permutations","upper","-72.0384732280096"
"381","1","6","STAN","STEPHENS","standard","permutations","upper","-72.6440384006406"
"382","2","6","STAN","STEPHENS","standard","permutations","upper","-71.3138222408841"
"383","3","6","STAN","STEPHENS","standard","permutations","upper","-71.6958722016087"
"384","4","6","STAN","STEPHENS","standard","permutations","upper","-73.873520515786"
"385","5","6","STAN","STEPHENS","standard","permutations","upper","-72.4305578562794"
"386","6","6","STAN","STEPHENS","standard","permutations","upper","-73.2536162638753"
"387","7","6","STAN","STEPHENS","standard","permutations","upper","-73.0946419300374"
"388","8","6","STAN","STEPHENS","standard","permutations","upper","-73.7967159244484"
"389","9","6","STAN","STEPHENS","standard","permutations","upper","-72.7426904362525"
"390","10","6","STAN","STEPHENS","standard","permutations","upper","-72.4392060028006"
"391","11","6","STAN","STEPHENS","standard","permutations","upper","-72.7969780226537"
"392","12","6","STAN","STEPHENS","standard","permutations","upper","-74.0547502601241"
"393","13","6","STAN","STEPHENS","standard","permutations","upper","-73.8667353035065"
"394","14","6","STAN","STEPHENS","standard","permutations","upper","-74.1728456943915"
"395","15","6","STAN","STEPHENS","standard","permutations","upper","-73.2965237749754"
"396","16","6","STAN","STEPHENS","standard","permutations","upper","-70.6131456793314"
"397","17","6","STAN","STEPHENS","standard","permutations","upper","-73.000286523372"
"398","18","6","STAN","STEPHENS","standard","permutations","upper","-74.6405852795716"
"399","19","6","STAN","STEPHENS","standard","permutations","upper","-72.8941468229424"
"400","20","6","STAN","STEPHENS","standard","permutations","upper","-74.1516975828061"
"401","1","2","JAGS","ECR","standard","simple","upper","-74.5354304621025"
"402","2","2","JAGS","ECR","standard","simple","upper","-75.5115263890444"
"403","3","2","JAGS","ECR","standard","simple","upper","-75.876421942995"
"404","4","2","JAGS","ECR","standard","simple","upper","-76.2808756901385"
"405","5","2","JAGS","ECR","standard","simple","upper","-74.8456006292013"
"406","6","2","JAGS","ECR","standard","simple","upper","-76.2415625192922"
"407","7","2","JAGS","ECR","standard","simple","upper","-74.518455111517"
"408","8","2","JAGS","ECR","standard","simple","upper","-75.8763478916381"
"409","9","2","JAGS","ECR","standard","simple","upper","-76.1318145696719"
"410","10","2","JAGS","ECR","standard","simple","upper","-74.1660562173863"
"411","11","2","JAGS","ECR","standard","simple","upper","-76.0197864333156"
"412","12","2","JAGS","ECR","standard","simple","upper","-76.0500619740331"
"413","13","2","JAGS","ECR","standard","simple","upper","-76.2223012257543"
"414","14","2","JAGS","ECR","standard","simple","upper","-74.3572480385506"
"415","15","2","JAGS","ECR","standard","simple","upper","-76.0569073873417"
"416","16","2","JAGS","ECR","standard","simple","upper","-74.2593834245925"
"417","17","2","JAGS","ECR","standard","simple","upper","-74.3891138473868"
"418","18","2","JAGS","ECR","standard","simple","upper","-74.102678452619"
"419","19","2","JAGS","ECR","standard","simple","upper","-74.4699709041262"
"420","20","2","JAGS","ECR","standard","simple","upper","-75.2699453440583"
"421","1","3","JAGS","ECR","standard","simple","upper","-72.8364609006014"
"422","2","3","JAGS","ECR","standard","simple","upper","-72.1008770429005"
"423","3","3","JAGS","ECR","standard","simple","upper","-72.1455306136316"
"424","4","3","JAGS","ECR","standard","simple","upper","-73.5776948073485"
"425","5","3","JAGS","ECR","standard","simple","upper","-72.8904259017734"
"426","6","3","JAGS","ECR","standard","simple","upper","-72.9181328787082"
"427","7","3","JAGS","ECR","standard","simple","upper","-72.6504938753111"
"428","8","3","JAGS","ECR","standard","simple","upper","-72.4607049344969"
"429","9","3","JAGS","ECR","standard","simple","upper","-72.835647362685"
"430","10","3","JAGS","ECR","standard","simple","upper","-71.7899051223924"
"431","11","3","JAGS","ECR","standard","simple","upper","-72.4978110496579"
"432","12","3","JAGS","ECR","standard","simple","upper","-71.5572026807508"
"433","13","3","JAGS","ECR","standard","simple","upper","-73.2082460565044"
"434","14","3","JAGS","ECR","standard","simple","upper","-73.7065395738165"
"435","15","3","JAGS","ECR","standard","simple","upper","-73.4823717786367"
"436","16","3","JAGS","ECR","standard","simple","upper","-71.5678687598311"
"437","17","3","JAGS","ECR","standard","simple","upper","-73.6973929266732"
"438","18","3","JAGS","ECR","standard","simple","upper","-73.3673922882749"
"439","19","3","JAGS","ECR","standard","simple","upper","-72.8835058737754"
"440","20","3","JAGS","ECR","standard","simple","upper","-73.3054244351361"
"441","1","4","JAGS","ECR","standard","simple","upper","-73.3873718292871"
"442","2","4","JAGS","ECR","standard","simple","upper","-73.3323996195583"
"443","3","4","JAGS","ECR","standard","simple","upper","-72.9217358779793"
"444","4","4","JAGS","ECR","standard","simple","upper","-72.1108004258234"
"445","5","4","JAGS","ECR","standard","simple","upper","-73.3355723447372"
"446","6","4","JAGS","ECR","standard","simple","upper","-72.7388516607341"
"447","7","4","JAGS","ECR","standard","simple","upper","-71.7307184678443"
"448","8","4","JAGS","ECR","standard","simple","upper","-73.0065242164701"
"449","9","4","JAGS","ECR","standard","simple","upper","-71.8281258294999"
"450","10","4","JAGS","ECR","standard","simple","upper","-72.2867687715228"
"451","11","4","JAGS","ECR","standard","simple","upper","-72.5523233365928"
"452","12","4","JAGS","ECR","standard","simple","upper","-72.72049039679"
"453","13","4","JAGS","ECR","standard","simple","upper","-71.6649483257211"
"454","14","4","JAGS","ECR","standard","simple","upper","-72.6508593888338"
"455","15","4","JAGS","ECR","standard","simple","upper","-73.0701282799447"
"456","16","4","JAGS","ECR","standard","simple","upper","-71.9805424981381"
"457","17","4","JAGS","ECR","standard","simple","upper","-74.3115300029677"
"458","18","4","JAGS","ECR","standard","simple","upper","-72.2304260538577"
"459","19","4","JAGS","ECR","standard","simple","upper","-72.3523330192589"
"460","20","4","JAGS","ECR","standard","simple","upper","-71.6426943545594"
"461","1","5","JAGS","ECR","standard","simple","upper","-72.3264259342613"
"462","2","5","JAGS","ECR","standard","simple","upper","-72.06586750097"
"463","3","5","JAGS","ECR","standard","simple","upper","-71.9774879937739"
"464","4","5","JAGS","ECR","standard","simple","upper","-73.4051083205343"
"465","5","5","JAGS","ECR","standard","simple","upper","-73.4412359763161"
"466","6","5","JAGS","ECR","standard","simple","upper","-72.2721347160476"
"467","7","5","JAGS","ECR","standard","simple","upper","-73.5131316032506"
"468","8","5","JAGS","ECR","standard","simple","upper","-71.2822004124912"
"469","9","5","JAGS","ECR","standard","simple","upper","-71.8487338318061"
"470","10","5","JAGS","ECR","standard","simple","upper","-72.6582663665526"
"471","11","5","JAGS","ECR","standard","simple","upper","-72.2004927820364"
"472","12","5","JAGS","ECR","standard","simple","upper","-72.8950853579345"
"473","13","5","JAGS","ECR","standard","simple","upper","-72.0684438369192"
"474","14","5","JAGS","ECR","standard","simple","upper","-73.163610326909"
"475","15","5","JAGS","ECR","standard","simple","upper","-73.3487737739483"
"476","16","5","JAGS","ECR","standard","simple","upper","-72.3661812097786"
"477","17","5","JAGS","ECR","standard","simple","upper","-73.4133408754573"
"478","18","5","JAGS","ECR","standard","simple","upper","-72.2689864908565"
"479","19","5","JAGS","ECR","standard","simple","upper","-72.3476855842111"
"480","20","5","JAGS","ECR","standard","simple","upper","-71.7455862216492"
"481","1","6","JAGS","ECR","standard","simple","upper","-73.367954938736"
"482","2","6","JAGS","ECR","standard","simple","upper","-72.8287852808426"
"483","3","6","JAGS","ECR","standard","simple","upper","-72.7359816879151"
"484","4","6","JAGS","ECR","standard","simple","upper","-71.5553225827404"
"485","5","6","JAGS","ECR","standard","simple","upper","-71.533992495273"
"486","6","6","JAGS","ECR","standard","simple","upper","-73.7592334543277"
"487","7","6","JAGS","ECR","standard","simple","upper","-72.8168006632023"
"488","8","6","JAGS","ECR","standard","simple","upper","-74.3300421387044"
"489","9","6","JAGS","ECR","standard","simple","upper","-72.8961222661308"
"490","10","6","JAGS","ECR","standard","simple","upper","-73.405511216022"
"491","11","6","JAGS","ECR","standard","simple","upper","-72.8977382865418"
"492","12","6","JAGS","ECR","standard","simple","upper","-73.3114150779627"
"493","13","6","JAGS","ECR","standard","simple","upper","-73.5519062094706"
"494","14","6","JAGS","ECR","standard","simple","upper","-74.6300494178672"
"495","15","6","JAGS","ECR","standard","simple","upper","-71.4493483354134"
"496","16","6","JAGS","ECR","standard","simple","upper","-72.9677853893324"
"497","17","6","JAGS","ECR","standard","simple","upper","-72.6829046130489"
"498","18","6","JAGS","ECR","standard","simple","upper","-70.8082904086316"
"499","19","6","JAGS","ECR","standard","simple","upper","-71.2109987487041"
"500","20","6","JAGS","ECR","standard","simple","upper","-73.4876917830908"
"501","1","2","STAN","ECR","standard","simple","upper",NA
"502","2","2","STAN","ECR","standard","simple","upper",NA
"503","3","2","STAN","ECR","standard","simple","upper",NA
"504","4","2","STAN","ECR","standard","simple","upper",NA
"505","5","2","STAN","ECR","standard","simple","upper",NA
"506","6","2","STAN","ECR","standard","simple","upper",NA
"507","7","2","STAN","ECR","standard","simple","upper",NA
"508","8","2","STAN","ECR","standard","simple","upper",NA
"509","9","2","STAN","ECR","standard","simple","upper",NA
"510","10","2","STAN","ECR","standard","simple","upper",NA
"511","11","2","STAN","ECR","standard","simple","upper",NA
"512","12","2","STAN","ECR","standard","simple","upper",NA
"513","13","2","STAN","ECR","standard","simple","upper",NA
"514","14","2","STAN","ECR","standard","simple","upper",NA
"515","15","2","STAN","ECR","standard","simple","upper",NA
"516","16","2","STAN","ECR","standard","simple","upper",NA
"517","17","2","STAN","ECR","standard","simple","upper",NA
"518","18","2","STAN","ECR","standard","simple","upper",NA
"519","19","2","STAN","ECR","standard","simple","upper",NA
"520","20","2","STAN","ECR","standard","simple","upper",NA
"521","1","3","STAN","ECR","standard","simple","upper",NA
"522","2","3","STAN","ECR","standard","simple","upper",NA
"523","3","3","STAN","ECR","standard","simple","upper",NA
"524","4","3","STAN","ECR","standard","simple","upper",NA
"525","5","3","STAN","ECR","standard","simple","upper",NA
"526","6","3","STAN","ECR","standard","simple","upper",NA
"527","7","3","STAN","ECR","standard","simple","upper",NA
"528","8","3","STAN","ECR","standard","simple","upper",NA
"529","9","3","STAN","ECR","standard","simple","upper",NA
"530","10","3","STAN","ECR","standard","simple","upper",NA
"531","11","3","STAN","ECR","standard","simple","upper",NA
"532","12","3","STAN","ECR","standard","simple","upper",NA
"533","13","3","STAN","ECR","standard","simple","upper",NA
"534","14","3","STAN","ECR","standard","simple","upper",NA
"535","15","3","STAN","ECR","standard","simple","upper",NA
"536","16","3","STAN","ECR","standard","simple","upper",NA
"537","17","3","STAN","ECR","standard","simple","upper",NA
"538","18","3","STAN","ECR","standard","simple","upper",NA
"539","19","3","STAN","ECR","standard","simple","upper",NA
"540","20","3","STAN","ECR","standard","simple","upper",NA
"541","1","4","STAN","ECR","standard","simple","upper",NA
"542","2","4","STAN","ECR","standard","simple","upper",NA
"543","3","4","STAN","ECR","standard","simple","upper",NA
"544","4","4","STAN","ECR","standard","simple","upper",NA
"545","5","4","STAN","ECR","standard","simple","upper",NA
"546","6","4","STAN","ECR","standard","simple","upper",NA
"547","7","4","STAN","ECR","standard","simple","upper",NA
"548","8","4","STAN","ECR","standard","simple","upper",NA
"549","9","4","STAN","ECR","standard","simple","upper",NA
"550","10","4","STAN","ECR","standard","simple","upper",NA
"551","11","4","STAN","ECR","standard","simple","upper",NA
"552","12","4","STAN","ECR","standard","simple","upper",NA
"553","13","4","STAN","ECR","standard","simple","upper",NA
"554","14","4","STAN","ECR","standard","simple","upper",NA
"555","15","4","STAN","ECR","standard","simple","upper",NA
"556","16","4","STAN","ECR","standard","simple","upper",NA
"557","17","4","STAN","ECR","standard","simple","upper",NA
"558","18","4","STAN","ECR","standard","simple","upper",NA
"559","19","4","STAN","ECR","standard","simple","upper",NA
"560","20","4","STAN","ECR","standard","simple","upper",NA
"561","1","5","STAN","ECR","standard","simple","upper",NA
"562","2","5","STAN","ECR","standard","simple","upper",NA
"563","3","5","STAN","ECR","standard","simple","upper",NA
"564","4","5","STAN","ECR","standard","simple","upper",NA
"565","5","5","STAN","ECR","standard","simple","upper",NA
"566","6","5","STAN","ECR","standard","simple","upper",NA
"567","7","5","STAN","ECR","standard","simple","upper",NA
"568","8","5","STAN","ECR","standard","simple","upper",NA
"569","9","5","STAN","ECR","standard","simple","upper",NA
"570","10","5","STAN","ECR","standard","simple","upper",NA
"571","11","5","STAN","ECR","standard","simple","upper",NA
"572","12","5","STAN","ECR","standard","simple","upper",NA
"573","13","5","STAN","ECR","standard","simple","upper",NA
"574","14","5","STAN","ECR","standard","simple","upper",NA
"575","15","5","STAN","ECR","standard","simple","upper",NA
"576","16","5","STAN","ECR","standard","simple","upper",NA
"577","17","5","STAN","ECR","standard","simple","upper",NA
"578","18","5","STAN","ECR","standard","simple","upper",NA
"579","19","5","STAN","ECR","standard","simple","upper",NA
"580","20","5","STAN","ECR","standard","simple","upper",NA
"581","1","6","STAN","ECR","standard","simple","upper",NA
"582","2","6","STAN","ECR","standard","simple","upper",NA
"583","3","6","STAN","ECR","standard","simple","upper",NA
"584","4","6","STAN","ECR","standard","simple","upper",NA
"585","5","6","STAN","ECR","standard","simple","upper",NA
"586","6","6","STAN","ECR","standard","simple","upper",NA
"587","7","6","STAN","ECR","standard","simple","upper",NA
"588","8","6","STAN","ECR","standard","simple","upper",NA
"589","9","6","STAN","ECR","standard","simple","upper",NA
"590","10","6","STAN","ECR","standard","simple","upper",NA
"591","11","6","STAN","ECR","standard","simple","upper",NA
"592","12","6","STAN","ECR","standard","simple","upper",NA
"593","13","6","STAN","ECR","standard","simple","upper",NA
"594","14","6","STAN","ECR","standard","simple","upper",NA
"595","15","6","STAN","ECR","standard","simple","upper",NA
"596","16","6","STAN","ECR","standard","simple","upper",NA
"597","17","6","STAN","ECR","standard","simple","upper",NA
"598","18","6","STAN","ECR","standard","simple","upper",NA
"599","19","6","STAN","ECR","standard","simple","upper",NA
"600","20","6","STAN","ECR","standard","simple","upper",NA
"601","1","2","JAGS","STEPHENS","standard","simple","upper","-74.5354304621025"
"602","2","2","JAGS","STEPHENS","standard","simple","upper","-75.5115263890444"
"603","3","2","JAGS","STEPHENS","standard","simple","upper","-75.876421942995"
"604","4","2","JAGS","STEPHENS","standard","simple","upper","-76.2808756901385"
"605","5","2","JAGS","STEPHENS","standard","simple","upper","-74.8456006292013"
"606","6","2","JAGS","STEPHENS","standard","simple","upper","-76.2415625192922"
"607","7","2","JAGS","STEPHENS","standard","simple","upper","-74.518455111517"
"608","8","2","JAGS","STEPHENS","standard","simple","upper","-75.8763478916381"
"609","9","2","JAGS","STEPHENS","standard","simple","upper","-76.1318145696719"
"610","10","2","JAGS","STEPHENS","standard","simple","upper","-74.1660562173863"
"611","11","2","JAGS","STEPHENS","standard","simple","upper","-76.0197864333156"
"612","12","2","JAGS","STEPHENS","standard","simple","upper","-76.0500619740331"
"613","13","2","JAGS","STEPHENS","standard","simple","upper","-76.2223012257543"
"614","14","2","JAGS","STEPHENS","standard","simple","upper","-74.3572480385506"
"615","15","2","JAGS","STEPHENS","standard","simple","upper","-76.0569073873417"
"616","16","2","JAGS","STEPHENS","standard","simple","upper","-74.2593834245925"
"617","17","2","JAGS","STEPHENS","standard","simple","upper","-74.3891138473868"
"618","18","2","JAGS","STEPHENS","standard","simple","upper","-74.102678452619"
"619","19","2","JAGS","STEPHENS","standard","simple","upper","-74.4699709041262"
"620","20","2","JAGS","STEPHENS","standard","simple","upper","-75.2699453440583"
"621","1","3","JAGS","STEPHENS","standard","simple","upper","-72.7385672096724"
"622","2","3","JAGS","STEPHENS","standard","simple","upper","-72.0574005148356"
"623","3","3","JAGS","STEPHENS","standard","simple","upper","-72.2027826756205"
"624","4","3","JAGS","STEPHENS","standard","simple","upper","-73.6187699557089"
"625","5","3","JAGS","STEPHENS","standard","simple","upper","-72.8279828163151"
"626","6","3","JAGS","STEPHENS","standard","simple","upper","-72.9516901042781"
"627","7","3","JAGS","STEPHENS","standard","simple","upper","-72.6553088382838"
"628","8","3","JAGS","STEPHENS","standard","simple","upper","-72.5200033418364"
"629","9","3","JAGS","STEPHENS","standard","simple","upper","-72.8296662988911"
"630","10","3","JAGS","STEPHENS","standard","simple","upper","-71.7716099801426"
"631","11","3","JAGS","STEPHENS","standard","simple","upper","-72.4691528839508"
"632","12","3","JAGS","STEPHENS","standard","simple","upper","-71.4873971495105"
"633","13","3","JAGS","STEPHENS","standard","simple","upper","-73.2626232340089"
"634","14","3","JAGS","STEPHENS","standard","simple","upper","-73.6850359244444"
"635","15","3","JAGS","STEPHENS","standard","simple","upper","-73.4491474468298"
"636","16","3","JAGS","STEPHENS","standard","simple","upper","-71.5846776995968"
"637","17","3","JAGS","STEPHENS","standard","simple","upper","-73.7576278913532"
"638","18","3","JAGS","STEPHENS","standard","simple","upper","-73.392022356759"
"639","19","3","JAGS","STEPHENS","standard","simple","upper","-72.9638394161947"
"640","20","3","JAGS","STEPHENS","standard","simple","upper","-73.3166448408466"
"641","1","4","JAGS","STEPHENS","standard","simple","upper","-73.1093229704459"
"642","2","4","JAGS","STEPHENS","standard","simple","upper","-74.9537883895135"
"643","3","4","JAGS","STEPHENS","standard","simple","upper","-72.5174031178001"
"644","4","4","JAGS","STEPHENS","standard","simple","upper","-73.3755446219793"
"645","5","4","JAGS","STEPHENS","standard","simple","upper","-73.3362179270082"
"646","6","4","JAGS","STEPHENS","standard","simple","upper","-72.8695551567057"
"647","7","4","JAGS","STEPHENS","standard","simple","upper","-73.7112774233369"
"648","8","4","JAGS","STEPHENS","standard","simple","upper","-72.2646209948284"
"649","9","4","JAGS","STEPHENS","standard","simple","upper","-72.2143185462034"
"650","10","4","JAGS","STEPHENS","standard","simple","upper","-72.5655063312121"
"651","11","4","JAGS","STEPHENS","standard","simple","upper","-72.7509982682429"
"652","12","4","JAGS","STEPHENS","standard","simple","upper","-73.0080255789928"
"653","13","4","JAGS","STEPHENS","standard","simple","upper","-71.2909327763469"
"654","14","4","JAGS","STEPHENS","standard","simple","upper","-72.1941271590918"
"655","15","4","JAGS","STEPHENS","standard","simple","upper","-73.6348514303079"
"656","16","4","JAGS","STEPHENS","standard","simple","upper","-71.9152331098493"
"657","17","4","JAGS","STEPHENS","standard","simple","upper","-73.3217506068167"
"658","18","4","JAGS","STEPHENS","standard","simple","upper","-71.2839102072968"
"659","19","4","JAGS","STEPHENS","standard","simple","upper","-73.9240855652558"
"660","20","4","JAGS","STEPHENS","standard","simple","upper","-71.052190457004"
"661","1","5","JAGS","STEPHENS","standard","simple","upper","-72.3238391793063"
"662","2","5","JAGS","STEPHENS","standard","simple","upper","-72.5696084742736"
"663","3","5","JAGS","STEPHENS","standard","simple","upper","-72.4950843651077"
"664","4","5","JAGS","STEPHENS","standard","simple","upper","-72.064913198906"
"665","5","5","JAGS","STEPHENS","standard","simple","upper","-72.399264697373"
"666","6","5","JAGS","STEPHENS","standard","simple","upper","-72.6104476850899"
"667","7","5","JAGS","STEPHENS","standard","simple","upper","-72.5179429222444"
"668","8","5","JAGS","STEPHENS","standard","simple","upper","-72.6789361049542"
"669","9","5","JAGS","STEPHENS","standard","simple","upper","-72.8490612635387"
"670","10","5","JAGS","STEPHENS","standard","simple","upper","-73.6506431687485"
"671","11","5","JAGS","STEPHENS","standard","simple","upper","-72.0770282319975"
"672","12","5","JAGS","STEPHENS","standard","simple","upper","-73.059938968668"
"673","13","5","JAGS","STEPHENS","standard","simple","upper","-72.4638485479058"
"674","14","5","JAGS","STEPHENS","standard","simple","upper","-72.9092766114759"
"675","15","5","JAGS","STEPHENS","standard","simple","upper","-73.5735099213012"
"676","16","5","JAGS","STEPHENS","standard","simple","upper","-72.3750705635414"
"677","17","5","JAGS","STEPHENS","standard","simple","upper","-72.6103411526362"
"678","18","5","JAGS","STEPHENS","standard","simple","upper","-71.7196432185807"
"679","19","5","JAGS","STEPHENS","standard","simple","upper","-71.9732840102959"
"680","20","5","JAGS","STEPHENS","standard","simple","upper","-71.834976167711"
"681","1","6","JAGS","STEPHENS","standard","simple","upper","-73.7169897278983"
"682","2","6","JAGS","STEPHENS","standard","simple","upper","-71.1534314577302"
"683","3","6","JAGS","STEPHENS","standard","simple","upper","-73.2768428837962"
"684","4","6","JAGS","STEPHENS","standard","simple","upper","-71.2024288667821"
"685","5","6","JAGS","STEPHENS","standard","simple","upper","-73.9572650343808"
"686","6","6","JAGS","STEPHENS","standard","simple","upper","-74.0231620204865"
"687","7","6","JAGS","STEPHENS","standard","simple","upper","-72.7006935675342"
"688","8","6","JAGS","STEPHENS","standard","simple","upper","-73.9906978539242"
"689","9","6","JAGS","STEPHENS","standard","simple","upper","-73.2449057201109"
"690","10","6","JAGS","STEPHENS","standard","simple","upper","-73.0548357236839"
"691","11","6","JAGS","STEPHENS","standard","simple","upper","-73.0813195308359"
"692","12","6","JAGS","STEPHENS","standard","simple","upper","-73.0650534409906"
"693","13","6","JAGS","STEPHENS","standard","simple","upper","-73.3727272202931"
"694","14","6","JAGS","STEPHENS","standard","simple","upper","-74.2929026723685"
"695","15","6","JAGS","STEPHENS","standard","simple","upper","-72.6139445109192"
"696","16","6","JAGS","STEPHENS","standard","simple","upper","-71.5966729558487"
"697","17","6","JAGS","STEPHENS","standard","simple","upper","-72.6856326418806"
"698","18","6","JAGS","STEPHENS","standard","simple","upper","-73.05807432572"
"699","19","6","JAGS","STEPHENS","standard","simple","upper","-73.8210400222433"
"700","20","6","JAGS","STEPHENS","standard","simple","upper","-72.8363114222925"
"701","1","2","STAN","STEPHENS","standard","simple","upper","-76.1727254521721"
"702","2","2","STAN","STEPHENS","standard","simple","upper","-74.3828522315372"
"703","3","2","STAN","STEPHENS","standard","simple","upper","-75.8676985019523"
"704","4","2","STAN","STEPHENS","standard","simple","upper","-75.5626568684715"
"705","5","2","STAN","STEPHENS","standard","simple","upper","-74.8808420566022"
"706","6","2","STAN","STEPHENS","standard","simple","upper","-76.2932201061012"
"707","7","2","STAN","STEPHENS","standard","simple","upper","-74.7920321226373"
"708","8","2","STAN","STEPHENS","standard","simple","upper","-75.4863704068143"
"709","9","2","STAN","STEPHENS","standard","simple","upper","-75.6481354855254"
"710","10","2","STAN","STEPHENS","standard","simple","upper","-76.2963406470728"
"711","11","2","STAN","STEPHENS","standard","simple","upper","-75.9547516977865"
"712","12","2","STAN","STEPHENS","standard","simple","upper","-76.0112553739713"
"713","13","2","STAN","STEPHENS","standard","simple","upper","-76.1659951329225"
"714","14","2","STAN","STEPHENS","standard","simple","upper","-75.5933975502772"
"715","15","2","STAN","STEPHENS","standard","simple","upper","-75.3154848413523"
"716","16","2","STAN","STEPHENS","standard","simple","upper","-76.2310506831001"
"717","17","2","STAN","STEPHENS","standard","simple","upper","-74.3279567168142"
"718","18","2","STAN","STEPHENS","standard","simple","upper","-74.2398631894984"
"719","19","2","STAN","STEPHENS","standard","simple","upper","-75.806356074106"
"720","20","2","STAN","STEPHENS","standard","simple","upper","-75.2502336862767"
"721","1","3","STAN","STEPHENS","standard","simple","upper","-71.8495679451508"
"722","2","3","STAN","STEPHENS","standard","simple","upper","-72.2269960997446"
"723","3","3","STAN","STEPHENS","standard","simple","upper","-72.1297782186236"
"724","4","3","STAN","STEPHENS","standard","simple","upper","-72.5979501806665"
"725","5","3","STAN","STEPHENS","standard","simple","upper","-72.7528757431353"
"726","6","3","STAN","STEPHENS","standard","simple","upper","-72.028167999872"
"727","7","3","STAN","STEPHENS","standard","simple","upper","-71.8307588325766"
"728","8","3","STAN","STEPHENS","standard","simple","upper","-71.5889702708532"
"729","9","3","STAN","STEPHENS","standard","simple","upper","-73.3889384143054"
"730","10","3","STAN","STEPHENS","standard","simple","upper","-72.0916593107787"
"731","11","3","STAN","STEPHENS","standard","simple","upper","-73.1594643342095"
"732","12","3","STAN","STEPHENS","standard","simple","upper","-73.0834404906019"
"733","13","3","STAN","STEPHENS","standard","simple","upper","-73.1717005636573"
"734","14","3","STAN","STEPHENS","standard","simple","upper","-72.9639027917284"
"735","15","3","STAN","STEPHENS","standard","simple","upper","-72.643984792375"
"736","16","3","STAN","STEPHENS","standard","simple","upper","-73.2655997568919"
"737","17","3","STAN","STEPHENS","standard","simple","upper","-72.9877152731473"
"738","18","3","STAN","STEPHENS","standard","simple","upper","-73.7206464424447"
"739","19","3","STAN","STEPHENS","standard","simple","upper","-71.9497113544032"
"740","20","3","STAN","STEPHENS","standard","simple","upper","-73.5793766565614"
"741","1","4","STAN","STEPHENS","standard","simple","upper","-72.0824245867365"
"742","2","4","STAN","STEPHENS","standard","simple","upper","-73.2417838379741"
"743","3","4","STAN","STEPHENS","standard","simple","upper","-72.8809198904135"
"744","4","4","STAN","STEPHENS","standard","simple","upper","-72.3356583384803"
"745","5","4","STAN","STEPHENS","standard","simple","upper","-72.0002079487786"
"746","6","4","STAN","STEPHENS","standard","simple","upper","-72.5587164133165"
"747","7","4","STAN","STEPHENS","standard","simple","upper","-72.9707701443655"
"748","8","4","STAN","STEPHENS","standard","simple","upper","-72.1914855184564"
"749","9","4","STAN","STEPHENS","standard","simple","upper","-73.7797850447097"
"750","10","4","STAN","STEPHENS","standard","simple","upper","-72.5391813550613"
"751","11","4","STAN","STEPHENS","standard","simple","upper","-74.0329592843343"
"752","12","4","STAN","STEPHENS","standard","simple","upper","-73.5070485950887"
"753","13","4","STAN","STEPHENS","standard","simple","upper","-72.4925959078783"
"754","14","4","STAN","STEPHENS","standard","simple","upper","-71.5049394031662"
"755","15","4","STAN","STEPHENS","standard","simple","upper","-71.4042363637542"
"756","16","4","STAN","STEPHENS","standard","simple","upper","-72.4600538241555"
"757","17","4","STAN","STEPHENS","standard","simple","upper","-72.1194566040135"
"758","18","4","STAN","STEPHENS","standard","simple","upper","-71.5557809941816"
"759","19","4","STAN","STEPHENS","standard","simple","upper","-71.7704893680577"
"760","20","4","STAN","STEPHENS","standard","simple","upper","-74.6184877461715"
"761","1","5","STAN","STEPHENS","standard","simple","upper","-73.4171590826021"
"762","2","5","STAN","STEPHENS","standard","simple","upper","-73.7698253357224"
"763","3","5","STAN","STEPHENS","standard","simple","upper","-73.9876487908895"
"764","4","5","STAN","STEPHENS","standard","simple","upper","-71.795733034382"
"765","5","5","STAN","STEPHENS","standard","simple","upper","-72.324297877278"
"766","6","5","STAN","STEPHENS","standard","simple","upper","-73.756449853321"
"767","7","5","STAN","STEPHENS","standard","simple","upper","-72.1806176855037"
"768","8","5","STAN","STEPHENS","standard","simple","upper","-70.4853394239682"
"769","9","5","STAN","STEPHENS","standard","simple","upper","-72.930953056946"
"770","10","5","STAN","STEPHENS","standard","simple","upper","-72.1073316550136"
"771","11","5","STAN","STEPHENS","standard","simple","upper","-73.1358528667341"
"772","12","5","STAN","STEPHENS","standard","simple","upper","-72.4829852380906"
"773","13","5","STAN","STEPHENS","standard","simple","upper","-72.0622042204956"
"774","14","5","STAN","STEPHENS","standard","simple","upper","-72.0472847206858"
"775","15","5","STAN","STEPHENS","standard","simple","upper","-71.8046094293401"
"776","16","5","STAN","STEPHENS","standard","simple","upper","-72.9469722824931"
"777","17","5","STAN","STEPHENS","standard","simple","upper","-72.3268527570428"
"778","18","5","STAN","STEPHENS","standard","simple","upper","-71.3283704676157"
"779","19","5","STAN","STEPHENS","standard","simple","upper","-73.8090082054504"
"780","20","5","STAN","STEPHENS","standard","simple","upper","-72.0384732280096"
"781","1","6","STAN","STEPHENS","standard","simple","upper","-72.6440384006406"
"782","2","6","STAN","STEPHENS","standard","simple","upper","-71.3138222408841"
"783","3","6","STAN","STEPHENS","standard","simple","upper","-71.6958722016087"
"784","4","6","STAN","STEPHENS","standard","simple","upper","-73.873520515786"
"785","5","6","STAN","STEPHENS","standard","simple","upper","-72.4305578562794"
"786","6","6","STAN","STEPHENS","standard","simple","upper","-73.2536162638753"
"787","7","6","STAN","STEPHENS","standard","simple","upper","-73.0946419300374"
"788","8","6","STAN","STEPHENS","standard","simple","upper","-73.7967159244484"
"789","9","6","STAN","STEPHENS","standard","simple","upper","-72.7426904362525"
"790","10","6","STAN","STEPHENS","standard","simple","upper","-72.4392060028006"
"791","11","6","STAN","STEPHENS","standard","simple","upper","-72.7969780226537"
"792","12","6","STAN","STEPHENS","standard","simple","upper","-74.0547502601241"
"793","13","6","STAN","STEPHENS","standard","simple","upper","-73.8667353035065"
"794","14","6","STAN","STEPHENS","standard","simple","upper","-74.1728456943915"
"795","15","6","STAN","STEPHENS","standard","simple","upper","-73.2965237749754"
"796","16","6","STAN","STEPHENS","standard","simple","upper","-70.6131456793314"
"797","17","6","STAN","STEPHENS","standard","simple","upper","-73.000286523372"
"798","18","6","STAN","STEPHENS","standard","simple","upper","-74.6405852795716"
"799","19","6","STAN","STEPHENS","standard","simple","upper","-72.8941468229424"
"800","20","6","STAN","STEPHENS","standard","simple","upper","-74.1516975828061"
"801","1","2","JAGS","ECR","standard","permutations","estim","-76.6025267359684"
"802","2","2","JAGS","ECR","standard","permutations","estim","-76.6125835971196"
"803","3","2","JAGS","ECR","standard","permutations","estim","-76.6031199792064"
"804","4","2","JAGS","ECR","standard","permutations","estim","-76.5945402621331"
"805","5","2","JAGS","ECR","standard","permutations","estim","-76.5778812468494"
"806","6","2","JAGS","ECR","standard","permutations","estim","-76.5998575196572"
"807","7","2","JAGS","ECR","standard","permutations","estim","-76.5776807453213"
"808","8","2","JAGS","ECR","standard","permutations","estim","-76.6069195239496"
"809","9","2","JAGS","ECR","standard","permutations","estim","-76.6147206557047"
"810","10","2","JAGS","ECR","standard","permutations","estim","-76.6058631875439"
"811","11","2","JAGS","ECR","standard","permutations","estim","-76.5945721356668"
"812","12","2","JAGS","ECR","standard","permutations","estim","-76.5833371522003"
"813","13","2","JAGS","ECR","standard","permutations","estim","-76.6082342886711"
"814","14","2","JAGS","ECR","standard","permutations","estim","-76.5937560345871"
"815","15","2","JAGS","ECR","standard","permutations","estim","-76.6177005190553"
"816","16","2","JAGS","ECR","standard","permutations","estim","-76.5995384194231"
"817","17","2","JAGS","ECR","standard","permutations","estim","-76.5904991745539"
"818","18","2","JAGS","ECR","standard","permutations","estim","-76.5627794643053"
"819","19","2","JAGS","ECR","standard","permutations","estim","-76.6293414915518"
"820","20","2","JAGS","ECR","standard","permutations","estim","-76.6267463457744"
"821","1","3","JAGS","ECR","standard","permutations","estim","-74.1400971262073"
"822","2","3","JAGS","ECR","standard","permutations","estim","-74.1905837078977"
"823","3","3","JAGS","ECR","standard","permutations","estim","-74.1320466518984"
"824","4","3","JAGS","ECR","standard","permutations","estim","-74.0188185590416"
"825","5","3","JAGS","ECR","standard","permutations","estim","-74.1415029363039"
"826","6","3","JAGS","ECR","standard","permutations","estim","-74.0660344443707"
"827","7","3","JAGS","ECR","standard","permutations","estim","-74.1658801470093"
"828","8","3","JAGS","ECR","standard","permutations","estim","-74.0474288986247"
"829","9","3","JAGS","ECR","standard","permutations","estim","-74.1867610184753"
"830","10","3","JAGS","ECR","standard","permutations","estim","-74.1205870565257"
"831","11","3","JAGS","ECR","standard","permutations","estim","-74.1178811340558"
"832","12","3","JAGS","ECR","standard","permutations","estim","-74.0436400543967"
"833","13","3","JAGS","ECR","standard","permutations","estim","-74.1250364393135"
"834","14","3","JAGS","ECR","standard","permutations","estim","-74.1243217215724"
"835","15","3","JAGS","ECR","standard","permutations","estim","-74.2968841288232"
"836","16","3","JAGS","ECR","standard","permutations","estim","-74.061659352333"
"837","17","3","JAGS","ECR","standard","permutations","estim","-74.0724646579038"
"838","18","3","JAGS","ECR","standard","permutations","estim","-74.1261275271755"
"839","19","3","JAGS","ECR","standard","permutations","estim","-73.9807618251343"
"840","20","3","JAGS","ECR","standard","permutations","estim","-74.029864844699"
"841","1","4","JAGS","ECR","standard","permutations","estim","-74.061854997072"
"842","2","4","JAGS","ECR","standard","permutations","estim","-73.9832346476946"
"843","3","4","JAGS","ECR","standard","permutations","estim","-73.585232136358"
"844","4","4","JAGS","ECR","standard","permutations","estim","-74.2594255718479"
"845","5","4","JAGS","ECR","standard","permutations","estim","-74.4455976329984"
"846","6","4","JAGS","ECR","standard","permutations","estim","-74.539765335402"
"847","7","4","JAGS","ECR","standard","permutations","estim","-73.6324949746718"
"848","8","4","JAGS","ECR","standard","permutations","estim","-74.2117278967483"
"849","9","4","JAGS","ECR","standard","permutations","estim","-73.9640338231924"
"850","10","4","JAGS","ECR","standard","permutations","estim","-73.6138599784966"
"851","11","4","JAGS","ECR","standard","permutations","estim","-73.8308489257201"
"852","12","4","JAGS","ECR","standard","permutations","estim","-73.7222129952419"
"853","13","4","JAGS","ECR","standard","permutations","estim","-73.7273888049421"
"854","14","4","JAGS","ECR","standard","permutations","estim","-74.3065124943583"
"855","15","4","JAGS","ECR","standard","permutations","estim","-73.7870816823384"
"856","16","4","JAGS","ECR","standard","permutations","estim","-74.3214596414489"
"857","17","4","JAGS","ECR","standard","permutations","estim","-75.3588876510299"
"858","18","4","JAGS","ECR","standard","permutations","estim","-74.7188801391193"
"859","19","4","JAGS","ECR","standard","permutations","estim","-73.6371030571602"
"860","20","4","JAGS","ECR","standard","permutations","estim","-74.086866314255"
"861","1","5","JAGS","ECR","standard","permutations","estim","-74.6701380177946"
"862","2","5","JAGS","ECR","standard","permutations","estim","-73.6046659395379"
"863","3","5","JAGS","ECR","standard","permutations","estim","-73.7335256929697"
"864","4","5","JAGS","ECR","standard","permutations","estim","-74.4517717462139"
"865","5","5","JAGS","ECR","standard","permutations","estim","-74.7455820957247"
"866","6","5","JAGS","ECR","standard","permutations","estim","-74.7574897286201"
"867","7","5","JAGS","ECR","standard","permutations","estim","-74.5128966912736"
"868","8","5","JAGS","ECR","standard","permutations","estim","-73.1019010375206"
"869","9","5","JAGS","ECR","standard","permutations","estim","-72.7188278086084"
"870","10","5","JAGS","ECR","standard","permutations","estim","-74.1748671213275"
"871","11","5","JAGS","ECR","standard","permutations","estim","-74.0664438340124"
"872","12","5","JAGS","ECR","standard","permutations","estim","-74.2684760268043"
"873","13","5","JAGS","ECR","standard","permutations","estim","-73.9429619259531"
"874","14","5","JAGS","ECR","standard","permutations","estim","-74.2358062788952"
"875","15","5","JAGS","ECR","standard","permutations","estim","-74.4805980493496"
"876","16","5","JAGS","ECR","standard","permutations","estim","-74.5009898160197"
"877","17","5","JAGS","ECR","standard","permutations","estim","-74.3613185178031"
"878","18","5","JAGS","ECR","standard","permutations","estim","-74.5065314152121"
"879","19","5","JAGS","ECR","standard","permutations","estim","-74.2782377703139"
"880","20","5","JAGS","ECR","standard","permutations","estim","-74.2378698069658"
"881","1","6","JAGS","ECR","standard","permutations","estim","-75.2615193452384"
"882","2","6","JAGS","ECR","standard","permutations","estim","-75.3217601121921"
"883","3","6","JAGS","ECR","standard","permutations","estim","-74.9877863170834"
"884","4","6","JAGS","ECR","standard","permutations","estim","-74.0473631871846"
"885","5","6","JAGS","ECR","standard","permutations","estim","-72.9292742888599"
"886","6","6","JAGS","ECR","standard","permutations","estim","-75.0941507001254"
"887","7","6","JAGS","ECR","standard","permutations","estim","-75.0969712107912"
"888","8","6","JAGS","ECR","standard","permutations","estim","-75.3601877125411"
"889","9","6","JAGS","ECR","standard","permutations","estim","-75.2094461304214"
"890","10","6","JAGS","ECR","standard","permutations","estim","-74.8329155019046"
"891","11","6","JAGS","ECR","standard","permutations","estim","-75.3092786110131"
"892","12","6","JAGS","ECR","standard","permutations","estim","-75.6315540470134"
"893","13","6","JAGS","ECR","standard","permutations","estim","-75.3216252522446"
"894","14","6","JAGS","ECR","standard","permutations","estim","-75.2542564640278"
"895","15","6","JAGS","ECR","standard","permutations","estim","-73.7791449742683"
"896","16","6","JAGS","ECR","standard","permutations","estim","-75.0845693585583"
"897","17","6","JAGS","ECR","standard","permutations","estim","-74.8704374358386"
"898","18","6","JAGS","ECR","standard","permutations","estim","-73.3019546107997"
"899","19","6","JAGS","ECR","standard","permutations","estim","-72.7476169158522"
"900","20","6","JAGS","ECR","standard","permutations","estim","-75.8501352560076"
"901","1","2","STAN","ECR","standard","permutations","estim",NA
"902","2","2","STAN","ECR","standard","permutations","estim",NA
"903","3","2","STAN","ECR","standard","permutations","estim",NA
"904","4","2","STAN","ECR","standard","permutations","estim",NA
"905","5","2","STAN","ECR","standard","permutations","estim",NA
"906","6","2","STAN","ECR","standard","permutations","estim",NA
"907","7","2","STAN","ECR","standard","permutations","estim",NA
"908","8","2","STAN","ECR","standard","permutations","estim",NA
"909","9","2","STAN","ECR","standard","permutations","estim",NA
"910","10","2","STAN","ECR","standard","permutations","estim",NA
"911","11","2","STAN","ECR","standard","permutations","estim",NA
"912","12","2","STAN","ECR","standard","permutations","estim",NA
"913","13","2","STAN","ECR","standard","permutations","estim",NA
"914","14","2","STAN","ECR","standard","permutations","estim",NA
"915","15","2","STAN","ECR","standard","permutations","estim",NA
"916","16","2","STAN","ECR","standard","permutations","estim",NA
"917","17","2","STAN","ECR","standard","permutations","estim",NA
"918","18","2","STAN","ECR","standard","permutations","estim",NA
"919","19","2","STAN","ECR","standard","permutations","estim",NA
"920","20","2","STAN","ECR","standard","permutations","estim",NA
"921","1","3","STAN","ECR","standard","permutations","estim",NA
"922","2","3","STAN","ECR","standard","permutations","estim",NA
"923","3","3","STAN","ECR","standard","permutations","estim",NA
"924","4","3","STAN","ECR","standard","permutations","estim",NA
"925","5","3","STAN","ECR","standard","permutations","estim",NA
"926","6","3","STAN","ECR","standard","permutations","estim",NA
"927","7","3","STAN","ECR","standard","permutations","estim",NA
"928","8","3","STAN","ECR","standard","permutations","estim",NA
"929","9","3","STAN","ECR","standard","permutations","estim",NA
"930","10","3","STAN","ECR","standard","permutations","estim",NA
"931","11","3","STAN","ECR","standard","permutations","estim",NA
"932","12","3","STAN","ECR","standard","permutations","estim",NA
"933","13","3","STAN","ECR","standard","permutations","estim",NA
"934","14","3","STAN","ECR","standard","permutations","estim",NA
"935","15","3","STAN","ECR","standard","permutations","estim",NA
"936","16","3","STAN","ECR","standard","permutations","estim",NA
"937","17","3","STAN","ECR","standard","permutations","estim",NA
"938","18","3","STAN","ECR","standard","permutations","estim",NA
"939","19","3","STAN","ECR","standard","permutations","estim",NA
"940","20","3","STAN","ECR","standard","permutations","estim",NA
"941","1","4","STAN","ECR","standard","permutations","estim",NA
"942","2","4","STAN","ECR","standard","permutations","estim",NA
"943","3","4","STAN","ECR","standard","permutations","estim",NA
"944","4","4","STAN","ECR","standard","permutations","estim",NA
"945","5","4","STAN","ECR","standard","permutations","estim",NA
"946","6","4","STAN","ECR","standard","permutations","estim",NA
"947","7","4","STAN","ECR","standard","permutations","estim",NA
"948","8","4","STAN","ECR","standard","permutations","estim",NA
"949","9","4","STAN","ECR","standard","permutations","estim",NA
"950","10","4","STAN","ECR","standard","permutations","estim",NA
"951","11","4","STAN","ECR","standard","permutations","estim",NA
"952","12","4","STAN","ECR","standard","permutations","estim",NA
"953","13","4","STAN","ECR","standard","permutations","estim",NA
"954","14","4","STAN","ECR","standard","permutations","estim",NA
"955","15","4","STAN","ECR","standard","permutations","estim",NA
"956","16","4","STAN","ECR","standard","permutations","estim",NA
"957","17","4","STAN","ECR","standard","permutations","estim",NA
"958","18","4","STAN","ECR","standard","permutations","estim",NA
"959","19","4","STAN","ECR","standard","permutations","estim",NA
"960","20","4","STAN","ECR","standard","permutations","estim",NA
"961","1","5","STAN","ECR","standard","permutations","estim",NA
"962","2","5","STAN","ECR","standard","permutations","estim",NA
"963","3","5","STAN","ECR","standard","permutations","estim",NA
"964","4","5","STAN","ECR","standard","permutations","estim",NA
"965","5","5","STAN","ECR","standard","permutations","estim",NA
"966","6","5","STAN","ECR","standard","permutations","estim",NA
"967","7","5","STAN","ECR","standard","permutations","estim",NA
"968","8","5","STAN","ECR","standard","permutations","estim",NA
"969","9","5","STAN","ECR","standard","permutations","estim",NA
"970","10","5","STAN","ECR","standard","permutations","estim",NA
"971","11","5","STAN","ECR","standard","permutations","estim",NA
"972","12","5","STAN","ECR","standard","permutations","estim",NA
"973","13","5","STAN","ECR","standard","permutations","estim",NA
"974","14","5","STAN","ECR","standard","permutations","estim",NA
"975","15","5","STAN","ECR","standard","permutations","estim",NA
"976","16","5","STAN","ECR","standard","permutations","estim",NA
"977","17","5","STAN","ECR","standard","permutations","estim",NA
"978","18","5","STAN","ECR","standard","permutations","estim",NA
"979","19","5","STAN","ECR","standard","permutations","estim",NA
"980","20","5","STAN","ECR","standard","permutations","estim",NA
"981","1","6","STAN","ECR","standard","permutations","estim",NA
"982","2","6","STAN","ECR","standard","permutations","estim",NA
"983","3","6","STAN","ECR","standard","permutations","estim",NA
"984","4","6","STAN","ECR","standard","permutations","estim",NA
"985","5","6","STAN","ECR","standard","permutations","estim",NA
"986","6","6","STAN","ECR","standard","permutations","estim",NA
"987","7","6","STAN","ECR","standard","permutations","estim",NA
"988","8","6","STAN","ECR","standard","permutations","estim",NA
"989","9","6","STAN","ECR","standard","permutations","estim",NA
"990","10","6","STAN","ECR","standard","permutations","estim",NA
"991","11","6","STAN","ECR","standard","permutations","estim",NA
"992","12","6","STAN","ECR","standard","permutations","estim",NA
"993","13","6","STAN","ECR","standard","permutations","estim",NA
"994","14","6","STAN","ECR","standard","permutations","estim",NA
"995","15","6","STAN","ECR","standard","permutations","estim",NA
"996","16","6","STAN","ECR","standard","permutations","estim",NA
"997","17","6","STAN","ECR","standard","permutations","estim",NA
"998","18","6","STAN","ECR","standard","permutations","estim",NA
"999","19","6","STAN","ECR","standard","permutations","estim",NA
"1000","20","6","STAN","ECR","standard","permutations","estim",NA
"1001","1","2","JAGS","STEPHENS","standard","permutations","estim","-76.6025267359684"
"1002","2","2","JAGS","STEPHENS","standard","permutations","estim","-76.6125835971196"
"1003","3","2","JAGS","STEPHENS","standard","permutations","estim","-76.6031199792064"
"1004","4","2","JAGS","STEPHENS","standard","permutations","estim","-76.5945402621331"
"1005","5","2","JAGS","STEPHENS","standard","permutations","estim","-76.5778812468494"
"1006","6","2","JAGS","STEPHENS","standard","permutations","estim","-76.5998575196572"
"1007","7","2","JAGS","STEPHENS","standard","permutations","estim","-76.5776807453213"
"1008","8","2","JAGS","STEPHENS","standard","permutations","estim","-76.6069195239496"
"1009","9","2","JAGS","STEPHENS","standard","permutations","estim","-76.6147206557047"
"1010","10","2","JAGS","STEPHENS","standard","permutations","estim","-76.6058631875439"
"1011","11","2","JAGS","STEPHENS","standard","permutations","estim","-76.5945721356668"
"1012","12","2","JAGS","STEPHENS","standard","permutations","estim","-76.5833371522003"
"1013","13","2","JAGS","STEPHENS","standard","permutations","estim","-76.6082342886711"
"1014","14","2","JAGS","STEPHENS","standard","permutations","estim","-76.5937560345871"
"1015","15","2","JAGS","STEPHENS","standard","permutations","estim","-76.6177005190553"
"1016","16","2","JAGS","STEPHENS","standard","permutations","estim","-76.5995384194231"
"1017","17","2","JAGS","STEPHENS","standard","permutations","estim","-76.5904991745539"
"1018","18","2","JAGS","STEPHENS","standard","permutations","estim","-76.5627794643053"
"1019","19","2","JAGS","STEPHENS","standard","permutations","estim","-76.6293414915518"
"1020","20","2","JAGS","STEPHENS","standard","permutations","estim","-76.6267463457744"
"1021","1","3","JAGS","STEPHENS","standard","permutations","estim","-74.0618270489665"
"1022","2","3","JAGS","STEPHENS","standard","permutations","estim","-74.1156203918016"
"1023","3","3","JAGS","STEPHENS","standard","permutations","estim","-74.1854097364747"
"1024","4","3","JAGS","STEPHENS","standard","permutations","estim","-74.0508390703315"
"1025","5","3","JAGS","STEPHENS","standard","permutations","estim","-74.1223038367168"
"1026","6","3","JAGS","STEPHENS","standard","permutations","estim","-74.0290406716621"
"1027","7","3","JAGS","STEPHENS","standard","permutations","estim","-74.145120653586"
"1028","8","3","JAGS","STEPHENS","standard","permutations","estim","-74.1476945155109"
"1029","9","3","JAGS","STEPHENS","standard","permutations","estim","-74.1808352084535"
"1030","10","3","JAGS","STEPHENS","standard","permutations","estim","-74.0996883782021"
"1031","11","3","JAGS","STEPHENS","standard","permutations","estim","-74.1068658859431"
"1032","12","3","JAGS","STEPHENS","standard","permutations","estim","-73.9703597830492"
"1033","13","3","JAGS","STEPHENS","standard","permutations","estim","-74.1833241191263"
"1034","14","3","JAGS","STEPHENS","standard","permutations","estim","-74.1205451190023"
"1035","15","3","JAGS","STEPHENS","standard","permutations","estim","-74.2599941828325"
"1036","16","3","JAGS","STEPHENS","standard","permutations","estim","-74.0789032197037"
"1037","17","3","JAGS","STEPHENS","standard","permutations","estim","-74.1233612934176"
"1038","18","3","JAGS","STEPHENS","standard","permutations","estim","-74.1443381738305"
"1039","19","3","JAGS","STEPHENS","standard","permutations","estim","-74.069089577594"
"1040","20","3","JAGS","STEPHENS","standard","permutations","estim","-74.0547048342085"
"1041","1","4","JAGS","STEPHENS","standard","permutations","estim","-73.7813945701772"
"1042","2","4","JAGS","STEPHENS","standard","permutations","estim","-75.5981981403037"
"1043","3","4","JAGS","STEPHENS","standard","permutations","estim","-73.1665771602046"
"1044","4","4","JAGS","STEPHENS","standard","permutations","estim","-75.5247321942369"
"1045","5","4","JAGS","STEPHENS","standard","permutations","estim","-74.4222446498617"
"1046","6","4","JAGS","STEPHENS","standard","permutations","estim","-74.6317200507774"
"1047","7","4","JAGS","STEPHENS","standard","permutations","estim","-75.5978216209368"
"1048","8","4","JAGS","STEPHENS","standard","permutations","estim","-73.512794454838"
"1049","9","4","JAGS","STEPHENS","standard","permutations","estim","-74.382469424966"
"1050","10","4","JAGS","STEPHENS","standard","permutations","estim","-73.8988662658516"
"1051","11","4","JAGS","STEPHENS","standard","permutations","estim","-74.0701731188038"
"1052","12","4","JAGS","STEPHENS","standard","permutations","estim","-74.0089418807734"
"1053","13","4","JAGS","STEPHENS","standard","permutations","estim","-73.2964774757805"
"1054","14","4","JAGS","STEPHENS","standard","permutations","estim","-73.8260315590829"
"1055","15","4","JAGS","STEPHENS","standard","permutations","estim","-74.3441939242004"
"1056","16","4","JAGS","STEPHENS","standard","permutations","estim","-74.3114072305314"
"1057","17","4","JAGS","STEPHENS","standard","permutations","estim","-74.4023320571401"
"1058","18","4","JAGS","STEPHENS","standard","permutations","estim","-73.771091621268"
"1059","19","4","JAGS","STEPHENS","standard","permutations","estim","-75.1462309789123"
"1060","20","4","JAGS","STEPHENS","standard","permutations","estim","-73.4977254132566"
"1061","1","5","JAGS","STEPHENS","standard","permutations","estim","-74.6508688863792"
"1062","2","5","JAGS","STEPHENS","standard","permutations","estim","-74.1403963380955"
"1063","3","5","JAGS","STEPHENS","standard","permutations","estim","-73.9940281843256"
"1064","4","5","JAGS","STEPHENS","standard","permutations","estim","-73.3986871729099"
"1065","5","5","JAGS","STEPHENS","standard","permutations","estim","-73.7746918189444"
"1066","6","5","JAGS","STEPHENS","standard","permutations","estim","-75.1060168030421"
"1067","7","5","JAGS","STEPHENS","standard","permutations","estim","-73.734300508724"
"1068","8","5","JAGS","STEPHENS","standard","permutations","estim","-74.2921374185999"
"1069","9","5","JAGS","STEPHENS","standard","permutations","estim","-73.6715199378821"
"1070","10","5","JAGS","STEPHENS","standard","permutations","estim","-74.8878890864045"
"1071","11","5","JAGS","STEPHENS","standard","permutations","estim","-73.7780899505436"
"1072","12","5","JAGS","STEPHENS","standard","permutations","estim","-74.385766129718"
"1073","13","5","JAGS","STEPHENS","standard","permutations","estim","-74.5175641755086"
"1074","14","5","JAGS","STEPHENS","standard","permutations","estim","-74.0905917790473"
"1075","15","5","JAGS","STEPHENS","standard","permutations","estim","-74.4836090831702"
"1076","16","5","JAGS","STEPHENS","standard","permutations","estim","-74.6146126774279"
"1077","17","5","JAGS","STEPHENS","standard","permutations","estim","-73.7810625618478"
"1078","18","5","JAGS","STEPHENS","standard","permutations","estim","-73.978614142969"
"1079","19","5","JAGS","STEPHENS","standard","permutations","estim","-74.1140738224572"
"1080","20","5","JAGS","STEPHENS","standard","permutations","estim","-74.330569609429"
"1081","1","6","JAGS","STEPHENS","standard","permutations","estim","-75.6342290797987"
"1082","2","6","JAGS","STEPHENS","standard","permutations","estim","-73.6469260724127"
"1083","3","6","JAGS","STEPHENS","standard","permutations","estim","-75.625228587107"
"1084","4","6","JAGS","STEPHENS","standard","permutations","estim","-73.6926121735383"
"1085","5","6","JAGS","STEPHENS","standard","permutations","estim","-75.0460815901606"
"1086","6","6","JAGS","STEPHENS","standard","permutations","estim","-75.398537667208"
"1087","7","6","JAGS","STEPHENS","standard","permutations","estim","-74.9343515556226"
"1088","8","6","JAGS","STEPHENS","standard","permutations","estim","-75.0147405289244"
"1089","9","6","JAGS","STEPHENS","standard","permutations","estim","-75.5244549351912"
"1090","10","6","JAGS","STEPHENS","standard","permutations","estim","-74.50007379384"
"1091","11","6","JAGS","STEPHENS","standard","permutations","estim","-75.3949634378764"
"1092","12","6","JAGS","STEPHENS","standard","permutations","estim","-75.4025253800112"
"1093","13","6","JAGS","STEPHENS","standard","permutations","estim","-75.1485648753235"
"1094","14","6","JAGS","STEPHENS","standard","permutations","estim","-74.911450150271"
"1095","15","6","JAGS","STEPHENS","standard","permutations","estim","-74.8630329769464"
"1096","16","6","JAGS","STEPHENS","standard","permutations","estim","-73.1301959620126"
"1097","17","6","JAGS","STEPHENS","standard","permutations","estim","-74.8862375713604"
"1098","18","6","JAGS","STEPHENS","standard","permutations","estim","-75.5377627574314"
"1099","19","6","JAGS","STEPHENS","standard","permutations","estim","-75.1137281263498"
"1100","20","6","JAGS","STEPHENS","standard","permutations","estim","-75.1742415122292"
"1101","1","2","STAN","STEPHENS","standard","permutations","estim","-76.5833763181651"
"1102","2","2","STAN","STEPHENS","standard","permutations","estim","-76.6031916912677"
"1103","3","2","STAN","STEPHENS","standard","permutations","estim","-76.5702794239009"
"1104","4","2","STAN","STEPHENS","standard","permutations","estim","-76.5917250182948"
"1105","5","2","STAN","STEPHENS","standard","permutations","estim","-76.5935778947353"
"1106","6","2","STAN","STEPHENS","standard","permutations","estim","-76.5921319550431"
"1107","7","2","STAN","STEPHENS","standard","permutations","estim","-76.6262634013272"
"1108","8","2","STAN","STEPHENS","standard","permutations","estim","-76.6043576749692"
"1109","9","2","STAN","STEPHENS","standard","permutations","estim","-76.6022917886553"
"1110","10","2","STAN","STEPHENS","standard","permutations","estim","-76.6342569645889"
"1111","11","2","STAN","STEPHENS","standard","permutations","estim","-76.5773352125968"
"1112","12","2","STAN","STEPHENS","standard","permutations","estim","-76.5967613873813"
"1113","13","2","STAN","STEPHENS","standard","permutations","estim","-76.6064834305767"
"1114","14","2","STAN","STEPHENS","standard","permutations","estim","-76.6036212533402"
"1115","15","2","STAN","STEPHENS","standard","permutations","estim","-76.586089576062"
"1116","16","2","STAN","STEPHENS","standard","permutations","estim","-76.6023144648145"
"1117","17","2","STAN","STEPHENS","standard","permutations","estim","-76.6113080743507"
"1118","18","2","STAN","STEPHENS","standard","permutations","estim","-76.6216550345917"
"1119","19","2","STAN","STEPHENS","standard","permutations","estim","-76.6126669206462"
"1120","20","2","STAN","STEPHENS","standard","permutations","estim","-76.6327663235091"
"1121","1","3","STAN","STEPHENS","standard","permutations","estim","-74.1411884545078"
"1122","2","3","STAN","STEPHENS","standard","permutations","estim","-74.0987900489627"
"1123","3","3","STAN","STEPHENS","standard","permutations","estim","-74.1753612033864"
"1124","4","3","STAN","STEPHENS","standard","permutations","estim","-73.4553521053258"
"1125","5","3","STAN","STEPHENS","standard","permutations","estim","-73.4950823943751"
"1126","6","3","STAN","STEPHENS","standard","permutations","estim","-74.0417235694437"
"1127","7","3","STAN","STEPHENS","standard","permutations","estim","-74.099545700327"
"1128","8","3","STAN","STEPHENS","standard","permutations","estim","-74.0753136626909"
"1129","9","3","STAN","STEPHENS","standard","permutations","estim","-74.0869940930898"
"1130","10","3","STAN","STEPHENS","standard","permutations","estim","-74.1104286697862"
"1131","11","3","STAN","STEPHENS","standard","permutations","estim","-74.1166448358904"
"1132","12","3","STAN","STEPHENS","standard","permutations","estim","-74.0582243289748"
"1133","13","3","STAN","STEPHENS","standard","permutations","estim","-74.1487668985276"
"1134","14","3","STAN","STEPHENS","standard","permutations","estim","-74.1609627712742"
"1135","15","3","STAN","STEPHENS","standard","permutations","estim","-74.0673530277293"
"1136","16","3","STAN","STEPHENS","standard","permutations","estim","-74.1481697836452"
"1137","17","3","STAN","STEPHENS","standard","permutations","estim","-74.0952332848952"
"1138","18","3","STAN","STEPHENS","standard","permutations","estim","-74.1198247206642"
"1139","19","3","STAN","STEPHENS","standard","permutations","estim","-74.1483381562285"
"1140","20","3","STAN","STEPHENS","standard","permutations","estim","-74.1265457540431"
"1141","1","4","STAN","STEPHENS","standard","permutations","estim","-74.1081910127721"
"1142","2","4","STAN","STEPHENS","standard","permutations","estim","-74.6754591407001"
"1143","3","4","STAN","STEPHENS","standard","permutations","estim","-74.4313495074262"
"1144","4","4","STAN","STEPHENS","standard","permutations","estim","-73.6906216662147"
"1145","5","4","STAN","STEPHENS","standard","permutations","estim","-74.4923298855689"
"1146","6","4","STAN","STEPHENS","standard","permutations","estim","-74.0619880969538"
"1147","7","4","STAN","STEPHENS","standard","permutations","estim","-74.474090819145"
"1148","8","4","STAN","STEPHENS","standard","permutations","estim","-74.6745469382037"
"1149","9","4","STAN","STEPHENS","standard","permutations","estim","-74.9878927677685"
"1150","10","4","STAN","STEPHENS","standard","permutations","estim","-73.5024479292175"
"1151","11","4","STAN","STEPHENS","standard","permutations","estim","-75.7288281081955"
"1152","12","4","STAN","STEPHENS","standard","permutations","estim","-74.112440985233"
"1153","13","4","STAN","STEPHENS","standard","permutations","estim","-74.2443288214801"
"1154","14","4","STAN","STEPHENS","standard","permutations","estim","-73.1144261880177"
"1155","15","4","STAN","STEPHENS","standard","permutations","estim","-73.8249930667066"
"1156","16","4","STAN","STEPHENS","standard","permutations","estim","-73.9625642501139"
"1157","17","4","STAN","STEPHENS","standard","permutations","estim","-74.0979309684671"
"1158","18","4","STAN","STEPHENS","standard","permutations","estim","-74.0509044421014"
"1159","19","4","STAN","STEPHENS","standard","permutations","estim","-74.2578901136996"
"1160","20","4","STAN","STEPHENS","standard","permutations","estim","-75.4417296483527"
"1161","1","5","STAN","STEPHENS","standard","permutations","estim","-74.8918313308279"
"1162","2","5","STAN","STEPHENS","standard","permutations","estim","-74.8726913378665"
"1163","3","5","STAN","STEPHENS","standard","permutations","estim","-74.7283015808139"
"1164","4","5","STAN","STEPHENS","standard","permutations","estim","-74.2790069053341"
"1165","5","5","STAN","STEPHENS","standard","permutations","estim","-74.6016144697227"
"1166","6","5","STAN","STEPHENS","standard","permutations","estim","-74.3698810498719"
"1167","7","5","STAN","STEPHENS","standard","permutations","estim","-74.2996537136197"
"1168","8","5","STAN","STEPHENS","standard","permutations","estim","-72.9507377867661"
"1169","9","5","STAN","STEPHENS","standard","permutations","estim","-74.3956470261231"
"1170","10","5","STAN","STEPHENS","standard","permutations","estim","-73.8760082529461"
"1171","11","5","STAN","STEPHENS","standard","permutations","estim","-74.2826400979976"
"1172","12","5","STAN","STEPHENS","standard","permutations","estim","-74.4510754466849"
"1173","13","5","STAN","STEPHENS","standard","permutations","estim","-74.3401670389127"
"1174","14","5","STAN","STEPHENS","standard","permutations","estim","-73.9357454139398"
"1175","15","5","STAN","STEPHENS","standard","permutations","estim","-74.0004104657729"
"1176","16","5","STAN","STEPHENS","standard","permutations","estim","-73.5876984527097"
"1177","17","5","STAN","STEPHENS","standard","permutations","estim","-74.4182496378373"
"1178","18","5","STAN","STEPHENS","standard","permutations","estim","-73.8003805917595"
"1179","19","5","STAN","STEPHENS","standard","permutations","estim","-74.483587874493"
"1180","20","5","STAN","STEPHENS","standard","permutations","estim","-74.3913435545316"
"1181","1","6","STAN","STEPHENS","standard","permutations","estim","-74.8915563367271"
"1182","2","6","STAN","STEPHENS","standard","permutations","estim","-73.7768896125459"
"1183","3","6","STAN","STEPHENS","standard","permutations","estim","-73.6459543910103"
"1184","4","6","STAN","STEPHENS","standard","permutations","estim","-75.1936458401968"
"1185","5","6","STAN","STEPHENS","standard","permutations","estim","-74.9143288657344"
"1186","6","6","STAN","STEPHENS","standard","permutations","estim","-75.3023991334974"
"1187","7","6","STAN","STEPHENS","standard","permutations","estim","-75.5399028228156"
"1188","8","6","STAN","STEPHENS","standard","permutations","estim","-75.0143713002952"
"1189","9","6","STAN","STEPHENS","standard","permutations","estim","-74.5038882600155"
"1190","10","6","STAN","STEPHENS","standard","permutations","estim","-73.5695063222427"
"1191","11","6","STAN","STEPHENS","standard","permutations","estim","-75.2399191381628"
"1192","12","6","STAN","STEPHENS","standard","permutations","estim","-74.7157538147793"
"1193","13","6","STAN","STEPHENS","standard","permutations","estim","-75.2835803410907"
"1194","14","6","STAN","STEPHENS","standard","permutations","estim","-75.2366147556583"
"1195","15","6","STAN","STEPHENS","standard","permutations","estim","-74.9517528608096"
"1196","16","6","STAN","STEPHENS","standard","permutations","estim","-73.0744629690735"
"1197","17","6","STAN","STEPHENS","standard","permutations","estim","-75.2559779856766"
"1198","18","6","STAN","STEPHENS","standard","permutations","estim","-75.5766217520713"
"1199","19","6","STAN","STEPHENS","standard","permutations","estim","-75.3538623684637"
"1200","20","6","STAN","STEPHENS","standard","permutations","estim","-75.1521422259384"
"1201","1","2","JAGS","ECR","standard","simple","estim","-76.6025267359684"
"1202","2","2","JAGS","ECR","standard","simple","estim","-76.6125835971196"
"1203","3","2","JAGS","ECR","standard","simple","estim","-76.6031199792064"
"1204","4","2","JAGS","ECR","standard","simple","estim","-76.5945402621331"
"1205","5","2","JAGS","ECR","standard","simple","estim","-76.5778812468494"
"1206","6","2","JAGS","ECR","standard","simple","estim","-76.5998575196572"
"1207","7","2","JAGS","ECR","standard","simple","estim","-76.5776807453213"
"1208","8","2","JAGS","ECR","standard","simple","estim","-76.6069195239496"
"1209","9","2","JAGS","ECR","standard","simple","estim","-76.6147206557047"
"1210","10","2","JAGS","ECR","standard","simple","estim","-76.6058631875439"
"1211","11","2","JAGS","ECR","standard","simple","estim","-76.5945721356668"
"1212","12","2","JAGS","ECR","standard","simple","estim","-76.5833371522003"
"1213","13","2","JAGS","ECR","standard","simple","estim","-76.6082342886711"
"1214","14","2","JAGS","ECR","standard","simple","estim","-76.5937560345871"
"1215","15","2","JAGS","ECR","standard","simple","estim","-76.6177005190553"
"1216","16","2","JAGS","ECR","standard","simple","estim","-76.5995384194231"
"1217","17","2","JAGS","ECR","standard","simple","estim","-76.5904991745539"
"1218","18","2","JAGS","ECR","standard","simple","estim","-76.5627794643053"
"1219","19","2","JAGS","ECR","standard","simple","estim","-76.6293414915518"
"1220","20","2","JAGS","ECR","standard","simple","estim","-76.6267463457744"
"1221","1","3","JAGS","ECR","standard","simple","estim","-74.1400971262073"
"1222","2","3","JAGS","ECR","standard","simple","estim","-74.1905837078977"
"1223","3","3","JAGS","ECR","standard","simple","estim","-74.1320466518984"
"1224","4","3","JAGS","ECR","standard","simple","estim","-74.0188185590416"
"1225","5","3","JAGS","ECR","standard","simple","estim","-74.1415029363039"
"1226","6","3","JAGS","ECR","standard","simple","estim","-74.0660344443707"
"1227","7","3","JAGS","ECR","standard","simple","estim","-74.1658801470093"
"1228","8","3","JAGS","ECR","standard","simple","estim","-74.0474288986247"
"1229","9","3","JAGS","ECR","standard","simple","estim","-74.1867610184753"
"1230","10","3","JAGS","ECR","standard","simple","estim","-74.1205870565257"
"1231","11","3","JAGS","ECR","standard","simple","estim","-74.1178811340558"
"1232","12","3","JAGS","ECR","standard","simple","estim","-74.0436400543967"
"1233","13","3","JAGS","ECR","standard","simple","estim","-74.1250364393135"
"1234","14","3","JAGS","ECR","standard","simple","estim","-74.1243217215724"
"1235","15","3","JAGS","ECR","standard","simple","estim","-74.2968841288232"
"1236","16","3","JAGS","ECR","standard","simple","estim","-74.061659352333"
"1237","17","3","JAGS","ECR","standard","simple","estim","-74.0724646579038"
"1238","18","3","JAGS","ECR","standard","simple","estim","-74.1261275271755"
"1239","19","3","JAGS","ECR","standard","simple","estim","-73.9807618251343"
"1240","20","3","JAGS","ECR","standard","simple","estim","-74.029864844699"
"1241","1","4","JAGS","ECR","standard","simple","estim","-74.061854997072"
"1242","2","4","JAGS","ECR","standard","simple","estim","-73.9832346476946"
"1243","3","4","JAGS","ECR","standard","simple","estim","-73.585232136358"
"1244","4","4","JAGS","ECR","standard","simple","estim","-74.2594255718479"
"1245","5","4","JAGS","ECR","standard","simple","estim","-74.4455976329984"
"1246","6","4","JAGS","ECR","standard","simple","estim","-74.539765335402"
"1247","7","4","JAGS","ECR","standard","simple","estim","-73.6324949746718"
"1248","8","4","JAGS","ECR","standard","simple","estim","-74.2117278967483"
"1249","9","4","JAGS","ECR","standard","simple","estim","-73.9640338231924"
"1250","10","4","JAGS","ECR","standard","simple","estim","-73.6138599784966"
"1251","11","4","JAGS","ECR","standard","simple","estim","-73.8308489257201"
"1252","12","4","JAGS","ECR","standard","simple","estim","-73.7222129952419"
"1253","13","4","JAGS","ECR","standard","simple","estim","-73.7273888049421"
"1254","14","4","JAGS","ECR","standard","simple","estim","-74.3065124943583"
"1255","15","4","JAGS","ECR","standard","simple","estim","-73.7870816823384"
"1256","16","4","JAGS","ECR","standard","simple","estim","-74.3214596414489"
"1257","17","4","JAGS","ECR","standard","simple","estim","-75.3588876510299"
"1258","18","4","JAGS","ECR","standard","simple","estim","-74.7188801391193"
"1259","19","4","JAGS","ECR","standard","simple","estim","-73.6371030571602"
"1260","20","4","JAGS","ECR","standard","simple","estim","-74.086866314255"
"1261","1","5","JAGS","ECR","standard","simple","estim","-74.6701380177946"
"1262","2","5","JAGS","ECR","standard","simple","estim","-73.6046659395379"
"1263","3","5","JAGS","ECR","standard","simple","estim","-73.7335256929697"
"1264","4","5","JAGS","ECR","standard","simple","estim","-74.4517717462139"
"1265","5","5","JAGS","ECR","standard","simple","estim","-74.7455820957247"
"1266","6","5","JAGS","ECR","standard","simple","estim","-74.7574897286201"
"1267","7","5","JAGS","ECR","standard","simple","estim","-74.5128966912736"
"1268","8","5","JAGS","ECR","standard","simple","estim","-73.1019010375206"
"1269","9","5","JAGS","ECR","standard","simple","estim","-72.7188278086084"
"1270","10","5","JAGS","ECR","standard","simple","estim","-74.1748671213275"
"1271","11","5","JAGS","ECR","standard","simple","estim","-74.0664438340124"
"1272","12","5","JAGS","ECR","standard","simple","estim","-74.2684760268043"
"1273","13","5","JAGS","ECR","standard","simple","estim","-73.9429619259531"
"1274","14","5","JAGS","ECR","standard","simple","estim","-74.2358062788952"
"1275","15","5","JAGS","ECR","standard","simple","estim","-74.4805980493496"
"1276","16","5","JAGS","ECR","standard","simple","estim","-74.5009898160197"
"1277","17","5","JAGS","ECR","standard","simple","estim","-74.3613185178031"
"1278","18","5","JAGS","ECR","standard","simple","estim","-74.5065314152121"
"1279","19","5","JAGS","ECR","standard","simple","estim","-74.2782377703139"
"1280","20","5","JAGS","ECR","standard","simple","estim","-74.2378698069658"
"1281","1","6","JAGS","ECR","standard","simple","estim","-75.2615193452384"
"1282","2","6","JAGS","ECR","standard","simple","estim","-75.3217601121921"
"1283","3","6","JAGS","ECR","standard","simple","estim","-74.9877863170834"
"1284","4","6","JAGS","ECR","standard","simple","estim","-74.0473631871846"
"1285","5","6","JAGS","ECR","standard","simple","estim","-72.9292742888599"
"1286","6","6","JAGS","ECR","standard","simple","estim","-75.0941507001254"
"1287","7","6","JAGS","ECR","standard","simple","estim","-75.0969712107912"
"1288","8","6","JAGS","ECR","standard","simple","estim","-75.3601877125411"
"1289","9","6","JAGS","ECR","standard","simple","estim","-75.2094461304214"
"1290","10","6","JAGS","ECR","standard","simple","estim","-74.8329155019046"
"1291","11","6","JAGS","ECR","standard","simple","estim","-75.3092786110131"
"1292","12","6","JAGS","ECR","standard","simple","estim","-75.6315540470134"
"1293","13","6","JAGS","ECR","standard","simple","estim","-75.3216252522446"
"1294","14","6","JAGS","ECR","standard","simple","estim","-75.2542564640278"
"1295","15","6","JAGS","ECR","standard","simple","estim","-73.7791449742683"
"1296","16","6","JAGS","ECR","standard","simple","estim","-75.0845693585583"
"1297","17","6","JAGS","ECR","standard","simple","estim","-74.8704374358386"
"1298","18","6","JAGS","ECR","standard","simple","estim","-73.3019546107997"
"1299","19","6","JAGS","ECR","standard","simple","estim","-72.7476169158522"
"1300","20","6","JAGS","ECR","standard","simple","estim","-75.8501352560076"
"1301","1","2","STAN","ECR","standard","simple","estim",NA
"1302","2","2","STAN","ECR","standard","simple","estim",NA
"1303","3","2","STAN","ECR","standard","simple","estim",NA
"1304","4","2","STAN","ECR","standard","simple","estim",NA
"1305","5","2","STAN","ECR","standard","simple","estim",NA
"1306","6","2","STAN","ECR","standard","simple","estim",NA
"1307","7","2","STAN","ECR","standard","simple","estim",NA
"1308","8","2","STAN","ECR","standard","simple","estim",NA
"1309","9","2","STAN","ECR","standard","simple","estim",NA
"1310","10","2","STAN","ECR","standard","simple","estim",NA
"1311","11","2","STAN","ECR","standard","simple","estim",NA
"1312","12","2","STAN","ECR","standard","simple","estim",NA
"1313","13","2","STAN","ECR","standard","simple","estim",NA
"1314","14","2","STAN","ECR","standard","simple","estim",NA
"1315","15","2","STAN","ECR","standard","simple","estim",NA
"1316","16","2","STAN","ECR","standard","simple","estim",NA
"1317","17","2","STAN","ECR","standard","simple","estim",NA
"1318","18","2","STAN","ECR","standard","simple","estim",NA
"1319","19","2","STAN","ECR","standard","simple","estim",NA
"1320","20","2","STAN","ECR","standard","simple","estim",NA
"1321","1","3","STAN","ECR","standard","simple","estim",NA
"1322","2","3","STAN","ECR","standard","simple","estim",NA
"1323","3","3","STAN","ECR","standard","simple","estim",NA
"1324","4","3","STAN","ECR","standard","simple","estim",NA
"1325","5","3","STAN","ECR","standard","simple","estim",NA
"1326","6","3","STAN","ECR","standard","simple","estim",NA
"1327","7","3","STAN","ECR","standard","simple","estim",NA
"1328","8","3","STAN","ECR","standard","simple","estim",NA
"1329","9","3","STAN","ECR","standard","simple","estim",NA
"1330","10","3","STAN","ECR","standard","simple","estim",NA
"1331","11","3","STAN","ECR","standard","simple","estim",NA
"1332","12","3","STAN","ECR","standard","simple","estim",NA
"1333","13","3","STAN","ECR","standard","simple","estim",NA
"1334","14","3","STAN","ECR","standard","simple","estim",NA
"1335","15","3","STAN","ECR","standard","simple","estim",NA
"1336","16","3","STAN","ECR","standard","simple","estim",NA
"1337","17","3","STAN","ECR","standard","simple","estim",NA
"1338","18","3","STAN","ECR","standard","simple","estim",NA
"1339","19","3","STAN","ECR","standard","simple","estim",NA
"1340","20","3","STAN","ECR","standard","simple","estim",NA
"1341","1","4","STAN","ECR","standard","simple","estim",NA
"1342","2","4","STAN","ECR","standard","simple","estim",NA
"1343","3","4","STAN","ECR","standard","simple","estim",NA
"1344","4","4","STAN","ECR","standard","simple","estim",NA
"1345","5","4","STAN","ECR","standard","simple","estim",NA
"1346","6","4","STAN","ECR","standard","simple","estim",NA
"1347","7","4","STAN","ECR","standard","simple","estim",NA
"1348","8","4","STAN","ECR","standard","simple","estim",NA
"1349","9","4","STAN","ECR","standard","simple","estim",NA
"1350","10","4","STAN","ECR","standard","simple","estim",NA
"1351","11","4","STAN","ECR","standard","simple","estim",NA
"1352","12","4","STAN","ECR","standard","simple","estim",NA
"1353","13","4","STAN","ECR","standard","simple","estim",NA
"1354","14","4","STAN","ECR","standard","simple","estim",NA
"1355","15","4","STAN","ECR","standard","simple","estim",NA
"1356","16","4","STAN","ECR","standard","simple","estim",NA
"1357","17","4","STAN","ECR","standard","simple","estim",NA
"1358","18","4","STAN","ECR","standard","simple","estim",NA
"1359","19","4","STAN","ECR","standard","simple","estim",NA
"1360","20","4","STAN","ECR","standard","simple","estim",NA
"1361","1","5","STAN","ECR","standard","simple","estim",NA
"1362","2","5","STAN","ECR","standard","simple","estim",NA
"1363","3","5","STAN","ECR","standard","simple","estim",NA
"1364","4","5","STAN","ECR","standard","simple","estim",NA
"1365","5","5","STAN","ECR","standard","simple","estim",NA
"1366","6","5","STAN","ECR","standard","simple","estim",NA
"1367","7","5","STAN","ECR","standard","simple","estim",NA
"1368","8","5","STAN","ECR","standard","simple","estim",NA
"1369","9","5","STAN","ECR","standard","simple","estim",NA
"1370","10","5","STAN","ECR","standard","simple","estim",NA
"1371","11","5","STAN","ECR","standard","simple","estim",NA
"1372","12","5","STAN","ECR","standard","simple","estim",NA
"1373","13","5","STAN","ECR","standard","simple","estim",NA
"1374","14","5","STAN","ECR","standard","simple","estim",NA
"1375","15","5","STAN","ECR","standard","simple","estim",NA
"1376","16","5","STAN","ECR","standard","simple","estim",NA
"1377","17","5","STAN","ECR","standard","simple","estim",NA
"1378","18","5","STAN","ECR","standard","simple","estim",NA
"1379","19","5","STAN","ECR","standard","simple","estim",NA
"1380","20","5","STAN","ECR","standard","simple","estim",NA
"1381","1","6","STAN","ECR","standard","simple","estim",NA
"1382","2","6","STAN","ECR","standard","simple","estim",NA
"1383","3","6","STAN","ECR","standard","simple","estim",NA
"1384","4","6","STAN","ECR","standard","simple","estim",NA
"1385","5","6","STAN","ECR","standard","simple","estim",NA
"1386","6","6","STAN","ECR","standard","simple","estim",NA
"1387","7","6","STAN","ECR","standard","simple","estim",NA
"1388","8","6","STAN","ECR","standard","simple","estim",NA
"1389","9","6","STAN","ECR","standard","simple","estim",NA
"1390","10","6","STAN","ECR","standard","simple","estim",NA
"1391","11","6","STAN","ECR","standard","simple","estim",NA
"1392","12","6","STAN","ECR","standard","simple","estim",NA
"1393","13","6","STAN","ECR","standard","simple","estim",NA
"1394","14","6","STAN","ECR","standard","simple","estim",NA
"1395","15","6","STAN","ECR","standard","simple","estim",NA
"1396","16","6","STAN","ECR","standard","simple","estim",NA
"1397","17","6","STAN","ECR","standard","simple","estim",NA
"1398","18","6","STAN","ECR","standard","simple","estim",NA
"1399","19","6","STAN","ECR","standard","simple","estim",NA
"1400","20","6","STAN","ECR","standard","simple","estim",NA
"1401","1","2","JAGS","STEPHENS","standard","simple","estim","-76.6025267359684"
"1402","2","2","JAGS","STEPHENS","standard","simple","estim","-76.6125835971196"
"1403","3","2","JAGS","STEPHENS","standard","simple","estim","-76.6031199792064"
"1404","4","2","JAGS","STEPHENS","standard","simple","estim","-76.5945402621331"
"1405","5","2","JAGS","STEPHENS","standard","simple","estim","-76.5778812468494"
"1406","6","2","JAGS","STEPHENS","standard","simple","estim","-76.5998575196572"
"1407","7","2","JAGS","STEPHENS","standard","simple","estim","-76.5776807453213"
"1408","8","2","JAGS","STEPHENS","standard","simple","estim","-76.6069195239496"
"1409","9","2","JAGS","STEPHENS","standard","simple","estim","-76.6147206557047"
"1410","10","2","JAGS","STEPHENS","standard","simple","estim","-76.6058631875439"
"1411","11","2","JAGS","STEPHENS","standard","simple","estim","-76.5945721356668"
"1412","12","2","JAGS","STEPHENS","standard","simple","estim","-76.5833371522003"
"1413","13","2","JAGS","STEPHENS","standard","simple","estim","-76.6082342886711"
"1414","14","2","JAGS","STEPHENS","standard","simple","estim","-76.5937560345871"
"1415","15","2","JAGS","STEPHENS","standard","simple","estim","-76.6177005190553"
"1416","16","2","JAGS","STEPHENS","standard","simple","estim","-76.5995384194231"
"1417","17","2","JAGS","STEPHENS","standard","simple","estim","-76.5904991745539"
"1418","18","2","JAGS","STEPHENS","standard","simple","estim","-76.5627794643053"
"1419","19","2","JAGS","STEPHENS","standard","simple","estim","-76.6293414915518"
"1420","20","2","JAGS","STEPHENS","standard","simple","estim","-76.6267463457744"
"1421","1","3","JAGS","STEPHENS","standard","simple","estim","-74.0618270489665"
"1422","2","3","JAGS","STEPHENS","standard","simple","estim","-74.1156203918016"
"1423","3","3","JAGS","STEPHENS","standard","simple","estim","-74.1854097364747"
"1424","4","3","JAGS","STEPHENS","standard","simple","estim","-74.0508390703315"
"1425","5","3","JAGS","STEPHENS","standard","simple","estim","-74.1223038367168"
"1426","6","3","JAGS","STEPHENS","standard","simple","estim","-74.0290406716621"
"1427","7","3","JAGS","STEPHENS","standard","simple","estim","-74.145120653586"
"1428","8","3","JAGS","STEPHENS","standard","simple","estim","-74.1476945155109"
"1429","9","3","JAGS","STEPHENS","standard","simple","estim","-74.1808352084535"
"1430","10","3","JAGS","STEPHENS","standard","simple","estim","-74.0996883782021"
"1431","11","3","JAGS","STEPHENS","standard","simple","estim","-74.1068658859431"
"1432","12","3","JAGS","STEPHENS","standard","simple","estim","-73.9703597830492"
"1433","13","3","JAGS","STEPHENS","standard","simple","estim","-74.1833241191263"
"1434","14","3","JAGS","STEPHENS","standard","simple","estim","-74.1205451190023"
"1435","15","3","JAGS","STEPHENS","standard","simple","estim","-74.2599941828325"
"1436","16","3","JAGS","STEPHENS","standard","simple","estim","-74.0789032197037"
"1437","17","3","JAGS","STEPHENS","standard","simple","estim","-74.1233612934176"
"1438","18","3","JAGS","STEPHENS","standard","simple","estim","-74.1443381738305"
"1439","19","3","JAGS","STEPHENS","standard","simple","estim","-74.069089577594"
"1440","20","3","JAGS","STEPHENS","standard","simple","estim","-74.0547048342085"
"1441","1","4","JAGS","STEPHENS","standard","simple","estim","-73.7813945701772"
"1442","2","4","JAGS","STEPHENS","standard","simple","estim","-75.5981981403037"
"1443","3","4","JAGS","STEPHENS","standard","simple","estim","-73.1665771602046"
"1444","4","4","JAGS","STEPHENS","standard","simple","estim","-75.5247321942369"
"1445","5","4","JAGS","STEPHENS","standard","simple","estim","-74.4222446498617"
"1446","6","4","JAGS","STEPHENS","standard","simple","estim","-74.6317200507774"
"1447","7","4","JAGS","STEPHENS","standard","simple","estim","-75.5978216209368"
"1448","8","4","JAGS","STEPHENS","standard","simple","estim","-73.512794454838"
"1449","9","4","JAGS","STEPHENS","standard","simple","estim","-74.382469424966"
"1450","10","4","JAGS","STEPHENS","standard","simple","estim","-73.8988662658516"
"1451","11","4","JAGS","STEPHENS","standard","simple","estim","-74.0701731188038"
"1452","12","4","JAGS","STEPHENS","standard","simple","estim","-74.0089418807734"
"1453","13","4","JAGS","STEPHENS","standard","simple","estim","-73.2964774757805"
"1454","14","4","JAGS","STEPHENS","standard","simple","estim","-73.8260315590829"
"1455","15","4","JAGS","STEPHENS","standard","simple","estim","-74.3441939242004"
"1456","16","4","JAGS","STEPHENS","standard","simple","estim","-74.3114072305314"
"1457","17","4","JAGS","STEPHENS","standard","simple","estim","-74.4023320571401"
"1458","18","4","JAGS","STEPHENS","standard","simple","estim","-73.771091621268"
"1459","19","4","JAGS","STEPHENS","standard","simple","estim","-75.1462309789123"
"1460","20","4","JAGS","STEPHENS","standard","simple","estim","-73.4976763476092"
"1461","1","5","JAGS","STEPHENS","standard","simple","estim","-74.6508688863792"
"1462","2","5","JAGS","STEPHENS","standard","simple","estim","-74.1403963380955"
"1463","3","5","JAGS","STEPHENS","standard","simple","estim","-73.9940281843256"
"1464","4","5","JAGS","STEPHENS","standard","simple","estim","-73.3986871729099"
"1465","5","5","JAGS","STEPHENS","standard","simple","estim","-73.7746918189444"
"1466","6","5","JAGS","STEPHENS","standard","simple","estim","-75.1060168030421"
"1467","7","5","JAGS","STEPHENS","standard","simple","estim","-73.734300508724"
"1468","8","5","JAGS","STEPHENS","standard","simple","estim","-74.2921374185999"
"1469","9","5","JAGS","STEPHENS","standard","simple","estim","-73.6715199378821"
"1470","10","5","JAGS","STEPHENS","standard","simple","estim","-74.8878890864045"
"1471","11","5","JAGS","STEPHENS","standard","simple","estim","-73.7780899505436"
"1472","12","5","JAGS","STEPHENS","standard","simple","estim","-74.385766129718"
"1473","13","5","JAGS","STEPHENS","standard","simple","estim","-74.5175641755086"
"1474","14","5","JAGS","STEPHENS","standard","simple","estim","-74.0905917790473"
"1475","15","5","JAGS","STEPHENS","standard","simple","estim","-74.4836090831702"
"1476","16","5","JAGS","STEPHENS","standard","simple","estim","-74.6146126774279"
"1477","17","5","JAGS","STEPHENS","standard","simple","estim","-73.7810625618478"
"1478","18","5","JAGS","STEPHENS","standard","simple","estim","-73.978614142969"
"1479","19","5","JAGS","STEPHENS","standard","simple","estim","-74.1140738224572"
"1480","20","5","JAGS","STEPHENS","standard","simple","estim","-74.330569609429"
"1481","1","6","JAGS","STEPHENS","standard","simple","estim","-75.6342290797987"
"1482","2","6","JAGS","STEPHENS","standard","simple","estim","-73.6469260724127"
"1483","3","6","JAGS","STEPHENS","standard","simple","estim","-75.625228587107"
"1484","4","6","JAGS","STEPHENS","standard","simple","estim","-73.6926121735383"
"1485","5","6","JAGS","STEPHENS","standard","simple","estim","-75.0460815901606"
"1486","6","6","JAGS","STEPHENS","standard","simple","estim","-75.398537667208"
"1487","7","6","JAGS","STEPHENS","standard","simple","estim","-74.9343515556226"
"1488","8","6","JAGS","STEPHENS","standard","simple","estim","-75.0147405289244"
"1489","9","6","JAGS","STEPHENS","standard","simple","estim","-75.5244549351912"
"1490","10","6","JAGS","STEPHENS","standard","simple","estim","-74.50007379384"
"1491","11","6","JAGS","STEPHENS","standard","simple","estim","-75.3949634378764"
"1492","12","6","JAGS","STEPHENS","standard","simple","estim","-75.4025253800112"
"1493","13","6","JAGS","STEPHENS","standard","simple","estim","-75.1485648753235"
"1494","14","6","JAGS","STEPHENS","standard","simple","estim","-74.911450150271"
"1495","15","6","JAGS","STEPHENS","standard","simple","estim","-74.8630329769464"
"1496","16","6","JAGS","STEPHENS","standard","simple","estim","-73.1301959620126"
"1497","17","6","JAGS","STEPHENS","standard","simple","estim","-74.8862375713604"
"1498","18","6","JAGS","STEPHENS","standard","simple","estim","-75.5377627574314"
"1499","19","6","JAGS","STEPHENS","standard","simple","estim","-75.1137281263498"
"1500","20","6","JAGS","STEPHENS","standard","simple","estim","-75.1742415122292"
"1501","1","2","STAN","STEPHENS","standard","simple","estim","-76.5833763181651"
"1502","2","2","STAN","STEPHENS","standard","simple","estim","-76.6031916912677"
"1503","3","2","STAN","STEPHENS","standard","simple","estim","-76.5702794239009"
"1504","4","2","STAN","STEPHENS","standard","simple","estim","-76.5917250182948"
"1505","5","2","STAN","STEPHENS","standard","simple","estim","-76.5935778947353"
"1506","6","2","STAN","STEPHENS","standard","simple","estim","-76.5921319550431"
"1507","7","2","STAN","STEPHENS","standard","simple","estim","-76.6262634013272"
"1508","8","2","STAN","STEPHENS","standard","simple","estim","-76.6043576749692"
"1509","9","2","STAN","STEPHENS","standard","simple","estim","-76.6022917886553"
"1510","10","2","STAN","STEPHENS","standard","simple","estim","-76.6342569645889"
"1511","11","2","STAN","STEPHENS","standard","simple","estim","-76.5773352125968"
"1512","12","2","STAN","STEPHENS","standard","simple","estim","-76.5967613873813"
"1513","13","2","STAN","STEPHENS","standard","simple","estim","-76.6064834305767"
"1514","14","2","STAN","STEPHENS","standard","simple","estim","-76.6036212533402"
"1515","15","2","STAN","STEPHENS","standard","simple","estim","-76.586089576062"
"1516","16","2","STAN","STEPHENS","standard","simple","estim","-76.6023144648145"
"1517","17","2","STAN","STEPHENS","standard","simple","estim","-76.6113080743507"
"1518","18","2","STAN","STEPHENS","standard","simple","estim","-76.6216550345917"
"1519","19","2","STAN","STEPHENS","standard","simple","estim","-76.6126669206462"
"1520","20","2","STAN","STEPHENS","standard","simple","estim","-76.6327663235091"
"1521","1","3","STAN","STEPHENS","standard","simple","estim","-74.1411884545078"
"1522","2","3","STAN","STEPHENS","standard","simple","estim","-74.0987900489627"
"1523","3","3","STAN","STEPHENS","standard","simple","estim","-74.1753612033864"
"1524","4","3","STAN","STEPHENS","standard","simple","estim","-73.4553521053258"
"1525","5","3","STAN","STEPHENS","standard","simple","estim","-73.4950823943751"
"1526","6","3","STAN","STEPHENS","standard","simple","estim","-74.0417235694437"
"1527","7","3","STAN","STEPHENS","standard","simple","estim","-74.099545700327"
"1528","8","3","STAN","STEPHENS","standard","simple","estim","-74.0753136626909"
"1529","9","3","STAN","STEPHENS","standard","simple","estim","-74.0869940930898"
"1530","10","3","STAN","STEPHENS","standard","simple","estim","-74.1104286697862"
"1531","11","3","STAN","STEPHENS","standard","simple","estim","-74.1166448358904"
"1532","12","3","STAN","STEPHENS","standard","simple","estim","-74.0582243289748"
"1533","13","3","STAN","STEPHENS","standard","simple","estim","-74.1487668985276"
"1534","14","3","STAN","STEPHENS","standard","simple","estim","-74.1609627712742"
"1535","15","3","STAN","STEPHENS","standard","simple","estim","-74.0673530277293"
"1536","16","3","STAN","STEPHENS","standard","simple","estim","-74.1481697836452"
"1537","17","3","STAN","STEPHENS","standard","simple","estim","-74.0952332848952"
"1538","18","3","STAN","STEPHENS","standard","simple","estim","-74.1198247206642"
"1539","19","3","STAN","STEPHENS","standard","simple","estim","-74.1483381562285"
"1540","20","3","STAN","STEPHENS","standard","simple","estim","-74.1265457540431"
"1541","1","4","STAN","STEPHENS","standard","simple","estim","-74.1081910127721"
"1542","2","4","STAN","STEPHENS","standard","simple","estim","-74.6754591407001"
"1543","3","4","STAN","STEPHENS","standard","simple","estim","-74.4313495074262"
"1544","4","4","STAN","STEPHENS","standard","simple","estim","-73.6906216662147"
"1545","5","4","STAN","STEPHENS","standard","simple","estim","-74.4923298855689"
"1546","6","4","STAN","STEPHENS","standard","simple","estim","-74.0619880969538"
"1547","7","4","STAN","STEPHENS","standard","simple","estim","-74.474090819145"
"1548","8","4","STAN","STEPHENS","standard","simple","estim","-74.6745469382037"
"1549","9","4","STAN","STEPHENS","standard","simple","estim","-74.9878927677685"
"1550","10","4","STAN","STEPHENS","standard","simple","estim","-73.5024479292175"
"1551","11","4","STAN","STEPHENS","standard","simple","estim","-75.7288281081955"
"1552","12","4","STAN","STEPHENS","standard","simple","estim","-74.112440985233"
"1553","13","4","STAN","STEPHENS","standard","simple","estim","-74.2443288214801"
"1554","14","4","STAN","STEPHENS","standard","simple","estim","-73.1144261880177"
"1555","15","4","STAN","STEPHENS","standard","simple","estim","-73.8249930667066"
"1556","16","4","STAN","STEPHENS","standard","simple","estim","-73.9625642501139"
"1557","17","4","STAN","STEPHENS","standard","simple","estim","-74.0979309684671"
"1558","18","4","STAN","STEPHENS","standard","simple","estim","-74.0509044421014"
"1559","19","4","STAN","STEPHENS","standard","simple","estim","-74.2578901136996"
"1560","20","4","STAN","STEPHENS","standard","simple","estim","-75.4417296483527"
"1561","1","5","STAN","STEPHENS","standard","simple","estim","-74.8918313308279"
"1562","2","5","STAN","STEPHENS","standard","simple","estim","-74.8726913378665"
"1563","3","5","STAN","STEPHENS","standard","simple","estim","-74.7283015808139"
"1564","4","5","STAN","STEPHENS","standard","simple","estim","-74.2790069053341"
"1565","5","5","STAN","STEPHENS","standard","simple","estim","-74.6016144697227"
"1566","6","5","STAN","STEPHENS","standard","simple","estim","-74.3698810498719"
"1567","7","5","STAN","STEPHENS","standard","simple","estim","-74.2996537136197"
"1568","8","5","STAN","STEPHENS","standard","simple","estim","-72.9507377867661"
"1569","9","5","STAN","STEPHENS","standard","simple","estim","-74.3956470261231"
"1570","10","5","STAN","STEPHENS","standard","simple","estim","-73.8760082529461"
"1571","11","5","STAN","STEPHENS","standard","simple","estim","-74.2826400979976"
"1572","12","5","STAN","STEPHENS","standard","simple","estim","-74.4510754466849"
"1573","13","5","STAN","STEPHENS","standard","simple","estim","-74.3401670389127"
"1574","14","5","STAN","STEPHENS","standard","simple","estim","-73.9357454139398"
"1575","15","5","STAN","STEPHENS","standard","simple","estim","-74.0004104657729"
"1576","16","5","STAN","STEPHENS","standard","simple","estim","-73.5876984527097"
"1577","17","5","STAN","STEPHENS","standard","simple","estim","-74.4182496378373"
"1578","18","5","STAN","STEPHENS","standard","simple","estim","-73.8003805917595"
"1579","19","5","STAN","STEPHENS","standard","simple","estim","-74.483587874493"
"1580","20","5","STAN","STEPHENS","standard","simple","estim","-74.3913435545316"
"1581","1","6","STAN","STEPHENS","standard","simple","estim","-74.8915563367271"
"1582","2","6","STAN","STEPHENS","standard","simple","estim","-73.7768896125459"
"1583","3","6","STAN","STEPHENS","standard","simple","estim","-73.6459543910103"
"1584","4","6","STAN","STEPHENS","standard","simple","estim","-75.1936458401968"
"1585","5","6","STAN","STEPHENS","standard","simple","estim","-74.9143288657344"
"1586","6","6","STAN","STEPHENS","standard","simple","estim","-75.3023991334974"
"1587","7","6","STAN","STEPHENS","standard","simple","estim","-75.5399028228156"
"1588","8","6","STAN","STEPHENS","standard","simple","estim","-75.0143713002952"
"1589","9","6","STAN","STEPHENS","standard","simple","estim","-74.5038882600155"
"1590","10","6","STAN","STEPHENS","standard","simple","estim","-73.5695063222427"
"1591","11","6","STAN","STEPHENS","standard","simple","estim","-75.2399191381628"
"1592","12","6","STAN","STEPHENS","standard","simple","estim","-74.7157538147793"
"1593","13","6","STAN","STEPHENS","standard","simple","estim","-75.2835803410907"
"1594","14","6","STAN","STEPHENS","standard","simple","estim","-75.2366147556583"
"1595","15","6","STAN","STEPHENS","standard","simple","estim","-74.9517528608096"
"1596","16","6","STAN","STEPHENS","standard","simple","estim","-73.0744629690735"
"1597","17","6","STAN","STEPHENS","standard","simple","estim","-75.2559779856766"
"1598","18","6","STAN","STEPHENS","standard","simple","estim","-75.5766217520713"
"1599","19","6","STAN","STEPHENS","standard","simple","estim","-75.3538623684637"
"1600","20","6","STAN","STEPHENS","standard","simple","estim","-75.1521422259384"
"1601","1","2","JAGS","ECR","standard","permutations","lower","-77.370054589534"
"1602","2","2","JAGS","ECR","standard","permutations","lower","-77.1305230509467"
"1603","3","2","JAGS","ECR","standard","permutations","lower","-77.0197448662751"
"1604","4","2","JAGS","ECR","standard","permutations","lower","-76.8329553234243"
"1605","5","2","JAGS","ECR","standard","permutations","lower","-77.2426269276211"
"1606","6","2","JAGS","ECR","standard","permutations","lower","-76.8630930363895"
"1607","7","2","JAGS","ECR","standard","permutations","lower","-77.342244465453"
"1608","8","2","JAGS","ECR","standard","permutations","lower","-77.0247894910452"
"1609","9","2","JAGS","ECR","standard","permutations","lower","-76.938984930278"
"1610","10","2","JAGS","ECR","standard","permutations","lower","-77.6205168363795"
"1611","11","2","JAGS","ECR","standard","permutations","lower","-76.9572609581217"
"1612","12","2","JAGS","ECR","standard","permutations","lower","-76.9292811620967"
"1613","13","2","JAGS","ECR","standard","permutations","lower","-76.8860053884648"
"1614","14","2","JAGS","ECR","standard","permutations","lower","-77.4374765298202"
"1615","15","2","JAGS","ECR","standard","permutations","lower","-76.9748525296202"
"1616","16","2","JAGS","ECR","standard","permutations","lower","-77.5100236468272"
"1617","17","2","JAGS","ECR","standard","permutations","lower","-77.4159768709546"
"1618","18","2","JAGS","ECR","standard","permutations","lower","-77.6120884397715"
"1619","19","2","JAGS","ECR","standard","permutations","lower","-77.4349426638852"
"1620","20","2","JAGS","ECR","standard","permutations","lower","-77.2029547400239"
"1621","1","3","JAGS","ECR","standard","permutations","lower","-74.70438349038"
"1622","2","3","JAGS","ECR","standard","permutations","lower","-74.9668493694001"
"1623","3","3","JAGS","ECR","standard","permutations","lower","-74.8708752058392"
"1624","4","3","JAGS","ECR","standard","permutations","lower","-74.3238642355369"
"1625","5","3","JAGS","ECR","standard","permutations","lower","-74.6939645271194"
"1626","6","3","JAGS","ECR","standard","permutations","lower","-74.5949331234794"
"1627","7","3","JAGS","ECR","standard","permutations","lower","-74.7780266630769"
"1628","8","3","JAGS","ECR","standard","permutations","lower","-74.6762502417206"
"1629","9","3","JAGS","ECR","standard","permutations","lower","-74.7616940546841"
"1630","10","3","JAGS","ECR","standard","permutations","lower","-75.0238683294216"
"1631","11","3","JAGS","ECR","standard","permutations","lower","-74.7546736983053"
"1632","12","3","JAGS","ECR","standard","permutations","lower","-75.1643744082844"
"1633","13","3","JAGS","ECR","standard","permutations","lower","-74.59704716647"
"1634","14","3","JAGS","ECR","standard","permutations","lower","-74.4181058965894"
"1635","15","3","JAGS","ECR","standard","permutations","lower","-74.7404332417197"
"1636","16","3","JAGS","ECR","standard","permutations","lower","-75.2244332611054"
"1637","17","3","JAGS","ECR","standard","permutations","lower","-74.3445964642806"
"1638","18","3","JAGS","ECR","standard","permutations","lower","-74.5528828476764"
"1639","19","3","JAGS","ECR","standard","permutations","lower","-74.4978024351171"
"1640","20","3","JAGS","ECR","standard","permutations","lower","-74.4457614274346"
"1641","1","4","JAGS","ECR","standard","permutations","lower","-74.4611138152298"
"1642","2","4","JAGS","ECR","standard","permutations","lower","-74.3742475729453"
"1643","3","4","JAGS","ECR","standard","permutations","lower","-73.9806909267386"
"1644","4","4","JAGS","ECR","standard","permutations","lower","-75.0602328025731"
"1645","5","4","JAGS","ECR","standard","permutations","lower","-74.9656516327485"
"1646","6","4","JAGS","ECR","standard","permutations","lower","-75.2227318127947"
"1647","7","4","JAGS","ECR","standard","permutations","lower","-74.3443820643379"
"1648","8","4","JAGS","ECR","standard","permutations","lower","-74.7537894107576"
"1649","9","4","JAGS","ECR","standard","permutations","lower","-74.7593036062468"
"1650","10","4","JAGS","ECR","standard","permutations","lower","-74.1834072204689"
"1651","11","4","JAGS","ECR","standard","permutations","lower","-74.3894944268286"
"1652","12","4","JAGS","ECR","standard","permutations","lower","-74.2160704128861"
"1653","13","4","JAGS","ECR","standard","permutations","lower","-74.4931586054121"
"1654","14","4","JAGS","ECR","standard","permutations","lower","-74.9519634946883"
"1655","15","4","JAGS","ECR","standard","permutations","lower","-74.2005488942188"
"1656","16","4","JAGS","ECR","standard","permutations","lower","-75.2325373053633"
"1657","17","4","JAGS","ECR","standard","permutations","lower","-75.8639730890819"
"1658","18","4","JAGS","ECR","standard","permutations","lower","-75.8485312230271"
"1659","19","4","JAGS","ECR","standard","permutations","lower","-74.1971524931489"
"1660","20","4","JAGS","ECR","standard","permutations","lower","-75.1082349160269"
"1661","1","5","JAGS","ECR","standard","permutations","lower","-75.583405357516"
"1662","2","5","JAGS","ECR","standard","permutations","lower","-74.2222352838264"
"1663","3","5","JAGS","ECR","standard","permutations","lower","-74.4044659240618"
"1664","4","5","JAGS","ECR","standard","permutations","lower","-74.956688633762"
"1665","5","5","JAGS","ECR","standard","permutations","lower","-75.3100277721793"
"1666","6","5","JAGS","ECR","standard","permutations","lower","-75.8738574630616"
"1667","7","5","JAGS","ECR","standard","permutations","lower","-75.0062653163983"
"1668","8","5","JAGS","ECR","standard","permutations","lower","-73.7900416959567"
"1669","9","5","JAGS","ECR","standard","permutations","lower","-73.178178493567"
"1670","10","5","JAGS","ECR","standard","permutations","lower","-74.7872938914986"
"1671","11","5","JAGS","ECR","standard","permutations","lower","-74.7677200286157"
"1672","12","5","JAGS","ECR","standard","permutations","lower","-74.8484063126847"
"1673","13","5","JAGS","ECR","standard","permutations","lower","-74.6467387019889"
"1674","14","5","JAGS","ECR","standard","permutations","lower","-74.746880650477"
"1675","15","5","JAGS","ECR","standard","permutations","lower","-75.0057585262281"
"1676","16","5","JAGS","ECR","standard","permutations","lower","-75.2957875489987"
"1677","17","5","JAGS","ECR","standard","permutations","lower","-74.8415129454089"
"1678","18","5","JAGS","ECR","standard","permutations","lower","-75.3508166188588"
"1679","19","5","JAGS","ECR","standard","permutations","lower","-74.9989607604281"
"1680","20","5","JAGS","ECR","standard","permutations","lower","-75.3889690682235"
"1681","1","6","JAGS","ECR","standard","permutations","lower","-75.9709375926573"
"1682","2","6","JAGS","ECR","standard","permutations","lower","-76.477840424586"
"1683","3","6","JAGS","ECR","standard","permutations","lower","-75.8400059516487"
"1684","4","6","JAGS","ECR","standard","permutations","lower","-75.196826260633"
"1685","5","6","JAGS","ECR","standard","permutations","lower","-73.5141223561015"
"1686","6","6","JAGS","ECR","standard","permutations","lower","-75.6654525184927"
"1687","7","6","JAGS","ECR","standard","permutations","lower","-75.9660063833301"
"1688","8","6","JAGS","ECR","standard","permutations","lower","-75.8610744594888"
"1689","9","6","JAGS","ECR","standard","permutations","lower","-76.1002299527954"
"1690","10","6","JAGS","ECR","standard","permutations","lower","-75.4250015500509"
"1691","11","6","JAGS","ECR","standard","permutations","lower","-76.2867824528472"
"1692","12","6","JAGS","ECR","standard","permutations","lower","-76.5271428225797"
"1693","13","6","JAGS","ECR","standard","permutations","lower","-75.9961849347994"
"1694","14","6","JAGS","ECR","standard","permutations","lower","-75.6356770081426"
"1695","15","6","JAGS","ECR","standard","permutations","lower","-74.6817675699143"
"1696","16","6","JAGS","ECR","standard","permutations","lower","-75.8717713863171"
"1697","17","6","JAGS","ECR","standard","permutations","lower","-75.6891485413756"
"1698","18","6","JAGS","ECR","standard","permutations","lower","-74.4636187164759"
"1699","19","6","JAGS","ECR","standard","permutations","lower","-73.3646793845636"
"1700","20","6","JAGS","ECR","standard","permutations","lower","-76.7788287961716"
"1701","1","2","STAN","ECR","standard","permutations","lower",NA
"1702","2","2","STAN","ECR","standard","permutations","lower",NA
"1703","3","2","STAN","ECR","standard","permutations","lower",NA
"1704","4","2","STAN","ECR","standard","permutations","lower",NA
"1705","5","2","STAN","ECR","standard","permutations","lower",NA
"1706","6","2","STAN","ECR","standard","permutations","lower",NA
"1707","7","2","STAN","ECR","standard","permutations","lower",NA
"1708","8","2","STAN","ECR","standard","permutations","lower",NA
"1709","9","2","STAN","ECR","standard","permutations","lower",NA
"1710","10","2","STAN","ECR","standard","permutations","lower",NA
"1711","11","2","STAN","ECR","standard","permutations","lower",NA
"1712","12","2","STAN","ECR","standard","permutations","lower",NA
"1713","13","2","STAN","ECR","standard","permutations","lower",NA
"1714","14","2","STAN","ECR","standard","permutations","lower",NA
"1715","15","2","STAN","ECR","standard","permutations","lower",NA
"1716","16","2","STAN","ECR","standard","permutations","lower",NA
"1717","17","2","STAN","ECR","standard","permutations","lower",NA
"1718","18","2","STAN","ECR","standard","permutations","lower",NA
"1719","19","2","STAN","ECR","standard","permutations","lower",NA
"1720","20","2","STAN","ECR","standard","permutations","lower",NA
"1721","1","3","STAN","ECR","standard","permutations","lower",NA
"1722","2","3","STAN","ECR","standard","permutations","lower",NA
"1723","3","3","STAN","ECR","standard","permutations","lower",NA
"1724","4","3","STAN","ECR","standard","permutations","lower",NA
"1725","5","3","STAN","ECR","standard","permutations","lower",NA
"1726","6","3","STAN","ECR","standard","permutations","lower",NA
"1727","7","3","STAN","ECR","standard","permutations","lower",NA
"1728","8","3","STAN","ECR","standard","permutations","lower",NA
"1729","9","3","STAN","ECR","standard","permutations","lower",NA
"1730","10","3","STAN","ECR","standard","permutations","lower",NA
"1731","11","3","STAN","ECR","standard","permutations","lower",NA
"1732","12","3","STAN","ECR","standard","permutations","lower",NA
"1733","13","3","STAN","ECR","standard","permutations","lower",NA
"1734","14","3","STAN","ECR","standard","permutations","lower",NA
"1735","15","3","STAN","ECR","standard","permutations","lower",NA
"1736","16","3","STAN","ECR","standard","permutations","lower",NA
"1737","17","3","STAN","ECR","standard","permutations","lower",NA
"1738","18","3","STAN","ECR","standard","permutations","lower",NA
"1739","19","3","STAN","ECR","standard","permutations","lower",NA
"1740","20","3","STAN","ECR","standard","permutations","lower",NA
"1741","1","4","STAN","ECR","standard","permutations","lower",NA
"1742","2","4","STAN","ECR","standard","permutations","lower",NA
"1743","3","4","STAN","ECR","standard","permutations","lower",NA
"1744","4","4","STAN","ECR","standard","permutations","lower",NA
"1745","5","4","STAN","ECR","standard","permutations","lower",NA
"1746","6","4","STAN","ECR","standard","permutations","lower",NA
"1747","7","4","STAN","ECR","standard","permutations","lower",NA
"1748","8","4","STAN","ECR","standard","permutations","lower",NA
"1749","9","4","STAN","ECR","standard","permutations","lower",NA
"1750","10","4","STAN","ECR","standard","permutations","lower",NA
"1751","11","4","STAN","ECR","standard","permutations","lower",NA
"1752","12","4","STAN","ECR","standard","permutations","lower",NA
"1753","13","4","STAN","ECR","standard","permutations","lower",NA
"1754","14","4","STAN","ECR","standard","permutations","lower",NA
"1755","15","4","STAN","ECR","standard","permutations","lower",NA
"1756","16","4","STAN","ECR","standard","permutations","lower",NA
"1757","17","4","STAN","ECR","standard","permutations","lower",NA
"1758","18","4","STAN","ECR","standard","permutations","lower",NA
"1759","19","4","STAN","ECR","standard","permutations","lower",NA
"1760","20","4","STAN","ECR","standard","permutations","lower",NA
"1761","1","5","STAN","ECR","standard","permutations","lower",NA
"1762","2","5","STAN","ECR","standard","permutations","lower",NA
"1763","3","5","STAN","ECR","standard","permutations","lower",NA
"1764","4","5","STAN","ECR","standard","permutations","lower",NA
"1765","5","5","STAN","ECR","standard","permutations","lower",NA
"1766","6","5","STAN","ECR","standard","permutations","lower",NA
"1767","7","5","STAN","ECR","standard","permutations","lower",NA
"1768","8","5","STAN","ECR","standard","permutations","lower",NA
"1769","9","5","STAN","ECR","standard","permutations","lower",NA
"1770","10","5","STAN","ECR","standard","permutations","lower",NA
"1771","11","5","STAN","ECR","standard","permutations","lower",NA
"1772","12","5","STAN","ECR","standard","permutations","lower",NA
"1773","13","5","STAN","ECR","standard","permutations","lower",NA
"1774","14","5","STAN","ECR","standard","permutations","lower",NA
"1775","15","5","STAN","ECR","standard","permutations","lower",NA
"1776","16","5","STAN","ECR","standard","permutations","lower",NA
"1777","17","5","STAN","ECR","standard","permutations","lower",NA
"1778","18","5","STAN","ECR","standard","permutations","lower",NA
"1779","19","5","STAN","ECR","standard","permutations","lower",NA
"1780","20","5","STAN","ECR","standard","permutations","lower",NA
"1781","1","6","STAN","ECR","standard","permutations","lower",NA
"1782","2","6","STAN","ECR","standard","permutations","lower",NA
"1783","3","6","STAN","ECR","standard","permutations","lower",NA
"1784","4","6","STAN","ECR","standard","permutations","lower",NA
"1785","5","6","STAN","ECR","standard","permutations","lower",NA
"1786","6","6","STAN","ECR","standard","permutations","lower",NA
"1787","7","6","STAN","ECR","standard","permutations","lower",NA
"1788","8","6","STAN","ECR","standard","permutations","lower",NA
"1789","9","6","STAN","ECR","standard","permutations","lower",NA
"1790","10","6","STAN","ECR","standard","permutations","lower",NA
"1791","11","6","STAN","ECR","standard","permutations","lower",NA
"1792","12","6","STAN","ECR","standard","permutations","lower",NA
"1793","13","6","STAN","ECR","standard","permutations","lower",NA
"1794","14","6","STAN","ECR","standard","permutations","lower",NA
"1795","15","6","STAN","ECR","standard","permutations","lower",NA
"1796","16","6","STAN","ECR","standard","permutations","lower",NA
"1797","17","6","STAN","ECR","standard","permutations","lower",NA
"1798","18","6","STAN","ECR","standard","permutations","lower",NA
"1799","19","6","STAN","ECR","standard","permutations","lower",NA
"1800","20","6","STAN","ECR","standard","permutations","lower",NA
"1801","1","2","JAGS","STEPHENS","standard","permutations","lower","-77.370054589534"
"1802","2","2","JAGS","STEPHENS","standard","permutations","lower","-77.1305230509467"
"1803","3","2","JAGS","STEPHENS","standard","permutations","lower","-77.0197448662751"
"1804","4","2","JAGS","STEPHENS","standard","permutations","lower","-76.8329553234243"
"1805","5","2","JAGS","STEPHENS","standard","permutations","lower","-77.2426269276211"
"1806","6","2","JAGS","STEPHENS","standard","permutations","lower","-76.8630930363895"
"1807","7","2","JAGS","STEPHENS","standard","permutations","lower","-77.342244465453"
"1808","8","2","JAGS","STEPHENS","standard","permutations","lower","-77.0247894910452"
"1809","9","2","JAGS","STEPHENS","standard","permutations","lower","-76.938984930278"
"1810","10","2","JAGS","STEPHENS","standard","permutations","lower","-77.6205168363795"
"1811","11","2","JAGS","STEPHENS","standard","permutations","lower","-76.9572609581217"
"1812","12","2","JAGS","STEPHENS","standard","permutations","lower","-76.9292811620967"
"1813","13","2","JAGS","STEPHENS","standard","permutations","lower","-76.8860053884648"
"1814","14","2","JAGS","STEPHENS","standard","permutations","lower","-77.4374765298202"
"1815","15","2","JAGS","STEPHENS","standard","permutations","lower","-76.9748525296202"
"1816","16","2","JAGS","STEPHENS","standard","permutations","lower","-77.5100236468272"
"1817","17","2","JAGS","STEPHENS","standard","permutations","lower","-77.4159768709546"
"1818","18","2","JAGS","STEPHENS","standard","permutations","lower","-77.6120884397715"
"1819","19","2","JAGS","STEPHENS","standard","permutations","lower","-77.4349426638852"
"1820","20","2","JAGS","STEPHENS","standard","permutations","lower","-77.2029547400239"
"1821","1","3","JAGS","STEPHENS","standard","permutations","lower","-74.6305152268548"
"1822","2","3","JAGS","STEPHENS","standard","permutations","lower","-74.8798080954489"
"1823","3","3","JAGS","STEPHENS","standard","permutations","lower","-74.9229367955549"
"1824","4","3","JAGS","STEPHENS","standard","permutations","lower","-74.3515623802947"
"1825","5","3","JAGS","STEPHENS","standard","permutations","lower","-74.6844990047586"
"1826","6","3","JAGS","STEPHENS","standard","permutations","lower","-74.5413482140189"
"1827","7","3","JAGS","STEPHENS","standard","permutations","lower","-74.751389818829"
"1828","8","3","JAGS","STEPHENS","standard","permutations","lower","-74.7863275199987"
"1829","9","3","JAGS","STEPHENS","standard","permutations","lower","-74.7557806340384"
"1830","10","3","JAGS","STEPHENS","standard","permutations","lower","-75.0010393989163"
"1831","11","3","JAGS","STEPHENS","standard","permutations","lower","-74.7479304307891"
"1832","12","3","JAGS","STEPHENS","standard","permutations","lower","-75.0778685981522"
"1833","13","3","JAGS","STEPHENS","standard","permutations","lower","-74.6563722524872"
"1834","14","3","JAGS","STEPHENS","standard","permutations","lower","-74.4229174170582"
"1835","15","3","JAGS","STEPHENS","standard","permutations","lower","-74.7024700683554"
"1836","16","3","JAGS","STEPHENS","standard","permutations","lower","-75.2457589954586"
"1837","17","3","JAGS","STEPHENS","standard","permutations","lower","-74.3905694135571"
"1838","18","3","JAGS","STEPHENS","standard","permutations","lower","-74.5690935242919"
"1839","19","3","JAGS","STEPHENS","standard","permutations","lower","-74.5880187130366"
"1840","20","3","JAGS","STEPHENS","standard","permutations","lower","-74.4749657181509"
"1841","1","4","JAGS","STEPHENS","standard","permutations","lower","-74.1798238374967"
"1842","2","4","JAGS","STEPHENS","standard","permutations","lower","-75.9869269258794"
"1843","3","4","JAGS","STEPHENS","standard","permutations","lower","-73.5570014411613"
"1844","4","4","JAGS","STEPHENS","standard","permutations","lower","-76.3257876738183"
"1845","5","4","JAGS","STEPHENS","standard","permutations","lower","-74.9366207414552"
"1846","6","4","JAGS","STEPHENS","standard","permutations","lower","-75.3042763821064"
"1847","7","4","JAGS","STEPHENS","standard","permutations","lower","-76.3051469977889"
"1848","8","4","JAGS","STEPHENS","standard","permutations","lower","-74.0646004605083"
"1849","9","4","JAGS","STEPHENS","standard","permutations","lower","-75.1920703434877"
"1850","10","4","JAGS","STEPHENS","standard","permutations","lower","-74.4698189505024"
"1851","11","4","JAGS","STEPHENS","standard","permutations","lower","-74.6379452717711"
"1852","12","4","JAGS","STEPHENS","standard","permutations","lower","-74.5025980410206"
"1853","13","4","JAGS","STEPHENS","standard","permutations","lower","-74.0417764589695"
"1854","14","4","JAGS","STEPHENS","standard","permutations","lower","-74.465685200519"
"1855","15","4","JAGS","STEPHENS","standard","permutations","lower","-74.7551690572919"
"1856","16","4","JAGS","STEPHENS","standard","permutations","lower","-75.2719985316547"
"1857","17","4","JAGS","STEPHENS","standard","permutations","lower","-74.9154109271703"
"1858","18","4","JAGS","STEPHENS","standard","permutations","lower","-74.8949854750554"
"1859","19","4","JAGS","STEPHENS","standard","permutations","lower","-75.6921449090749"
"1860","20","4","JAGS","STEPHENS","standard","permutations","lower","-74.5211697438889"
"1861","1","5","JAGS","STEPHENS","standard","permutations","lower","-75.5514482083787"
"1862","2","5","JAGS","STEPHENS","standard","permutations","lower","-74.7654514552289"
"1863","3","5","JAGS","STEPHENS","standard","permutations","lower","-74.6023908925236"
"1864","4","5","JAGS","STEPHENS","standard","permutations","lower","-73.9697326814047"
"1865","5","5","JAGS","STEPHENS","standard","permutations","lower","-74.3550792247499"
"1866","6","5","JAGS","STEPHENS","standard","permutations","lower","-76.3328438543788"
"1867","7","5","JAGS","STEPHENS","standard","permutations","lower","-74.278900013355"
"1868","8","5","JAGS","STEPHENS","standard","permutations","lower","-74.9272773930464"
"1869","9","5","JAGS","STEPHENS","standard","permutations","lower","-74.1173817556495"
"1870","10","5","JAGS","STEPHENS","standard","permutations","lower","-75.4372249016555"
"1871","11","5","JAGS","STEPHENS","standard","permutations","lower","-74.4348566355746"
"1872","12","5","JAGS","STEPHENS","standard","permutations","lower","-74.9550299569997"
"1873","13","5","JAGS","STEPHENS","standard","permutations","lower","-75.2800754282733"
"1874","14","5","JAGS","STEPHENS","standard","permutations","lower","-74.6271932820073"
"1875","15","5","JAGS","STEPHENS","standard","permutations","lower","-74.9538368990417"
"1876","16","5","JAGS","STEPHENS","standard","permutations","lower","-75.4599901069574"
"1877","17","5","JAGS","STEPHENS","standard","permutations","lower","-74.3152308374515"
"1878","18","5","JAGS","STEPHENS","standard","permutations","lower","-74.8349459771751"
"1879","19","5","JAGS","STEPHENS","standard","permutations","lower","-74.9114523751519"
"1880","20","5","JAGS","STEPHENS","standard","permutations","lower","-75.5153657197003"
"1881","1","6","JAGS","STEPHENS","standard","permutations","lower","-76.3508274485813"
"1882","2","6","JAGS","STEPHENS","standard","permutations","lower","-74.8071471177892"
"1883","3","6","JAGS","STEPHENS","standard","permutations","lower","-76.5422192136283"
"1884","4","6","JAGS","STEPHENS","standard","permutations","lower","-74.8309930388435"
"1885","5","6","JAGS","STEPHENS","standard","permutations","lower","-75.5611209818648"
"1886","6","6","JAGS","STEPHENS","standard","permutations","lower","-75.9789135177395"
"1887","7","6","JAGS","STEPHENS","standard","permutations","lower","-75.7765281803257"
"1888","8","6","JAGS","STEPHENS","standard","permutations","lower","-75.5141283395045"
"1889","9","6","JAGS","STEPHENS","standard","permutations","lower","-76.3931055654989"
"1890","10","6","JAGS","STEPHENS","standard","permutations","lower","-75.0961937781769"
"1891","11","6","JAGS","STEPHENS","standard","permutations","lower","-76.2859701083611"
"1892","12","6","JAGS","STEPHENS","standard","permutations","lower","-76.3109405704207"
"1893","13","6","JAGS","STEPHENS","standard","permutations","lower","-75.8247562160385"
"1894","14","6","JAGS","STEPHENS","standard","permutations","lower","-75.2907881782692"
"1895","15","6","JAGS","STEPHENS","standard","permutations","lower","-75.7137163663884"
"1896","16","6","JAGS","STEPHENS","standard","permutations","lower","-73.7465395414121"
"1897","17","6","JAGS","STEPHENS","standard","permutations","lower","-75.71132806078"
"1898","18","6","JAGS","STEPHENS","standard","permutations","lower","-76.6344989999393"
"1899","19","6","JAGS","STEPHENS","standard","permutations","lower","-75.6755565670537"
"1900","20","6","JAGS","STEPHENS","standard","permutations","lower","-76.0830084766819"
"1901","1","2","STAN","STEPHENS","standard","permutations","lower","-76.8736412262509"
"1902","2","2","STAN","STEPHENS","standard","permutations","lower","-77.4383080748221"
"1903","3","2","STAN","STEPHENS","standard","permutations","lower","-76.9790212000364"
"1904","4","2","STAN","STEPHENS","standard","permutations","lower","-77.0923475364413"
"1905","5","2","STAN","STEPHENS","standard","permutations","lower","-77.2533079285565"
"1906","6","2","STAN","STEPHENS","standard","permutations","lower","-76.8219533346972"
"1907","7","2","STAN","STEPHENS","standard","permutations","lower","-77.318467667498"
"1908","8","2","STAN","STEPHENS","standard","permutations","lower","-77.1262821228759"
"1909","9","2","STAN","STEPHENS","standard","permutations","lower","-77.0840840399174"
"1910","10","2","STAN","STEPHENS","standard","permutations","lower","-76.8863727598707"
"1911","11","2","STAN","STEPHENS","standard","permutations","lower","-76.9581599563744"
"1912","12","2","STAN","STEPHENS","standard","permutations","lower","-76.9636206926386"
"1913","13","2","STAN","STEPHENS","standard","permutations","lower","-76.911227645003"
"1914","14","2","STAN","STEPHENS","standard","permutations","lower","-77.0995942332989"
"1915","15","2","STAN","STEPHENS","standard","permutations","lower","-77.1429528545395"
"1916","16","2","STAN","STEPHENS","standard","permutations","lower","-76.8724469825551"
"1917","17","2","STAN","STEPHENS","standard","permutations","lower","-77.4823241144363"
"1918","18","2","STAN","STEPHENS","standard","permutations","lower","-77.5678896034545"
"1919","19","2","STAN","STEPHENS","standard","permutations","lower","-77.0538091110531"
"1920","20","2","STAN","STEPHENS","standard","permutations","lower","-77.214749223095"
"1921","1","3","STAN","STEPHENS","standard","permutations","lower","-75.0174531877752"
"1922","2","3","STAN","STEPHENS","standard","permutations","lower","-74.8017692674554"
"1923","3","3","STAN","STEPHENS","standard","permutations","lower","-74.9348761346854"
"1924","4","3","STAN","STEPHENS","standard","permutations","lower","-73.9111689600168"
"1925","5","3","STAN","STEPHENS","standard","permutations","lower","-73.9166582616246"
"1926","6","3","STAN","STEPHENS","standard","permutations","lower","-74.7897993521022"
"1927","7","3","STAN","STEPHENS","standard","permutations","lower","-74.9616554096187"
"1928","8","3","STAN","STEPHENS","standard","permutations","lower","-75.1956585397394"
"1929","9","3","STAN","STEPHENS","standard","permutations","lower","-74.4942308296989"
"1930","10","3","STAN","STEPHENS","standard","permutations","lower","-74.8603292190301"
"1931","11","3","STAN","STEPHENS","standard","permutations","lower","-74.5992164533041"
"1932","12","3","STAN","STEPHENS","standard","permutations","lower","-74.545298333379"
"1933","13","3","STAN","STEPHENS","standard","permutations","lower","-74.636420538317"
"1934","14","3","STAN","STEPHENS","standard","permutations","lower","-74.7011668599525"
"1935","15","3","STAN","STEPHENS","standard","permutations","lower","-74.6585278470711"
"1936","16","3","STAN","STEPHENS","standard","permutations","lower","-74.6109540959235"
"1937","17","3","STAN","STEPHENS","standard","permutations","lower","-74.614696944979"
"1938","18","3","STAN","STEPHENS","standard","permutations","lower","-74.4043484970061"
"1939","19","3","STAN","STEPHENS","standard","permutations","lower","-74.9724504431215"
"1940","20","3","STAN","STEPHENS","standard","permutations","lower","-74.4782025955385"
"1941","1","4","STAN","STEPHENS","standard","permutations","lower","-74.8605627358756"
"1942","2","4","STAN","STEPHENS","standard","permutations","lower","-75.2689622126726"
"1943","3","4","STAN","STEPHENS","standard","permutations","lower","-75.0516298191687"
"1944","4","4","STAN","STEPHENS","standard","permutations","lower","-74.2664179470235"
"1945","5","4","STAN","STEPHENS","standard","permutations","lower","-75.6423347242229"
"1946","6","4","STAN","STEPHENS","standard","permutations","lower","-74.6713449153228"
"1947","7","4","STAN","STEPHENS","standard","permutations","lower","-75.0834588980991"
"1948","8","4","STAN","STEPHENS","standard","permutations","lower","-75.7824029202972"
"1949","9","4","STAN","STEPHENS","standard","permutations","lower","-75.5306157243903"
"1950","10","4","STAN","STEPHENS","standard","permutations","lower","-73.9865826999489"
"1951","11","4","STAN","STEPHENS","standard","permutations","lower","-76.384284109425"
"1952","12","4","STAN","STEPHENS","standard","permutations","lower","-74.4868772203301"
"1953","13","4","STAN","STEPHENS","standard","permutations","lower","-74.9141382586286"
"1954","14","4","STAN","STEPHENS","standard","permutations","lower","-73.7486748426712"
"1955","15","4","STAN","STEPHENS","standard","permutations","lower","-74.8136080653228"
"1956","16","4","STAN","STEPHENS","standard","permutations","lower","-74.5717461150786"
"1957","17","4","STAN","STEPHENS","standard","permutations","lower","-74.8340758439794"
"1958","18","4","STAN","STEPHENS","standard","permutations","lower","-75.2281437545516"
"1959","19","4","STAN","STEPHENS","standard","permutations","lower","-75.3827426369285"
"1960","20","4","STAN","STEPHENS","standard","permutations","lower","-75.8878184041431"
"1961","1","5","STAN","STEPHENS","standard","permutations","lower","-75.4946411347441"
"1962","2","5","STAN","STEPHENS","standard","permutations","lower","-75.3910579567443"
"1963","3","5","STAN","STEPHENS","standard","permutations","lower","-75.1493854327481"
"1964","4","5","STAN","STEPHENS","standard","permutations","lower","-75.3876144992304"
"1965","5","5","STAN","STEPHENS","standard","permutations","lower","-75.4688896976809"
"1966","6","5","STAN","STEPHENS","standard","permutations","lower","-74.747322917929"
"1967","7","5","STAN","STEPHENS","standard","permutations","lower","-75.0877903598795"
"1968","8","5","STAN","STEPHENS","standard","permutations","lower","-74.0109585712679"
"1969","9","5","STAN","STEPHENS","standard","permutations","lower","-74.99618400165"
"1970","10","5","STAN","STEPHENS","standard","permutations","lower","-74.550290755345"
"1971","11","5","STAN","STEPHENS","standard","permutations","lower","-74.8112803931467"
"1972","12","5","STAN","STEPHENS","standard","permutations","lower","-75.1837974998033"
"1973","13","5","STAN","STEPHENS","standard","permutations","lower","-75.207839354323"
"1974","14","5","STAN","STEPHENS","standard","permutations","lower","-74.6436405485613"
"1975","15","5","STAN","STEPHENS","standard","permutations","lower","-74.8231334541281"
"1976","16","5","STAN","STEPHENS","standard","permutations","lower","-73.9751091142886"
"1977","17","5","STAN","STEPHENS","standard","permutations","lower","-75.1951823698153"
"1978","18","5","STAN","STEPHENS","standard","permutations","lower","-74.8759029262244"
"1979","19","5","STAN","STEPHENS","standard","permutations","lower","-74.8828798353188"
"1980","20","5","STAN","STEPHENS","standard","permutations","lower","-75.3119827106086"
"1981","1","6","STAN","STEPHENS","standard","permutations","lower","-75.7413569096051"
"1982","2","6","STAN","STEPHENS","standard","permutations","lower","-74.8321820895664"
"1983","3","6","STAN","STEPHENS","standard","permutations","lower","-74.37284949833"
"1984","4","6","STAN","STEPHENS","standard","permutations","lower","-75.7616311391696"
"1985","5","6","STAN","STEPHENS","standard","permutations","lower","-76.0247227137668"
"1986","6","6","STAN","STEPHENS","standard","permutations","lower","-76.0630883646086"
"1987","7","6","STAN","STEPHENS","standard","permutations","lower","-76.5630001133366"
"1988","8","6","STAN","STEPHENS","standard","permutations","lower","-75.5592656814425"
"1989","9","6","STAN","STEPHENS","standard","permutations","lower","-75.1761889980865"
"1990","10","6","STAN","STEPHENS","standard","permutations","lower","-74.0943112711757"
"1991","11","6","STAN","STEPHENS","standard","permutations","lower","-76.2593602650742"
"1992","12","6","STAN","STEPHENS","standard","permutations","lower","-75.1103430254035"
"1993","13","6","STAN","STEPHENS","standard","permutations","lower","-75.8732836029249"
"1994","14","6","STAN","STEPHENS","standard","permutations","lower","-75.7456661061069"
"1995","15","6","STAN","STEPHENS","standard","permutations","lower","-75.5970996678577"
"1996","16","6","STAN","STEPHENS","standard","permutations","lower","-74.1261886453033"
"1997","17","6","STAN","STEPHENS","standard","permutations","lower","-76.110417207228"
"1998","18","6","STAN","STEPHENS","standard","permutations","lower","-76.053706620203"
"1999","19","6","STAN","STEPHENS","standard","permutations","lower","-76.4024155704524"
"2000","20","6","STAN","STEPHENS","standard","permutations","lower","-75.6456806076618"
"2001","1","2","JAGS","ECR","standard","simple","lower","-77.370054589534"
"2002","2","2","JAGS","ECR","standard","simple","lower","-77.1305230509467"
"2003","3","2","JAGS","ECR","standard","simple","lower","-77.0197448662751"
"2004","4","2","JAGS","ECR","standard","simple","lower","-76.8329553234243"
"2005","5","2","JAGS","ECR","standard","simple","lower","-77.2426269276211"
"2006","6","2","JAGS","ECR","standard","simple","lower","-76.8630930363895"
"2007","7","2","JAGS","ECR","standard","simple","lower","-77.342244465453"
"2008","8","2","JAGS","ECR","standard","simple","lower","-77.0247894910452"
"2009","9","2","JAGS","ECR","standard","simple","lower","-76.938984930278"
"2010","10","2","JAGS","ECR","standard","simple","lower","-77.6205168363795"
"2011","11","2","JAGS","ECR","standard","simple","lower","-76.9572609581217"
"2012","12","2","JAGS","ECR","standard","simple","lower","-76.9292811620967"
"2013","13","2","JAGS","ECR","standard","simple","lower","-76.8860053884648"
"2014","14","2","JAGS","ECR","standard","simple","lower","-77.4374765298202"
"2015","15","2","JAGS","ECR","standard","simple","lower","-76.9748525296202"
"2016","16","2","JAGS","ECR","standard","simple","lower","-77.5100236468272"
"2017","17","2","JAGS","ECR","standard","simple","lower","-77.4159768709546"
"2018","18","2","JAGS","ECR","standard","simple","lower","-77.6120884397715"
"2019","19","2","JAGS","ECR","standard","simple","lower","-77.4349426638852"
"2020","20","2","JAGS","ECR","standard","simple","lower","-77.2029547400239"
"2021","1","3","JAGS","ECR","standard","simple","lower","-74.70438349038"
"2022","2","3","JAGS","ECR","standard","simple","lower","-74.9668493694001"
"2023","3","3","JAGS","ECR","standard","simple","lower","-74.8708752058392"
"2024","4","3","JAGS","ECR","standard","simple","lower","-74.3238642355369"
"2025","5","3","JAGS","ECR","standard","simple","lower","-74.6939645271194"
"2026","6","3","JAGS","ECR","standard","simple","lower","-74.5949331234794"
"2027","7","3","JAGS","ECR","standard","simple","lower","-74.7780266630769"
"2028","8","3","JAGS","ECR","standard","simple","lower","-74.6762502417206"
"2029","9","3","JAGS","ECR","standard","simple","lower","-74.7616940546841"
"2030","10","3","JAGS","ECR","standard","simple","lower","-75.0238683294216"
"2031","11","3","JAGS","ECR","standard","simple","lower","-74.7546736983053"
"2032","12","3","JAGS","ECR","standard","simple","lower","-75.1643744082844"
"2033","13","3","JAGS","ECR","standard","simple","lower","-74.59704716647"
"2034","14","3","JAGS","ECR","standard","simple","lower","-74.4181058965894"
"2035","15","3","JAGS","ECR","standard","simple","lower","-74.7404332417197"
"2036","16","3","JAGS","ECR","standard","simple","lower","-75.2244332611054"
"2037","17","3","JAGS","ECR","standard","simple","lower","-74.3445964642806"
"2038","18","3","JAGS","ECR","standard","simple","lower","-74.5528828476764"
"2039","19","3","JAGS","ECR","standard","simple","lower","-74.4978024351171"
"2040","20","3","JAGS","ECR","standard","simple","lower","-74.4457614274346"
"2041","1","4","JAGS","ECR","standard","simple","lower","-74.4611138152298"
"2042","2","4","JAGS","ECR","standard","simple","lower","-74.3742475729453"
"2043","3","4","JAGS","ECR","standard","simple","lower","-73.9806909267386"
"2044","4","4","JAGS","ECR","standard","simple","lower","-75.0602328025731"
"2045","5","4","JAGS","ECR","standard","simple","lower","-74.9656516327485"
"2046","6","4","JAGS","ECR","standard","simple","lower","-75.2227318127947"
"2047","7","4","JAGS","ECR","standard","simple","lower","-74.3443820643379"
"2048","8","4","JAGS","ECR","standard","simple","lower","-74.7537894107576"
"2049","9","4","JAGS","ECR","standard","simple","lower","-74.7593036062468"
"2050","10","4","JAGS","ECR","standard","simple","lower","-74.1834072204689"
"2051","11","4","JAGS","ECR","standard","simple","lower","-74.3894944268286"
"2052","12","4","JAGS","ECR","standard","simple","lower","-74.2160704128861"
"2053","13","4","JAGS","ECR","standard","simple","lower","-74.4931586054121"
"2054","14","4","JAGS","ECR","standard","simple","lower","-74.9519634946883"
"2055","15","4","JAGS","ECR","standard","simple","lower","-74.2005488942188"
"2056","16","4","JAGS","ECR","standard","simple","lower","-75.2325373053633"
"2057","17","4","JAGS","ECR","standard","simple","lower","-75.8639730890819"
"2058","18","4","JAGS","ECR","standard","simple","lower","-75.8485312230271"
"2059","19","4","JAGS","ECR","standard","simple","lower","-74.1971524931489"
"2060","20","4","JAGS","ECR","standard","simple","lower","-75.1082349160269"
"2061","1","5","JAGS","ECR","standard","simple","lower","-75.583405357516"
"2062","2","5","JAGS","ECR","standard","simple","lower","-74.2222352838264"
"2063","3","5","JAGS","ECR","standard","simple","lower","-74.4044659240618"
"2064","4","5","JAGS","ECR","standard","simple","lower","-74.956688633762"
"2065","5","5","JAGS","ECR","standard","simple","lower","-75.3100277721793"
"2066","6","5","JAGS","ECR","standard","simple","lower","-75.8738574630616"
"2067","7","5","JAGS","ECR","standard","simple","lower","-75.0062653163983"
"2068","8","5","JAGS","ECR","standard","simple","lower","-73.7900416959567"
"2069","9","5","JAGS","ECR","standard","simple","lower","-73.178178493567"
"2070","10","5","JAGS","ECR","standard","simple","lower","-74.7872938914986"
"2071","11","5","JAGS","ECR","standard","simple","lower","-74.7677200286157"
"2072","12","5","JAGS","ECR","standard","simple","lower","-74.8484063126847"
"2073","13","5","JAGS","ECR","standard","simple","lower","-74.6467387019889"
"2074","14","5","JAGS","ECR","standard","simple","lower","-74.746880650477"
"2075","15","5","JAGS","ECR","standard","simple","lower","-75.0057585262281"
"2076","16","5","JAGS","ECR","standard","simple","lower","-75.2957875489987"
"2077","17","5","JAGS","ECR","standard","simple","lower","-74.8415129454089"
"2078","18","5","JAGS","ECR","standard","simple","lower","-75.3508166188588"
"2079","19","5","JAGS","ECR","standard","simple","lower","-74.9989607604281"
"2080","20","5","JAGS","ECR","standard","simple","lower","-75.3889690682235"
"2081","1","6","JAGS","ECR","standard","simple","lower","-75.9709375926573"
"2082","2","6","JAGS","ECR","standard","simple","lower","-76.477840424586"
"2083","3","6","JAGS","ECR","standard","simple","lower","-75.8400059516487"
"2084","4","6","JAGS","ECR","standard","simple","lower","-75.196826260633"
"2085","5","6","JAGS","ECR","standard","simple","lower","-73.5141223561015"
"2086","6","6","JAGS","ECR","standard","simple","lower","-75.6654525184927"
"2087","7","6","JAGS","ECR","standard","simple","lower","-75.9660063833301"
"2088","8","6","JAGS","ECR","standard","simple","lower","-75.8610744594888"
"2089","9","6","JAGS","ECR","standard","simple","lower","-76.1002299527954"
"2090","10","6","JAGS","ECR","standard","simple","lower","-75.4250015500509"
"2091","11","6","JAGS","ECR","standard","simple","lower","-76.2867824528472"
"2092","12","6","JAGS","ECR","standard","simple","lower","-76.5271428225797"
"2093","13","6","JAGS","ECR","standard","simple","lower","-75.9961849347994"
"2094","14","6","JAGS","ECR","standard","simple","lower","-75.6356770081426"
"2095","15","6","JAGS","ECR","standard","simple","lower","-74.6817675699143"
"2096","16","6","JAGS","ECR","standard","simple","lower","-75.8717713863171"
"2097","17","6","JAGS","ECR","standard","simple","lower","-75.6891485413756"
"2098","18","6","JAGS","ECR","standard","simple","lower","-74.4636187164759"
"2099","19","6","JAGS","ECR","standard","simple","lower","-73.3646793845636"
"2100","20","6","JAGS","ECR","standard","simple","lower","-76.7788287961716"
"2101","1","2","STAN","ECR","standard","simple","lower",NA
"2102","2","2","STAN","ECR","standard","simple","lower",NA
"2103","3","2","STAN","ECR","standard","simple","lower",NA
"2104","4","2","STAN","ECR","standard","simple","lower",NA
"2105","5","2","STAN","ECR","standard","simple","lower",NA
"2106","6","2","STAN","ECR","standard","simple","lower",NA
"2107","7","2","STAN","ECR","standard","simple","lower",NA
"2108","8","2","STAN","ECR","standard","simple","lower",NA
"2109","9","2","STAN","ECR","standard","simple","lower",NA
"2110","10","2","STAN","ECR","standard","simple","lower",NA
"2111","11","2","STAN","ECR","standard","simple","lower",NA
"2112","12","2","STAN","ECR","standard","simple","lower",NA
"2113","13","2","STAN","ECR","standard","simple","lower",NA
"2114","14","2","STAN","ECR","standard","simple","lower",NA
"2115","15","2","STAN","ECR","standard","simple","lower",NA
"2116","16","2","STAN","ECR","standard","simple","lower",NA
"2117","17","2","STAN","ECR","standard","simple","lower",NA
"2118","18","2","STAN","ECR","standard","simple","lower",NA
"2119","19","2","STAN","ECR","standard","simple","lower",NA
"2120","20","2","STAN","ECR","standard","simple","lower",NA
"2121","1","3","STAN","ECR","standard","simple","lower",NA
"2122","2","3","STAN","ECR","standard","simple","lower",NA
"2123","3","3","STAN","ECR","standard","simple","lower",NA
"2124","4","3","STAN","ECR","standard","simple","lower",NA
"2125","5","3","STAN","ECR","standard","simple","lower",NA
"2126","6","3","STAN","ECR","standard","simple","lower",NA
"2127","7","3","STAN","ECR","standard","simple","lower",NA
"2128","8","3","STAN","ECR","standard","simple","lower",NA
"2129","9","3","STAN","ECR","standard","simple","lower",NA
"2130","10","3","STAN","ECR","standard","simple","lower",NA
"2131","11","3","STAN","ECR","standard","simple","lower",NA
"2132","12","3","STAN","ECR","standard","simple","lower",NA
"2133","13","3","STAN","ECR","standard","simple","lower",NA
"2134","14","3","STAN","ECR","standard","simple","lower",NA
"2135","15","3","STAN","ECR","standard","simple","lower",NA
"2136","16","3","STAN","ECR","standard","simple","lower",NA
"2137","17","3","STAN","ECR","standard","simple","lower",NA
"2138","18","3","STAN","ECR","standard","simple","lower",NA
"2139","19","3","STAN","ECR","standard","simple","lower",NA
"2140","20","3","STAN","ECR","standard","simple","lower",NA
"2141","1","4","STAN","ECR","standard","simple","lower",NA
"2142","2","4","STAN","ECR","standard","simple","lower",NA
"2143","3","4","STAN","ECR","standard","simple","lower",NA
"2144","4","4","STAN","ECR","standard","simple","lower",NA
"2145","5","4","STAN","ECR","standard","simple","lower",NA
"2146","6","4","STAN","ECR","standard","simple","lower",NA
"2147","7","4","STAN","ECR","standard","simple","lower",NA
"2148","8","4","STAN","ECR","standard","simple","lower",NA
"2149","9","4","STAN","ECR","standard","simple","lower",NA
"2150","10","4","STAN","ECR","standard","simple","lower",NA
"2151","11","4","STAN","ECR","standard","simple","lower",NA
"2152","12","4","STAN","ECR","standard","simple","lower",NA
"2153","13","4","STAN","ECR","standard","simple","lower",NA
"2154","14","4","STAN","ECR","standard","simple","lower",NA
"2155","15","4","STAN","ECR","standard","simple","lower",NA
"2156","16","4","STAN","ECR","standard","simple","lower",NA
"2157","17","4","STAN","ECR","standard","simple","lower",NA
"2158","18","4","STAN","ECR","standard","simple","lower",NA
"2159","19","4","STAN","ECR","standard","simple","lower",NA
"2160","20","4","STAN","ECR","standard","simple","lower",NA
"2161","1","5","STAN","ECR","standard","simple","lower",NA
"2162","2","5","STAN","ECR","standard","simple","lower",NA
"2163","3","5","STAN","ECR","standard","simple","lower",NA
"2164","4","5","STAN","ECR","standard","simple","lower",NA
"2165","5","5","STAN","ECR","standard","simple","lower",NA
"2166","6","5","STAN","ECR","standard","simple","lower",NA
"2167","7","5","STAN","ECR","standard","simple","lower",NA
"2168","8","5","STAN","ECR","standard","simple","lower",NA
"2169","9","5","STAN","ECR","standard","simple","lower",NA
"2170","10","5","STAN","ECR","standard","simple","lower",NA
"2171","11","5","STAN","ECR","standard","simple","lower",NA
"2172","12","5","STAN","ECR","standard","simple","lower",NA
"2173","13","5","STAN","ECR","standard","simple","lower",NA
"2174","14","5","STAN","ECR","standard","simple","lower",NA
"2175","15","5","STAN","ECR","standard","simple","lower",NA
"2176","16","5","STAN","ECR","standard","simple","lower",NA
"2177","17","5","STAN","ECR","standard","simple","lower",NA
"2178","18","5","STAN","ECR","standard","simple","lower",NA
"2179","19","5","STAN","ECR","standard","simple","lower",NA
"2180","20","5","STAN","ECR","standard","simple","lower",NA
"2181","1","6","STAN","ECR","standard","simple","lower",NA
"2182","2","6","STAN","ECR","standard","simple","lower",NA
"2183","3","6","STAN","ECR","standard","simple","lower",NA
"2184","4","6","STAN","ECR","standard","simple","lower",NA
"2185","5","6","STAN","ECR","standard","simple","lower",NA
"2186","6","6","STAN","ECR","standard","simple","lower",NA
"2187","7","6","STAN","ECR","standard","simple","lower",NA
"2188","8","6","STAN","ECR","standard","simple","lower",NA
"2189","9","6","STAN","ECR","standard","simple","lower",NA
"2190","10","6","STAN","ECR","standard","simple","lower",NA
"2191","11","6","STAN","ECR","standard","simple","lower",NA
"2192","12","6","STAN","ECR","standard","simple","lower",NA
"2193","13","6","STAN","ECR","standard","simple","lower",NA
"2194","14","6","STAN","ECR","standard","simple","lower",NA
"2195","15","6","STAN","ECR","standard","simple","lower",NA
"2196","16","6","STAN","ECR","standard","simple","lower",NA
"2197","17","6","STAN","ECR","standard","simple","lower",NA
"2198","18","6","STAN","ECR","standard","simple","lower",NA
"2199","19","6","STAN","ECR","standard","simple","lower",NA
"2200","20","6","STAN","ECR","standard","simple","lower",NA
"2201","1","2","JAGS","STEPHENS","standard","simple","lower","-77.370054589534"
"2202","2","2","JAGS","STEPHENS","standard","simple","lower","-77.1305230509467"
"2203","3","2","JAGS","STEPHENS","standard","simple","lower","-77.0197448662751"
"2204","4","2","JAGS","STEPHENS","standard","simple","lower","-76.8329553234243"
"2205","5","2","JAGS","STEPHENS","standard","simple","lower","-77.2426269276211"
"2206","6","2","JAGS","STEPHENS","standard","simple","lower","-76.8630930363895"
"2207","7","2","JAGS","STEPHENS","standard","simple","lower","-77.342244465453"
"2208","8","2","JAGS","STEPHENS","standard","simple","lower","-77.0247894910452"
"2209","9","2","JAGS","STEPHENS","standard","simple","lower","-76.938984930278"
"2210","10","2","JAGS","STEPHENS","standard","simple","lower","-77.6205168363795"
"2211","11","2","JAGS","STEPHENS","standard","simple","lower","-76.9572609581217"
"2212","12","2","JAGS","STEPHENS","standard","simple","lower","-76.9292811620967"
"2213","13","2","JAGS","STEPHENS","standard","simple","lower","-76.8860053884648"
"2214","14","2","JAGS","STEPHENS","standard","simple","lower","-77.4374765298202"
"2215","15","2","JAGS","STEPHENS","standard","simple","lower","-76.9748525296202"
"2216","16","2","JAGS","STEPHENS","standard","simple","lower","-77.5100236468272"
"2217","17","2","JAGS","STEPHENS","standard","simple","lower","-77.4159768709546"
"2218","18","2","JAGS","STEPHENS","standard","simple","lower","-77.6120884397715"
"2219","19","2","JAGS","STEPHENS","standard","simple","lower","-77.4349426638852"
"2220","20","2","JAGS","STEPHENS","standard","simple","lower","-77.2029547400239"
"2221","1","3","JAGS","STEPHENS","standard","simple","lower","-74.6305152268548"
"2222","2","3","JAGS","STEPHENS","standard","simple","lower","-74.8798080954489"
"2223","3","3","JAGS","STEPHENS","standard","simple","lower","-74.9229367955549"
"2224","4","3","JAGS","STEPHENS","standard","simple","lower","-74.3515623802947"
"2225","5","3","JAGS","STEPHENS","standard","simple","lower","-74.6844990047586"
"2226","6","3","JAGS","STEPHENS","standard","simple","lower","-74.5413482140189"
"2227","7","3","JAGS","STEPHENS","standard","simple","lower","-74.751389818829"
"2228","8","3","JAGS","STEPHENS","standard","simple","lower","-74.7863275199987"
"2229","9","3","JAGS","STEPHENS","standard","simple","lower","-74.7557806340384"
"2230","10","3","JAGS","STEPHENS","standard","simple","lower","-75.0010393989163"
"2231","11","3","JAGS","STEPHENS","standard","simple","lower","-74.7479304307891"
"2232","12","3","JAGS","STEPHENS","standard","simple","lower","-75.0778685981522"
"2233","13","3","JAGS","STEPHENS","standard","simple","lower","-74.6563722524872"
"2234","14","3","JAGS","STEPHENS","standard","simple","lower","-74.4229174170582"
"2235","15","3","JAGS","STEPHENS","standard","simple","lower","-74.7024700683554"
"2236","16","3","JAGS","STEPHENS","standard","simple","lower","-75.2457589954586"
"2237","17","3","JAGS","STEPHENS","standard","simple","lower","-74.3905694135571"
"2238","18","3","JAGS","STEPHENS","standard","simple","lower","-74.5690935242919"
"2239","19","3","JAGS","STEPHENS","standard","simple","lower","-74.5880187130366"
"2240","20","3","JAGS","STEPHENS","standard","simple","lower","-74.4749657181509"
"2241","1","4","JAGS","STEPHENS","standard","simple","lower","-74.1798238374967"
"2242","2","4","JAGS","STEPHENS","standard","simple","lower","-75.9869269258794"
"2243","3","4","JAGS","STEPHENS","standard","simple","lower","-73.5570014411613"
"2244","4","4","JAGS","STEPHENS","standard","simple","lower","-76.3257876738183"
"2245","5","4","JAGS","STEPHENS","standard","simple","lower","-74.9366207414552"
"2246","6","4","JAGS","STEPHENS","standard","simple","lower","-75.3042763821064"
"2247","7","4","JAGS","STEPHENS","standard","simple","lower","-76.3051469977889"
"2248","8","4","JAGS","STEPHENS","standard","simple","lower","-74.0646004605083"
"2249","9","4","JAGS","STEPHENS","standard","simple","lower","-75.1920703434877"
"2250","10","4","JAGS","STEPHENS","standard","simple","lower","-74.4698189505024"
"2251","11","4","JAGS","STEPHENS","standard","simple","lower","-74.6379452717711"
"2252","12","4","JAGS","STEPHENS","standard","simple","lower","-74.5025980410206"
"2253","13","4","JAGS","STEPHENS","standard","simple","lower","-74.0417764589695"
"2254","14","4","JAGS","STEPHENS","standard","simple","lower","-74.465685200519"
"2255","15","4","JAGS","STEPHENS","standard","simple","lower","-74.7551690572919"
"2256","16","4","JAGS","STEPHENS","standard","simple","lower","-75.2719985316547"
"2257","17","4","JAGS","STEPHENS","standard","simple","lower","-74.9154109271703"
"2258","18","4","JAGS","STEPHENS","standard","simple","lower","-74.8949854750554"
"2259","19","4","JAGS","STEPHENS","standard","simple","lower","-75.6921449090749"
"2260","20","4","JAGS","STEPHENS","standard","simple","lower","-74.5211336367893"
"2261","1","5","JAGS","STEPHENS","standard","simple","lower","-75.5514482083787"
"2262","2","5","JAGS","STEPHENS","standard","simple","lower","-74.7654514552289"
"2263","3","5","JAGS","STEPHENS","standard","simple","lower","-74.6023908925236"
"2264","4","5","JAGS","STEPHENS","standard","simple","lower","-73.9697326814047"
"2265","5","5","JAGS","STEPHENS","standard","simple","lower","-74.3550792247499"
"2266","6","5","JAGS","STEPHENS","standard","simple","lower","-76.3328438543788"
"2267","7","5","JAGS","STEPHENS","standard","simple","lower","-74.278900013355"
"2268","8","5","JAGS","STEPHENS","standard","simple","lower","-74.9272773930464"
"2269","9","5","JAGS","STEPHENS","standard","simple","lower","-74.1173817556495"
"2270","10","5","JAGS","STEPHENS","standard","simple","lower","-75.4372249016555"
"2271","11","5","JAGS","STEPHENS","standard","simple","lower","-74.4348566355746"
"2272","12","5","JAGS","STEPHENS","standard","simple","lower","-74.9550299569997"
"2273","13","5","JAGS","STEPHENS","standard","simple","lower","-75.2800754282733"
"2274","14","5","JAGS","STEPHENS","standard","simple","lower","-74.6271932820073"
"2275","15","5","JAGS","STEPHENS","standard","simple","lower","-74.9538368990417"
"2276","16","5","JAGS","STEPHENS","standard","simple","lower","-75.4599901069574"
"2277","17","5","JAGS","STEPHENS","standard","simple","lower","-74.3152308374515"
"2278","18","5","JAGS","STEPHENS","standard","simple","lower","-74.8349459771751"
"2279","19","5","JAGS","STEPHENS","standard","simple","lower","-74.9114523751519"
"2280","20","5","JAGS","STEPHENS","standard","simple","lower","-75.5153657197003"
"2281","1","6","JAGS","STEPHENS","standard","simple","lower","-76.3508274485813"
"2282","2","6","JAGS","STEPHENS","standard","simple","lower","-74.8071471177892"
"2283","3","6","JAGS","STEPHENS","standard","simple","lower","-76.5422192136283"
"2284","4","6","JAGS","STEPHENS","standard","simple","lower","-74.8309930388435"
"2285","5","6","JAGS","STEPHENS","standard","simple","lower","-75.5611209818648"
"2286","6","6","JAGS","STEPHENS","standard","simple","lower","-75.9789135177395"
"2287","7","6","JAGS","STEPHENS","standard","simple","lower","-75.7765281803257"
"2288","8","6","JAGS","STEPHENS","standard","simple","lower","-75.5141283395045"
"2289","9","6","JAGS","STEPHENS","standard","simple","lower","-76.3931055654989"
"2290","10","6","JAGS","STEPHENS","standard","simple","lower","-75.0961937781769"
"2291","11","6","JAGS","STEPHENS","standard","simple","lower","-76.2859701083611"
"2292","12","6","JAGS","STEPHENS","standard","simple","lower","-76.3109405704207"
"2293","13","6","JAGS","STEPHENS","standard","simple","lower","-75.8247562160385"
"2294","14","6","JAGS","STEPHENS","standard","simple","lower","-75.2907881782692"
"2295","15","6","JAGS","STEPHENS","standard","simple","lower","-75.7137163663884"
"2296","16","6","JAGS","STEPHENS","standard","simple","lower","-73.7465395414121"
"2297","17","6","JAGS","STEPHENS","standard","simple","lower","-75.71132806078"
"2298","18","6","JAGS","STEPHENS","standard","simple","lower","-76.6344989999393"
"2299","19","6","JAGS","STEPHENS","standard","simple","lower","-75.6755565670537"
"2300","20","6","JAGS","STEPHENS","standard","simple","lower","-76.0830084766819"
"2301","1","2","STAN","STEPHENS","standard","simple","lower","-76.8736412262509"
"2302","2","2","STAN","STEPHENS","standard","simple","lower","-77.4383080748221"
"2303","3","2","STAN","STEPHENS","standard","simple","lower","-76.9790212000364"
"2304","4","2","STAN","STEPHENS","standard","simple","lower","-77.0923475364413"
"2305","5","2","STAN","STEPHENS","standard","simple","lower","-77.2533079285565"
"2306","6","2","STAN","STEPHENS","standard","simple","lower","-76.8219533346972"
"2307","7","2","STAN","STEPHENS","standard","simple","lower","-77.318467667498"
"2308","8","2","STAN","STEPHENS","standard","simple","lower","-77.1262821228759"
"2309","9","2","STAN","STEPHENS","standard","simple","lower","-77.0840840399174"
"2310","10","2","STAN","STEPHENS","standard","simple","lower","-76.8863727598707"
"2311","11","2","STAN","STEPHENS","standard","simple","lower","-76.9581599563744"
"2312","12","2","STAN","STEPHENS","standard","simple","lower","-76.9636206926386"
"2313","13","2","STAN","STEPHENS","standard","simple","lower","-76.911227645003"
"2314","14","2","STAN","STEPHENS","standard","simple","lower","-77.0995942332989"
"2315","15","2","STAN","STEPHENS","standard","simple","lower","-77.1429528545395"
"2316","16","2","STAN","STEPHENS","standard","simple","lower","-76.8724469825551"
"2317","17","2","STAN","STEPHENS","standard","simple","lower","-77.4823241144363"
"2318","18","2","STAN","STEPHENS","standard","simple","lower","-77.5678896034545"
"2319","19","2","STAN","STEPHENS","standard","simple","lower","-77.0538091110531"
"2320","20","2","STAN","STEPHENS","standard","simple","lower","-77.214749223095"
"2321","1","3","STAN","STEPHENS","standard","simple","lower","-75.0174531877752"
"2322","2","3","STAN","STEPHENS","standard","simple","lower","-74.8017692674554"
"2323","3","3","STAN","STEPHENS","standard","simple","lower","-74.9348761346854"
"2324","4","3","STAN","STEPHENS","standard","simple","lower","-73.9111689600168"
"2325","5","3","STAN","STEPHENS","standard","simple","lower","-73.9166582616246"
"2326","6","3","STAN","STEPHENS","standard","simple","lower","-74.7897993521022"
"2327","7","3","STAN","STEPHENS","standard","simple","lower","-74.9616554096187"
"2328","8","3","STAN","STEPHENS","standard","simple","lower","-75.1956585397394"
"2329","9","3","STAN","STEPHENS","standard","simple","lower","-74.4942308296989"
"2330","10","3","STAN","STEPHENS","standard","simple","lower","-74.8603292190301"
"2331","11","3","STAN","STEPHENS","standard","simple","lower","-74.5992164533041"
"2332","12","3","STAN","STEPHENS","standard","simple","lower","-74.545298333379"
"2333","13","3","STAN","STEPHENS","standard","simple","lower","-74.636420538317"
"2334","14","3","STAN","STEPHENS","standard","simple","lower","-74.7011668599525"
"2335","15","3","STAN","STEPHENS","standard","simple","lower","-74.6585278470711"
"2336","16","3","STAN","STEPHENS","standard","simple","lower","-74.6109540959235"
"2337","17","3","STAN","STEPHENS","standard","simple","lower","-74.614696944979"
"2338","18","3","STAN","STEPHENS","standard","simple","lower","-74.4043484970061"
"2339","19","3","STAN","STEPHENS","standard","simple","lower","-74.9724504431215"
"2340","20","3","STAN","STEPHENS","standard","simple","lower","-74.4782025955385"
"2341","1","4","STAN","STEPHENS","standard","simple","lower","-74.8605627358756"
"2342","2","4","STAN","STEPHENS","standard","simple","lower","-75.2689622126726"
"2343","3","4","STAN","STEPHENS","standard","simple","lower","-75.0516298191687"
"2344","4","4","STAN","STEPHENS","standard","simple","lower","-74.2664179470235"
"2345","5","4","STAN","STEPHENS","standard","simple","lower","-75.6423347242229"
"2346","6","4","STAN","STEPHENS","standard","simple","lower","-74.6713449153228"
"2347","7","4","STAN","STEPHENS","standard","simple","lower","-75.0834588980991"
"2348","8","4","STAN","STEPHENS","standard","simple","lower","-75.7824029202972"
"2349","9","4","STAN","STEPHENS","standard","simple","lower","-75.5306157243903"
"2350","10","4","STAN","STEPHENS","standard","simple","lower","-73.9865826999489"
"2351","11","4","STAN","STEPHENS","standard","simple","lower","-76.384284109425"
"2352","12","4","STAN","STEPHENS","standard","simple","lower","-74.4868772203301"
"2353","13","4","STAN","STEPHENS","standard","simple","lower","-74.9141382586286"
"2354","14","4","STAN","STEPHENS","standard","simple","lower","-73.7486748426712"
"2355","15","4","STAN","STEPHENS","standard","simple","lower","-74.8136080653228"
"2356","16","4","STAN","STEPHENS","standard","simple","lower","-74.5717461150786"
"2357","17","4","STAN","STEPHENS","standard","simple","lower","-74.8340758439794"
"2358","18","4","STAN","STEPHENS","standard","simple","lower","-75.2281437545516"
"2359","19","4","STAN","STEPHENS","standard","simple","lower","-75.3827426369285"
"2360","20","4","STAN","STEPHENS","standard","simple","lower","-75.8878184041431"
"2361","1","5","STAN","STEPHENS","standard","simple","lower","-75.4946411347441"
"2362","2","5","STAN","STEPHENS","standard","simple","lower","-75.3910579567443"
"2363","3","5","STAN","STEPHENS","standard","simple","lower","-75.1493854327481"
"2364","4","5","STAN","STEPHENS","standard","simple","lower","-75.3876144992304"
"2365","5","5","STAN","STEPHENS","standard","simple","lower","-75.4688896976809"
"2366","6","5","STAN","STEPHENS","standard","simple","lower","-74.747322917929"
"2367","7","5","STAN","STEPHENS","standard","simple","lower","-75.0877903598795"
"2368","8","5","STAN","STEPHENS","standard","simple","lower","-74.0109585712679"
"2369","9","5","STAN","STEPHENS","standard","simple","lower","-74.99618400165"
"2370","10","5","STAN","STEPHENS","standard","simple","lower","-74.550290755345"
"2371","11","5","STAN","STEPHENS","standard","simple","lower","-74.8112803931467"
"2372","12","5","STAN","STEPHENS","standard","simple","lower","-75.1837974998033"
"2373","13","5","STAN","STEPHENS","standard","simple","lower","-75.207839354323"
"2374","14","5","STAN","STEPHENS","standard","simple","lower","-74.6436405485613"
"2375","15","5","STAN","STEPHENS","standard","simple","lower","-74.8231334541281"
"2376","16","5","STAN","STEPHENS","standard","simple","lower","-73.9751091142886"
"2377","17","5","STAN","STEPHENS","standard","simple","lower","-75.1951823698153"
"2378","18","5","STAN","STEPHENS","standard","simple","lower","-74.8759029262244"
"2379","19","5","STAN","STEPHENS","standard","simple","lower","-74.8828798353188"
"2380","20","5","STAN","STEPHENS","standard","simple","lower","-75.3119827106086"
"2381","1","6","STAN","STEPHENS","standard","simple","lower","-75.7413569096051"
"2382","2","6","STAN","STEPHENS","standard","simple","lower","-74.8321820895664"
"2383","3","6","STAN","STEPHENS","standard","simple","lower","-74.37284949833"
"2384","4","6","STAN","STEPHENS","standard","simple","lower","-75.7616311391696"
"2385","5","6","STAN","STEPHENS","standard","simple","lower","-76.0247227137668"
"2386","6","6","STAN","STEPHENS","standard","simple","lower","-76.0630883646086"
"2387","7","6","STAN","STEPHENS","standard","simple","lower","-76.5630001133366"
"2388","8","6","STAN","STEPHENS","standard","simple","lower","-75.5592656814425"
"2389","9","6","STAN","STEPHENS","standard","simple","lower","-75.1761889980865"
"2390","10","6","STAN","STEPHENS","standard","simple","lower","-74.0943112711757"
"2391","11","6","STAN","STEPHENS","standard","simple","lower","-76.2593602650742"
"2392","12","6","STAN","STEPHENS","standard","simple","lower","-75.1103430254035"
"2393","13","6","STAN","STEPHENS","standard","simple","lower","-75.8732836029249"
"2394","14","6","STAN","STEPHENS","standard","simple","lower","-75.7456661061069"
"2395","15","6","STAN","STEPHENS","standard","simple","lower","-75.5970996678577"
"2396","16","6","STAN","STEPHENS","standard","simple","lower","-74.1261886453033"
"2397","17","6","STAN","STEPHENS","standard","simple","lower","-76.110417207228"
"2398","18","6","STAN","STEPHENS","standard","simple","lower","-76.053706620203"
"2399","19","6","STAN","STEPHENS","standard","simple","lower","-76.4024155704524"
"2400","20","6","STAN","STEPHENS","standard","simple","lower","-75.6456806076618"
"2401","1","2","JAGS","ECR","standard","permutations","logcor","-0.844435294773727"
"2402","2","2","JAGS","ECR","standard","permutations","logcor","-0.828279854551442"
"2403","3","2","JAGS","ECR","standard","permutations","logcor","-0.82690717073947"
"2404","4","2","JAGS","ECR","standard","permutations","logcor","-0.802292627820743"
"2405","5","2","JAGS","ECR","standard","permutations","logcor","-0.78614004740911"
"2406","6","2","JAGS","ECR","standard","permutations","logcor","-0.841415197229048"
"2407","7","2","JAGS","ECR","standard","permutations","logcor","-0.817803785159501"
"2408","8","2","JAGS","ECR","standard","permutations","logcor","-0.831030887923332"
"2409","9","2","JAGS","ECR","standard","permutations","logcor","-0.837941765463179"
"2410","10","2","JAGS","ECR","standard","permutations","logcor","-0.854490330968708"
"2411","11","2","JAGS","ECR","standard","permutations","logcor","-0.828279854551442"
"2412","12","2","JAGS","ECR","standard","permutations","logcor","-0.796953349285535"
"2413","13","2","JAGS","ECR","standard","permutations","logcor","-0.85003493609709"
"2414","14","2","JAGS","ECR","standard","permutations","logcor","-0.787238103959541"
"2415","15","2","JAGS","ECR","standard","permutations","logcor","-0.878032019757065"
"2416","16","2","JAGS","ECR","standard","permutations","logcor","-0.794737036321579"
"2417","17","2","JAGS","ECR","standard","permutations","logcor","-0.83586348276154"
"2418","18","2","JAGS","ECR","standard","permutations","logcor","-0.824395467169899"
"2419","19","2","JAGS","ECR","standard","permutations","logcor","-0.844435294773727"
"2420","20","2","JAGS","ECR","standard","permutations","logcor","-0.841647188878389"
"2421","1","3","JAGS","ECR","standard","permutations","logcor","-2.63805782928218"
"2422","2","3","JAGS","ECR","standard","permutations","logcor","-4.01184334071036"
"2423","3","3","JAGS","ECR","standard","permutations","logcor","-4.89285225843987"
"2424","4","3","JAGS","ECR","standard","permutations","logcor","-3.06615473785054"
"2425","5","3","JAGS","ECR","standard","permutations","logcor","-4.16691525505694"
"2426","6","3","JAGS","ECR","standard","permutations","logcor","-3.16533505794017"
"2427","7","3","JAGS","ECR","standard","permutations","logcor","-3.9633162998157"
"2428","8","3","JAGS","ECR","standard","permutations","logcor","-3.46094738606793"
"2429","9","3","JAGS","ECR","standard","permutations","logcor","-3.083471187862"
"2430","10","3","JAGS","ECR","standard","permutations","logcor","-3.23145460707506"
"2431","11","3","JAGS","ECR","standard","permutations","logcor","-3.8076629901039"
"2432","12","3","JAGS","ECR","standard","permutations","logcor","-3.77226106305299"
"2433","13","3","JAGS","ECR","standard","permutations","logcor","-3.88733039283777"
"2434","14","3","JAGS","ECR","standard","permutations","logcor","-5.27851473925186"
"2435","15","3","JAGS","ECR","standard","permutations","logcor","-4.51899248974704"
"2436","16","3","JAGS","ECR","standard","permutations","logcor","-3.73806969830471"
"2437","17","3","JAGS","ECR","standard","permutations","logcor","-3.61935339146533"
"2438","18","3","JAGS","ECR","standard","permutations","logcor","-3.91202300542815"
"2439","19","3","JAGS","ECR","standard","permutations","logcor","-4.55638002181866"
"2440","20","3","JAGS","ECR","standard","permutations","logcor","-3.28608457456165"
"2441","1","4","JAGS","ECR","standard","permutations","logcor","-8.11172808330807"
"2442","2","4","JAGS","ECR","standard","permutations","logcor","-7.82404601085629"
"2443","3","4","JAGS","ECR","standard","permutations","logcor","-8.11172808330807"
"2444","4","4","JAGS","ECR","standard","permutations","logcor","-8.11172808330807"
"2445","5","4","JAGS","ECR","standard","permutations","logcor","-8.51719319141624"
"2446","6","4","JAGS","ECR","standard","permutations","logcor","-8.51719319141624"
"2447","7","4","JAGS","ECR","standard","permutations","logcor","-7.82404601085629"
"2448","8","4","JAGS","ECR","standard","permutations","logcor","-8.51719319141624"
"2449","9","4","JAGS","ECR","standard","permutations","logcor","-8.11172808330807"
"2450","10","4","JAGS","ECR","standard","permutations","logcor","-6.31996861408002"
"2451","11","4","JAGS","ECR","standard","permutations","logcor","-7.26443022292087"
"2452","12","4","JAGS","ECR","standard","permutations","logcor","-8.51719319141624"
"2453","13","4","JAGS","ECR","standard","permutations","logcor","-7.82404601085629"
"2454","14","4","JAGS","ECR","standard","permutations","logcor","-8.11172808330807"
"2455","15","4","JAGS","ECR","standard","permutations","logcor","-7.13089883029635"
"2456","16","4","JAGS","ECR","standard","permutations","logcor","-7.82404601085629"
"2457","17","4","JAGS","ECR","standard","permutations","logcor","-8.51719319141624"
"2458","18","4","JAGS","ECR","standard","permutations","logcor","-8.51719319141624"
"2459","19","4","JAGS","ECR","standard","permutations","logcor","-7.82404601085629"
"2460","20","4","JAGS","ECR","standard","permutations","logcor","-7.82404601085629"
"2461","1","5","JAGS","ECR","standard","permutations","logcor","-5.47267075369281"
"2462","2","5","JAGS","ECR","standard","permutations","logcor","-8.51719319141624"
"2463","3","5","JAGS","ECR","standard","permutations","logcor","-9.21034037197618"
"2464","4","5","JAGS","ECR","standard","permutations","logcor","-5.36019277026612"
"2465","5","5","JAGS","ECR","standard","permutations","logcor","-5.29831736654804"
"2466","6","5","JAGS","ECR","standard","permutations","logcor","-3.82584530918709"
"2467","7","5","JAGS","ECR","standard","permutations","logcor","-4.43965574751052"
"2468","8","5","JAGS","ECR","standard","permutations","logcor","-8.51719319141624"
"2469","9","5","JAGS","ECR","standard","permutations","logcor","-8.51719319141624"
"2470","10","5","JAGS","ECR","standard","permutations","logcor","-9.21034037197618"
"2471","11","5","JAGS","ECR","standard","permutations","logcor","-9.21034037197618"
"2472","12","5","JAGS","ECR","standard","permutations","logcor","-5.25909665339476"
"2473","13","5","JAGS","ECR","standard","permutations","logcor","-4.50986000618377"
"2474","14","5","JAGS","ECR","standard","permutations","logcor","-5.74460446917646"
"2475","15","5","JAGS","ECR","standard","permutations","logcor","-9.21034037197618"
"2476","16","5","JAGS","ECR","standard","permutations","logcor","-4.15409456662788"
"2477","17","5","JAGS","ECR","standard","permutations","logcor","-5.31852007386556"
"2478","18","5","JAGS","ECR","standard","permutations","logcor","-4.99083266680008"
"2479","19","5","JAGS","ECR","standard","permutations","logcor","-3.86800612001137"
"2480","20","5","JAGS","ECR","standard","permutations","logcor","-3.71727892863563"
"2481","1","6","JAGS","ECR","standard","permutations","logcor","-4.75599307572268"
"2482","2","6","JAGS","ECR","standard","permutations","logcor","-5.06720564558465"
"2483","3","6","JAGS","ECR","standard","permutations","logcor","-3.71317214668298"
"2484","4","6","JAGS","ECR","standard","permutations","logcor","-9.21034037197618"
"2485","5","6","JAGS","ECR","standard","permutations","logcor","-9.21034037197618"
"2486","6","6","JAGS","ECR","standard","permutations","logcor","-5.91450350597185"
"2487","7","6","JAGS","ECR","standard","permutations","logcor","-4.24749574171628"
"2488","8","6","JAGS","ECR","standard","permutations","logcor","-5.7138328105097"
"2489","9","6","JAGS","ECR","standard","permutations","logcor","-5.68397984736002"
"2490","10","6","JAGS","ECR","standard","permutations","logcor","-5.36019277026612"
"2491","11","6","JAGS","ECR","standard","permutations","logcor","-5.74460446917646"
"2492","12","6","JAGS","ECR","standard","permutations","logcor","-5.27851473925186"
"2493","13","6","JAGS","ECR","standard","permutations","logcor","-5.44914025628262"
"2494","14","6","JAGS","ECR","standard","permutations","logcor","-4.97623386737892"
"2495","15","6","JAGS","ECR","standard","permutations","logcor","-9.21034037197618"
"2496","16","6","JAGS","ECR","standard","permutations","logcor","-5.7138328105097"
"2497","17","6","JAGS","ECR","standard","permutations","logcor","-5.91450350597185"
"2498","18","6","JAGS","ECR","standard","permutations","logcor","-9.21034037197618"
"2499","19","6","JAGS","ECR","standard","permutations","logcor","-9.21034037197618"
"2500","20","6","JAGS","ECR","standard","permutations","logcor","-5.54677872584654"
"2501","1","2","STAN","ECR","standard","permutations","logcor",NA
"2502","2","2","STAN","ECR","standard","permutations","logcor",NA
"2503","3","2","STAN","ECR","standard","permutations","logcor",NA
"2504","4","2","STAN","ECR","standard","permutations","logcor",NA
"2505","5","2","STAN","ECR","standard","permutations","logcor",NA
"2506","6","2","STAN","ECR","standard","permutations","logcor",NA
"2507","7","2","STAN","ECR","standard","permutations","logcor",NA
"2508","8","2","STAN","ECR","standard","permutations","logcor",NA
"2509","9","2","STAN","ECR","standard","permutations","logcor",NA
"2510","10","2","STAN","ECR","standard","permutations","logcor",NA
"2511","11","2","STAN","ECR","standard","permutations","logcor",NA
"2512","12","2","STAN","ECR","standard","permutations","logcor",NA
"2513","13","2","STAN","ECR","standard","permutations","logcor",NA
"2514","14","2","STAN","ECR","standard","permutations","logcor",NA
"2515","15","2","STAN","ECR","standard","permutations","logcor",NA
"2516","16","2","STAN","ECR","standard","permutations","logcor",NA
"2517","17","2","STAN","ECR","standard","permutations","logcor",NA
"2518","18","2","STAN","ECR","standard","permutations","logcor",NA
"2519","19","2","STAN","ECR","standard","permutations","logcor",NA
"2520","20","2","STAN","ECR","standard","permutations","logcor",NA
"2521","1","3","STAN","ECR","standard","permutations","logcor",NA
"2522","2","3","STAN","ECR","standard","permutations","logcor",NA
"2523","3","3","STAN","ECR","standard","permutations","logcor",NA
"2524","4","3","STAN","ECR","standard","permutations","logcor",NA
"2525","5","3","STAN","ECR","standard","permutations","logcor",NA
"2526","6","3","STAN","ECR","standard","permutations","logcor",NA
"2527","7","3","STAN","ECR","standard","permutations","logcor",NA
"2528","8","3","STAN","ECR","standard","permutations","logcor",NA
"2529","9","3","STAN","ECR","standard","permutations","logcor",NA
"2530","10","3","STAN","ECR","standard","permutations","logcor",NA
"2531","11","3","STAN","ECR","standard","permutations","logcor",NA
"2532","12","3","STAN","ECR","standard","permutations","logcor",NA
"2533","13","3","STAN","ECR","standard","permutations","logcor",NA
"2534","14","3","STAN","ECR","standard","permutations","logcor",NA
"2535","15","3","STAN","ECR","standard","permutations","logcor",NA
"2536","16","3","STAN","ECR","standard","permutations","logcor",NA
"2537","17","3","STAN","ECR","standard","permutations","logcor",NA
"2538","18","3","STAN","ECR","standard","permutations","logcor",NA
"2539","19","3","STAN","ECR","standard","permutations","logcor",NA
"2540","20","3","STAN","ECR","standard","permutations","logcor",NA
"2541","1","4","STAN","ECR","standard","permutations","logcor",NA
"2542","2","4","STAN","ECR","standard","permutations","logcor",NA
"2543","3","4","STAN","ECR","standard","permutations","logcor",NA
"2544","4","4","STAN","ECR","standard","permutations","logcor",NA
"2545","5","4","STAN","ECR","standard","permutations","logcor",NA
"2546","6","4","STAN","ECR","standard","permutations","logcor",NA
"2547","7","4","STAN","ECR","standard","permutations","logcor",NA
"2548","8","4","STAN","ECR","standard","permutations","logcor",NA
"2549","9","4","STAN","ECR","standard","permutations","logcor",NA
"2550","10","4","STAN","ECR","standard","permutations","logcor",NA
"2551","11","4","STAN","ECR","standard","permutations","logcor",NA
"2552","12","4","STAN","ECR","standard","permutations","logcor",NA
"2553","13","4","STAN","ECR","standard","permutations","logcor",NA
"2554","14","4","STAN","ECR","standard","permutations","logcor",NA
"2555","15","4","STAN","ECR","standard","permutations","logcor",NA
"2556","16","4","STAN","ECR","standard","permutations","logcor",NA
"2557","17","4","STAN","ECR","standard","permutations","logcor",NA
"2558","18","4","STAN","ECR","standard","permutations","logcor",NA
"2559","19","4","STAN","ECR","standard","permutations","logcor",NA
"2560","20","4","STAN","ECR","standard","permutations","logcor",NA
"2561","1","5","STAN","ECR","standard","permutations","logcor",NA
"2562","2","5","STAN","ECR","standard","permutations","logcor",NA
"2563","3","5","STAN","ECR","standard","permutations","logcor",NA
"2564","4","5","STAN","ECR","standard","permutations","logcor",NA
"2565","5","5","STAN","ECR","standard","permutations","logcor",NA
"2566","6","5","STAN","ECR","standard","permutations","logcor",NA
"2567","7","5","STAN","ECR","standard","permutations","logcor",NA
"2568","8","5","STAN","ECR","standard","permutations","logcor",NA
"2569","9","5","STAN","ECR","standard","permutations","logcor",NA
"2570","10","5","STAN","ECR","standard","permutations","logcor",NA
"2571","11","5","STAN","ECR","standard","permutations","logcor",NA
"2572","12","5","STAN","ECR","standard","permutations","logcor",NA
"2573","13","5","STAN","ECR","standard","permutations","logcor",NA
"2574","14","5","STAN","ECR","standard","permutations","logcor",NA
"2575","15","5","STAN","ECR","standard","permutations","logcor",NA
"2576","16","5","STAN","ECR","standard","permutations","logcor",NA
"2577","17","5","STAN","ECR","standard","permutations","logcor",NA
"2578","18","5","STAN","ECR","standard","permutations","logcor",NA
"2579","19","5","STAN","ECR","standard","permutations","logcor",NA
"2580","20","5","STAN","ECR","standard","permutations","logcor",NA
"2581","1","6","STAN","ECR","standard","permutations","logcor",NA
"2582","2","6","STAN","ECR","standard","permutations","logcor",NA
"2583","3","6","STAN","ECR","standard","permutations","logcor",NA
"2584","4","6","STAN","ECR","standard","permutations","logcor",NA
"2585","5","6","STAN","ECR","standard","permutations","logcor",NA
"2586","6","6","STAN","ECR","standard","permutations","logcor",NA
"2587","7","6","STAN","ECR","standard","permutations","logcor",NA
"2588","8","6","STAN","ECR","standard","permutations","logcor",NA
"2589","9","6","STAN","ECR","standard","permutations","logcor",NA
"2590","10","6","STAN","ECR","standard","permutations","logcor",NA
"2591","11","6","STAN","ECR","standard","permutations","logcor",NA
"2592","12","6","STAN","ECR","standard","permutations","logcor",NA
"2593","13","6","STAN","ECR","standard","permutations","logcor",NA
"2594","14","6","STAN","ECR","standard","permutations","logcor",NA
"2595","15","6","STAN","ECR","standard","permutations","logcor",NA
"2596","16","6","STAN","ECR","standard","permutations","logcor",NA
"2597","17","6","STAN","ECR","standard","permutations","logcor",NA
"2598","18","6","STAN","ECR","standard","permutations","logcor",NA
"2599","19","6","STAN","ECR","standard","permutations","logcor",NA
"2600","20","6","STAN","ECR","standard","permutations","logcor",NA
"2601","1","2","JAGS","STEPHENS","standard","permutations","logcor","-0.844435294773727"
"2602","2","2","JAGS","STEPHENS","standard","permutations","logcor","-0.828279854551442"
"2603","3","2","JAGS","STEPHENS","standard","permutations","logcor","-0.82690717073947"
"2604","4","2","JAGS","STEPHENS","standard","permutations","logcor","-0.802292627820743"
"2605","5","2","JAGS","STEPHENS","standard","permutations","logcor","-0.78614004740911"
"2606","6","2","JAGS","STEPHENS","standard","permutations","logcor","-0.841415197229048"
"2607","7","2","JAGS","STEPHENS","standard","permutations","logcor","-0.817803785159501"
"2608","8","2","JAGS","STEPHENS","standard","permutations","logcor","-0.831030887923332"
"2609","9","2","JAGS","STEPHENS","standard","permutations","logcor","-0.837941765463179"
"2610","10","2","JAGS","STEPHENS","standard","permutations","logcor","-0.854490330968708"
"2611","11","2","JAGS","STEPHENS","standard","permutations","logcor","-0.828279854551442"
"2612","12","2","JAGS","STEPHENS","standard","permutations","logcor","-0.796953349285535"
"2613","13","2","JAGS","STEPHENS","standard","permutations","logcor","-0.85003493609709"
"2614","14","2","JAGS","STEPHENS","standard","permutations","logcor","-0.787238103959541"
"2615","15","2","JAGS","STEPHENS","standard","permutations","logcor","-0.878032019757065"
"2616","16","2","JAGS","STEPHENS","standard","permutations","logcor","-0.794737036321579"
"2617","17","2","JAGS","STEPHENS","standard","permutations","logcor","-0.83586348276154"
"2618","18","2","JAGS","STEPHENS","standard","permutations","logcor","-0.824395467169899"
"2619","19","2","JAGS","STEPHENS","standard","permutations","logcor","-0.844435294773727"
"2620","20","2","JAGS","STEPHENS","standard","permutations","logcor","-0.841647188878389"
"2621","1","3","JAGS","STEPHENS","standard","permutations","logcor","-3.41732676359204"
"2622","2","3","JAGS","STEPHENS","standard","permutations","logcor","-3.77226106305299"
"2623","3","3","JAGS","STEPHENS","standard","permutations","logcor","-4.64599218050835"
"2624","4","3","JAGS","STEPHENS","standard","permutations","logcor","-1.8578992717326"
"2625","5","3","JAGS","STEPHENS","standard","permutations","logcor","-3.1629681929299"
"2626","6","3","JAGS","STEPHENS","standard","permutations","logcor","-1.92346396022548"
"2627","7","3","JAGS","STEPHENS","standard","permutations","logcor","-3.61935339146533"
"2628","8","3","JAGS","STEPHENS","standard","permutations","logcor","-3.73806969830471"
"2629","9","3","JAGS","STEPHENS","standard","permutations","logcor","-2.86821895325503"
"2630","10","3","JAGS","STEPHENS","standard","permutations","logcor","-1.85023639898703"
"2631","11","3","JAGS","STEPHENS","standard","permutations","logcor","-1.98704469241387"
"2632","12","3","JAGS","STEPHENS","standard","permutations","logcor","-3.42038020107893"
"2633","13","3","JAGS","STEPHENS","standard","permutations","logcor","-2.18302585793641"
"2634","14","3","JAGS","STEPHENS","standard","permutations","logcor","-5.47267075369281"
"2635","15","3","JAGS","STEPHENS","standard","permutations","logcor","-4.44816643717843"
"2636","16","3","JAGS","STEPHENS","standard","permutations","logcor","-2.00693485089309"
"2637","17","3","JAGS","STEPHENS","standard","permutations","logcor","-2.3870542496205"
"2638","18","3","JAGS","STEPHENS","standard","permutations","logcor","-3.75075485783202"
"2639","19","3","JAGS","STEPHENS","standard","permutations","logcor","-4.49184150068109"
"2640","20","3","JAGS","STEPHENS","standard","permutations","logcor","-3.5098967985855"
"2641","1","4","JAGS","STEPHENS","standard","permutations","logcor","-7.82404601085629"
"2642","2","4","JAGS","STEPHENS","standard","permutations","logcor","-9.21034037197618"
"2643","3","4","JAGS","STEPHENS","standard","permutations","logcor","-7.26443022292087"
"2644","4","4","JAGS","STEPHENS","standard","permutations","logcor","-9.21034037197618"
"2645","5","4","JAGS","STEPHENS","standard","permutations","logcor","-7.26443022292087"
"2646","6","4","JAGS","STEPHENS","standard","permutations","logcor","-8.51719319141624"
"2647","7","4","JAGS","STEPHENS","standard","permutations","logcor","-9.21034037197618"
"2648","8","4","JAGS","STEPHENS","standard","permutations","logcor","-7.60090245954208"
"2649","9","4","JAGS","STEPHENS","standard","permutations","logcor","-8.51719319141624"
"2650","10","4","JAGS","STEPHENS","standard","permutations","logcor","-5.62682143352007"
"2651","11","4","JAGS","STEPHENS","standard","permutations","logcor","-6.07484615604703"
"2652","12","4","JAGS","STEPHENS","standard","permutations","logcor","-8.51719319141624"
"2653","13","4","JAGS","STEPHENS","standard","permutations","logcor","-7.01311579463996"
"2654","14","4","JAGS","STEPHENS","standard","permutations","logcor","-6.50229017087397"
"2655","15","4","JAGS","STEPHENS","standard","permutations","logcor","-7.41858090274813"
"2656","16","4","JAGS","STEPHENS","standard","permutations","logcor","-7.13089883029635"
"2657","17","4","JAGS","STEPHENS","standard","permutations","logcor","-7.13089883029635"
"2658","18","4","JAGS","STEPHENS","standard","permutations","logcor","-7.60090245954208"
"2659","19","4","JAGS","STEPHENS","standard","permutations","logcor","-9.21034037197618"
"2660","20","4","JAGS","STEPHENS","standard","permutations","logcor","-7.01311579463996"
"2661","1","5","JAGS","STEPHENS","standard","permutations","logcor","-5.11599580975408"
"2662","2","5","JAGS","STEPHENS","standard","permutations","logcor","-8.11172808330807"
"2663","3","5","JAGS","STEPHENS","standard","permutations","logcor","-4.99083266680008"
"2664","4","5","JAGS","STEPHENS","standard","permutations","logcor","-8.51719319141624"
"2665","5","5","JAGS","STEPHENS","standard","permutations","logcor","-9.21034037197618"
"2666","6","5","JAGS","STEPHENS","standard","permutations","logcor","-9.21034037197618"
"2667","7","5","JAGS","STEPHENS","standard","permutations","logcor","-9.21034037197618"
"2668","8","5","JAGS","STEPHENS","standard","permutations","logcor","-4.7444322533216"
"2669","9","5","JAGS","STEPHENS","standard","permutations","logcor","-9.21034037197618"
"2670","10","5","JAGS","STEPHENS","standard","permutations","logcor","-4.24052707240018"
"2671","11","5","JAGS","STEPHENS","standard","permutations","logcor","-3.83044301843572"
"2672","12","5","JAGS","STEPHENS","standard","permutations","logcor","-4.60517018598809"
"2673","13","5","JAGS","STEPHENS","standard","permutations","logcor","-9.21034037197618"
"2674","14","5","JAGS","STEPHENS","standard","permutations","logcor","-9.21034037197618"
"2675","15","5","JAGS","STEPHENS","standard","permutations","logcor","-3.72970144863419"
"2676","16","5","JAGS","STEPHENS","standard","permutations","logcor","-9.21034037197618"
"2677","17","5","JAGS","STEPHENS","standard","permutations","logcor","-9.21034037197618"
"2678","18","5","JAGS","STEPHENS","standard","permutations","logcor","-5.00564775258522"
"2679","19","5","JAGS","STEPHENS","standard","permutations","logcor","-8.51719319141624"
"2680","20","5","JAGS","STEPHENS","standard","permutations","logcor","-9.21034037197618"
"2681","1","6","JAGS","STEPHENS","standard","permutations","logcor","-4.11659017116942"
"2682","2","6","JAGS","STEPHENS","standard","permutations","logcor","-4.87960703168985"
"2683","3","6","JAGS","STEPHENS","standard","permutations","logcor","-9.21034037197618"
"2684","4","6","JAGS","STEPHENS","standard","permutations","logcor","-9.21034037197618"
"2685","5","6","JAGS","STEPHENS","standard","permutations","logcor","-4.3740584650247"
"2686","6","6","JAGS","STEPHENS","standard","permutations","logcor","-4.58536755869191"
"2687","7","6","JAGS","STEPHENS","standard","permutations","logcor","-3.95806694392955"
"2688","8","6","JAGS","STEPHENS","standard","permutations","logcor","-5.14989736142976"
"2689","9","6","JAGS","STEPHENS","standard","permutations","logcor","-5.24004845842406"
"2690","10","6","JAGS","STEPHENS","standard","permutations","logcor","-4.94766049493487"
"2691","11","6","JAGS","STEPHENS","standard","permutations","logcor","-5.08320598693109"
"2692","12","6","JAGS","STEPHENS","standard","permutations","logcor","-5.03595310208055"
"2693","13","6","JAGS","STEPHENS","standard","permutations","logcor","-4.91988093082779"
"2694","14","6","JAGS","STEPHENS","standard","permutations","logcor","-4.11047394415198"
"2695","15","6","JAGS","STEPHENS","standard","permutations","logcor","-4.66704558970618"
"2696","16","6","JAGS","STEPHENS","standard","permutations","logcor","-9.21034037197618"
"2697","17","6","JAGS","STEPHENS","standard","permutations","logcor","-5.77635316749104"
"2698","18","6","JAGS","STEPHENS","standard","permutations","logcor","-4.38202663467388"
"2699","19","6","JAGS","STEPHENS","standard","permutations","logcor","-4.40631932724293"
"2700","20","6","JAGS","STEPHENS","standard","permutations","logcor","-4.91988093082779"
"2701","1","2","STAN","STEPHENS","standard","permutations","logcor","-0.787018396170016"
"2702","2","2","STAN","STEPHENS","standard","permutations","logcor","-0.821890056452671"
"2703","3","2","STAN","STEPHENS","standard","permutations","logcor","-0.789437840878232"
"2704","4","2","STAN","STEPHENS","standard","permutations","logcor","-0.837017550979647"
"2705","5","2","STAN","STEPHENS","standard","permutations","logcor","-0.809905741170141"
"2706","6","2","STAN","STEPHENS","standard","permutations","logcor","-0.846997905378206"
"2707","7","2","STAN","STEPHENS","standard","permutations","logcor","-0.81148036752181"
"2708","8","2","STAN","STEPHENS","standard","permutations","logcor","-0.824851671557373"
"2709","9","2","STAN","STEPHENS","standard","permutations","logcor","-0.807436326962073"
"2710","10","2","STAN","STEPHENS","standard","permutations","logcor","-0.860856024986055"
"2711","11","2","STAN","STEPHENS","standard","permutations","logcor","-0.823028101414465"
"2712","12","2","STAN","STEPHENS","standard","permutations","logcor","-0.80273885719004"
"2713","13","2","STAN","STEPHENS","standard","permutations","logcor","-0.815314814534153"
"2714","14","2","STAN","STEPHENS","standard","permutations","logcor","-0.822800388786816"
"2715","15","2","STAN","STEPHENS","standard","permutations","logcor","-0.819164021143432"
"2716","16","2","STAN","STEPHENS","standard","permutations","logcor","-0.825079851820771"
"2717","17","2","STAN","STEPHENS","standard","permutations","logcor","-0.825079851820771"
"2718","18","2","STAN","STEPHENS","standard","permutations","logcor","-0.845366393537456"
"2719","19","2","STAN","STEPHENS","standard","permutations","logcor","-0.806987996983705"
"2720","20","2","STAN","STEPHENS","standard","permutations","logcor","-0.82690717073947"
"2721","1","3","STAN","STEPHENS","standard","permutations","logcor","-2.71055333132033"
"2722","2","3","STAN","STEPHENS","standard","permutations","logcor","-3.33540964112415"
"2723","3","3","STAN","STEPHENS","standard","permutations","logcor","-5.49676830527187"
"2724","4","3","STAN","STEPHENS","standard","permutations","logcor","-3.15825120305177"
"2725","5","3","STAN","STEPHENS","standard","permutations","logcor","-3.19907319757202"
"2726","6","3","STAN","STEPHENS","standard","permutations","logcor","-4.73300355749798"
"2727","7","3","STAN","STEPHENS","standard","permutations","logcor","-3.93734081341244"
"2728","8","3","STAN","STEPHENS","standard","permutations","logcor","-2.20364514513914"
"2729","9","3","STAN","STEPHENS","standard","permutations","logcor","-2.29560947925762"
"2730","10","3","STAN","STEPHENS","standard","permutations","logcor","-2.11279152136139"
"2731","11","3","STAN","STEPHENS","standard","permutations","logcor","-2.70605219843954"
"2732","12","3","STAN","STEPHENS","standard","permutations","logcor","-2.41128450991739"
"2733","13","3","STAN","STEPHENS","standard","permutations","logcor","-3.06401111430729"
"2734","14","3","STAN","STEPHENS","standard","permutations","logcor","-2.981829368385"
"2735","15","3","STAN","STEPHENS","standard","permutations","logcor","-2.2182439445603"
"2736","16","3","STAN","STEPHENS","standard","permutations","logcor","-2.5757070141145"
"2737","17","3","STAN","STEPHENS","standard","permutations","logcor","-2.56785357060893"
"2738","18","3","STAN","STEPHENS","standard","permutations","logcor","-2.52572864430826"
"2739","19","3","STAN","STEPHENS","standard","permutations","logcor","-2.92062480106719"
"2740","20","3","STAN","STEPHENS","standard","permutations","logcor","-3.18447439815087"
"2741","1","4","STAN","STEPHENS","standard","permutations","logcor","-7.26443022292087"
"2742","2","4","STAN","STEPHENS","standard","permutations","logcor","-8.51719319141624"
"2743","3","4","STAN","STEPHENS","standard","permutations","logcor","-7.82404601085629"
"2744","4","4","STAN","STEPHENS","standard","permutations","logcor","-7.60090245954208"
"2745","5","4","STAN","STEPHENS","standard","permutations","logcor","-7.60090245954208"
"2746","6","4","STAN","STEPHENS","standard","permutations","logcor","-7.26443022292087"
"2747","7","4","STAN","STEPHENS","standard","permutations","logcor","-7.41858090274813"
"2748","8","4","STAN","STEPHENS","standard","permutations","logcor","-7.82404601085629"
"2749","9","4","STAN","STEPHENS","standard","permutations","logcor","-8.51719319141624"
"2750","10","4","STAN","STEPHENS","standard","permutations","logcor","-7.26443022292087"
"2751","11","4","STAN","STEPHENS","standard","permutations","logcor","-9.21034037197618"
"2752","12","4","STAN","STEPHENS","standard","permutations","logcor","-8.11172808330807"
"2753","13","4","STAN","STEPHENS","standard","permutations","logcor","-7.60090245954208"
"2754","14","4","STAN","STEPHENS","standard","permutations","logcor","-6.81244509917781"
"2755","15","4","STAN","STEPHENS","standard","permutations","logcor","-7.13089883029635"
"2756","16","4","STAN","STEPHENS","standard","permutations","logcor","-7.60090245954208"
"2757","17","4","STAN","STEPHENS","standard","permutations","logcor","-7.13089883029635"
"2758","18","4","STAN","STEPHENS","standard","permutations","logcor","-7.60090245954208"
"2759","19","4","STAN","STEPHENS","standard","permutations","logcor","-7.60090245954208"
"2760","20","4","STAN","STEPHENS","standard","permutations","logcor","-9.21034037197618"
"2761","1","5","STAN","STEPHENS","standard","permutations","logcor","-4.87960703168985"
"2762","2","5","STAN","STEPHENS","standard","permutations","logcor","-4.6356293934728"
"2763","3","5","STAN","STEPHENS","standard","permutations","logcor","-4.55638002181866"
"2764","4","5","STAN","STEPHENS","standard","permutations","logcor","-4.48295255326384"
"2765","5","5","STAN","STEPHENS","standard","permutations","logcor","-4.65646348037564"
"2766","6","5","STAN","STEPHENS","standard","permutations","logcor","-4.64599218050835"
"2767","7","5","STAN","STEPHENS","standard","permutations","logcor","-4.67774087882293"
"2768","8","5","STAN","STEPHENS","standard","permutations","logcor","-8.51719319141624"
"2769","9","5","STAN","STEPHENS","standard","permutations","logcor","-4.24749574171628"
"2770","10","5","STAN","STEPHENS","standard","permutations","logcor","-4.47414192358169"
"2771","11","5","STAN","STEPHENS","standard","permutations","logcor","-9.21034037197618"
"2772","12","5","STAN","STEPHENS","standard","permutations","logcor","-4.93367425296013"
"2773","13","5","STAN","STEPHENS","standard","permutations","logcor","-9.21034037197618"
"2774","14","5","STAN","STEPHENS","standard","permutations","logcor","-9.21034037197618"
"2775","15","5","STAN","STEPHENS","standard","permutations","logcor","-9.21034037197618"
"2776","16","5","STAN","STEPHENS","standard","permutations","logcor","-8.51719319141624"
"2777","17","5","STAN","STEPHENS","standard","permutations","logcor","-4.53751153751428"
"2778","18","5","STAN","STEPHENS","standard","permutations","logcor","-8.51719319141624"
"2779","19","5","STAN","STEPHENS","standard","permutations","logcor","-4.75599307572268"
"2780","20","5","STAN","STEPHENS","standard","permutations","logcor","-4.97623386737892"
"2781","1","6","STAN","STEPHENS","standard","permutations","logcor","-4.71053070164592"
"2782","2","6","STAN","STEPHENS","standard","permutations","logcor","-9.21034037197618"
"2783","3","6","STAN","STEPHENS","standard","permutations","logcor","-9.21034037197618"
"2784","4","6","STAN","STEPHENS","standard","permutations","logcor","-4.65646348037564"
"2785","5","6","STAN","STEPHENS","standard","permutations","logcor","-4.45675018086982"
"2786","6","6","STAN","STEPHENS","standard","permutations","logcor","-4.53751153751428"
"2787","7","6","STAN","STEPHENS","standard","permutations","logcor","-4.72170400224404"
"2788","8","6","STAN","STEPHENS","standard","permutations","logcor","-4.75599307572268"
"2789","9","6","STAN","STEPHENS","standard","permutations","logcor","-4.42284862919414"
"2790","10","6","STAN","STEPHENS","standard","permutations","logcor","-9.21034037197618"
"2791","11","6","STAN","STEPHENS","standard","permutations","logcor","-4.6356293934728"
"2792","12","6","STAN","STEPHENS","standard","permutations","logcor","-5.09946650780287"
"2793","13","6","STAN","STEPHENS","standard","permutations","logcor","-5.03595310208055"
"2794","14","6","STAN","STEPHENS","standard","permutations","logcor","-4.89285225843987"
"2795","15","6","STAN","STEPHENS","standard","permutations","logcor","-4.93367425296013"
"2796","16","6","STAN","STEPHENS","standard","permutations","logcor","-9.21034037197618"
"2797","17","6","STAN","STEPHENS","standard","permutations","logcor","-4.69948086545933"
"2798","18","6","STAN","STEPHENS","standard","permutations","logcor","-4.48295255326384"
"2799","19","6","STAN","STEPHENS","standard","permutations","logcor","-4.49184150068109"
"2800","20","6","STAN","STEPHENS","standard","permutations","logcor","-4.68855179492714"
"2801","1","2","JAGS","ECR","standard","simple","logcor","-0.844435294773727"
"2802","2","2","JAGS","ECR","standard","simple","logcor","-0.828279854551442"
"2803","3","2","JAGS","ECR","standard","simple","logcor","-0.82690717073947"
"2804","4","2","JAGS","ECR","standard","simple","logcor","-0.802292627820743"
"2805","5","2","JAGS","ECR","standard","simple","logcor","-0.78614004740911"
"2806","6","2","JAGS","ECR","standard","simple","logcor","-0.841415197229048"
"2807","7","2","JAGS","ECR","standard","simple","logcor","-0.817803785159501"
"2808","8","2","JAGS","ECR","standard","simple","logcor","-0.831030887923332"
"2809","9","2","JAGS","ECR","standard","simple","logcor","-0.837941765463179"
"2810","10","2","JAGS","ECR","standard","simple","logcor","-0.854490330968708"
"2811","11","2","JAGS","ECR","standard","simple","logcor","-0.828279854551442"
"2812","12","2","JAGS","ECR","standard","simple","logcor","-0.796953349285535"
"2813","13","2","JAGS","ECR","standard","simple","logcor","-0.85003493609709"
"2814","14","2","JAGS","ECR","standard","simple","logcor","-0.787238103959541"
"2815","15","2","JAGS","ECR","standard","simple","logcor","-0.878032019757065"
"2816","16","2","JAGS","ECR","standard","simple","logcor","-0.794737036321579"
"2817","17","2","JAGS","ECR","standard","simple","logcor","-0.83586348276154"
"2818","18","2","JAGS","ECR","standard","simple","logcor","-0.824395467169899"
"2819","19","2","JAGS","ECR","standard","simple","logcor","-0.844435294773727"
"2820","20","2","JAGS","ECR","standard","simple","logcor","-0.841647188878389"
"2821","1","3","JAGS","ECR","standard","simple","logcor","-2.63805782928218"
"2822","2","3","JAGS","ECR","standard","simple","logcor","-4.01184334071036"
"2823","3","3","JAGS","ECR","standard","simple","logcor","-4.89285225843987"
"2824","4","3","JAGS","ECR","standard","simple","logcor","-3.06615473785054"
"2825","5","3","JAGS","ECR","standard","simple","logcor","-4.16691525505694"
"2826","6","3","JAGS","ECR","standard","simple","logcor","-3.16533505794017"
"2827","7","3","JAGS","ECR","standard","simple","logcor","-3.9633162998157"
"2828","8","3","JAGS","ECR","standard","simple","logcor","-3.46094738606793"
"2829","9","3","JAGS","ECR","standard","simple","logcor","-3.083471187862"
"2830","10","3","JAGS","ECR","standard","simple","logcor","-3.23145460707506"
"2831","11","3","JAGS","ECR","standard","simple","logcor","-3.8076629901039"
"2832","12","3","JAGS","ECR","standard","simple","logcor","-3.77226106305299"
"2833","13","3","JAGS","ECR","standard","simple","logcor","-3.88733039283777"
"2834","14","3","JAGS","ECR","standard","simple","logcor","-5.27851473925186"
"2835","15","3","JAGS","ECR","standard","simple","logcor","-4.51899248974704"
"2836","16","3","JAGS","ECR","standard","simple","logcor","-3.73806969830471"
"2837","17","3","JAGS","ECR","standard","simple","logcor","-3.61935339146533"
"2838","18","3","JAGS","ECR","standard","simple","logcor","-3.91202300542815"
"2839","19","3","JAGS","ECR","standard","simple","logcor","-4.55638002181866"
"2840","20","3","JAGS","ECR","standard","simple","logcor","-3.28608457456165"
"2841","1","4","JAGS","ECR","standard","simple","logcor","-8.11172808330807"
"2842","2","4","JAGS","ECR","standard","simple","logcor","-7.82404601085629"
"2843","3","4","JAGS","ECR","standard","simple","logcor","-8.11172808330807"
"2844","4","4","JAGS","ECR","standard","simple","logcor","-8.11172808330807"
"2845","5","4","JAGS","ECR","standard","simple","logcor","-8.51719319141624"
"2846","6","4","JAGS","ECR","standard","simple","logcor","-8.51719319141624"
"2847","7","4","JAGS","ECR","standard","simple","logcor","-7.82404601085629"
"2848","8","4","JAGS","ECR","standard","simple","logcor","-8.51719319141624"
"2849","9","4","JAGS","ECR","standard","simple","logcor","-8.11172808330807"
"2850","10","4","JAGS","ECR","standard","simple","logcor","-6.31996861408002"
"2851","11","4","JAGS","ECR","standard","simple","logcor","-7.26443022292087"
"2852","12","4","JAGS","ECR","standard","simple","logcor","-8.51719319141624"
"2853","13","4","JAGS","ECR","standard","simple","logcor","-7.82404601085629"
"2854","14","4","JAGS","ECR","standard","simple","logcor","-8.11172808330807"
"2855","15","4","JAGS","ECR","standard","simple","logcor","-7.13089883029635"
"2856","16","4","JAGS","ECR","standard","simple","logcor","-7.82404601085629"
"2857","17","4","JAGS","ECR","standard","simple","logcor","-8.51719319141624"
"2858","18","4","JAGS","ECR","standard","simple","logcor","-8.51719319141624"
"2859","19","4","JAGS","ECR","standard","simple","logcor","-7.82404601085629"
"2860","20","4","JAGS","ECR","standard","simple","logcor","-7.82404601085629"
"2861","1","5","JAGS","ECR","standard","simple","logcor","-5.47267075369281"
"2862","2","5","JAGS","ECR","standard","simple","logcor","-8.51719319141624"
"2863","3","5","JAGS","ECR","standard","simple","logcor","-9.21034037197618"
"2864","4","5","JAGS","ECR","standard","simple","logcor","-5.36019277026612"
"2865","5","5","JAGS","ECR","standard","simple","logcor","-5.29831736654804"
"2866","6","5","JAGS","ECR","standard","simple","logcor","-3.82584530918709"
"2867","7","5","JAGS","ECR","standard","simple","logcor","-4.43965574751052"
"2868","8","5","JAGS","ECR","standard","simple","logcor","-8.51719319141624"
"2869","9","5","JAGS","ECR","standard","simple","logcor","-8.51719319141624"
"2870","10","5","JAGS","ECR","standard","simple","logcor","-9.21034037197618"
"2871","11","5","JAGS","ECR","standard","simple","logcor","-9.21034037197618"
"2872","12","5","JAGS","ECR","standard","simple","logcor","-5.25909665339476"
"2873","13","5","JAGS","ECR","standard","simple","logcor","-4.50986000618377"
"2874","14","5","JAGS","ECR","standard","simple","logcor","-5.74460446917646"
"2875","15","5","JAGS","ECR","standard","simple","logcor","-9.21034037197618"
"2876","16","5","JAGS","ECR","standard","simple","logcor","-4.15409456662788"
"2877","17","5","JAGS","ECR","standard","simple","logcor","-5.31852007386556"
"2878","18","5","JAGS","ECR","standard","simple","logcor","-4.99083266680008"
"2879","19","5","JAGS","ECR","standard","simple","logcor","-3.86800612001137"
"2880","20","5","JAGS","ECR","standard","simple","logcor","-3.71727892863563"
"2881","1","6","JAGS","ECR","standard","simple","logcor","-4.75599307572268"
"2882","2","6","JAGS","ECR","standard","simple","logcor","-5.06720564558465"
"2883","3","6","JAGS","ECR","standard","simple","logcor","-3.71317214668298"
"2884","4","6","JAGS","ECR","standard","simple","logcor","-9.21034037197618"
"2885","5","6","JAGS","ECR","standard","simple","logcor","-9.21034037197618"
"2886","6","6","JAGS","ECR","standard","simple","logcor","-5.91450350597185"
"2887","7","6","JAGS","ECR","standard","simple","logcor","-4.24749574171628"
"2888","8","6","JAGS","ECR","standard","simple","logcor","-5.7138328105097"
"2889","9","6","JAGS","ECR","standard","simple","logcor","-5.68397984736002"
"2890","10","6","JAGS","ECR","standard","simple","logcor","-5.36019277026612"
"2891","11","6","JAGS","ECR","standard","simple","logcor","-5.74460446917646"
"2892","12","6","JAGS","ECR","standard","simple","logcor","-5.27851473925186"
"2893","13","6","JAGS","ECR","standard","simple","logcor","-5.44914025628262"
"2894","14","6","JAGS","ECR","standard","simple","logcor","-4.97623386737892"
"2895","15","6","JAGS","ECR","standard","simple","logcor","-9.21034037197618"
"2896","16","6","JAGS","ECR","standard","simple","logcor","-5.7138328105097"
"2897","17","6","JAGS","ECR","standard","simple","logcor","-5.91450350597185"
"2898","18","6","JAGS","ECR","standard","simple","logcor","-9.21034037197618"
"2899","19","6","JAGS","ECR","standard","simple","logcor","-9.21034037197618"
"2900","20","6","JAGS","ECR","standard","simple","logcor","-5.54677872584654"
"2901","1","2","STAN","ECR","standard","simple","logcor",NA
"2902","2","2","STAN","ECR","standard","simple","logcor",NA
"2903","3","2","STAN","ECR","standard","simple","logcor",NA
"2904","4","2","STAN","ECR","standard","simple","logcor",NA
"2905","5","2","STAN","ECR","standard","simple","logcor",NA
"2906","6","2","STAN","ECR","standard","simple","logcor",NA
"2907","7","2","STAN","ECR","standard","simple","logcor",NA
"2908","8","2","STAN","ECR","standard","simple","logcor",NA
"2909","9","2","STAN","ECR","standard","simple","logcor",NA
"2910","10","2","STAN","ECR","standard","simple","logcor",NA
"2911","11","2","STAN","ECR","standard","simple","logcor",NA
"2912","12","2","STAN","ECR","standard","simple","logcor",NA
"2913","13","2","STAN","ECR","standard","simple","logcor",NA
"2914","14","2","STAN","ECR","standard","simple","logcor",NA
"2915","15","2","STAN","ECR","standard","simple","logcor",NA
"2916","16","2","STAN","ECR","standard","simple","logcor",NA
"2917","17","2","STAN","ECR","standard","simple","logcor",NA
"2918","18","2","STAN","ECR","standard","simple","logcor",NA
"2919","19","2","STAN","ECR","standard","simple","logcor",NA
"2920","20","2","STAN","ECR","standard","simple","logcor",NA
"2921","1","3","STAN","ECR","standard","simple","logcor",NA
"2922","2","3","STAN","ECR","standard","simple","logcor",NA
"2923","3","3","STAN","ECR","standard","simple","logcor",NA
"2924","4","3","STAN","ECR","standard","simple","logcor",NA
"2925","5","3","STAN","ECR","standard","simple","logcor",NA
"2926","6","3","STAN","ECR","standard","simple","logcor",NA
"2927","7","3","STAN","ECR","standard","simple","logcor",NA
"2928","8","3","STAN","ECR","standard","simple","logcor",NA
"2929","9","3","STAN","ECR","standard","simple","logcor",NA
"2930","10","3","STAN","ECR","standard","simple","logcor",NA
"2931","11","3","STAN","ECR","standard","simple","logcor",NA
"2932","12","3","STAN","ECR","standard","simple","logcor",NA
"2933","13","3","STAN","ECR","standard","simple","logcor",NA
"2934","14","3","STAN","ECR","standard","simple","logcor",NA
"2935","15","3","STAN","ECR","standard","simple","logcor",NA
"2936","16","3","STAN","ECR","standard","simple","logcor",NA
"2937","17","3","STAN","ECR","standard","simple","logcor",NA
"2938","18","3","STAN","ECR","standard","simple","logcor",NA
"2939","19","3","STAN","ECR","standard","simple","logcor",NA
"2940","20","3","STAN","ECR","standard","simple","logcor",NA
"2941","1","4","STAN","ECR","standard","simple","logcor",NA
"2942","2","4","STAN","ECR","standard","simple","logcor",NA
"2943","3","4","STAN","ECR","standard","simple","logcor",NA
"2944","4","4","STAN","ECR","standard","simple","logcor",NA
"2945","5","4","STAN","ECR","standard","simple","logcor",NA
"2946","6","4","STAN","ECR","standard","simple","logcor",NA
"2947","7","4","STAN","ECR","standard","simple","logcor",NA
"2948","8","4","STAN","ECR","standard","simple","logcor",NA
"2949","9","4","STAN","ECR","standard","simple","logcor",NA
"2950","10","4","STAN","ECR","standard","simple","logcor",NA
"2951","11","4","STAN","ECR","standard","simple","logcor",NA
"2952","12","4","STAN","ECR","standard","simple","logcor",NA
"2953","13","4","STAN","ECR","standard","simple","logcor",NA
"2954","14","4","STAN","ECR","standard","simple","logcor",NA
"2955","15","4","STAN","ECR","standard","simple","logcor",NA
"2956","16","4","STAN","ECR","standard","simple","logcor",NA
"2957","17","4","STAN","ECR","standard","simple","logcor",NA
"2958","18","4","STAN","ECR","standard","simple","logcor",NA
"2959","19","4","STAN","ECR","standard","simple","logcor",NA
"2960","20","4","STAN","ECR","standard","simple","logcor",NA
"2961","1","5","STAN","ECR","standard","simple","logcor",NA
"2962","2","5","STAN","ECR","standard","simple","logcor",NA
"2963","3","5","STAN","ECR","standard","simple","logcor",NA
"2964","4","5","STAN","ECR","standard","simple","logcor",NA
"2965","5","5","STAN","ECR","standard","simple","logcor",NA
"2966","6","5","STAN","ECR","standard","simple","logcor",NA
"2967","7","5","STAN","ECR","standard","simple","logcor",NA
"2968","8","5","STAN","ECR","standard","simple","logcor",NA
"2969","9","5","STAN","ECR","standard","simple","logcor",NA
"2970","10","5","STAN","ECR","standard","simple","logcor",NA
"2971","11","5","STAN","ECR","standard","simple","logcor",NA
"2972","12","5","STAN","ECR","standard","simple","logcor",NA
"2973","13","5","STAN","ECR","standard","simple","logcor",NA
"2974","14","5","STAN","ECR","standard","simple","logcor",NA
"2975","15","5","STAN","ECR","standard","simple","logcor",NA
"2976","16","5","STAN","ECR","standard","simple","logcor",NA
"2977","17","5","STAN","ECR","standard","simple","logcor",NA
"2978","18","5","STAN","ECR","standard","simple","logcor",NA
"2979","19","5","STAN","ECR","standard","simple","logcor",NA
"2980","20","5","STAN","ECR","standard","simple","logcor",NA
"2981","1","6","STAN","ECR","standard","simple","logcor",NA
"2982","2","6","STAN","ECR","standard","simple","logcor",NA
"2983","3","6","STAN","ECR","standard","simple","logcor",NA
"2984","4","6","STAN","ECR","standard","simple","logcor",NA
"2985","5","6","STAN","ECR","standard","simple","logcor",NA
"2986","6","6","STAN","ECR","standard","simple","logcor",NA
"2987","7","6","STAN","ECR","standard","simple","logcor",NA
"2988","8","6","STAN","ECR","standard","simple","logcor",NA
"2989","9","6","STAN","ECR","standard","simple","logcor",NA
"2990","10","6","STAN","ECR","standard","simple","logcor",NA
"2991","11","6","STAN","ECR","standard","simple","logcor",NA
"2992","12","6","STAN","ECR","standard","simple","logcor",NA
"2993","13","6","STAN","ECR","standard","simple","logcor",NA
"2994","14","6","STAN","ECR","standard","simple","logcor",NA
"2995","15","6","STAN","ECR","standard","simple","logcor",NA
"2996","16","6","STAN","ECR","standard","simple","logcor",NA
"2997","17","6","STAN","ECR","standard","simple","logcor",NA
"2998","18","6","STAN","ECR","standard","simple","logcor",NA
"2999","19","6","STAN","ECR","standard","simple","logcor",NA
"3000","20","6","STAN","ECR","standard","simple","logcor",NA
"3001","1","2","JAGS","STEPHENS","standard","simple","logcor","-0.844435294773727"
"3002","2","2","JAGS","STEPHENS","standard","simple","logcor","-0.828279854551442"
"3003","3","2","JAGS","STEPHENS","standard","simple","logcor","-0.82690717073947"
"3004","4","2","JAGS","STEPHENS","standard","simple","logcor","-0.802292627820743"
"3005","5","2","JAGS","STEPHENS","standard","simple","logcor","-0.78614004740911"
"3006","6","2","JAGS","STEPHENS","standard","simple","logcor","-0.841415197229048"
"3007","7","2","JAGS","STEPHENS","standard","simple","logcor","-0.817803785159501"
"3008","8","2","JAGS","STEPHENS","standard","simple","logcor","-0.831030887923332"
"3009","9","2","JAGS","STEPHENS","standard","simple","logcor","-0.837941765463179"
"3010","10","2","JAGS","STEPHENS","standard","simple","logcor","-0.854490330968708"
"3011","11","2","JAGS","STEPHENS","standard","simple","logcor","-0.828279854551442"
"3012","12","2","JAGS","STEPHENS","standard","simple","logcor","-0.796953349285535"
"3013","13","2","JAGS","STEPHENS","standard","simple","logcor","-0.85003493609709"
"3014","14","2","JAGS","STEPHENS","standard","simple","logcor","-0.787238103959541"
"3015","15","2","JAGS","STEPHENS","standard","simple","logcor","-0.878032019757065"
"3016","16","2","JAGS","STEPHENS","standard","simple","logcor","-0.794737036321579"
"3017","17","2","JAGS","STEPHENS","standard","simple","logcor","-0.83586348276154"
"3018","18","2","JAGS","STEPHENS","standard","simple","logcor","-0.824395467169899"
"3019","19","2","JAGS","STEPHENS","standard","simple","logcor","-0.844435294773727"
"3020","20","2","JAGS","STEPHENS","standard","simple","logcor","-0.841647188878389"
"3021","1","3","JAGS","STEPHENS","standard","simple","logcor","-3.41732676359204"
"3022","2","3","JAGS","STEPHENS","standard","simple","logcor","-3.77226106305299"
"3023","3","3","JAGS","STEPHENS","standard","simple","logcor","-4.64599218050835"
"3024","4","3","JAGS","STEPHENS","standard","simple","logcor","-1.8578992717326"
"3025","5","3","JAGS","STEPHENS","standard","simple","logcor","-3.1629681929299"
"3026","6","3","JAGS","STEPHENS","standard","simple","logcor","-1.92346396022548"
"3027","7","3","JAGS","STEPHENS","standard","simple","logcor","-3.61935339146533"
"3028","8","3","JAGS","STEPHENS","standard","simple","logcor","-3.73806969830471"
"3029","9","3","JAGS","STEPHENS","standard","simple","logcor","-2.86821895325503"
"3030","10","3","JAGS","STEPHENS","standard","simple","logcor","-1.85023639898703"
"3031","11","3","JAGS","STEPHENS","standard","simple","logcor","-1.98704469241387"
"3032","12","3","JAGS","STEPHENS","standard","simple","logcor","-3.42038020107893"
"3033","13","3","JAGS","STEPHENS","standard","simple","logcor","-2.18302585793641"
"3034","14","3","JAGS","STEPHENS","standard","simple","logcor","-5.47267075369281"
"3035","15","3","JAGS","STEPHENS","standard","simple","logcor","-4.44816643717843"
"3036","16","3","JAGS","STEPHENS","standard","simple","logcor","-2.00693485089309"
"3037","17","3","JAGS","STEPHENS","standard","simple","logcor","-2.3870542496205"
"3038","18","3","JAGS","STEPHENS","standard","simple","logcor","-3.75075485783202"
"3039","19","3","JAGS","STEPHENS","standard","simple","logcor","-4.49184150068109"
"3040","20","3","JAGS","STEPHENS","standard","simple","logcor","-3.5098967985855"
"3041","1","4","JAGS","STEPHENS","standard","simple","logcor","-7.82404601085629"
"3042","2","4","JAGS","STEPHENS","standard","simple","logcor","-9.21034037197618"
"3043","3","4","JAGS","STEPHENS","standard","simple","logcor","-7.26443022292087"
"3044","4","4","JAGS","STEPHENS","standard","simple","logcor","-9.21034037197618"
"3045","5","4","JAGS","STEPHENS","standard","simple","logcor","-7.26443022292087"
"3046","6","4","JAGS","STEPHENS","standard","simple","logcor","-8.51719319141624"
"3047","7","4","JAGS","STEPHENS","standard","simple","logcor","-9.21034037197618"
"3048","8","4","JAGS","STEPHENS","standard","simple","logcor","-7.60090245954208"
"3049","9","4","JAGS","STEPHENS","standard","simple","logcor","-8.51719319141624"
"3050","10","4","JAGS","STEPHENS","standard","simple","logcor","-5.62682143352007"
"3051","11","4","JAGS","STEPHENS","standard","simple","logcor","-6.07484615604703"
"3052","12","4","JAGS","STEPHENS","standard","simple","logcor","-8.51719319141624"
"3053","13","4","JAGS","STEPHENS","standard","simple","logcor","-7.01311579463996"
"3054","14","4","JAGS","STEPHENS","standard","simple","logcor","-6.50229017087397"
"3055","15","4","JAGS","STEPHENS","standard","simple","logcor","-7.41858090274813"
"3056","16","4","JAGS","STEPHENS","standard","simple","logcor","-7.13089883029635"
"3057","17","4","JAGS","STEPHENS","standard","simple","logcor","-7.13089883029635"
"3058","18","4","JAGS","STEPHENS","standard","simple","logcor","-7.60090245954208"
"3059","19","4","JAGS","STEPHENS","standard","simple","logcor","-9.21034037197618"
"3060","20","4","JAGS","STEPHENS","standard","simple","logcor","-7.01311579463996"
"3061","1","5","JAGS","STEPHENS","standard","simple","logcor","-5.11599580975408"
"3062","2","5","JAGS","STEPHENS","standard","simple","logcor","-8.11172808330807"
"3063","3","5","JAGS","STEPHENS","standard","simple","logcor","-4.99083266680008"
"3064","4","5","JAGS","STEPHENS","standard","simple","logcor","-8.51719319141624"
"3065","5","5","JAGS","STEPHENS","standard","simple","logcor","-9.21034037197618"
"3066","6","5","JAGS","STEPHENS","standard","simple","logcor","-9.21034037197618"
"3067","7","5","JAGS","STEPHENS","standard","simple","logcor","-9.21034037197618"
"3068","8","5","JAGS","STEPHENS","standard","simple","logcor","-4.7444322533216"
"3069","9","5","JAGS","STEPHENS","standard","simple","logcor","-9.21034037197618"
"3070","10","5","JAGS","STEPHENS","standard","simple","logcor","-4.24052707240018"
"3071","11","5","JAGS","STEPHENS","standard","simple","logcor","-3.83044301843572"
"3072","12","5","JAGS","STEPHENS","standard","simple","logcor","-4.60517018598809"
"3073","13","5","JAGS","STEPHENS","standard","simple","logcor","-9.21034037197618"
"3074","14","5","JAGS","STEPHENS","standard","simple","logcor","-9.21034037197618"
"3075","15","5","JAGS","STEPHENS","standard","simple","logcor","-3.72970144863419"
"3076","16","5","JAGS","STEPHENS","standard","simple","logcor","-9.21034037197618"
"3077","17","5","JAGS","STEPHENS","standard","simple","logcor","-9.21034037197618"
"3078","18","5","JAGS","STEPHENS","standard","simple","logcor","-5.00564775258522"
"3079","19","5","JAGS","STEPHENS","standard","simple","logcor","-8.51719319141624"
"3080","20","5","JAGS","STEPHENS","standard","simple","logcor","-9.21034037197618"
"3081","1","6","JAGS","STEPHENS","standard","simple","logcor","-4.11659017116942"
"3082","2","6","JAGS","STEPHENS","standard","simple","logcor","-4.87960703168985"
"3083","3","6","JAGS","STEPHENS","standard","simple","logcor","-9.21034037197618"
"3084","4","6","JAGS","STEPHENS","standard","simple","logcor","-9.21034037197618"
"3085","5","6","JAGS","STEPHENS","standard","simple","logcor","-4.3740584650247"
"3086","6","6","JAGS","STEPHENS","standard","simple","logcor","-4.58536755869191"
"3087","7","6","JAGS","STEPHENS","standard","simple","logcor","-3.95806694392955"
"3088","8","6","JAGS","STEPHENS","standard","simple","logcor","-5.14989736142976"
"3089","9","6","JAGS","STEPHENS","standard","simple","logcor","-5.24004845842406"
"3090","10","6","JAGS","STEPHENS","standard","simple","logcor","-4.94766049493487"
"3091","11","6","JAGS","STEPHENS","standard","simple","logcor","-5.08320598693109"
"3092","12","6","JAGS","STEPHENS","standard","simple","logcor","-5.03595310208055"
"3093","13","6","JAGS","STEPHENS","standard","simple","logcor","-4.91988093082779"
"3094","14","6","JAGS","STEPHENS","standard","simple","logcor","-4.11047394415198"
"3095","15","6","JAGS","STEPHENS","standard","simple","logcor","-4.66704558970618"
"3096","16","6","JAGS","STEPHENS","standard","simple","logcor","-9.21034037197618"
"3097","17","6","JAGS","STEPHENS","standard","simple","logcor","-5.77635316749104"
"3098","18","6","JAGS","STEPHENS","standard","simple","logcor","-4.38202663467388"
"3099","19","6","JAGS","STEPHENS","standard","simple","logcor","-4.40631932724293"
"3100","20","6","JAGS","STEPHENS","standard","simple","logcor","-4.91988093082779"
"3101","1","2","STAN","STEPHENS","standard","simple","logcor","-0.787018396170016"
"3102","2","2","STAN","STEPHENS","standard","simple","logcor","-0.821890056452671"
"3103","3","2","STAN","STEPHENS","standard","simple","logcor","-0.789437840878232"
"3104","4","2","STAN","STEPHENS","standard","simple","logcor","-0.837017550979647"
"3105","5","2","STAN","STEPHENS","standard","simple","logcor","-0.809905741170141"
"3106","6","2","STAN","STEPHENS","standard","simple","logcor","-0.846997905378206"
"3107","7","2","STAN","STEPHENS","standard","simple","logcor","-0.81148036752181"
"3108","8","2","STAN","STEPHENS","standard","simple","logcor","-0.824851671557373"
"3109","9","2","STAN","STEPHENS","standard","simple","logcor","-0.807436326962073"
"3110","10","2","STAN","STEPHENS","standard","simple","logcor","-0.860856024986055"
"3111","11","2","STAN","STEPHENS","standard","simple","logcor","-0.823028101414465"
"3112","12","2","STAN","STEPHENS","standard","simple","logcor","-0.80273885719004"
"3113","13","2","STAN","STEPHENS","standard","simple","logcor","-0.815314814534153"
"3114","14","2","STAN","STEPHENS","standard","simple","logcor","-0.822800388786816"
"3115","15","2","STAN","STEPHENS","standard","simple","logcor","-0.819164021143432"
"3116","16","2","STAN","STEPHENS","standard","simple","logcor","-0.825079851820771"
"3117","17","2","STAN","STEPHENS","standard","simple","logcor","-0.825079851820771"
"3118","18","2","STAN","STEPHENS","standard","simple","logcor","-0.845366393537456"
"3119","19","2","STAN","STEPHENS","standard","simple","logcor","-0.806987996983705"
"3120","20","2","STAN","STEPHENS","standard","simple","logcor","-0.82690717073947"
"3121","1","3","STAN","STEPHENS","standard","simple","logcor","-2.71055333132033"
"3122","2","3","STAN","STEPHENS","standard","simple","logcor","-3.33540964112415"
"3123","3","3","STAN","STEPHENS","standard","simple","logcor","-5.49676830527187"
"3124","4","3","STAN","STEPHENS","standard","simple","logcor","-3.15825120305177"
"3125","5","3","STAN","STEPHENS","standard","simple","logcor","-3.19907319757202"
"3126","6","3","STAN","STEPHENS","standard","simple","logcor","-4.73300355749798"
"3127","7","3","STAN","STEPHENS","standard","simple","logcor","-3.93734081341244"
"3128","8","3","STAN","STEPHENS","standard","simple","logcor","-2.20364514513914"
"3129","9","3","STAN","STEPHENS","standard","simple","logcor","-2.29560947925762"
"3130","10","3","STAN","STEPHENS","standard","simple","logcor","-2.11279152136139"
"3131","11","3","STAN","STEPHENS","standard","simple","logcor","-2.70605219843954"
"3132","12","3","STAN","STEPHENS","standard","simple","logcor","-2.41128450991739"
"3133","13","3","STAN","STEPHENS","standard","simple","logcor","-3.06401111430729"
"3134","14","3","STAN","STEPHENS","standard","simple","logcor","-2.981829368385"
"3135","15","3","STAN","STEPHENS","standard","simple","logcor","-2.2182439445603"
"3136","16","3","STAN","STEPHENS","standard","simple","logcor","-2.5757070141145"
"3137","17","3","STAN","STEPHENS","standard","simple","logcor","-2.56785357060893"
"3138","18","3","STAN","STEPHENS","standard","simple","logcor","-2.52572864430826"
"3139","19","3","STAN","STEPHENS","standard","simple","logcor","-2.92062480106719"
"3140","20","3","STAN","STEPHENS","standard","simple","logcor","-3.18447439815087"
"3141","1","4","STAN","STEPHENS","standard","simple","logcor","-7.26443022292087"
"3142","2","4","STAN","STEPHENS","standard","simple","logcor","-8.51719319141624"
"3143","3","4","STAN","STEPHENS","standard","simple","logcor","-7.82404601085629"
"3144","4","4","STAN","STEPHENS","standard","simple","logcor","-7.60090245954208"
"3145","5","4","STAN","STEPHENS","standard","simple","logcor","-7.60090245954208"
"3146","6","4","STAN","STEPHENS","standard","simple","logcor","-7.26443022292087"
"3147","7","4","STAN","STEPHENS","standard","simple","logcor","-7.41858090274813"
"3148","8","4","STAN","STEPHENS","standard","simple","logcor","-7.82404601085629"
"3149","9","4","STAN","STEPHENS","standard","simple","logcor","-8.51719319141624"
"3150","10","4","STAN","STEPHENS","standard","simple","logcor","-7.26443022292087"
"3151","11","4","STAN","STEPHENS","standard","simple","logcor","-9.21034037197618"
"3152","12","4","STAN","STEPHENS","standard","simple","logcor","-8.11172808330807"
"3153","13","4","STAN","STEPHENS","standard","simple","logcor","-7.60090245954208"
"3154","14","4","STAN","STEPHENS","standard","simple","logcor","-6.81244509917781"
"3155","15","4","STAN","STEPHENS","standard","simple","logcor","-7.13089883029635"
"3156","16","4","STAN","STEPHENS","standard","simple","logcor","-7.60090245954208"
"3157","17","4","STAN","STEPHENS","standard","simple","logcor","-7.13089883029635"
"3158","18","4","STAN","STEPHENS","standard","simple","logcor","-7.60090245954208"
"3159","19","4","STAN","STEPHENS","standard","simple","logcor","-7.60090245954208"
"3160","20","4","STAN","STEPHENS","standard","simple","logcor","-9.21034037197618"
"3161","1","5","STAN","STEPHENS","standard","simple","logcor","-4.87960703168985"
"3162","2","5","STAN","STEPHENS","standard","simple","logcor","-4.6356293934728"
"3163","3","5","STAN","STEPHENS","standard","simple","logcor","-4.55638002181866"
"3164","4","5","STAN","STEPHENS","standard","simple","logcor","-4.48295255326384"
"3165","5","5","STAN","STEPHENS","standard","simple","logcor","-4.65646348037564"
"3166","6","5","STAN","STEPHENS","standard","simple","logcor","-4.64599218050835"
"3167","7","5","STAN","STEPHENS","standard","simple","logcor","-4.67774087882293"
"3168","8","5","STAN","STEPHENS","standard","simple","logcor","-8.51719319141624"
"3169","9","5","STAN","STEPHENS","standard","simple","logcor","-4.24749574171628"
"3170","10","5","STAN","STEPHENS","standard","simple","logcor","-4.47414192358169"
"3171","11","5","STAN","STEPHENS","standard","simple","logcor","-9.21034037197618"
"3172","12","5","STAN","STEPHENS","standard","simple","logcor","-4.93367425296013"
"3173","13","5","STAN","STEPHENS","standard","simple","logcor","-9.21034037197618"
"3174","14","5","STAN","STEPHENS","standard","simple","logcor","-9.21034037197618"
"3175","15","5","STAN","STEPHENS","standard","simple","logcor","-9.21034037197618"
"3176","16","5","STAN","STEPHENS","standard","simple","logcor","-8.51719319141624"
"3177","17","5","STAN","STEPHENS","standard","simple","logcor","-4.53751153751428"
"3178","18","5","STAN","STEPHENS","standard","simple","logcor","-8.51719319141624"
"3179","19","5","STAN","STEPHENS","standard","simple","logcor","-4.75599307572268"
"3180","20","5","STAN","STEPHENS","standard","simple","logcor","-4.97623386737892"
"3181","1","6","STAN","STEPHENS","standard","simple","logcor","-4.71053070164592"
"3182","2","6","STAN","STEPHENS","standard","simple","logcor","-9.21034037197618"
"3183","3","6","STAN","STEPHENS","standard","simple","logcor","-9.21034037197618"
"3184","4","6","STAN","STEPHENS","standard","simple","logcor","-4.65646348037564"
"3185","5","6","STAN","STEPHENS","standard","simple","logcor","-4.45675018086982"
"3186","6","6","STAN","STEPHENS","standard","simple","logcor","-4.53751153751428"
"3187","7","6","STAN","STEPHENS","standard","simple","logcor","-4.72170400224404"
"3188","8","6","STAN","STEPHENS","standard","simple","logcor","-4.75599307572268"
"3189","9","6","STAN","STEPHENS","standard","simple","logcor","-4.42284862919414"
"3190","10","6","STAN","STEPHENS","standard","simple","logcor","-9.21034037197618"
"3191","11","6","STAN","STEPHENS","standard","simple","logcor","-4.6356293934728"
"3192","12","6","STAN","STEPHENS","standard","simple","logcor","-5.09946650780287"
"3193","13","6","STAN","STEPHENS","standard","simple","logcor","-5.03595310208055"
"3194","14","6","STAN","STEPHENS","standard","simple","logcor","-4.89285225843987"
"3195","15","6","STAN","STEPHENS","standard","simple","logcor","-4.93367425296013"
"3196","16","6","STAN","STEPHENS","standard","simple","logcor","-9.21034037197618"
"3197","17","6","STAN","STEPHENS","standard","simple","logcor","-4.69948086545933"
"3198","18","6","STAN","STEPHENS","standard","simple","logcor","-4.48295255326384"
"3199","19","6","STAN","STEPHENS","standard","simple","logcor","-4.49184150068109"
"3200","20","6","STAN","STEPHENS","standard","simple","logcor","-4.68855179492714"
"3201","1","2","JAGS","ECR","standard","permutations","permlen","2"
"3202","2","2","JAGS","ECR","standard","permutations","permlen","2"
"3203","3","2","JAGS","ECR","standard","permutations","permlen","2"
"3204","4","2","JAGS","ECR","standard","permutations","permlen","2"
"3205","5","2","JAGS","ECR","standard","permutations","permlen","2"
"3206","6","2","JAGS","ECR","standard","permutations","permlen","2"
"3207","7","2","JAGS","ECR","standard","permutations","permlen","2"
"3208","8","2","JAGS","ECR","standard","permutations","permlen","2"
"3209","9","2","JAGS","ECR","standard","permutations","permlen","2"
"3210","10","2","JAGS","ECR","standard","permutations","permlen","2"
"3211","11","2","JAGS","ECR","standard","permutations","permlen","2"
"3212","12","2","JAGS","ECR","standard","permutations","permlen","2"
"3213","13","2","JAGS","ECR","standard","permutations","permlen","2"
"3214","14","2","JAGS","ECR","standard","permutations","permlen","2"
"3215","15","2","JAGS","ECR","standard","permutations","permlen","2"
"3216","16","2","JAGS","ECR","standard","permutations","permlen","2"
"3217","17","2","JAGS","ECR","standard","permutations","permlen","2"
"3218","18","2","JAGS","ECR","standard","permutations","permlen","2"
"3219","19","2","JAGS","ECR","standard","permutations","permlen","2"
"3220","20","2","JAGS","ECR","standard","permutations","permlen","2"
"3221","1","3","JAGS","ECR","standard","permutations","permlen","6"
"3222","2","3","JAGS","ECR","standard","permutations","permlen","6"
"3223","3","3","JAGS","ECR","standard","permutations","permlen","6"
"3224","4","3","JAGS","ECR","standard","permutations","permlen","6"
"3225","5","3","JAGS","ECR","standard","permutations","permlen","6"
"3226","6","3","JAGS","ECR","standard","permutations","permlen","6"
"3227","7","3","JAGS","ECR","standard","permutations","permlen","6"
"3228","8","3","JAGS","ECR","standard","permutations","permlen","6"
"3229","9","3","JAGS","ECR","standard","permutations","permlen","6"
"3230","10","3","JAGS","ECR","standard","permutations","permlen","6"
"3231","11","3","JAGS","ECR","standard","permutations","permlen","6"
"3232","12","3","JAGS","ECR","standard","permutations","permlen","6"
"3233","13","3","JAGS","ECR","standard","permutations","permlen","6"
"3234","14","3","JAGS","ECR","standard","permutations","permlen","6"
"3235","15","3","JAGS","ECR","standard","permutations","permlen","6"
"3236","16","3","JAGS","ECR","standard","permutations","permlen","6"
"3237","17","3","JAGS","ECR","standard","permutations","permlen","6"
"3238","18","3","JAGS","ECR","standard","permutations","permlen","6"
"3239","19","3","JAGS","ECR","standard","permutations","permlen","6"
"3240","20","3","JAGS","ECR","standard","permutations","permlen","6"
"3241","1","4","JAGS","ECR","standard","permutations","permlen","24"
"3242","2","4","JAGS","ECR","standard","permutations","permlen","24"
"3243","3","4","JAGS","ECR","standard","permutations","permlen","24"
"3244","4","4","JAGS","ECR","standard","permutations","permlen","24"
"3245","5","4","JAGS","ECR","standard","permutations","permlen","24"
"3246","6","4","JAGS","ECR","standard","permutations","permlen","24"
"3247","7","4","JAGS","ECR","standard","permutations","permlen","24"
"3248","8","4","JAGS","ECR","standard","permutations","permlen","24"
"3249","9","4","JAGS","ECR","standard","permutations","permlen","24"
"3250","10","4","JAGS","ECR","standard","permutations","permlen","24"
"3251","11","4","JAGS","ECR","standard","permutations","permlen","24"
"3252","12","4","JAGS","ECR","standard","permutations","permlen","24"
"3253","13","4","JAGS","ECR","standard","permutations","permlen","24"
"3254","14","4","JAGS","ECR","standard","permutations","permlen","24"
"3255","15","4","JAGS","ECR","standard","permutations","permlen","24"
"3256","16","4","JAGS","ECR","standard","permutations","permlen","24"
"3257","17","4","JAGS","ECR","standard","permutations","permlen","24"
"3258","18","4","JAGS","ECR","standard","permutations","permlen","24"
"3259","19","4","JAGS","ECR","standard","permutations","permlen","24"
"3260","20","4","JAGS","ECR","standard","permutations","permlen","24"
"3261","1","5","JAGS","ECR","standard","permutations","permlen","120"
"3262","2","5","JAGS","ECR","standard","permutations","permlen","120"
"3263","3","5","JAGS","ECR","standard","permutations","permlen","120"
"3264","4","5","JAGS","ECR","standard","permutations","permlen","120"
"3265","5","5","JAGS","ECR","standard","permutations","permlen","120"
"3266","6","5","JAGS","ECR","standard","permutations","permlen","120"
"3267","7","5","JAGS","ECR","standard","permutations","permlen","120"
"3268","8","5","JAGS","ECR","standard","permutations","permlen","120"
"3269","9","5","JAGS","ECR","standard","permutations","permlen","120"
"3270","10","5","JAGS","ECR","standard","permutations","permlen","120"
"3271","11","5","JAGS","ECR","standard","permutations","permlen","120"
"3272","12","5","JAGS","ECR","standard","permutations","permlen","120"
"3273","13","5","JAGS","ECR","standard","permutations","permlen","120"
"3274","14","5","JAGS","ECR","standard","permutations","permlen","120"
"3275","15","5","JAGS","ECR","standard","permutations","permlen","120"
"3276","16","5","JAGS","ECR","standard","permutations","permlen","120"
"3277","17","5","JAGS","ECR","standard","permutations","permlen","120"
"3278","18","5","JAGS","ECR","standard","permutations","permlen","120"
"3279","19","5","JAGS","ECR","standard","permutations","permlen","120"
"3280","20","5","JAGS","ECR","standard","permutations","permlen","120"
"3281","1","6","JAGS","ECR","standard","permutations","permlen","720"
"3282","2","6","JAGS","ECR","standard","permutations","permlen","720"
"3283","3","6","JAGS","ECR","standard","permutations","permlen","720"
"3284","4","6","JAGS","ECR","standard","permutations","permlen","720"
"3285","5","6","JAGS","ECR","standard","permutations","permlen","720"
"3286","6","6","JAGS","ECR","standard","permutations","permlen","720"
"3287","7","6","JAGS","ECR","standard","permutations","permlen","720"
"3288","8","6","JAGS","ECR","standard","permutations","permlen","720"
"3289","9","6","JAGS","ECR","standard","permutations","permlen","720"
"3290","10","6","JAGS","ECR","standard","permutations","permlen","720"
"3291","11","6","JAGS","ECR","standard","permutations","permlen","720"
"3292","12","6","JAGS","ECR","standard","permutations","permlen","720"
"3293","13","6","JAGS","ECR","standard","permutations","permlen","720"
"3294","14","6","JAGS","ECR","standard","permutations","permlen","720"
"3295","15","6","JAGS","ECR","standard","permutations","permlen","720"
"3296","16","6","JAGS","ECR","standard","permutations","permlen","720"
"3297","17","6","JAGS","ECR","standard","permutations","permlen","720"
"3298","18","6","JAGS","ECR","standard","permutations","permlen","720"
"3299","19","6","JAGS","ECR","standard","permutations","permlen","720"
"3300","20","6","JAGS","ECR","standard","permutations","permlen","720"
"3301","1","2","STAN","ECR","standard","permutations","permlen",NA
"3302","2","2","STAN","ECR","standard","permutations","permlen",NA
"3303","3","2","STAN","ECR","standard","permutations","permlen",NA
"3304","4","2","STAN","ECR","standard","permutations","permlen",NA
"3305","5","2","STAN","ECR","standard","permutations","permlen",NA
"3306","6","2","STAN","ECR","standard","permutations","permlen",NA
"3307","7","2","STAN","ECR","standard","permutations","permlen",NA
"3308","8","2","STAN","ECR","standard","permutations","permlen",NA
"3309","9","2","STAN","ECR","standard","permutations","permlen",NA
"3310","10","2","STAN","ECR","standard","permutations","permlen",NA
"3311","11","2","STAN","ECR","standard","permutations","permlen",NA
"3312","12","2","STAN","ECR","standard","permutations","permlen",NA
"3313","13","2","STAN","ECR","standard","permutations","permlen",NA
"3314","14","2","STAN","ECR","standard","permutations","permlen",NA
"3315","15","2","STAN","ECR","standard","permutations","permlen",NA
"3316","16","2","STAN","ECR","standard","permutations","permlen",NA
"3317","17","2","STAN","ECR","standard","permutations","permlen",NA
"3318","18","2","STAN","ECR","standard","permutations","permlen",NA
"3319","19","2","STAN","ECR","standard","permutations","permlen",NA
"3320","20","2","STAN","ECR","standard","permutations","permlen",NA
"3321","1","3","STAN","ECR","standard","permutations","permlen",NA
"3322","2","3","STAN","ECR","standard","permutations","permlen",NA
"3323","3","3","STAN","ECR","standard","permutations","permlen",NA
"3324","4","3","STAN","ECR","standard","permutations","permlen",NA
"3325","5","3","STAN","ECR","standard","permutations","permlen",NA
"3326","6","3","STAN","ECR","standard","permutations","permlen",NA
"3327","7","3","STAN","ECR","standard","permutations","permlen",NA
"3328","8","3","STAN","ECR","standard","permutations","permlen",NA
"3329","9","3","STAN","ECR","standard","permutations","permlen",NA
"3330","10","3","STAN","ECR","standard","permutations","permlen",NA
"3331","11","3","STAN","ECR","standard","permutations","permlen",NA
"3332","12","3","STAN","ECR","standard","permutations","permlen",NA
"3333","13","3","STAN","ECR","standard","permutations","permlen",NA
"3334","14","3","STAN","ECR","standard","permutations","permlen",NA
"3335","15","3","STAN","ECR","standard","permutations","permlen",NA
"3336","16","3","STAN","ECR","standard","permutations","permlen",NA
"3337","17","3","STAN","ECR","standard","permutations","permlen",NA
"3338","18","3","STAN","ECR","standard","permutations","permlen",NA
"3339","19","3","STAN","ECR","standard","permutations","permlen",NA
"3340","20","3","STAN","ECR","standard","permutations","permlen",NA
"3341","1","4","STAN","ECR","standard","permutations","permlen",NA
"3342","2","4","STAN","ECR","standard","permutations","permlen",NA
"3343","3","4","STAN","ECR","standard","permutations","permlen",NA
"3344","4","4","STAN","ECR","standard","permutations","permlen",NA
"3345","5","4","STAN","ECR","standard","permutations","permlen",NA
"3346","6","4","STAN","ECR","standard","permutations","permlen",NA
"3347","7","4","STAN","ECR","standard","permutations","permlen",NA
"3348","8","4","STAN","ECR","standard","permutations","permlen",NA
"3349","9","4","STAN","ECR","standard","permutations","permlen",NA
"3350","10","4","STAN","ECR","standard","permutations","permlen",NA
"3351","11","4","STAN","ECR","standard","permutations","permlen",NA
"3352","12","4","STAN","ECR","standard","permutations","permlen",NA
"3353","13","4","STAN","ECR","standard","permutations","permlen",NA
"3354","14","4","STAN","ECR","standard","permutations","permlen",NA
"3355","15","4","STAN","ECR","standard","permutations","permlen",NA
"3356","16","4","STAN","ECR","standard","permutations","permlen",NA
"3357","17","4","STAN","ECR","standard","permutations","permlen",NA
"3358","18","4","STAN","ECR","standard","permutations","permlen",NA
"3359","19","4","STAN","ECR","standard","permutations","permlen",NA
"3360","20","4","STAN","ECR","standard","permutations","permlen",NA
"3361","1","5","STAN","ECR","standard","permutations","permlen",NA
"3362","2","5","STAN","ECR","standard","permutations","permlen",NA
"3363","3","5","STAN","ECR","standard","permutations","permlen",NA
"3364","4","5","STAN","ECR","standard","permutations","permlen",NA
"3365","5","5","STAN","ECR","standard","permutations","permlen",NA
"3366","6","5","STAN","ECR","standard","permutations","permlen",NA
"3367","7","5","STAN","ECR","standard","permutations","permlen",NA
"3368","8","5","STAN","ECR","standard","permutations","permlen",NA
"3369","9","5","STAN","ECR","standard","permutations","permlen",NA
"3370","10","5","STAN","ECR","standard","permutations","permlen",NA
"3371","11","5","STAN","ECR","standard","permutations","permlen",NA
"3372","12","5","STAN","ECR","standard","permutations","permlen",NA
"3373","13","5","STAN","ECR","standard","permutations","permlen",NA
"3374","14","5","STAN","ECR","standard","permutations","permlen",NA
"3375","15","5","STAN","ECR","standard","permutations","permlen",NA
"3376","16","5","STAN","ECR","standard","permutations","permlen",NA
"3377","17","5","STAN","ECR","standard","permutations","permlen",NA
"3378","18","5","STAN","ECR","standard","permutations","permlen",NA
"3379","19","5","STAN","ECR","standard","permutations","permlen",NA
"3380","20","5","STAN","ECR","standard","permutations","permlen",NA
"3381","1","6","STAN","ECR","standard","permutations","permlen",NA
"3382","2","6","STAN","ECR","standard","permutations","permlen",NA
"3383","3","6","STAN","ECR","standard","permutations","permlen",NA
"3384","4","6","STAN","ECR","standard","permutations","permlen",NA
"3385","5","6","STAN","ECR","standard","permutations","permlen",NA
"3386","6","6","STAN","ECR","standard","permutations","permlen",NA
"3387","7","6","STAN","ECR","standard","permutations","permlen",NA
"3388","8","6","STAN","ECR","standard","permutations","permlen",NA
"3389","9","6","STAN","ECR","standard","permutations","permlen",NA
"3390","10","6","STAN","ECR","standard","permutations","permlen",NA
"3391","11","6","STAN","ECR","standard","permutations","permlen",NA
"3392","12","6","STAN","ECR","standard","permutations","permlen",NA
"3393","13","6","STAN","ECR","standard","permutations","permlen",NA
"3394","14","6","STAN","ECR","standard","permutations","permlen",NA
"3395","15","6","STAN","ECR","standard","permutations","permlen",NA
"3396","16","6","STAN","ECR","standard","permutations","permlen",NA
"3397","17","6","STAN","ECR","standard","permutations","permlen",NA
"3398","18","6","STAN","ECR","standard","permutations","permlen",NA
"3399","19","6","STAN","ECR","standard","permutations","permlen",NA
"3400","20","6","STAN","ECR","standard","permutations","permlen",NA
"3401","1","2","JAGS","STEPHENS","standard","permutations","permlen","2"
"3402","2","2","JAGS","STEPHENS","standard","permutations","permlen","2"
"3403","3","2","JAGS","STEPHENS","standard","permutations","permlen","2"
"3404","4","2","JAGS","STEPHENS","standard","permutations","permlen","2"
"3405","5","2","JAGS","STEPHENS","standard","permutations","permlen","2"
"3406","6","2","JAGS","STEPHENS","standard","permutations","permlen","2"
"3407","7","2","JAGS","STEPHENS","standard","permutations","permlen","2"
"3408","8","2","JAGS","STEPHENS","standard","permutations","permlen","2"
"3409","9","2","JAGS","STEPHENS","standard","permutations","permlen","2"
"3410","10","2","JAGS","STEPHENS","standard","permutations","permlen","2"
"3411","11","2","JAGS","STEPHENS","standard","permutations","permlen","2"
"3412","12","2","JAGS","STEPHENS","standard","permutations","permlen","2"
"3413","13","2","JAGS","STEPHENS","standard","permutations","permlen","2"
"3414","14","2","JAGS","STEPHENS","standard","permutations","permlen","2"
"3415","15","2","JAGS","STEPHENS","standard","permutations","permlen","2"
"3416","16","2","JAGS","STEPHENS","standard","permutations","permlen","2"
"3417","17","2","JAGS","STEPHENS","standard","permutations","permlen","2"
"3418","18","2","JAGS","STEPHENS","standard","permutations","permlen","2"
"3419","19","2","JAGS","STEPHENS","standard","permutations","permlen","2"
"3420","20","2","JAGS","STEPHENS","standard","permutations","permlen","2"
"3421","1","3","JAGS","STEPHENS","standard","permutations","permlen","6"
"3422","2","3","JAGS","STEPHENS","standard","permutations","permlen","6"
"3423","3","3","JAGS","STEPHENS","standard","permutations","permlen","6"
"3424","4","3","JAGS","STEPHENS","standard","permutations","permlen","6"
"3425","5","3","JAGS","STEPHENS","standard","permutations","permlen","6"
"3426","6","3","JAGS","STEPHENS","standard","permutations","permlen","6"
"3427","7","3","JAGS","STEPHENS","standard","permutations","permlen","6"
"3428","8","3","JAGS","STEPHENS","standard","permutations","permlen","6"
"3429","9","3","JAGS","STEPHENS","standard","permutations","permlen","6"
"3430","10","3","JAGS","STEPHENS","standard","permutations","permlen","6"
"3431","11","3","JAGS","STEPHENS","standard","permutations","permlen","6"
"3432","12","3","JAGS","STEPHENS","standard","permutations","permlen","6"
"3433","13","3","JAGS","STEPHENS","standard","permutations","permlen","6"
"3434","14","3","JAGS","STEPHENS","standard","permutations","permlen","6"
"3435","15","3","JAGS","STEPHENS","standard","permutations","permlen","6"
"3436","16","3","JAGS","STEPHENS","standard","permutations","permlen","6"
"3437","17","3","JAGS","STEPHENS","standard","permutations","permlen","6"
"3438","18","3","JAGS","STEPHENS","standard","permutations","permlen","6"
"3439","19","3","JAGS","STEPHENS","standard","permutations","permlen","6"
"3440","20","3","JAGS","STEPHENS","standard","permutations","permlen","6"
"3441","1","4","JAGS","STEPHENS","standard","permutations","permlen","24"
"3442","2","4","JAGS","STEPHENS","standard","permutations","permlen","24"
"3443","3","4","JAGS","STEPHENS","standard","permutations","permlen","24"
"3444","4","4","JAGS","STEPHENS","standard","permutations","permlen","24"
"3445","5","4","JAGS","STEPHENS","standard","permutations","permlen","24"
"3446","6","4","JAGS","STEPHENS","standard","permutations","permlen","24"
"3447","7","4","JAGS","STEPHENS","standard","permutations","permlen","24"
"3448","8","4","JAGS","STEPHENS","standard","permutations","permlen","24"
"3449","9","4","JAGS","STEPHENS","standard","permutations","permlen","24"
"3450","10","4","JAGS","STEPHENS","standard","permutations","permlen","24"
"3451","11","4","JAGS","STEPHENS","standard","permutations","permlen","24"
"3452","12","4","JAGS","STEPHENS","standard","permutations","permlen","24"
"3453","13","4","JAGS","STEPHENS","standard","permutations","permlen","24"
"3454","14","4","JAGS","STEPHENS","standard","permutations","permlen","24"
"3455","15","4","JAGS","STEPHENS","standard","permutations","permlen","24"
"3456","16","4","JAGS","STEPHENS","standard","permutations","permlen","24"
"3457","17","4","JAGS","STEPHENS","standard","permutations","permlen","24"
"3458","18","4","JAGS","STEPHENS","standard","permutations","permlen","24"
"3459","19","4","JAGS","STEPHENS","standard","permutations","permlen","24"
"3460","20","4","JAGS","STEPHENS","standard","permutations","permlen","24"
"3461","1","5","JAGS","STEPHENS","standard","permutations","permlen","120"
"3462","2","5","JAGS","STEPHENS","standard","permutations","permlen","120"
"3463","3","5","JAGS","STEPHENS","standard","permutations","permlen","120"
"3464","4","5","JAGS","STEPHENS","standard","permutations","permlen","120"
"3465","5","5","JAGS","STEPHENS","standard","permutations","permlen","120"
"3466","6","5","JAGS","STEPHENS","standard","permutations","permlen","120"
"3467","7","5","JAGS","STEPHENS","standard","permutations","permlen","120"
"3468","8","5","JAGS","STEPHENS","standard","permutations","permlen","120"
"3469","9","5","JAGS","STEPHENS","standard","permutations","permlen","120"
"3470","10","5","JAGS","STEPHENS","standard","permutations","permlen","120"
"3471","11","5","JAGS","STEPHENS","standard","permutations","permlen","120"
"3472","12","5","JAGS","STEPHENS","standard","permutations","permlen","120"
"3473","13","5","JAGS","STEPHENS","standard","permutations","permlen","120"
"3474","14","5","JAGS","STEPHENS","standard","permutations","permlen","120"
"3475","15","5","JAGS","STEPHENS","standard","permutations","permlen","120"
"3476","16","5","JAGS","STEPHENS","standard","permutations","permlen","120"
"3477","17","5","JAGS","STEPHENS","standard","permutations","permlen","120"
"3478","18","5","JAGS","STEPHENS","standard","permutations","permlen","120"
"3479","19","5","JAGS","STEPHENS","standard","permutations","permlen","120"
"3480","20","5","JAGS","STEPHENS","standard","permutations","permlen","120"
"3481","1","6","JAGS","STEPHENS","standard","permutations","permlen","720"
"3482","2","6","JAGS","STEPHENS","standard","permutations","permlen","720"
"3483","3","6","JAGS","STEPHENS","standard","permutations","permlen","720"
"3484","4","6","JAGS","STEPHENS","standard","permutations","permlen","720"
"3485","5","6","JAGS","STEPHENS","standard","permutations","permlen","720"
"3486","6","6","JAGS","STEPHENS","standard","permutations","permlen","720"
"3487","7","6","JAGS","STEPHENS","standard","permutations","permlen","720"
"3488","8","6","JAGS","STEPHENS","standard","permutations","permlen","720"
"3489","9","6","JAGS","STEPHENS","standard","permutations","permlen","720"
"3490","10","6","JAGS","STEPHENS","standard","permutations","permlen","720"
"3491","11","6","JAGS","STEPHENS","standard","permutations","permlen","720"
"3492","12","6","JAGS","STEPHENS","standard","permutations","permlen","720"
"3493","13","6","JAGS","STEPHENS","standard","permutations","permlen","720"
"3494","14","6","JAGS","STEPHENS","standard","permutations","permlen","720"
"3495","15","6","JAGS","STEPHENS","standard","permutations","permlen","720"
"3496","16","6","JAGS","STEPHENS","standard","permutations","permlen","720"
"3497","17","6","JAGS","STEPHENS","standard","permutations","permlen","720"
"3498","18","6","JAGS","STEPHENS","standard","permutations","permlen","720"
"3499","19","6","JAGS","STEPHENS","standard","permutations","permlen","720"
"3500","20","6","JAGS","STEPHENS","standard","permutations","permlen","720"
"3501","1","2","STAN","STEPHENS","standard","permutations","permlen","2"
"3502","2","2","STAN","STEPHENS","standard","permutations","permlen","2"
"3503","3","2","STAN","STEPHENS","standard","permutations","permlen","2"
"3504","4","2","STAN","STEPHENS","standard","permutations","permlen","2"
"3505","5","2","STAN","STEPHENS","standard","permutations","permlen","2"
"3506","6","2","STAN","STEPHENS","standard","permutations","permlen","2"
"3507","7","2","STAN","STEPHENS","standard","permutations","permlen","2"
"3508","8","2","STAN","STEPHENS","standard","permutations","permlen","2"
"3509","9","2","STAN","STEPHENS","standard","permutations","permlen","2"
"3510","10","2","STAN","STEPHENS","standard","permutations","permlen","2"
"3511","11","2","STAN","STEPHENS","standard","permutations","permlen","2"
"3512","12","2","STAN","STEPHENS","standard","permutations","permlen","2"
"3513","13","2","STAN","STEPHENS","standard","permutations","permlen","2"
"3514","14","2","STAN","STEPHENS","standard","permutations","permlen","2"
"3515","15","2","STAN","STEPHENS","standard","permutations","permlen","2"
"3516","16","2","STAN","STEPHENS","standard","permutations","permlen","2"
"3517","17","2","STAN","STEPHENS","standard","permutations","permlen","2"
"3518","18","2","STAN","STEPHENS","standard","permutations","permlen","2"
"3519","19","2","STAN","STEPHENS","standard","permutations","permlen","2"
"3520","20","2","STAN","STEPHENS","standard","permutations","permlen","2"
"3521","1","3","STAN","STEPHENS","standard","permutations","permlen","6"
"3522","2","3","STAN","STEPHENS","standard","permutations","permlen","6"
"3523","3","3","STAN","STEPHENS","standard","permutations","permlen","6"
"3524","4","3","STAN","STEPHENS","standard","permutations","permlen","6"
"3525","5","3","STAN","STEPHENS","standard","permutations","permlen","6"
"3526","6","3","STAN","STEPHENS","standard","permutations","permlen","6"
"3527","7","3","STAN","STEPHENS","standard","permutations","permlen","6"
"3528","8","3","STAN","STEPHENS","standard","permutations","permlen","6"
"3529","9","3","STAN","STEPHENS","standard","permutations","permlen","6"
"3530","10","3","STAN","STEPHENS","standard","permutations","permlen","6"
"3531","11","3","STAN","STEPHENS","standard","permutations","permlen","6"
"3532","12","3","STAN","STEPHENS","standard","permutations","permlen","6"
"3533","13","3","STAN","STEPHENS","standard","permutations","permlen","6"
"3534","14","3","STAN","STEPHENS","standard","permutations","permlen","6"
"3535","15","3","STAN","STEPHENS","standard","permutations","permlen","6"
"3536","16","3","STAN","STEPHENS","standard","permutations","permlen","6"
"3537","17","3","STAN","STEPHENS","standard","permutations","permlen","6"
"3538","18","3","STAN","STEPHENS","standard","permutations","permlen","6"
"3539","19","3","STAN","STEPHENS","standard","permutations","permlen","6"
"3540","20","3","STAN","STEPHENS","standard","permutations","permlen","6"
"3541","1","4","STAN","STEPHENS","standard","permutations","permlen","24"
"3542","2","4","STAN","STEPHENS","standard","permutations","permlen","24"
"3543","3","4","STAN","STEPHENS","standard","permutations","permlen","24"
"3544","4","4","STAN","STEPHENS","standard","permutations","permlen","24"
"3545","5","4","STAN","STEPHENS","standard","permutations","permlen","24"
"3546","6","4","STAN","STEPHENS","standard","permutations","permlen","24"
"3547","7","4","STAN","STEPHENS","standard","permutations","permlen","24"
"3548","8","4","STAN","STEPHENS","standard","permutations","permlen","24"
"3549","9","4","STAN","STEPHENS","standard","permutations","permlen","24"
"3550","10","4","STAN","STEPHENS","standard","permutations","permlen","24"
"3551","11","4","STAN","STEPHENS","standard","permutations","permlen","24"
"3552","12","4","STAN","STEPHENS","standard","permutations","permlen","24"
"3553","13","4","STAN","STEPHENS","standard","permutations","permlen","24"
"3554","14","4","STAN","STEPHENS","standard","permutations","permlen","24"
"3555","15","4","STAN","STEPHENS","standard","permutations","permlen","24"
"3556","16","4","STAN","STEPHENS","standard","permutations","permlen","24"
"3557","17","4","STAN","STEPHENS","standard","permutations","permlen","24"
"3558","18","4","STAN","STEPHENS","standard","permutations","permlen","24"
"3559","19","4","STAN","STEPHENS","standard","permutations","permlen","24"
"3560","20","4","STAN","STEPHENS","standard","permutations","permlen","24"
"3561","1","5","STAN","STEPHENS","standard","permutations","permlen","120"
"3562","2","5","STAN","STEPHENS","standard","permutations","permlen","120"
"3563","3","5","STAN","STEPHENS","standard","permutations","permlen","120"
"3564","4","5","STAN","STEPHENS","standard","permutations","permlen","120"
"3565","5","5","STAN","STEPHENS","standard","permutations","permlen","120"
"3566","6","5","STAN","STEPHENS","standard","permutations","permlen","120"
"3567","7","5","STAN","STEPHENS","standard","permutations","permlen","120"
"3568","8","5","STAN","STEPHENS","standard","permutations","permlen","120"
"3569","9","5","STAN","STEPHENS","standard","permutations","permlen","120"
"3570","10","5","STAN","STEPHENS","standard","permutations","permlen","120"
"3571","11","5","STAN","STEPHENS","standard","permutations","permlen","120"
"3572","12","5","STAN","STEPHENS","standard","permutations","permlen","120"
"3573","13","5","STAN","STEPHENS","standard","permutations","permlen","120"
"3574","14","5","STAN","STEPHENS","standard","permutations","permlen","120"
"3575","15","5","STAN","STEPHENS","standard","permutations","permlen","120"
"3576","16","5","STAN","STEPHENS","standard","permutations","permlen","120"
"3577","17","5","STAN","STEPHENS","standard","permutations","permlen","120"
"3578","18","5","STAN","STEPHENS","standard","permutations","permlen","120"
"3579","19","5","STAN","STEPHENS","standard","permutations","permlen","120"
"3580","20","5","STAN","STEPHENS","standard","permutations","permlen","120"
"3581","1","6","STAN","STEPHENS","standard","permutations","permlen","720"
"3582","2","6","STAN","STEPHENS","standard","permutations","permlen","720"
"3583","3","6","STAN","STEPHENS","standard","permutations","permlen","720"
"3584","4","6","STAN","STEPHENS","standard","permutations","permlen","720"
"3585","5","6","STAN","STEPHENS","standard","permutations","permlen","720"
"3586","6","6","STAN","STEPHENS","standard","permutations","permlen","720"
"3587","7","6","STAN","STEPHENS","standard","permutations","permlen","720"
"3588","8","6","STAN","STEPHENS","standard","permutations","permlen","720"
"3589","9","6","STAN","STEPHENS","standard","permutations","permlen","720"
"3590","10","6","STAN","STEPHENS","standard","permutations","permlen","720"
"3591","11","6","STAN","STEPHENS","standard","permutations","permlen","720"
"3592","12","6","STAN","STEPHENS","standard","permutations","permlen","720"
"3593","13","6","STAN","STEPHENS","standard","permutations","permlen","720"
"3594","14","6","STAN","STEPHENS","standard","permutations","permlen","720"
"3595","15","6","STAN","STEPHENS","standard","permutations","permlen","720"
"3596","16","6","STAN","STEPHENS","standard","permutations","permlen","720"
"3597","17","6","STAN","STEPHENS","standard","permutations","permlen","720"
"3598","18","6","STAN","STEPHENS","standard","permutations","permlen","720"
"3599","19","6","STAN","STEPHENS","standard","permutations","permlen","720"
"3600","20","6","STAN","STEPHENS","standard","permutations","permlen","720"
"3601","1","2","JAGS","ECR","standard","simple","permlen","1"
"3602","2","2","JAGS","ECR","standard","simple","permlen","1"
"3603","3","2","JAGS","ECR","standard","simple","permlen","1"
"3604","4","2","JAGS","ECR","standard","simple","permlen","1"
"3605","5","2","JAGS","ECR","standard","simple","permlen","1"
"3606","6","2","JAGS","ECR","standard","simple","permlen","1"
"3607","7","2","JAGS","ECR","standard","simple","permlen","1"
"3608","8","2","JAGS","ECR","standard","simple","permlen","1"
"3609","9","2","JAGS","ECR","standard","simple","permlen","1"
"3610","10","2","JAGS","ECR","standard","simple","permlen","1"
"3611","11","2","JAGS","ECR","standard","simple","permlen","1"
"3612","12","2","JAGS","ECR","standard","simple","permlen","1"
"3613","13","2","JAGS","ECR","standard","simple","permlen","1"
"3614","14","2","JAGS","ECR","standard","simple","permlen","1"
"3615","15","2","JAGS","ECR","standard","simple","permlen","1"
"3616","16","2","JAGS","ECR","standard","simple","permlen","1"
"3617","17","2","JAGS","ECR","standard","simple","permlen","1"
"3618","18","2","JAGS","ECR","standard","simple","permlen","1"
"3619","19","2","JAGS","ECR","standard","simple","permlen","1"
"3620","20","2","JAGS","ECR","standard","simple","permlen","1"
"3621","1","3","JAGS","ECR","standard","simple","permlen","6"
"3622","2","3","JAGS","ECR","standard","simple","permlen","3"
"3623","3","3","JAGS","ECR","standard","simple","permlen","3"
"3624","4","3","JAGS","ECR","standard","simple","permlen","2"
"3625","5","3","JAGS","ECR","standard","simple","permlen","3"
"3626","6","3","JAGS","ECR","standard","simple","permlen","2"
"3627","7","3","JAGS","ECR","standard","simple","permlen","3"
"3628","8","3","JAGS","ECR","standard","simple","permlen","6"
"3629","9","3","JAGS","ECR","standard","simple","permlen","2"
"3630","10","3","JAGS","ECR","standard","simple","permlen","2"
"3631","11","3","JAGS","ECR","standard","simple","permlen","2"
"3632","12","3","JAGS","ECR","standard","simple","permlen","3"
"3633","13","3","JAGS","ECR","standard","simple","permlen","3"
"3634","14","3","JAGS","ECR","standard","simple","permlen","3"
"3635","15","3","JAGS","ECR","standard","simple","permlen","3"
"3636","16","3","JAGS","ECR","standard","simple","permlen","3"
"3637","17","3","JAGS","ECR","standard","simple","permlen","2"
"3638","18","3","JAGS","ECR","standard","simple","permlen","3"
"3639","19","3","JAGS","ECR","standard","simple","permlen","3"
"3640","20","3","JAGS","ECR","standard","simple","permlen","6"
"3641","1","4","JAGS","ECR","standard","simple","permlen","12"
"3642","2","4","JAGS","ECR","standard","simple","permlen","12"
"3643","3","4","JAGS","ECR","standard","simple","permlen","12"
"3644","4","4","JAGS","ECR","standard","simple","permlen","12"
"3645","5","4","JAGS","ECR","standard","simple","permlen","12"
"3646","6","4","JAGS","ECR","standard","simple","permlen","12"
"3647","7","4","JAGS","ECR","standard","simple","permlen","12"
"3648","8","4","JAGS","ECR","standard","simple","permlen","12"
"3649","9","4","JAGS","ECR","standard","simple","permlen","12"
"3650","10","4","JAGS","ECR","standard","simple","permlen","8"
"3651","11","4","JAGS","ECR","standard","simple","permlen","12"
"3652","12","4","JAGS","ECR","standard","simple","permlen","12"
"3653","13","4","JAGS","ECR","standard","simple","permlen","12"
"3654","14","4","JAGS","ECR","standard","simple","permlen","12"
"3655","15","4","JAGS","ECR","standard","simple","permlen","12"
"3656","16","4","JAGS","ECR","standard","simple","permlen","12"
"3657","17","4","JAGS","ECR","standard","simple","permlen","8"
"3658","18","4","JAGS","ECR","standard","simple","permlen","12"
"3659","19","4","JAGS","ECR","standard","simple","permlen","12"
"3660","20","4","JAGS","ECR","standard","simple","permlen","12"
"3661","1","5","JAGS","ECR","standard","simple","permlen","30"
"3662","2","5","JAGS","ECR","standard","simple","permlen","60"
"3663","3","5","JAGS","ECR","standard","simple","permlen","60"
"3664","4","5","JAGS","ECR","standard","simple","permlen","30"
"3665","5","5","JAGS","ECR","standard","simple","permlen","15"
"3666","6","5","JAGS","ECR","standard","simple","permlen","18"
"3667","7","5","JAGS","ECR","standard","simple","permlen","30"
"3668","8","5","JAGS","ECR","standard","simple","permlen","60"
"3669","9","5","JAGS","ECR","standard","simple","permlen","60"
"3670","10","5","JAGS","ECR","standard","simple","permlen","40"
"3671","11","5","JAGS","ECR","standard","simple","permlen","60"
"3672","12","5","JAGS","ECR","standard","simple","permlen","30"
"3673","13","5","JAGS","ECR","standard","simple","permlen","30"
"3674","14","5","JAGS","ECR","standard","simple","permlen","60"
"3675","15","5","JAGS","ECR","standard","simple","permlen","60"
"3676","16","5","JAGS","ECR","standard","simple","permlen","30"
"3677","17","5","JAGS","ECR","standard","simple","permlen","40"
"3678","18","5","JAGS","ECR","standard","simple","permlen","15"
"3679","19","5","JAGS","ECR","standard","simple","permlen","30"
"3680","20","5","JAGS","ECR","standard","simple","permlen","24"
"3681","1","6","JAGS","ECR","standard","simple","permlen","84"
"3682","2","6","JAGS","ECR","standard","simple","permlen","144"
"3683","3","6","JAGS","ECR","standard","simple","permlen","108"
"3684","4","6","JAGS","ECR","standard","simple","permlen","360"
"3685","5","6","JAGS","ECR","standard","simple","permlen","240"
"3686","6","6","JAGS","ECR","standard","simple","permlen","180"
"3687","7","6","JAGS","ECR","standard","simple","permlen","240"
"3688","8","6","JAGS","ECR","standard","simple","permlen","360"
"3689","9","6","JAGS","ECR","standard","simple","permlen","720"
"3690","10","6","JAGS","ECR","standard","simple","permlen","120"
"3691","11","6","JAGS","ECR","standard","simple","permlen","720"
"3692","12","6","JAGS","ECR","standard","simple","permlen","72"
"3693","13","6","JAGS","ECR","standard","simple","permlen","240"
"3694","14","6","JAGS","ECR","standard","simple","permlen","144"
"3695","15","6","JAGS","ECR","standard","simple","permlen","360"
"3696","16","6","JAGS","ECR","standard","simple","permlen","360"
"3697","17","6","JAGS","ECR","standard","simple","permlen","360"
"3698","18","6","JAGS","ECR","standard","simple","permlen","360"
"3699","19","6","JAGS","ECR","standard","simple","permlen","360"
"3700","20","6","JAGS","ECR","standard","simple","permlen","144"
"3701","1","2","STAN","ECR","standard","simple","permlen",NA
"3702","2","2","STAN","ECR","standard","simple","permlen",NA
"3703","3","2","STAN","ECR","standard","simple","permlen",NA
"3704","4","2","STAN","ECR","standard","simple","permlen",NA
"3705","5","2","STAN","ECR","standard","simple","permlen",NA
"3706","6","2","STAN","ECR","standard","simple","permlen",NA
"3707","7","2","STAN","ECR","standard","simple","permlen",NA
"3708","8","2","STAN","ECR","standard","simple","permlen",NA
"3709","9","2","STAN","ECR","standard","simple","permlen",NA
"3710","10","2","STAN","ECR","standard","simple","permlen",NA
"3711","11","2","STAN","ECR","standard","simple","permlen",NA
"3712","12","2","STAN","ECR","standard","simple","permlen",NA
"3713","13","2","STAN","ECR","standard","simple","permlen",NA
"3714","14","2","STAN","ECR","standard","simple","permlen",NA
"3715","15","2","STAN","ECR","standard","simple","permlen",NA
"3716","16","2","STAN","ECR","standard","simple","permlen",NA
"3717","17","2","STAN","ECR","standard","simple","permlen",NA
"3718","18","2","STAN","ECR","standard","simple","permlen",NA
"3719","19","2","STAN","ECR","standard","simple","permlen",NA
"3720","20","2","STAN","ECR","standard","simple","permlen",NA
"3721","1","3","STAN","ECR","standard","simple","permlen",NA
"3722","2","3","STAN","ECR","standard","simple","permlen",NA
"3723","3","3","STAN","ECR","standard","simple","permlen",NA
"3724","4","3","STAN","ECR","standard","simple","permlen",NA
"3725","5","3","STAN","ECR","standard","simple","permlen",NA
"3726","6","3","STAN","ECR","standard","simple","permlen",NA
"3727","7","3","STAN","ECR","standard","simple","permlen",NA
"3728","8","3","STAN","ECR","standard","simple","permlen",NA
"3729","9","3","STAN","ECR","standard","simple","permlen",NA
"3730","10","3","STAN","ECR","standard","simple","permlen",NA
"3731","11","3","STAN","ECR","standard","simple","permlen",NA
"3732","12","3","STAN","ECR","standard","simple","permlen",NA
"3733","13","3","STAN","ECR","standard","simple","permlen",NA
"3734","14","3","STAN","ECR","standard","simple","permlen",NA
"3735","15","3","STAN","ECR","standard","simple","permlen",NA
"3736","16","3","STAN","ECR","standard","simple","permlen",NA
"3737","17","3","STAN","ECR","standard","simple","permlen",NA
"3738","18","3","STAN","ECR","standard","simple","permlen",NA
"3739","19","3","STAN","ECR","standard","simple","permlen",NA
"3740","20","3","STAN","ECR","standard","simple","permlen",NA
"3741","1","4","STAN","ECR","standard","simple","permlen",NA
"3742","2","4","STAN","ECR","standard","simple","permlen",NA
"3743","3","4","STAN","ECR","standard","simple","permlen",NA
"3744","4","4","STAN","ECR","standard","simple","permlen",NA
"3745","5","4","STAN","ECR","standard","simple","permlen",NA
"3746","6","4","STAN","ECR","standard","simple","permlen",NA
"3747","7","4","STAN","ECR","standard","simple","permlen",NA
"3748","8","4","STAN","ECR","standard","simple","permlen",NA
"3749","9","4","STAN","ECR","standard","simple","permlen",NA
"3750","10","4","STAN","ECR","standard","simple","permlen",NA
"3751","11","4","STAN","ECR","standard","simple","permlen",NA
"3752","12","4","STAN","ECR","standard","simple","permlen",NA
"3753","13","4","STAN","ECR","standard","simple","permlen",NA
"3754","14","4","STAN","ECR","standard","simple","permlen",NA
"3755","15","4","STAN","ECR","standard","simple","permlen",NA
"3756","16","4","STAN","ECR","standard","simple","permlen",NA
"3757","17","4","STAN","ECR","standard","simple","permlen",NA
"3758","18","4","STAN","ECR","standard","simple","permlen",NA
"3759","19","4","STAN","ECR","standard","simple","permlen",NA
"3760","20","4","STAN","ECR","standard","simple","permlen",NA
"3761","1","5","STAN","ECR","standard","simple","permlen",NA
"3762","2","5","STAN","ECR","standard","simple","permlen",NA
"3763","3","5","STAN","ECR","standard","simple","permlen",NA
"3764","4","5","STAN","ECR","standard","simple","permlen",NA
"3765","5","5","STAN","ECR","standard","simple","permlen",NA
"3766","6","5","STAN","ECR","standard","simple","permlen",NA
"3767","7","5","STAN","ECR","standard","simple","permlen",NA
"3768","8","5","STAN","ECR","standard","simple","permlen",NA
"3769","9","5","STAN","ECR","standard","simple","permlen",NA
"3770","10","5","STAN","ECR","standard","simple","permlen",NA
"3771","11","5","STAN","ECR","standard","simple","permlen",NA
"3772","12","5","STAN","ECR","standard","simple","permlen",NA
"3773","13","5","STAN","ECR","standard","simple","permlen",NA
"3774","14","5","STAN","ECR","standard","simple","permlen",NA
"3775","15","5","STAN","ECR","standard","simple","permlen",NA
"3776","16","5","STAN","ECR","standard","simple","permlen",NA
"3777","17","5","STAN","ECR","standard","simple","permlen",NA
"3778","18","5","STAN","ECR","standard","simple","permlen",NA
"3779","19","5","STAN","ECR","standard","simple","permlen",NA
"3780","20","5","STAN","ECR","standard","simple","permlen",NA
"3781","1","6","STAN","ECR","standard","simple","permlen",NA
"3782","2","6","STAN","ECR","standard","simple","permlen",NA
"3783","3","6","STAN","ECR","standard","simple","permlen",NA
"3784","4","6","STAN","ECR","standard","simple","permlen",NA
"3785","5","6","STAN","ECR","standard","simple","permlen",NA
"3786","6","6","STAN","ECR","standard","simple","permlen",NA
"3787","7","6","STAN","ECR","standard","simple","permlen",NA
"3788","8","6","STAN","ECR","standard","simple","permlen",NA
"3789","9","6","STAN","ECR","standard","simple","permlen",NA
"3790","10","6","STAN","ECR","standard","simple","permlen",NA
"3791","11","6","STAN","ECR","standard","simple","permlen",NA
"3792","12","6","STAN","ECR","standard","simple","permlen",NA
"3793","13","6","STAN","ECR","standard","simple","permlen",NA
"3794","14","6","STAN","ECR","standard","simple","permlen",NA
"3795","15","6","STAN","ECR","standard","simple","permlen",NA
"3796","16","6","STAN","ECR","standard","simple","permlen",NA
"3797","17","6","STAN","ECR","standard","simple","permlen",NA
"3798","18","6","STAN","ECR","standard","simple","permlen",NA
"3799","19","6","STAN","ECR","standard","simple","permlen",NA
"3800","20","6","STAN","ECR","standard","simple","permlen",NA
"3801","1","2","JAGS","STEPHENS","standard","simple","permlen","1"
"3802","2","2","JAGS","STEPHENS","standard","simple","permlen","1"
"3803","3","2","JAGS","STEPHENS","standard","simple","permlen","1"
"3804","4","2","JAGS","STEPHENS","standard","simple","permlen","1"
"3805","5","2","JAGS","STEPHENS","standard","simple","permlen","1"
"3806","6","2","JAGS","STEPHENS","standard","simple","permlen","1"
"3807","7","2","JAGS","STEPHENS","standard","simple","permlen","1"
"3808","8","2","JAGS","STEPHENS","standard","simple","permlen","1"
"3809","9","2","JAGS","STEPHENS","standard","simple","permlen","1"
"3810","10","2","JAGS","STEPHENS","standard","simple","permlen","1"
"3811","11","2","JAGS","STEPHENS","standard","simple","permlen","1"
"3812","12","2","JAGS","STEPHENS","standard","simple","permlen","1"
"3813","13","2","JAGS","STEPHENS","standard","simple","permlen","1"
"3814","14","2","JAGS","STEPHENS","standard","simple","permlen","1"
"3815","15","2","JAGS","STEPHENS","standard","simple","permlen","1"
"3816","16","2","JAGS","STEPHENS","standard","simple","permlen","1"
"3817","17","2","JAGS","STEPHENS","standard","simple","permlen","1"
"3818","18","2","JAGS","STEPHENS","standard","simple","permlen","1"
"3819","19","2","JAGS","STEPHENS","standard","simple","permlen","1"
"3820","20","2","JAGS","STEPHENS","standard","simple","permlen","1"
"3821","1","3","JAGS","STEPHENS","standard","simple","permlen","6"
"3822","2","3","JAGS","STEPHENS","standard","simple","permlen","6"
"3823","3","3","JAGS","STEPHENS","standard","simple","permlen","3"
"3824","4","3","JAGS","STEPHENS","standard","simple","permlen","6"
"3825","5","3","JAGS","STEPHENS","standard","simple","permlen","2"
"3826","6","3","JAGS","STEPHENS","standard","simple","permlen","2"
"3827","7","3","JAGS","STEPHENS","standard","simple","permlen","2"
"3828","8","3","JAGS","STEPHENS","standard","simple","permlen","3"
"3829","9","3","JAGS","STEPHENS","standard","simple","permlen","2"
"3830","10","3","JAGS","STEPHENS","standard","simple","permlen","2"
"3831","11","3","JAGS","STEPHENS","standard","simple","permlen","6"
"3832","12","3","JAGS","STEPHENS","standard","simple","permlen","6"
"3833","13","3","JAGS","STEPHENS","standard","simple","permlen","2"
"3834","14","3","JAGS","STEPHENS","standard","simple","permlen","6"
"3835","15","3","JAGS","STEPHENS","standard","simple","permlen","3"
"3836","16","3","JAGS","STEPHENS","standard","simple","permlen","6"
"3837","17","3","JAGS","STEPHENS","standard","simple","permlen","6"
"3838","18","3","JAGS","STEPHENS","standard","simple","permlen","2"
"3839","19","3","JAGS","STEPHENS","standard","simple","permlen","2"
"3840","20","3","JAGS","STEPHENS","standard","simple","permlen","3"
"3841","1","4","JAGS","STEPHENS","standard","simple","permlen","8"
"3842","2","4","JAGS","STEPHENS","standard","simple","permlen","12"
"3843","3","4","JAGS","STEPHENS","standard","simple","permlen","8"
"3844","4","4","JAGS","STEPHENS","standard","simple","permlen","8"
"3845","5","4","JAGS","STEPHENS","standard","simple","permlen","24"
"3846","6","4","JAGS","STEPHENS","standard","simple","permlen","12"
"3847","7","4","JAGS","STEPHENS","standard","simple","permlen","8"
"3848","8","4","JAGS","STEPHENS","standard","simple","permlen","8"
"3849","9","4","JAGS","STEPHENS","standard","simple","permlen","12"
"3850","10","4","JAGS","STEPHENS","standard","simple","permlen","5"
"3851","11","4","JAGS","STEPHENS","standard","simple","permlen","8"
"3852","12","4","JAGS","STEPHENS","standard","simple","permlen","12"
"3853","13","4","JAGS","STEPHENS","standard","simple","permlen","8"
"3854","14","4","JAGS","STEPHENS","standard","simple","permlen","8"
"3855","15","4","JAGS","STEPHENS","standard","simple","permlen","12"
"3856","16","4","JAGS","STEPHENS","standard","simple","permlen","8"
"3857","17","4","JAGS","STEPHENS","standard","simple","permlen","8"
"3858","18","4","JAGS","STEPHENS","standard","simple","permlen","24"
"3859","19","4","JAGS","STEPHENS","standard","simple","permlen","8"
"3860","20","4","JAGS","STEPHENS","standard","simple","permlen","8"
"3861","1","5","JAGS","STEPHENS","standard","simple","permlen","120"
"3862","2","5","JAGS","STEPHENS","standard","simple","permlen","40"
"3863","3","5","JAGS","STEPHENS","standard","simple","permlen","60"
"3864","4","5","JAGS","STEPHENS","standard","simple","permlen","60"
"3865","5","5","JAGS","STEPHENS","standard","simple","permlen","60"
"3866","6","5","JAGS","STEPHENS","standard","simple","permlen","40"
"3867","7","5","JAGS","STEPHENS","standard","simple","permlen","60"
"3868","8","5","JAGS","STEPHENS","standard","simple","permlen","30"
"3869","9","5","JAGS","STEPHENS","standard","simple","permlen","40"
"3870","10","5","JAGS","STEPHENS","standard","simple","permlen","30"
"3871","11","5","JAGS","STEPHENS","standard","simple","permlen","15"
"3872","12","5","JAGS","STEPHENS","standard","simple","permlen","15"
"3873","13","5","JAGS","STEPHENS","standard","simple","permlen","40"
"3874","14","5","JAGS","STEPHENS","standard","simple","permlen","60"
"3875","15","5","JAGS","STEPHENS","standard","simple","permlen","15"
"3876","16","5","JAGS","STEPHENS","standard","simple","permlen","120"
"3877","17","5","JAGS","STEPHENS","standard","simple","permlen","60"
"3878","18","5","JAGS","STEPHENS","standard","simple","permlen","11"
"3879","19","5","JAGS","STEPHENS","standard","simple","permlen","40"
"3880","20","5","JAGS","STEPHENS","standard","simple","permlen","40"
"3881","1","6","JAGS","STEPHENS","standard","simple","permlen","52"
"3882","2","6","JAGS","STEPHENS","standard","simple","permlen","360"
"3883","3","6","JAGS","STEPHENS","standard","simple","permlen","240"
"3884","4","6","JAGS","STEPHENS","standard","simple","permlen","240"
"3885","5","6","JAGS","STEPHENS","standard","simple","permlen","72"
"3886","6","6","JAGS","STEPHENS","standard","simple","permlen","240"
"3887","7","6","JAGS","STEPHENS","standard","simple","permlen","180"
"3888","8","6","JAGS","STEPHENS","standard","simple","permlen","144"
"3889","9","6","JAGS","STEPHENS","standard","simple","permlen","360"
"3890","10","6","JAGS","STEPHENS","standard","simple","permlen","120"
"3891","11","6","JAGS","STEPHENS","standard","simple","permlen","240"
"3892","12","6","JAGS","STEPHENS","standard","simple","permlen","144"
"3893","13","6","JAGS","STEPHENS","standard","simple","permlen","144"
"3894","14","6","JAGS","STEPHENS","standard","simple","permlen","72"
"3895","15","6","JAGS","STEPHENS","standard","simple","permlen","360"
"3896","16","6","JAGS","STEPHENS","standard","simple","permlen","360"
"3897","17","6","JAGS","STEPHENS","standard","simple","permlen","360"
"3898","18","6","JAGS","STEPHENS","standard","simple","permlen","240"
"3899","19","6","JAGS","STEPHENS","standard","simple","permlen","60"
"3900","20","6","JAGS","STEPHENS","standard","simple","permlen","144"
"3901","1","2","STAN","STEPHENS","standard","simple","permlen","1"
"3902","2","2","STAN","STEPHENS","standard","simple","permlen","1"
"3903","3","2","STAN","STEPHENS","standard","simple","permlen","1"
"3904","4","2","STAN","STEPHENS","standard","simple","permlen","1"
"3905","5","2","STAN","STEPHENS","standard","simple","permlen","1"
"3906","6","2","STAN","STEPHENS","standard","simple","permlen","1"
"3907","7","2","STAN","STEPHENS","standard","simple","permlen","1"
"3908","8","2","STAN","STEPHENS","standard","simple","permlen","1"
"3909","9","2","STAN","STEPHENS","standard","simple","permlen","1"
"3910","10","2","STAN","STEPHENS","standard","simple","permlen","1"
"3911","11","2","STAN","STEPHENS","standard","simple","permlen","1"
"3912","12","2","STAN","STEPHENS","standard","simple","permlen","1"
"3913","13","2","STAN","STEPHENS","standard","simple","permlen","1"
"3914","14","2","STAN","STEPHENS","standard","simple","permlen","1"
"3915","15","2","STAN","STEPHENS","standard","simple","permlen","1"
"3916","16","2","STAN","STEPHENS","standard","simple","permlen","1"
"3917","17","2","STAN","STEPHENS","standard","simple","permlen","1"
"3918","18","2","STAN","STEPHENS","standard","simple","permlen","1"
"3919","19","2","STAN","STEPHENS","standard","simple","permlen","1"
"3920","20","2","STAN","STEPHENS","standard","simple","permlen","1"
"3921","1","3","STAN","STEPHENS","standard","simple","permlen","2"
"3922","2","3","STAN","STEPHENS","standard","simple","permlen","6"
"3923","3","3","STAN","STEPHENS","standard","simple","permlen","2"
"3924","4","3","STAN","STEPHENS","standard","simple","permlen","3"
"3925","5","3","STAN","STEPHENS","standard","simple","permlen","3"
"3926","6","3","STAN","STEPHENS","standard","simple","permlen","3"
"3927","7","3","STAN","STEPHENS","standard","simple","permlen","2"
"3928","8","3","STAN","STEPHENS","standard","simple","permlen","6"
"3929","9","3","STAN","STEPHENS","standard","simple","permlen","2"
"3930","10","3","STAN","STEPHENS","standard","simple","permlen","2"
"3931","11","3","STAN","STEPHENS","standard","simple","permlen","2"
"3932","12","3","STAN","STEPHENS","standard","simple","permlen","6"
"3933","13","3","STAN","STEPHENS","standard","simple","permlen","2"
"3934","14","3","STAN","STEPHENS","standard","simple","permlen","2"
"3935","15","3","STAN","STEPHENS","standard","simple","permlen","1"
"3936","16","3","STAN","STEPHENS","standard","simple","permlen","2"
"3937","17","3","STAN","STEPHENS","standard","simple","permlen","2"
"3938","18","3","STAN","STEPHENS","standard","simple","permlen","2"
"3939","19","3","STAN","STEPHENS","standard","simple","permlen","2"
"3940","20","3","STAN","STEPHENS","standard","simple","permlen","2"
"3941","1","4","STAN","STEPHENS","standard","simple","permlen","8"
"3942","2","4","STAN","STEPHENS","standard","simple","permlen","12"
"3943","3","4","STAN","STEPHENS","standard","simple","permlen","8"
"3944","4","4","STAN","STEPHENS","standard","simple","permlen","8"
"3945","5","4","STAN","STEPHENS","standard","simple","permlen","8"
"3946","6","4","STAN","STEPHENS","standard","simple","permlen","24"
"3947","7","4","STAN","STEPHENS","standard","simple","permlen","8"
"3948","8","4","STAN","STEPHENS","standard","simple","permlen","8"
"3949","9","4","STAN","STEPHENS","standard","simple","permlen","8"
"3950","10","4","STAN","STEPHENS","standard","simple","permlen","8"
"3951","11","4","STAN","STEPHENS","standard","simple","permlen","8"
"3952","12","4","STAN","STEPHENS","standard","simple","permlen","8"
"3953","13","4","STAN","STEPHENS","standard","simple","permlen","8"
"3954","14","4","STAN","STEPHENS","standard","simple","permlen","8"
"3955","15","4","STAN","STEPHENS","standard","simple","permlen","8"
"3956","16","4","STAN","STEPHENS","standard","simple","permlen","8"
"3957","17","4","STAN","STEPHENS","standard","simple","permlen","8"
"3958","18","4","STAN","STEPHENS","standard","simple","permlen","8"
"3959","19","4","STAN","STEPHENS","standard","simple","permlen","8"
"3960","20","4","STAN","STEPHENS","standard","simple","permlen","8"
"3961","1","5","STAN","STEPHENS","standard","simple","permlen","11"
"3962","2","5","STAN","STEPHENS","standard","simple","permlen","24"
"3963","3","5","STAN","STEPHENS","standard","simple","permlen","40"
"3964","4","5","STAN","STEPHENS","standard","simple","permlen","30"
"3965","5","5","STAN","STEPHENS","standard","simple","permlen","30"
"3966","6","5","STAN","STEPHENS","standard","simple","permlen","15"
"3967","7","5","STAN","STEPHENS","standard","simple","permlen","15"
"3968","8","5","STAN","STEPHENS","standard","simple","permlen","40"
"3969","9","5","STAN","STEPHENS","standard","simple","permlen","11"
"3970","10","5","STAN","STEPHENS","standard","simple","permlen","15"
"3971","11","5","STAN","STEPHENS","standard","simple","permlen","40"
"3972","12","5","STAN","STEPHENS","standard","simple","permlen","60"
"3973","13","5","STAN","STEPHENS","standard","simple","permlen","60"
"3974","14","5","STAN","STEPHENS","standard","simple","permlen","60"
"3975","15","5","STAN","STEPHENS","standard","simple","permlen","60"
"3976","16","5","STAN","STEPHENS","standard","simple","permlen","40"
"3977","17","5","STAN","STEPHENS","standard","simple","permlen","30"
"3978","18","5","STAN","STEPHENS","standard","simple","permlen","40"
"3979","19","5","STAN","STEPHENS","standard","simple","permlen","15"
"3980","20","5","STAN","STEPHENS","standard","simple","permlen","40"
"3981","1","6","STAN","STEPHENS","standard","simple","permlen","144"
"3982","2","6","STAN","STEPHENS","standard","simple","permlen","240"
"3983","3","6","STAN","STEPHENS","standard","simple","permlen","360"
"3984","4","6","STAN","STEPHENS","standard","simple","permlen","240"
"3985","5","6","STAN","STEPHENS","standard","simple","permlen","144"
"3986","6","6","STAN","STEPHENS","standard","simple","permlen","90"
"3987","7","6","STAN","STEPHENS","standard","simple","permlen","360"
"3988","8","6","STAN","STEPHENS","standard","simple","permlen","240"
"3989","9","6","STAN","STEPHENS","standard","simple","permlen","90"
"3990","10","6","STAN","STEPHENS","standard","simple","permlen","360"
"3991","11","6","STAN","STEPHENS","standard","simple","permlen","240"
"3992","12","6","STAN","STEPHENS","standard","simple","permlen","72"
"3993","13","6","STAN","STEPHENS","standard","simple","permlen","180"
"3994","14","6","STAN","STEPHENS","standard","simple","permlen","240"
"3995","15","6","STAN","STEPHENS","standard","simple","permlen","360"
"3996","16","6","STAN","STEPHENS","standard","simple","permlen","360"
"3997","17","6","STAN","STEPHENS","standard","simple","permlen","72"
"3998","18","6","STAN","STEPHENS","standard","simple","permlen","360"
"3999","19","6","STAN","STEPHENS","standard","simple","permlen","90"
"4000","20","6","STAN","STEPHENS","standard","simple","permlen","72"
"4001","1","2","JAGS","ECR","standard","permutations","alpha","0.5"
"4002","2","2","JAGS","ECR","standard","permutations","alpha","0.5"
"4003","3","2","JAGS","ECR","standard","permutations","alpha","0.5"
"4004","4","2","JAGS","ECR","standard","permutations","alpha","0.5"
"4005","5","2","JAGS","ECR","standard","permutations","alpha","0.5"
"4006","6","2","JAGS","ECR","standard","permutations","alpha","0.5"
"4007","7","2","JAGS","ECR","standard","permutations","alpha","0.5"
"4008","8","2","JAGS","ECR","standard","permutations","alpha","0.5"
"4009","9","2","JAGS","ECR","standard","permutations","alpha","0.5"
"4010","10","2","JAGS","ECR","standard","permutations","alpha","0.5"
"4011","11","2","JAGS","ECR","standard","permutations","alpha","0.5"
"4012","12","2","JAGS","ECR","standard","permutations","alpha","0.5"
"4013","13","2","JAGS","ECR","standard","permutations","alpha","0.5"
"4014","14","2","JAGS","ECR","standard","permutations","alpha","0.5"
"4015","15","2","JAGS","ECR","standard","permutations","alpha","0.5"
"4016","16","2","JAGS","ECR","standard","permutations","alpha","0.5"
"4017","17","2","JAGS","ECR","standard","permutations","alpha","0.5"
"4018","18","2","JAGS","ECR","standard","permutations","alpha","0.5"
"4019","19","2","JAGS","ECR","standard","permutations","alpha","0.5"
"4020","20","2","JAGS","ECR","standard","permutations","alpha","0.5"
"4021","1","3","JAGS","ECR","standard","permutations","alpha","0.5"
"4022","2","3","JAGS","ECR","standard","permutations","alpha","0.5"
"4023","3","3","JAGS","ECR","standard","permutations","alpha","0.5"
"4024","4","3","JAGS","ECR","standard","permutations","alpha","0.5"
"4025","5","3","JAGS","ECR","standard","permutations","alpha","0.5"
"4026","6","3","JAGS","ECR","standard","permutations","alpha","0.5"
"4027","7","3","JAGS","ECR","standard","permutations","alpha","0.5"
"4028","8","3","JAGS","ECR","standard","permutations","alpha","0.5"
"4029","9","3","JAGS","ECR","standard","permutations","alpha","0.5"
"4030","10","3","JAGS","ECR","standard","permutations","alpha","0.5"
"4031","11","3","JAGS","ECR","standard","permutations","alpha","0.5"
"4032","12","3","JAGS","ECR","standard","permutations","alpha","0.5"
"4033","13","3","JAGS","ECR","standard","permutations","alpha","0.5"
"4034","14","3","JAGS","ECR","standard","permutations","alpha","0.5"
"4035","15","3","JAGS","ECR","standard","permutations","alpha","0.5"
"4036","16","3","JAGS","ECR","standard","permutations","alpha","0.5"
"4037","17","3","JAGS","ECR","standard","permutations","alpha","0.5"
"4038","18","3","JAGS","ECR","standard","permutations","alpha","0.5"
"4039","19","3","JAGS","ECR","standard","permutations","alpha","0.5"
"4040","20","3","JAGS","ECR","standard","permutations","alpha","0.5"
"4041","1","4","JAGS","ECR","standard","permutations","alpha","0.5"
"4042","2","4","JAGS","ECR","standard","permutations","alpha","0.5"
"4043","3","4","JAGS","ECR","standard","permutations","alpha","0.5"
"4044","4","4","JAGS","ECR","standard","permutations","alpha","0.5"
"4045","5","4","JAGS","ECR","standard","permutations","alpha","0.5"
"4046","6","4","JAGS","ECR","standard","permutations","alpha","0.5"
"4047","7","4","JAGS","ECR","standard","permutations","alpha","0.5"
"4048","8","4","JAGS","ECR","standard","permutations","alpha","0.5"
"4049","9","4","JAGS","ECR","standard","permutations","alpha","0.5"
"4050","10","4","JAGS","ECR","standard","permutations","alpha","0.5"
"4051","11","4","JAGS","ECR","standard","permutations","alpha","0.5"
"4052","12","4","JAGS","ECR","standard","permutations","alpha","0.5"
"4053","13","4","JAGS","ECR","standard","permutations","alpha","0.5"
"4054","14","4","JAGS","ECR","standard","permutations","alpha","0.5"
"4055","15","4","JAGS","ECR","standard","permutations","alpha","0.5"
"4056","16","4","JAGS","ECR","standard","permutations","alpha","0.5"
"4057","17","4","JAGS","ECR","standard","permutations","alpha","0.5"
"4058","18","4","JAGS","ECR","standard","permutations","alpha","0.5"
"4059","19","4","JAGS","ECR","standard","permutations","alpha","0.5"
"4060","20","4","JAGS","ECR","standard","permutations","alpha","0.5"
"4061","1","5","JAGS","ECR","standard","permutations","alpha","0.5"
"4062","2","5","JAGS","ECR","standard","permutations","alpha","0.5"
"4063","3","5","JAGS","ECR","standard","permutations","alpha","0.5"
"4064","4","5","JAGS","ECR","standard","permutations","alpha","0.5"
"4065","5","5","JAGS","ECR","standard","permutations","alpha","0.5"
"4066","6","5","JAGS","ECR","standard","permutations","alpha","0.5"
"4067","7","5","JAGS","ECR","standard","permutations","alpha","0.5"
"4068","8","5","JAGS","ECR","standard","permutations","alpha","0.5"
"4069","9","5","JAGS","ECR","standard","permutations","alpha","0.5"
"4070","10","5","JAGS","ECR","standard","permutations","alpha","0.5"
"4071","11","5","JAGS","ECR","standard","permutations","alpha","0.5"
"4072","12","5","JAGS","ECR","standard","permutations","alpha","0.5"
"4073","13","5","JAGS","ECR","standard","permutations","alpha","0.5"
"4074","14","5","JAGS","ECR","standard","permutations","alpha","0.5"
"4075","15","5","JAGS","ECR","standard","permutations","alpha","0.5"
"4076","16","5","JAGS","ECR","standard","permutations","alpha","0.5"
"4077","17","5","JAGS","ECR","standard","permutations","alpha","0.5"
"4078","18","5","JAGS","ECR","standard","permutations","alpha","0.5"
"4079","19","5","JAGS","ECR","standard","permutations","alpha","0.5"
"4080","20","5","JAGS","ECR","standard","permutations","alpha","0.5"
"4081","1","6","JAGS","ECR","standard","permutations","alpha","0.5"
"4082","2","6","JAGS","ECR","standard","permutations","alpha","0.5"
"4083","3","6","JAGS","ECR","standard","permutations","alpha","0.5"
"4084","4","6","JAGS","ECR","standard","permutations","alpha","0.5"
"4085","5","6","JAGS","ECR","standard","permutations","alpha","0.5"
"4086","6","6","JAGS","ECR","standard","permutations","alpha","0.5"
"4087","7","6","JAGS","ECR","standard","permutations","alpha","0.5"
"4088","8","6","JAGS","ECR","standard","permutations","alpha","0.5"
"4089","9","6","JAGS","ECR","standard","permutations","alpha","0.5"
"4090","10","6","JAGS","ECR","standard","permutations","alpha","0.5"
"4091","11","6","JAGS","ECR","standard","permutations","alpha","0.5"
"4092","12","6","JAGS","ECR","standard","permutations","alpha","0.5"
"4093","13","6","JAGS","ECR","standard","permutations","alpha","0.5"
"4094","14","6","JAGS","ECR","standard","permutations","alpha","0.5"
"4095","15","6","JAGS","ECR","standard","permutations","alpha","0.5"
"4096","16","6","JAGS","ECR","standard","permutations","alpha","0.5"
"4097","17","6","JAGS","ECR","standard","permutations","alpha","0.5"
"4098","18","6","JAGS","ECR","standard","permutations","alpha","0.5"
"4099","19","6","JAGS","ECR","standard","permutations","alpha","0.5"
"4100","20","6","JAGS","ECR","standard","permutations","alpha","0.5"
"4101","1","2","STAN","ECR","standard","permutations","alpha",NA
"4102","2","2","STAN","ECR","standard","permutations","alpha",NA
"4103","3","2","STAN","ECR","standard","permutations","alpha",NA
"4104","4","2","STAN","ECR","standard","permutations","alpha",NA
"4105","5","2","STAN","ECR","standard","permutations","alpha",NA
"4106","6","2","STAN","ECR","standard","permutations","alpha",NA
"4107","7","2","STAN","ECR","standard","permutations","alpha",NA
"4108","8","2","STAN","ECR","standard","permutations","alpha",NA
"4109","9","2","STAN","ECR","standard","permutations","alpha",NA
"4110","10","2","STAN","ECR","standard","permutations","alpha",NA
"4111","11","2","STAN","ECR","standard","permutations","alpha",NA
"4112","12","2","STAN","ECR","standard","permutations","alpha",NA
"4113","13","2","STAN","ECR","standard","permutations","alpha",NA
"4114","14","2","STAN","ECR","standard","permutations","alpha",NA
"4115","15","2","STAN","ECR","standard","permutations","alpha",NA
"4116","16","2","STAN","ECR","standard","permutations","alpha",NA
"4117","17","2","STAN","ECR","standard","permutations","alpha",NA
"4118","18","2","STAN","ECR","standard","permutations","alpha",NA
"4119","19","2","STAN","ECR","standard","permutations","alpha",NA
"4120","20","2","STAN","ECR","standard","permutations","alpha",NA
"4121","1","3","STAN","ECR","standard","permutations","alpha",NA
"4122","2","3","STAN","ECR","standard","permutations","alpha",NA
"4123","3","3","STAN","ECR","standard","permutations","alpha",NA
"4124","4","3","STAN","ECR","standard","permutations","alpha",NA
"4125","5","3","STAN","ECR","standard","permutations","alpha",NA
"4126","6","3","STAN","ECR","standard","permutations","alpha",NA
"4127","7","3","STAN","ECR","standard","permutations","alpha",NA
"4128","8","3","STAN","ECR","standard","permutations","alpha",NA
"4129","9","3","STAN","ECR","standard","permutations","alpha",NA
"4130","10","3","STAN","ECR","standard","permutations","alpha",NA
"4131","11","3","STAN","ECR","standard","permutations","alpha",NA
"4132","12","3","STAN","ECR","standard","permutations","alpha",NA
"4133","13","3","STAN","ECR","standard","permutations","alpha",NA
"4134","14","3","STAN","ECR","standard","permutations","alpha",NA
"4135","15","3","STAN","ECR","standard","permutations","alpha",NA
"4136","16","3","STAN","ECR","standard","permutations","alpha",NA
"4137","17","3","STAN","ECR","standard","permutations","alpha",NA
"4138","18","3","STAN","ECR","standard","permutations","alpha",NA
"4139","19","3","STAN","ECR","standard","permutations","alpha",NA
"4140","20","3","STAN","ECR","standard","permutations","alpha",NA
"4141","1","4","STAN","ECR","standard","permutations","alpha",NA
"4142","2","4","STAN","ECR","standard","permutations","alpha",NA
"4143","3","4","STAN","ECR","standard","permutations","alpha",NA
"4144","4","4","STAN","ECR","standard","permutations","alpha",NA
"4145","5","4","STAN","ECR","standard","permutations","alpha",NA
"4146","6","4","STAN","ECR","standard","permutations","alpha",NA
"4147","7","4","STAN","ECR","standard","permutations","alpha",NA
"4148","8","4","STAN","ECR","standard","permutations","alpha",NA
"4149","9","4","STAN","ECR","standard","permutations","alpha",NA
"4150","10","4","STAN","ECR","standard","permutations","alpha",NA
"4151","11","4","STAN","ECR","standard","permutations","alpha",NA
"4152","12","4","STAN","ECR","standard","permutations","alpha",NA
"4153","13","4","STAN","ECR","standard","permutations","alpha",NA
"4154","14","4","STAN","ECR","standard","permutations","alpha",NA
"4155","15","4","STAN","ECR","standard","permutations","alpha",NA
"4156","16","4","STAN","ECR","standard","permutations","alpha",NA
"4157","17","4","STAN","ECR","standard","permutations","alpha",NA
"4158","18","4","STAN","ECR","standard","permutations","alpha",NA
"4159","19","4","STAN","ECR","standard","permutations","alpha",NA
"4160","20","4","STAN","ECR","standard","permutations","alpha",NA
"4161","1","5","STAN","ECR","standard","permutations","alpha",NA
"4162","2","5","STAN","ECR","standard","permutations","alpha",NA
"4163","3","5","STAN","ECR","standard","permutations","alpha",NA
"4164","4","5","STAN","ECR","standard","permutations","alpha",NA
"4165","5","5","STAN","ECR","standard","permutations","alpha",NA
"4166","6","5","STAN","ECR","standard","permutations","alpha",NA
"4167","7","5","STAN","ECR","standard","permutations","alpha",NA
"4168","8","5","STAN","ECR","standard","permutations","alpha",NA
"4169","9","5","STAN","ECR","standard","permutations","alpha",NA
"4170","10","5","STAN","ECR","standard","permutations","alpha",NA
"4171","11","5","STAN","ECR","standard","permutations","alpha",NA
"4172","12","5","STAN","ECR","standard","permutations","alpha",NA
"4173","13","5","STAN","ECR","standard","permutations","alpha",NA
"4174","14","5","STAN","ECR","standard","permutations","alpha",NA
"4175","15","5","STAN","ECR","standard","permutations","alpha",NA
"4176","16","5","STAN","ECR","standard","permutations","alpha",NA
"4177","17","5","STAN","ECR","standard","permutations","alpha",NA
"4178","18","5","STAN","ECR","standard","permutations","alpha",NA
"4179","19","5","STAN","ECR","standard","permutations","alpha",NA
"4180","20","5","STAN","ECR","standard","permutations","alpha",NA
"4181","1","6","STAN","ECR","standard","permutations","alpha",NA
"4182","2","6","STAN","ECR","standard","permutations","alpha",NA
"4183","3","6","STAN","ECR","standard","permutations","alpha",NA
"4184","4","6","STAN","ECR","standard","permutations","alpha",NA
"4185","5","6","STAN","ECR","standard","permutations","alpha",NA
"4186","6","6","STAN","ECR","standard","permutations","alpha",NA
"4187","7","6","STAN","ECR","standard","permutations","alpha",NA
"4188","8","6","STAN","ECR","standard","permutations","alpha",NA
"4189","9","6","STAN","ECR","standard","permutations","alpha",NA
"4190","10","6","STAN","ECR","standard","permutations","alpha",NA
"4191","11","6","STAN","ECR","standard","permutations","alpha",NA
"4192","12","6","STAN","ECR","standard","permutations","alpha",NA
"4193","13","6","STAN","ECR","standard","permutations","alpha",NA
"4194","14","6","STAN","ECR","standard","permutations","alpha",NA
"4195","15","6","STAN","ECR","standard","permutations","alpha",NA
"4196","16","6","STAN","ECR","standard","permutations","alpha",NA
"4197","17","6","STAN","ECR","standard","permutations","alpha",NA
"4198","18","6","STAN","ECR","standard","permutations","alpha",NA
"4199","19","6","STAN","ECR","standard","permutations","alpha",NA
"4200","20","6","STAN","ECR","standard","permutations","alpha",NA
"4201","1","2","JAGS","STEPHENS","standard","permutations","alpha","0.5"
"4202","2","2","JAGS","STEPHENS","standard","permutations","alpha","0.5"
"4203","3","2","JAGS","STEPHENS","standard","permutations","alpha","0.5"
"4204","4","2","JAGS","STEPHENS","standard","permutations","alpha","0.5"
"4205","5","2","JAGS","STEPHENS","standard","permutations","alpha","0.5"
"4206","6","2","JAGS","STEPHENS","standard","permutations","alpha","0.5"
"4207","7","2","JAGS","STEPHENS","standard","permutations","alpha","0.5"
"4208","8","2","JAGS","STEPHENS","standard","permutations","alpha","0.5"
"4209","9","2","JAGS","STEPHENS","standard","permutations","alpha","0.5"
"4210","10","2","JAGS","STEPHENS","standard","permutations","alpha","0.5"
"4211","11","2","JAGS","STEPHENS","standard","permutations","alpha","0.5"
"4212","12","2","JAGS","STEPHENS","standard","permutations","alpha","0.5"
"4213","13","2","JAGS","STEPHENS","standard","permutations","alpha","0.5"
"4214","14","2","JAGS","STEPHENS","standard","permutations","alpha","0.5"
"4215","15","2","JAGS","STEPHENS","standard","permutations","alpha","0.5"
"4216","16","2","JAGS","STEPHENS","standard","permutations","alpha","0.5"
"4217","17","2","JAGS","STEPHENS","standard","permutations","alpha","0.5"
"4218","18","2","JAGS","STEPHENS","standard","permutations","alpha","0.5"
"4219","19","2","JAGS","STEPHENS","standard","permutations","alpha","0.5"
"4220","20","2","JAGS","STEPHENS","standard","permutations","alpha","0.5"
"4221","1","3","JAGS","STEPHENS","standard","permutations","alpha","0.5"
"4222","2","3","JAGS","STEPHENS","standard","permutations","alpha","0.5"
"4223","3","3","JAGS","STEPHENS","standard","permutations","alpha","0.5"
"4224","4","3","JAGS","STEPHENS","standard","permutations","alpha","0.5"
"4225","5","3","JAGS","STEPHENS","standard","permutations","alpha","0.5"
"4226","6","3","JAGS","STEPHENS","standard","permutations","alpha","0.5"
"4227","7","3","JAGS","STEPHENS","standard","permutations","alpha","0.5"
"4228","8","3","JAGS","STEPHENS","standard","permutations","alpha","0.5"
"4229","9","3","JAGS","STEPHENS","standard","permutations","alpha","0.5"
"4230","10","3","JAGS","STEPHENS","standard","permutations","alpha","0.5"
"4231","11","3","JAGS","STEPHENS","standard","permutations","alpha","0.5"
"4232","12","3","JAGS","STEPHENS","standard","permutations","alpha","0.5"
"4233","13","3","JAGS","STEPHENS","standard","permutations","alpha","0.5"
"4234","14","3","JAGS","STEPHENS","standard","permutations","alpha","0.5"
"4235","15","3","JAGS","STEPHENS","standard","permutations","alpha","0.5"
"4236","16","3","JAGS","STEPHENS","standard","permutations","alpha","0.5"
"4237","17","3","JAGS","STEPHENS","standard","permutations","alpha","0.5"
"4238","18","3","JAGS","STEPHENS","standard","permutations","alpha","0.5"
"4239","19","3","JAGS","STEPHENS","standard","permutations","alpha","0.5"
"4240","20","3","JAGS","STEPHENS","standard","permutations","alpha","0.5"
"4241","1","4","JAGS","STEPHENS","standard","permutations","alpha","0.5"
"4242","2","4","JAGS","STEPHENS","standard","permutations","alpha","0.5"
"4243","3","4","JAGS","STEPHENS","standard","permutations","alpha","0.5"
"4244","4","4","JAGS","STEPHENS","standard","permutations","alpha","0.5"
"4245","5","4","JAGS","STEPHENS","standard","permutations","alpha","0.5"
"4246","6","4","JAGS","STEPHENS","standard","permutations","alpha","0.5"
"4247","7","4","JAGS","STEPHENS","standard","permutations","alpha","0.5"
"4248","8","4","JAGS","STEPHENS","standard","permutations","alpha","0.5"
"4249","9","4","JAGS","STEPHENS","standard","permutations","alpha","0.5"
"4250","10","4","JAGS","STEPHENS","standard","permutations","alpha","0.5"
"4251","11","4","JAGS","STEPHENS","standard","permutations","alpha","0.5"
"4252","12","4","JAGS","STEPHENS","standard","permutations","alpha","0.5"
"4253","13","4","JAGS","STEPHENS","standard","permutations","alpha","0.5"
"4254","14","4","JAGS","STEPHENS","standard","permutations","alpha","0.5"
"4255","15","4","JAGS","STEPHENS","standard","permutations","alpha","0.5"
"4256","16","4","JAGS","STEPHENS","standard","permutations","alpha","0.5"
"4257","17","4","JAGS","STEPHENS","standard","permutations","alpha","0.5"
"4258","18","4","JAGS","STEPHENS","standard","permutations","alpha","0.5"
"4259","19","4","JAGS","STEPHENS","standard","permutations","alpha","0.5"
"4260","20","4","JAGS","STEPHENS","standard","permutations","alpha","0.5"
"4261","1","5","JAGS","STEPHENS","standard","permutations","alpha","0.5"
"4262","2","5","JAGS","STEPHENS","standard","permutations","alpha","0.5"
"4263","3","5","JAGS","STEPHENS","standard","permutations","alpha","0.5"
"4264","4","5","JAGS","STEPHENS","standard","permutations","alpha","0.5"
"4265","5","5","JAGS","STEPHENS","standard","permutations","alpha","0.5"
"4266","6","5","JAGS","STEPHENS","standard","permutations","alpha","0.5"
"4267","7","5","JAGS","STEPHENS","standard","permutations","alpha","0.5"
"4268","8","5","JAGS","STEPHENS","standard","permutations","alpha","0.5"
"4269","9","5","JAGS","STEPHENS","standard","permutations","alpha","0.5"
"4270","10","5","JAGS","STEPHENS","standard","permutations","alpha","0.5"
"4271","11","5","JAGS","STEPHENS","standard","permutations","alpha","0.5"
"4272","12","5","JAGS","STEPHENS","standard","permutations","alpha","0.5"
"4273","13","5","JAGS","STEPHENS","standard","permutations","alpha","0.5"
"4274","14","5","JAGS","STEPHENS","standard","permutations","alpha","0.5"
"4275","15","5","JAGS","STEPHENS","standard","permutations","alpha","0.5"
"4276","16","5","JAGS","STEPHENS","standard","permutations","alpha","0.5"
"4277","17","5","JAGS","STEPHENS","standard","permutations","alpha","0.5"
"4278","18","5","JAGS","STEPHENS","standard","permutations","alpha","0.5"
"4279","19","5","JAGS","STEPHENS","standard","permutations","alpha","0.5"
"4280","20","5","JAGS","STEPHENS","standard","permutations","alpha","0.5"
"4281","1","6","JAGS","STEPHENS","standard","permutations","alpha","0.5"
"4282","2","6","JAGS","STEPHENS","standard","permutations","alpha","0.5"
"4283","3","6","JAGS","STEPHENS","standard","permutations","alpha","0.5"
"4284","4","6","JAGS","STEPHENS","standard","permutations","alpha","0.5"
"4285","5","6","JAGS","STEPHENS","standard","permutations","alpha","0.5"
"4286","6","6","JAGS","STEPHENS","standard","permutations","alpha","0.5"
"4287","7","6","JAGS","STEPHENS","standard","permutations","alpha","0.5"
"4288","8","6","JAGS","STEPHENS","standard","permutations","alpha","0.5"
"4289","9","6","JAGS","STEPHENS","standard","permutations","alpha","0.5"
"4290","10","6","JAGS","STEPHENS","standard","permutations","alpha","0.5"
"4291","11","6","JAGS","STEPHENS","standard","permutations","alpha","0.5"
"4292","12","6","JAGS","STEPHENS","standard","permutations","alpha","0.5"
"4293","13","6","JAGS","STEPHENS","standard","permutations","alpha","0.5"
"4294","14","6","JAGS","STEPHENS","standard","permutations","alpha","0.5"
"4295","15","6","JAGS","STEPHENS","standard","permutations","alpha","0.5"
"4296","16","6","JAGS","STEPHENS","standard","permutations","alpha","0.5"
"4297","17","6","JAGS","STEPHENS","standard","permutations","alpha","0.5"
"4298","18","6","JAGS","STEPHENS","standard","permutations","alpha","0.5"
"4299","19","6","JAGS","STEPHENS","standard","permutations","alpha","0.5"
"4300","20","6","JAGS","STEPHENS","standard","permutations","alpha","0.5"
"4301","1","2","STAN","STEPHENS","standard","permutations","alpha","0.5"
"4302","2","2","STAN","STEPHENS","standard","permutations","alpha","0.5"
"4303","3","2","STAN","STEPHENS","standard","permutations","alpha","0.5"
"4304","4","2","STAN","STEPHENS","standard","permutations","alpha","0.5"
"4305","5","2","STAN","STEPHENS","standard","permutations","alpha","0.5"
"4306","6","2","STAN","STEPHENS","standard","permutations","alpha","0.5"
"4307","7","2","STAN","STEPHENS","standard","permutations","alpha","0.5"
"4308","8","2","STAN","STEPHENS","standard","permutations","alpha","0.5"
"4309","9","2","STAN","STEPHENS","standard","permutations","alpha","0.5"
"4310","10","2","STAN","STEPHENS","standard","permutations","alpha","0.5"
"4311","11","2","STAN","STEPHENS","standard","permutations","alpha","0.5"
"4312","12","2","STAN","STEPHENS","standard","permutations","alpha","0.5"
"4313","13","2","STAN","STEPHENS","standard","permutations","alpha","0.5"
"4314","14","2","STAN","STEPHENS","standard","permutations","alpha","0.5"
"4315","15","2","STAN","STEPHENS","standard","permutations","alpha","0.5"
"4316","16","2","STAN","STEPHENS","standard","permutations","alpha","0.5"
"4317","17","2","STAN","STEPHENS","standard","permutations","alpha","0.5"
"4318","18","2","STAN","STEPHENS","standard","permutations","alpha","0.5"
"4319","19","2","STAN","STEPHENS","standard","permutations","alpha","0.5"
"4320","20","2","STAN","STEPHENS","standard","permutations","alpha","0.4998"
"4321","1","3","STAN","STEPHENS","standard","permutations","alpha","0.5"
"4322","2","3","STAN","STEPHENS","standard","permutations","alpha","0.5"
"4323","3","3","STAN","STEPHENS","standard","permutations","alpha","0.5"
"4324","4","3","STAN","STEPHENS","standard","permutations","alpha","0.5"
"4325","5","3","STAN","STEPHENS","standard","permutations","alpha","0.5"
"4326","6","3","STAN","STEPHENS","standard","permutations","alpha","0.5"
"4327","7","3","STAN","STEPHENS","standard","permutations","alpha","0.5"
"4328","8","3","STAN","STEPHENS","standard","permutations","alpha","0.5"
"4329","9","3","STAN","STEPHENS","standard","permutations","alpha","0.5"
"4330","10","3","STAN","STEPHENS","standard","permutations","alpha","0.5"
"4331","11","3","STAN","STEPHENS","standard","permutations","alpha","0.5"
"4332","12","3","STAN","STEPHENS","standard","permutations","alpha","0.5"
"4333","13","3","STAN","STEPHENS","standard","permutations","alpha","0.5"
"4334","14","3","STAN","STEPHENS","standard","permutations","alpha","0.5"
"4335","15","3","STAN","STEPHENS","standard","permutations","alpha","0.5"
"4336","16","3","STAN","STEPHENS","standard","permutations","alpha","0.5"
"4337","17","3","STAN","STEPHENS","standard","permutations","alpha","0.5"
"4338","18","3","STAN","STEPHENS","standard","permutations","alpha","0.5"
"4339","19","3","STAN","STEPHENS","standard","permutations","alpha","0.5"
"4340","20","3","STAN","STEPHENS","standard","permutations","alpha","0.5"
"4341","1","4","STAN","STEPHENS","standard","permutations","alpha","0.4999"
"4342","2","4","STAN","STEPHENS","standard","permutations","alpha","0.5"
"4343","3","4","STAN","STEPHENS","standard","permutations","alpha","0.5"
"4344","4","4","STAN","STEPHENS","standard","permutations","alpha","0.5"
"4345","5","4","STAN","STEPHENS","standard","permutations","alpha","0.5"
"4346","6","4","STAN","STEPHENS","standard","permutations","alpha","0.5"
"4347","7","4","STAN","STEPHENS","standard","permutations","alpha","0.5"
"4348","8","4","STAN","STEPHENS","standard","permutations","alpha","0.5"
"4349","9","4","STAN","STEPHENS","standard","permutations","alpha","0.5"
"4350","10","4","STAN","STEPHENS","standard","permutations","alpha","0.5"
"4351","11","4","STAN","STEPHENS","standard","permutations","alpha","0.5"
"4352","12","4","STAN","STEPHENS","standard","permutations","alpha","0.5"
"4353","13","4","STAN","STEPHENS","standard","permutations","alpha","0.5"
"4354","14","4","STAN","STEPHENS","standard","permutations","alpha","0.5"
"4355","15","4","STAN","STEPHENS","standard","permutations","alpha","0.5"
"4356","16","4","STAN","STEPHENS","standard","permutations","alpha","0.5"
"4357","17","4","STAN","STEPHENS","standard","permutations","alpha","0.5"
"4358","18","4","STAN","STEPHENS","standard","permutations","alpha","0.4997"
"4359","19","4","STAN","STEPHENS","standard","permutations","alpha","0.5"
"4360","20","4","STAN","STEPHENS","standard","permutations","alpha","0.5"
"4361","1","5","STAN","STEPHENS","standard","permutations","alpha","0.5"
"4362","2","5","STAN","STEPHENS","standard","permutations","alpha","0.5"
"4363","3","5","STAN","STEPHENS","standard","permutations","alpha","0.5"
"4364","4","5","STAN","STEPHENS","standard","permutations","alpha","0.5"
"4365","5","5","STAN","STEPHENS","standard","permutations","alpha","0.5"
"4366","6","5","STAN","STEPHENS","standard","permutations","alpha","0.5"
"4367","7","5","STAN","STEPHENS","standard","permutations","alpha","0.5"
"4368","8","5","STAN","STEPHENS","standard","permutations","alpha","0.5"
"4369","9","5","STAN","STEPHENS","standard","permutations","alpha","0.5"
"4370","10","5","STAN","STEPHENS","standard","permutations","alpha","0.5"
"4371","11","5","STAN","STEPHENS","standard","permutations","alpha","0.5"
"4372","12","5","STAN","STEPHENS","standard","permutations","alpha","0.5"
"4373","13","5","STAN","STEPHENS","standard","permutations","alpha","0.5"
"4374","14","5","STAN","STEPHENS","standard","permutations","alpha","0.5"
"4375","15","5","STAN","STEPHENS","standard","permutations","alpha","0.5"
"4376","16","5","STAN","STEPHENS","standard","permutations","alpha","0.5"
"4377","17","5","STAN","STEPHENS","standard","permutations","alpha","0.5"
"4378","18","5","STAN","STEPHENS","standard","permutations","alpha","0.5"
"4379","19","5","STAN","STEPHENS","standard","permutations","alpha","0.5"
"4380","20","5","STAN","STEPHENS","standard","permutations","alpha","0.5"
"4381","1","6","STAN","STEPHENS","standard","permutations","alpha","0.5"
"4382","2","6","STAN","STEPHENS","standard","permutations","alpha","0.5"
"4383","3","6","STAN","STEPHENS","standard","permutations","alpha","0.5"
"4384","4","6","STAN","STEPHENS","standard","permutations","alpha","0.5"
"4385","5","6","STAN","STEPHENS","standard","permutations","alpha","0.5"
"4386","6","6","STAN","STEPHENS","standard","permutations","alpha","0.5"
"4387","7","6","STAN","STEPHENS","standard","permutations","alpha","0.5"
"4388","8","6","STAN","STEPHENS","standard","permutations","alpha","0.5"
"4389","9","6","STAN","STEPHENS","standard","permutations","alpha","0.5"
"4390","10","6","STAN","STEPHENS","standard","permutations","alpha","0.5"
"4391","11","6","STAN","STEPHENS","standard","permutations","alpha","0.5"
"4392","12","6","STAN","STEPHENS","standard","permutations","alpha","0.5"
"4393","13","6","STAN","STEPHENS","standard","permutations","alpha","0.5"
"4394","14","6","STAN","STEPHENS","standard","permutations","alpha","0.5"
"4395","15","6","STAN","STEPHENS","standard","permutations","alpha","0.5"
"4396","16","6","STAN","STEPHENS","standard","permutations","alpha","0.5"
"4397","17","6","STAN","STEPHENS","standard","permutations","alpha","0.5"
"4398","18","6","STAN","STEPHENS","standard","permutations","alpha","0.5"
"4399","19","6","STAN","STEPHENS","standard","permutations","alpha","0.5"
"4400","20","6","STAN","STEPHENS","standard","permutations","alpha","0.5"
"4401","1","2","JAGS","ECR","standard","simple","alpha","0.5"
"4402","2","2","JAGS","ECR","standard","simple","alpha","0.5"
"4403","3","2","JAGS","ECR","standard","simple","alpha","0.5"
"4404","4","2","JAGS","ECR","standard","simple","alpha","0.5"
"4405","5","2","JAGS","ECR","standard","simple","alpha","0.5"
"4406","6","2","JAGS","ECR","standard","simple","alpha","0.5"
"4407","7","2","JAGS","ECR","standard","simple","alpha","0.5"
"4408","8","2","JAGS","ECR","standard","simple","alpha","0.5"
"4409","9","2","JAGS","ECR","standard","simple","alpha","0.5"
"4410","10","2","JAGS","ECR","standard","simple","alpha","0.5"
"4411","11","2","JAGS","ECR","standard","simple","alpha","0.5"
"4412","12","2","JAGS","ECR","standard","simple","alpha","0.5"
"4413","13","2","JAGS","ECR","standard","simple","alpha","0.5"
"4414","14","2","JAGS","ECR","standard","simple","alpha","0.5"
"4415","15","2","JAGS","ECR","standard","simple","alpha","0.5"
"4416","16","2","JAGS","ECR","standard","simple","alpha","0.5"
"4417","17","2","JAGS","ECR","standard","simple","alpha","0.5"
"4418","18","2","JAGS","ECR","standard","simple","alpha","0.5"
"4419","19","2","JAGS","ECR","standard","simple","alpha","0.5"
"4420","20","2","JAGS","ECR","standard","simple","alpha","0.5"
"4421","1","3","JAGS","ECR","standard","simple","alpha","0.5"
"4422","2","3","JAGS","ECR","standard","simple","alpha","0.5"
"4423","3","3","JAGS","ECR","standard","simple","alpha","0.5"
"4424","4","3","JAGS","ECR","standard","simple","alpha","0.5"
"4425","5","3","JAGS","ECR","standard","simple","alpha","0.5"
"4426","6","3","JAGS","ECR","standard","simple","alpha","0.5"
"4427","7","3","JAGS","ECR","standard","simple","alpha","0.5"
"4428","8","3","JAGS","ECR","standard","simple","alpha","0.5"
"4429","9","3","JAGS","ECR","standard","simple","alpha","0.5"
"4430","10","3","JAGS","ECR","standard","simple","alpha","0.5"
"4431","11","3","JAGS","ECR","standard","simple","alpha","0.5"
"4432","12","3","JAGS","ECR","standard","simple","alpha","0.5"
"4433","13","3","JAGS","ECR","standard","simple","alpha","0.5"
"4434","14","3","JAGS","ECR","standard","simple","alpha","0.5"
"4435","15","3","JAGS","ECR","standard","simple","alpha","0.5"
"4436","16","3","JAGS","ECR","standard","simple","alpha","0.5"
"4437","17","3","JAGS","ECR","standard","simple","alpha","0.5"
"4438","18","3","JAGS","ECR","standard","simple","alpha","0.5"
"4439","19","3","JAGS","ECR","standard","simple","alpha","0.5"
"4440","20","3","JAGS","ECR","standard","simple","alpha","0.5"
"4441","1","4","JAGS","ECR","standard","simple","alpha","0.5"
"4442","2","4","JAGS","ECR","standard","simple","alpha","0.5"
"4443","3","4","JAGS","ECR","standard","simple","alpha","0.5"
"4444","4","4","JAGS","ECR","standard","simple","alpha","0.5"
"4445","5","4","JAGS","ECR","standard","simple","alpha","0.5"
"4446","6","4","JAGS","ECR","standard","simple","alpha","0.5"
"4447","7","4","JAGS","ECR","standard","simple","alpha","0.5"
"4448","8","4","JAGS","ECR","standard","simple","alpha","0.5"
"4449","9","4","JAGS","ECR","standard","simple","alpha","0.5"
"4450","10","4","JAGS","ECR","standard","simple","alpha","0.5"
"4451","11","4","JAGS","ECR","standard","simple","alpha","0.5"
"4452","12","4","JAGS","ECR","standard","simple","alpha","0.5"
"4453","13","4","JAGS","ECR","standard","simple","alpha","0.5"
"4454","14","4","JAGS","ECR","standard","simple","alpha","0.5"
"4455","15","4","JAGS","ECR","standard","simple","alpha","0.5"
"4456","16","4","JAGS","ECR","standard","simple","alpha","0.5"
"4457","17","4","JAGS","ECR","standard","simple","alpha","0.5"
"4458","18","4","JAGS","ECR","standard","simple","alpha","0.5"
"4459","19","4","JAGS","ECR","standard","simple","alpha","0.5"
"4460","20","4","JAGS","ECR","standard","simple","alpha","0.5"
"4461","1","5","JAGS","ECR","standard","simple","alpha","0.5"
"4462","2","5","JAGS","ECR","standard","simple","alpha","0.5"
"4463","3","5","JAGS","ECR","standard","simple","alpha","0.5"
"4464","4","5","JAGS","ECR","standard","simple","alpha","0.5"
"4465","5","5","JAGS","ECR","standard","simple","alpha","0.5"
"4466","6","5","JAGS","ECR","standard","simple","alpha","0.5"
"4467","7","5","JAGS","ECR","standard","simple","alpha","0.5"
"4468","8","5","JAGS","ECR","standard","simple","alpha","0.5"
"4469","9","5","JAGS","ECR","standard","simple","alpha","0.5"
"4470","10","5","JAGS","ECR","standard","simple","alpha","0.5"
"4471","11","5","JAGS","ECR","standard","simple","alpha","0.5"
"4472","12","5","JAGS","ECR","standard","simple","alpha","0.5"
"4473","13","5","JAGS","ECR","standard","simple","alpha","0.5"
"4474","14","5","JAGS","ECR","standard","simple","alpha","0.5"
"4475","15","5","JAGS","ECR","standard","simple","alpha","0.5"
"4476","16","5","JAGS","ECR","standard","simple","alpha","0.5"
"4477","17","5","JAGS","ECR","standard","simple","alpha","0.5"
"4478","18","5","JAGS","ECR","standard","simple","alpha","0.5"
"4479","19","5","JAGS","ECR","standard","simple","alpha","0.5"
"4480","20","5","JAGS","ECR","standard","simple","alpha","0.5"
"4481","1","6","JAGS","ECR","standard","simple","alpha","0.5"
"4482","2","6","JAGS","ECR","standard","simple","alpha","0.5"
"4483","3","6","JAGS","ECR","standard","simple","alpha","0.5"
"4484","4","6","JAGS","ECR","standard","simple","alpha","0.5"
"4485","5","6","JAGS","ECR","standard","simple","alpha","0.5"
"4486","6","6","JAGS","ECR","standard","simple","alpha","0.5"
"4487","7","6","JAGS","ECR","standard","simple","alpha","0.5"
"4488","8","6","JAGS","ECR","standard","simple","alpha","0.5"
"4489","9","6","JAGS","ECR","standard","simple","alpha","0.5"
"4490","10","6","JAGS","ECR","standard","simple","alpha","0.5"
"4491","11","6","JAGS","ECR","standard","simple","alpha","0.5"
"4492","12","6","JAGS","ECR","standard","simple","alpha","0.5"
"4493","13","6","JAGS","ECR","standard","simple","alpha","0.5"
"4494","14","6","JAGS","ECR","standard","simple","alpha","0.5"
"4495","15","6","JAGS","ECR","standard","simple","alpha","0.5"
"4496","16","6","JAGS","ECR","standard","simple","alpha","0.5"
"4497","17","6","JAGS","ECR","standard","simple","alpha","0.5"
"4498","18","6","JAGS","ECR","standard","simple","alpha","0.5"
"4499","19","6","JAGS","ECR","standard","simple","alpha","0.5"
"4500","20","6","JAGS","ECR","standard","simple","alpha","0.5"
"4501","1","2","STAN","ECR","standard","simple","alpha",NA
"4502","2","2","STAN","ECR","standard","simple","alpha",NA
"4503","3","2","STAN","ECR","standard","simple","alpha",NA
"4504","4","2","STAN","ECR","standard","simple","alpha",NA
"4505","5","2","STAN","ECR","standard","simple","alpha",NA
"4506","6","2","STAN","ECR","standard","simple","alpha",NA
"4507","7","2","STAN","ECR","standard","simple","alpha",NA
"4508","8","2","STAN","ECR","standard","simple","alpha",NA
"4509","9","2","STAN","ECR","standard","simple","alpha",NA
"4510","10","2","STAN","ECR","standard","simple","alpha",NA
"4511","11","2","STAN","ECR","standard","simple","alpha",NA
"4512","12","2","STAN","ECR","standard","simple","alpha",NA
"4513","13","2","STAN","ECR","standard","simple","alpha",NA
"4514","14","2","STAN","ECR","standard","simple","alpha",NA
"4515","15","2","STAN","ECR","standard","simple","alpha",NA
"4516","16","2","STAN","ECR","standard","simple","alpha",NA
"4517","17","2","STAN","ECR","standard","simple","alpha",NA
"4518","18","2","STAN","ECR","standard","simple","alpha",NA
"4519","19","2","STAN","ECR","standard","simple","alpha",NA
"4520","20","2","STAN","ECR","standard","simple","alpha",NA
"4521","1","3","STAN","ECR","standard","simple","alpha",NA
"4522","2","3","STAN","ECR","standard","simple","alpha",NA
"4523","3","3","STAN","ECR","standard","simple","alpha",NA
"4524","4","3","STAN","ECR","standard","simple","alpha",NA
"4525","5","3","STAN","ECR","standard","simple","alpha",NA
"4526","6","3","STAN","ECR","standard","simple","alpha",NA
"4527","7","3","STAN","ECR","standard","simple","alpha",NA
"4528","8","3","STAN","ECR","standard","simple","alpha",NA
"4529","9","3","STAN","ECR","standard","simple","alpha",NA
"4530","10","3","STAN","ECR","standard","simple","alpha",NA
"4531","11","3","STAN","ECR","standard","simple","alpha",NA
"4532","12","3","STAN","ECR","standard","simple","alpha",NA
"4533","13","3","STAN","ECR","standard","simple","alpha",NA
"4534","14","3","STAN","ECR","standard","simple","alpha",NA
"4535","15","3","STAN","ECR","standard","simple","alpha",NA
"4536","16","3","STAN","ECR","standard","simple","alpha",NA
"4537","17","3","STAN","ECR","standard","simple","alpha",NA
"4538","18","3","STAN","ECR","standard","simple","alpha",NA
"4539","19","3","STAN","ECR","standard","simple","alpha",NA
"4540","20","3","STAN","ECR","standard","simple","alpha",NA
"4541","1","4","STAN","ECR","standard","simple","alpha",NA
"4542","2","4","STAN","ECR","standard","simple","alpha",NA
"4543","3","4","STAN","ECR","standard","simple","alpha",NA
"4544","4","4","STAN","ECR","standard","simple","alpha",NA
"4545","5","4","STAN","ECR","standard","simple","alpha",NA
"4546","6","4","STAN","ECR","standard","simple","alpha",NA
"4547","7","4","STAN","ECR","standard","simple","alpha",NA
"4548","8","4","STAN","ECR","standard","simple","alpha",NA
"4549","9","4","STAN","ECR","standard","simple","alpha",NA
"4550","10","4","STAN","ECR","standard","simple","alpha",NA
"4551","11","4","STAN","ECR","standard","simple","alpha",NA
"4552","12","4","STAN","ECR","standard","simple","alpha",NA
"4553","13","4","STAN","ECR","standard","simple","alpha",NA
"4554","14","4","STAN","ECR","standard","simple","alpha",NA
"4555","15","4","STAN","ECR","standard","simple","alpha",NA
"4556","16","4","STAN","ECR","standard","simple","alpha",NA
"4557","17","4","STAN","ECR","standard","simple","alpha",NA
"4558","18","4","STAN","ECR","standard","simple","alpha",NA
"4559","19","4","STAN","ECR","standard","simple","alpha",NA
"4560","20","4","STAN","ECR","standard","simple","alpha",NA
"4561","1","5","STAN","ECR","standard","simple","alpha",NA
"4562","2","5","STAN","ECR","standard","simple","alpha",NA
"4563","3","5","STAN","ECR","standard","simple","alpha",NA
"4564","4","5","STAN","ECR","standard","simple","alpha",NA
"4565","5","5","STAN","ECR","standard","simple","alpha",NA
"4566","6","5","STAN","ECR","standard","simple","alpha",NA
"4567","7","5","STAN","ECR","standard","simple","alpha",NA
"4568","8","5","STAN","ECR","standard","simple","alpha",NA
"4569","9","5","STAN","ECR","standard","simple","alpha",NA
"4570","10","5","STAN","ECR","standard","simple","alpha",NA
"4571","11","5","STAN","ECR","standard","simple","alpha",NA
"4572","12","5","STAN","ECR","standard","simple","alpha",NA
"4573","13","5","STAN","ECR","standard","simple","alpha",NA
"4574","14","5","STAN","ECR","standard","simple","alpha",NA
"4575","15","5","STAN","ECR","standard","simple","alpha",NA
"4576","16","5","STAN","ECR","standard","simple","alpha",NA
"4577","17","5","STAN","ECR","standard","simple","alpha",NA
"4578","18","5","STAN","ECR","standard","simple","alpha",NA
"4579","19","5","STAN","ECR","standard","simple","alpha",NA
"4580","20","5","STAN","ECR","standard","simple","alpha",NA
"4581","1","6","STAN","ECR","standard","simple","alpha",NA
"4582","2","6","STAN","ECR","standard","simple","alpha",NA
"4583","3","6","STAN","ECR","standard","simple","alpha",NA
"4584","4","6","STAN","ECR","standard","simple","alpha",NA
"4585","5","6","STAN","ECR","standard","simple","alpha",NA
"4586","6","6","STAN","ECR","standard","simple","alpha",NA
"4587","7","6","STAN","ECR","standard","simple","alpha",NA
"4588","8","6","STAN","ECR","standard","simple","alpha",NA
"4589","9","6","STAN","ECR","standard","simple","alpha",NA
"4590","10","6","STAN","ECR","standard","simple","alpha",NA
"4591","11","6","STAN","ECR","standard","simple","alpha",NA
"4592","12","6","STAN","ECR","standard","simple","alpha",NA
"4593","13","6","STAN","ECR","standard","simple","alpha",NA
"4594","14","6","STAN","ECR","standard","simple","alpha",NA
"4595","15","6","STAN","ECR","standard","simple","alpha",NA
"4596","16","6","STAN","ECR","standard","simple","alpha",NA
"4597","17","6","STAN","ECR","standard","simple","alpha",NA
"4598","18","6","STAN","ECR","standard","simple","alpha",NA
"4599","19","6","STAN","ECR","standard","simple","alpha",NA
"4600","20","6","STAN","ECR","standard","simple","alpha",NA
"4601","1","2","JAGS","STEPHENS","standard","simple","alpha","0.5"
"4602","2","2","JAGS","STEPHENS","standard","simple","alpha","0.5"
"4603","3","2","JAGS","STEPHENS","standard","simple","alpha","0.5"
"4604","4","2","JAGS","STEPHENS","standard","simple","alpha","0.5"
"4605","5","2","JAGS","STEPHENS","standard","simple","alpha","0.5"
"4606","6","2","JAGS","STEPHENS","standard","simple","alpha","0.5"
"4607","7","2","JAGS","STEPHENS","standard","simple","alpha","0.5"
"4608","8","2","JAGS","STEPHENS","standard","simple","alpha","0.5"
"4609","9","2","JAGS","STEPHENS","standard","simple","alpha","0.5"
"4610","10","2","JAGS","STEPHENS","standard","simple","alpha","0.5"
"4611","11","2","JAGS","STEPHENS","standard","simple","alpha","0.5"
"4612","12","2","JAGS","STEPHENS","standard","simple","alpha","0.5"
"4613","13","2","JAGS","STEPHENS","standard","simple","alpha","0.5"
"4614","14","2","JAGS","STEPHENS","standard","simple","alpha","0.5"
"4615","15","2","JAGS","STEPHENS","standard","simple","alpha","0.5"
"4616","16","2","JAGS","STEPHENS","standard","simple","alpha","0.5"
"4617","17","2","JAGS","STEPHENS","standard","simple","alpha","0.5"
"4618","18","2","JAGS","STEPHENS","standard","simple","alpha","0.5"
"4619","19","2","JAGS","STEPHENS","standard","simple","alpha","0.5"
"4620","20","2","JAGS","STEPHENS","standard","simple","alpha","0.5"
"4621","1","3","JAGS","STEPHENS","standard","simple","alpha","0.5"
"4622","2","3","JAGS","STEPHENS","standard","simple","alpha","0.5"
"4623","3","3","JAGS","STEPHENS","standard","simple","alpha","0.5"
"4624","4","3","JAGS","STEPHENS","standard","simple","alpha","0.5"
"4625","5","3","JAGS","STEPHENS","standard","simple","alpha","0.5"
"4626","6","3","JAGS","STEPHENS","standard","simple","alpha","0.5"
"4627","7","3","JAGS","STEPHENS","standard","simple","alpha","0.5"
"4628","8","3","JAGS","STEPHENS","standard","simple","alpha","0.5"
"4629","9","3","JAGS","STEPHENS","standard","simple","alpha","0.5"
"4630","10","3","JAGS","STEPHENS","standard","simple","alpha","0.5"
"4631","11","3","JAGS","STEPHENS","standard","simple","alpha","0.5"
"4632","12","3","JAGS","STEPHENS","standard","simple","alpha","0.5"
"4633","13","3","JAGS","STEPHENS","standard","simple","alpha","0.5"
"4634","14","3","JAGS","STEPHENS","standard","simple","alpha","0.5"
"4635","15","3","JAGS","STEPHENS","standard","simple","alpha","0.5"
"4636","16","3","JAGS","STEPHENS","standard","simple","alpha","0.5"
"4637","17","3","JAGS","STEPHENS","standard","simple","alpha","0.5"
"4638","18","3","JAGS","STEPHENS","standard","simple","alpha","0.5"
"4639","19","3","JAGS","STEPHENS","standard","simple","alpha","0.5"
"4640","20","3","JAGS","STEPHENS","standard","simple","alpha","0.5"
"4641","1","4","JAGS","STEPHENS","standard","simple","alpha","0.5"
"4642","2","4","JAGS","STEPHENS","standard","simple","alpha","0.5"
"4643","3","4","JAGS","STEPHENS","standard","simple","alpha","0.5"
"4644","4","4","JAGS","STEPHENS","standard","simple","alpha","0.5"
"4645","5","4","JAGS","STEPHENS","standard","simple","alpha","0.5"
"4646","6","4","JAGS","STEPHENS","standard","simple","alpha","0.5"
"4647","7","4","JAGS","STEPHENS","standard","simple","alpha","0.5"
"4648","8","4","JAGS","STEPHENS","standard","simple","alpha","0.5"
"4649","9","4","JAGS","STEPHENS","standard","simple","alpha","0.5"
"4650","10","4","JAGS","STEPHENS","standard","simple","alpha","0.5"
"4651","11","4","JAGS","STEPHENS","standard","simple","alpha","0.5"
"4652","12","4","JAGS","STEPHENS","standard","simple","alpha","0.5"
"4653","13","4","JAGS","STEPHENS","standard","simple","alpha","0.5"
"4654","14","4","JAGS","STEPHENS","standard","simple","alpha","0.5"
"4655","15","4","JAGS","STEPHENS","standard","simple","alpha","0.5"
"4656","16","4","JAGS","STEPHENS","standard","simple","alpha","0.5"
"4657","17","4","JAGS","STEPHENS","standard","simple","alpha","0.5"
"4658","18","4","JAGS","STEPHENS","standard","simple","alpha","0.5"
"4659","19","4","JAGS","STEPHENS","standard","simple","alpha","0.5"
"4660","20","4","JAGS","STEPHENS","standard","simple","alpha","0.5"
"4661","1","5","JAGS","STEPHENS","standard","simple","alpha","0.5"
"4662","2","5","JAGS","STEPHENS","standard","simple","alpha","0.5"
"4663","3","5","JAGS","STEPHENS","standard","simple","alpha","0.5"
"4664","4","5","JAGS","STEPHENS","standard","simple","alpha","0.5"
"4665","5","5","JAGS","STEPHENS","standard","simple","alpha","0.5"
"4666","6","5","JAGS","STEPHENS","standard","simple","alpha","0.5"
"4667","7","5","JAGS","STEPHENS","standard","simple","alpha","0.5"
"4668","8","5","JAGS","STEPHENS","standard","simple","alpha","0.5"
"4669","9","5","JAGS","STEPHENS","standard","simple","alpha","0.5"
"4670","10","5","JAGS","STEPHENS","standard","simple","alpha","0.5"
"4671","11","5","JAGS","STEPHENS","standard","simple","alpha","0.5"
"4672","12","5","JAGS","STEPHENS","standard","simple","alpha","0.5"
"4673","13","5","JAGS","STEPHENS","standard","simple","alpha","0.5"
"4674","14","5","JAGS","STEPHENS","standard","simple","alpha","0.5"
"4675","15","5","JAGS","STEPHENS","standard","simple","alpha","0.5"
"4676","16","5","JAGS","STEPHENS","standard","simple","alpha","0.5"
"4677","17","5","JAGS","STEPHENS","standard","simple","alpha","0.5"
"4678","18","5","JAGS","STEPHENS","standard","simple","alpha","0.5"
"4679","19","5","JAGS","STEPHENS","standard","simple","alpha","0.5"
"4680","20","5","JAGS","STEPHENS","standard","simple","alpha","0.5"
"4681","1","6","JAGS","STEPHENS","standard","simple","alpha","0.5"
"4682","2","6","JAGS","STEPHENS","standard","simple","alpha","0.5"
"4683","3","6","JAGS","STEPHENS","standard","simple","alpha","0.5"
"4684","4","6","JAGS","STEPHENS","standard","simple","alpha","0.5"
"4685","5","6","JAGS","STEPHENS","standard","simple","alpha","0.5"
"4686","6","6","JAGS","STEPHENS","standard","simple","alpha","0.5"
"4687","7","6","JAGS","STEPHENS","standard","simple","alpha","0.5"
"4688","8","6","JAGS","STEPHENS","standard","simple","alpha","0.5"
"4689","9","6","JAGS","STEPHENS","standard","simple","alpha","0.5"
"4690","10","6","JAGS","STEPHENS","standard","simple","alpha","0.5"
"4691","11","6","JAGS","STEPHENS","standard","simple","alpha","0.5"
"4692","12","6","JAGS","STEPHENS","standard","simple","alpha","0.5"
"4693","13","6","JAGS","STEPHENS","standard","simple","alpha","0.5"
"4694","14","6","JAGS","STEPHENS","standard","simple","alpha","0.5"
"4695","15","6","JAGS","STEPHENS","standard","simple","alpha","0.5"
"4696","16","6","JAGS","STEPHENS","standard","simple","alpha","0.5"
"4697","17","6","JAGS","STEPHENS","standard","simple","alpha","0.5"
"4698","18","6","JAGS","STEPHENS","standard","simple","alpha","0.5"
"4699","19","6","JAGS","STEPHENS","standard","simple","alpha","0.5"
"4700","20","6","JAGS","STEPHENS","standard","simple","alpha","0.5"
"4701","1","2","STAN","STEPHENS","standard","simple","alpha","0.5"
"4702","2","2","STAN","STEPHENS","standard","simple","alpha","0.5"
"4703","3","2","STAN","STEPHENS","standard","simple","alpha","0.5"
"4704","4","2","STAN","STEPHENS","standard","simple","alpha","0.5"
"4705","5","2","STAN","STEPHENS","standard","simple","alpha","0.5"
"4706","6","2","STAN","STEPHENS","standard","simple","alpha","0.5"
"4707","7","2","STAN","STEPHENS","standard","simple","alpha","0.5"
"4708","8","2","STAN","STEPHENS","standard","simple","alpha","0.5"
"4709","9","2","STAN","STEPHENS","standard","simple","alpha","0.5"
"4710","10","2","STAN","STEPHENS","standard","simple","alpha","0.5"
"4711","11","2","STAN","STEPHENS","standard","simple","alpha","0.5"
"4712","12","2","STAN","STEPHENS","standard","simple","alpha","0.5"
"4713","13","2","STAN","STEPHENS","standard","simple","alpha","0.5"
"4714","14","2","STAN","STEPHENS","standard","simple","alpha","0.5"
"4715","15","2","STAN","STEPHENS","standard","simple","alpha","0.5"
"4716","16","2","STAN","STEPHENS","standard","simple","alpha","0.5"
"4717","17","2","STAN","STEPHENS","standard","simple","alpha","0.5"
"4718","18","2","STAN","STEPHENS","standard","simple","alpha","0.5"
"4719","19","2","STAN","STEPHENS","standard","simple","alpha","0.5"
"4720","20","2","STAN","STEPHENS","standard","simple","alpha","0.4998"
"4721","1","3","STAN","STEPHENS","standard","simple","alpha","0.5"
"4722","2","3","STAN","STEPHENS","standard","simple","alpha","0.5"
"4723","3","3","STAN","STEPHENS","standard","simple","alpha","0.5"
"4724","4","3","STAN","STEPHENS","standard","simple","alpha","0.5"
"4725","5","3","STAN","STEPHENS","standard","simple","alpha","0.5"
"4726","6","3","STAN","STEPHENS","standard","simple","alpha","0.5"
"4727","7","3","STAN","STEPHENS","standard","simple","alpha","0.5"
"4728","8","3","STAN","STEPHENS","standard","simple","alpha","0.5"
"4729","9","3","STAN","STEPHENS","standard","simple","alpha","0.5"
"4730","10","3","STAN","STEPHENS","standard","simple","alpha","0.5"
"4731","11","3","STAN","STEPHENS","standard","simple","alpha","0.5"
"4732","12","3","STAN","STEPHENS","standard","simple","alpha","0.5"
"4733","13","3","STAN","STEPHENS","standard","simple","alpha","0.5"
"4734","14","3","STAN","STEPHENS","standard","simple","alpha","0.5"
"4735","15","3","STAN","STEPHENS","standard","simple","alpha","0.5"
"4736","16","3","STAN","STEPHENS","standard","simple","alpha","0.5"
"4737","17","3","STAN","STEPHENS","standard","simple","alpha","0.5"
"4738","18","3","STAN","STEPHENS","standard","simple","alpha","0.5"
"4739","19","3","STAN","STEPHENS","standard","simple","alpha","0.5"
"4740","20","3","STAN","STEPHENS","standard","simple","alpha","0.5"
"4741","1","4","STAN","STEPHENS","standard","simple","alpha","0.4999"
"4742","2","4","STAN","STEPHENS","standard","simple","alpha","0.5"
"4743","3","4","STAN","STEPHENS","standard","simple","alpha","0.5"
"4744","4","4","STAN","STEPHENS","standard","simple","alpha","0.5"
"4745","5","4","STAN","STEPHENS","standard","simple","alpha","0.5"
"4746","6","4","STAN","STEPHENS","standard","simple","alpha","0.5"
"4747","7","4","STAN","STEPHENS","standard","simple","alpha","0.5"
"4748","8","4","STAN","STEPHENS","standard","simple","alpha","0.5"
"4749","9","4","STAN","STEPHENS","standard","simple","alpha","0.5"
"4750","10","4","STAN","STEPHENS","standard","simple","alpha","0.5"
"4751","11","4","STAN","STEPHENS","standard","simple","alpha","0.5"
"4752","12","4","STAN","STEPHENS","standard","simple","alpha","0.5"
"4753","13","4","STAN","STEPHENS","standard","simple","alpha","0.5"
"4754","14","4","STAN","STEPHENS","standard","simple","alpha","0.5"
"4755","15","4","STAN","STEPHENS","standard","simple","alpha","0.5"
"4756","16","4","STAN","STEPHENS","standard","simple","alpha","0.5"
"4757","17","4","STAN","STEPHENS","standard","simple","alpha","0.5"
"4758","18","4","STAN","STEPHENS","standard","simple","alpha","0.4997"
"4759","19","4","STAN","STEPHENS","standard","simple","alpha","0.5"
"4760","20","4","STAN","STEPHENS","standard","simple","alpha","0.5"
"4761","1","5","STAN","STEPHENS","standard","simple","alpha","0.5"
"4762","2","5","STAN","STEPHENS","standard","simple","alpha","0.5"
"4763","3","5","STAN","STEPHENS","standard","simple","alpha","0.5"
"4764","4","5","STAN","STEPHENS","standard","simple","alpha","0.5"
"4765","5","5","STAN","STEPHENS","standard","simple","alpha","0.5"
"4766","6","5","STAN","STEPHENS","standard","simple","alpha","0.5"
"4767","7","5","STAN","STEPHENS","standard","simple","alpha","0.5"
"4768","8","5","STAN","STEPHENS","standard","simple","alpha","0.5"
"4769","9","5","STAN","STEPHENS","standard","simple","alpha","0.5"
"4770","10","5","STAN","STEPHENS","standard","simple","alpha","0.5"
"4771","11","5","STAN","STEPHENS","standard","simple","alpha","0.5"
"4772","12","5","STAN","STEPHENS","standard","simple","alpha","0.5"
"4773","13","5","STAN","STEPHENS","standard","simple","alpha","0.5"
"4774","14","5","STAN","STEPHENS","standard","simple","alpha","0.5"
"4775","15","5","STAN","STEPHENS","standard","simple","alpha","0.5"
"4776","16","5","STAN","STEPHENS","standard","simple","alpha","0.5"
"4777","17","5","STAN","STEPHENS","standard","simple","alpha","0.5"
"4778","18","5","STAN","STEPHENS","standard","simple","alpha","0.5"
"4779","19","5","STAN","STEPHENS","standard","simple","alpha","0.5"
"4780","20","5","STAN","STEPHENS","standard","simple","alpha","0.5"
"4781","1","6","STAN","STEPHENS","standard","simple","alpha","0.5"
"4782","2","6","STAN","STEPHENS","standard","simple","alpha","0.5"
"4783","3","6","STAN","STEPHENS","standard","simple","alpha","0.5"
"4784","4","6","STAN","STEPHENS","standard","simple","alpha","0.5"
"4785","5","6","STAN","STEPHENS","standard","simple","alpha","0.5"
"4786","6","6","STAN","STEPHENS","standard","simple","alpha","0.5"
"4787","7","6","STAN","STEPHENS","standard","simple","alpha","0.5"
"4788","8","6","STAN","STEPHENS","standard","simple","alpha","0.5"
"4789","9","6","STAN","STEPHENS","standard","simple","alpha","0.5"
"4790","10","6","STAN","STEPHENS","standard","simple","alpha","0.5"
"4791","11","6","STAN","STEPHENS","standard","simple","alpha","0.5"
"4792","12","6","STAN","STEPHENS","standard","simple","alpha","0.5"
"4793","13","6","STAN","STEPHENS","standard","simple","alpha","0.5"
"4794","14","6","STAN","STEPHENS","standard","simple","alpha","0.5"
"4795","15","6","STAN","STEPHENS","standard","simple","alpha","0.5"
"4796","16","6","STAN","STEPHENS","standard","simple","alpha","0.5"
"4797","17","6","STAN","STEPHENS","standard","simple","alpha","0.5"
"4798","18","6","STAN","STEPHENS","standard","simple","alpha","0.5"
"4799","19","6","STAN","STEPHENS","standard","simple","alpha","0.5"
"4800","20","6","STAN","STEPHENS","standard","simple","alpha","0.5"
"4801","1","2","JAGS","ECR","standard","permutations","co","2"
"4802","2","2","JAGS","ECR","standard","permutations","co","2"
"4803","3","2","JAGS","ECR","standard","permutations","co","2"
"4804","4","2","JAGS","ECR","standard","permutations","co","2"
"4805","5","2","JAGS","ECR","standard","permutations","co","2"
"4806","6","2","JAGS","ECR","standard","permutations","co","2"
"4807","7","2","JAGS","ECR","standard","permutations","co","2"
"4808","8","2","JAGS","ECR","standard","permutations","co","2"
"4809","9","2","JAGS","ECR","standard","permutations","co","2"
"4810","10","2","JAGS","ECR","standard","permutations","co","2"
"4811","11","2","JAGS","ECR","standard","permutations","co","2"
"4812","12","2","JAGS","ECR","standard","permutations","co","2"
"4813","13","2","JAGS","ECR","standard","permutations","co","2"
"4814","14","2","JAGS","ECR","standard","permutations","co","2"
"4815","15","2","JAGS","ECR","standard","permutations","co","2"
"4816","16","2","JAGS","ECR","standard","permutations","co","2"
"4817","17","2","JAGS","ECR","standard","permutations","co","2"
"4818","18","2","JAGS","ECR","standard","permutations","co","2"
"4819","19","2","JAGS","ECR","standard","permutations","co","2"
"4820","20","2","JAGS","ECR","standard","permutations","co","2"
"4821","1","3","JAGS","ECR","standard","permutations","co","3"
"4822","2","3","JAGS","ECR","standard","permutations","co","1"
"4823","3","3","JAGS","ECR","standard","permutations","co","1"
"4824","4","3","JAGS","ECR","standard","permutations","co","1"
"4825","5","3","JAGS","ECR","standard","permutations","co","1"
"4826","6","3","JAGS","ECR","standard","permutations","co","1"
"4827","7","3","JAGS","ECR","standard","permutations","co","1"
"4828","8","3","JAGS","ECR","standard","permutations","co","3"
"4829","9","3","JAGS","ECR","standard","permutations","co","3"
"4830","10","3","JAGS","ECR","standard","permutations","co","1"
"4831","11","3","JAGS","ECR","standard","permutations","co","1"
"4832","12","3","JAGS","ECR","standard","permutations","co","1"
"4833","13","3","JAGS","ECR","standard","permutations","co","1"
"4834","14","3","JAGS","ECR","standard","permutations","co","1"
"4835","15","3","JAGS","ECR","standard","permutations","co","1"
"4836","16","3","JAGS","ECR","standard","permutations","co","1"
"4837","17","3","JAGS","ECR","standard","permutations","co","1"
"4838","18","3","JAGS","ECR","standard","permutations","co","1"
"4839","19","3","JAGS","ECR","standard","permutations","co","1"
"4840","20","3","JAGS","ECR","standard","permutations","co","3"
"4841","1","4","JAGS","ECR","standard","permutations","co","0"
"4842","2","4","JAGS","ECR","standard","permutations","co","0"
"4843","3","4","JAGS","ECR","standard","permutations","co","0"
"4844","4","4","JAGS","ECR","standard","permutations","co","0"
"4845","5","4","JAGS","ECR","standard","permutations","co","0"
"4846","6","4","JAGS","ECR","standard","permutations","co","0"
"4847","7","4","JAGS","ECR","standard","permutations","co","0"
"4848","8","4","JAGS","ECR","standard","permutations","co","0"
"4849","9","4","JAGS","ECR","standard","permutations","co","0"
"4850","10","4","JAGS","ECR","standard","permutations","co","0"
"4851","11","4","JAGS","ECR","standard","permutations","co","0"
"4852","12","4","JAGS","ECR","standard","permutations","co","0"
"4853","13","4","JAGS","ECR","standard","permutations","co","0"
"4854","14","4","JAGS","ECR","standard","permutations","co","0"
"4855","15","4","JAGS","ECR","standard","permutations","co","0"
"4856","16","4","JAGS","ECR","standard","permutations","co","0"
"4857","17","4","JAGS","ECR","standard","permutations","co","0"
"4858","18","4","JAGS","ECR","standard","permutations","co","0"
"4859","19","4","JAGS","ECR","standard","permutations","co","0"
"4860","20","4","JAGS","ECR","standard","permutations","co","0"
"4861","1","5","JAGS","ECR","standard","permutations","co","-1"
"4862","2","5","JAGS","ECR","standard","permutations","co","-1"
"4863","3","5","JAGS","ECR","standard","permutations","co","-1"
"4864","4","5","JAGS","ECR","standard","permutations","co","-1"
"4865","5","5","JAGS","ECR","standard","permutations","co","-1"
"4866","6","5","JAGS","ECR","standard","permutations","co","-1"
"4867","7","5","JAGS","ECR","standard","permutations","co","-1"
"4868","8","5","JAGS","ECR","standard","permutations","co","-1"
"4869","9","5","JAGS","ECR","standard","permutations","co","-1"
"4870","10","5","JAGS","ECR","standard","permutations","co","-1"
"4871","11","5","JAGS","ECR","standard","permutations","co","-1"
"4872","12","5","JAGS","ECR","standard","permutations","co","-1"
"4873","13","5","JAGS","ECR","standard","permutations","co","-1"
"4874","14","5","JAGS","ECR","standard","permutations","co","-1"
"4875","15","5","JAGS","ECR","standard","permutations","co","-1"
"4876","16","5","JAGS","ECR","standard","permutations","co","-1"
"4877","17","5","JAGS","ECR","standard","permutations","co","-1"
"4878","18","5","JAGS","ECR","standard","permutations","co","-1"
"4879","19","5","JAGS","ECR","standard","permutations","co","-1"
"4880","20","5","JAGS","ECR","standard","permutations","co","-1"
"4881","1","6","JAGS","ECR","standard","permutations","co","-2"
"4882","2","6","JAGS","ECR","standard","permutations","co","-2"
"4883","3","6","JAGS","ECR","standard","permutations","co","-2"
"4884","4","6","JAGS","ECR","standard","permutations","co","-2"
"4885","5","6","JAGS","ECR","standard","permutations","co","-2"
"4886","6","6","JAGS","ECR","standard","permutations","co","-2"
"4887","7","6","JAGS","ECR","standard","permutations","co","-2"
"4888","8","6","JAGS","ECR","standard","permutations","co","-2"
"4889","9","6","JAGS","ECR","standard","permutations","co","-2"
"4890","10","6","JAGS","ECR","standard","permutations","co","-2"
"4891","11","6","JAGS","ECR","standard","permutations","co","-2"
"4892","12","6","JAGS","ECR","standard","permutations","co","-2"
"4893","13","6","JAGS","ECR","standard","permutations","co","-2"
"4894","14","6","JAGS","ECR","standard","permutations","co","-2"
"4895","15","6","JAGS","ECR","standard","permutations","co","-2"
"4896","16","6","JAGS","ECR","standard","permutations","co","-2"
"4897","17","6","JAGS","ECR","standard","permutations","co","-2"
"4898","18","6","JAGS","ECR","standard","permutations","co","-2"
"4899","19","6","JAGS","ECR","standard","permutations","co","-2"
"4900","20","6","JAGS","ECR","standard","permutations","co","-2"
"4901","1","2","STAN","ECR","standard","permutations","co",NA
"4902","2","2","STAN","ECR","standard","permutations","co",NA
"4903","3","2","STAN","ECR","standard","permutations","co",NA
"4904","4","2","STAN","ECR","standard","permutations","co",NA
"4905","5","2","STAN","ECR","standard","permutations","co",NA
"4906","6","2","STAN","ECR","standard","permutations","co",NA
"4907","7","2","STAN","ECR","standard","permutations","co",NA
"4908","8","2","STAN","ECR","standard","permutations","co",NA
"4909","9","2","STAN","ECR","standard","permutations","co",NA
"4910","10","2","STAN","ECR","standard","permutations","co",NA
"4911","11","2","STAN","ECR","standard","permutations","co",NA
"4912","12","2","STAN","ECR","standard","permutations","co",NA
"4913","13","2","STAN","ECR","standard","permutations","co",NA
"4914","14","2","STAN","ECR","standard","permutations","co",NA
"4915","15","2","STAN","ECR","standard","permutations","co",NA
"4916","16","2","STAN","ECR","standard","permutations","co",NA
"4917","17","2","STAN","ECR","standard","permutations","co",NA
"4918","18","2","STAN","ECR","standard","permutations","co",NA
"4919","19","2","STAN","ECR","standard","permutations","co",NA
"4920","20","2","STAN","ECR","standard","permutations","co",NA
"4921","1","3","STAN","ECR","standard","permutations","co",NA
"4922","2","3","STAN","ECR","standard","permutations","co",NA
"4923","3","3","STAN","ECR","standard","permutations","co",NA
"4924","4","3","STAN","ECR","standard","permutations","co",NA
"4925","5","3","STAN","ECR","standard","permutations","co",NA
"4926","6","3","STAN","ECR","standard","permutations","co",NA
"4927","7","3","STAN","ECR","standard","permutations","co",NA
"4928","8","3","STAN","ECR","standard","permutations","co",NA
"4929","9","3","STAN","ECR","standard","permutations","co",NA
"4930","10","3","STAN","ECR","standard","permutations","co",NA
"4931","11","3","STAN","ECR","standard","permutations","co",NA
"4932","12","3","STAN","ECR","standard","permutations","co",NA
"4933","13","3","STAN","ECR","standard","permutations","co",NA
"4934","14","3","STAN","ECR","standard","permutations","co",NA
"4935","15","3","STAN","ECR","standard","permutations","co",NA
"4936","16","3","STAN","ECR","standard","permutations","co",NA
"4937","17","3","STAN","ECR","standard","permutations","co",NA
"4938","18","3","STAN","ECR","standard","permutations","co",NA
"4939","19","3","STAN","ECR","standard","permutations","co",NA
"4940","20","3","STAN","ECR","standard","permutations","co",NA
"4941","1","4","STAN","ECR","standard","permutations","co",NA
"4942","2","4","STAN","ECR","standard","permutations","co",NA
"4943","3","4","STAN","ECR","standard","permutations","co",NA
"4944","4","4","STAN","ECR","standard","permutations","co",NA
"4945","5","4","STAN","ECR","standard","permutations","co",NA
"4946","6","4","STAN","ECR","standard","permutations","co",NA
"4947","7","4","STAN","ECR","standard","permutations","co",NA
"4948","8","4","STAN","ECR","standard","permutations","co",NA
"4949","9","4","STAN","ECR","standard","permutations","co",NA
"4950","10","4","STAN","ECR","standard","permutations","co",NA
"4951","11","4","STAN","ECR","standard","permutations","co",NA
"4952","12","4","STAN","ECR","standard","permutations","co",NA
"4953","13","4","STAN","ECR","standard","permutations","co",NA
"4954","14","4","STAN","ECR","standard","permutations","co",NA
"4955","15","4","STAN","ECR","standard","permutations","co",NA
"4956","16","4","STAN","ECR","standard","permutations","co",NA
"4957","17","4","STAN","ECR","standard","permutations","co",NA
"4958","18","4","STAN","ECR","standard","permutations","co",NA
"4959","19","4","STAN","ECR","standard","permutations","co",NA
"4960","20","4","STAN","ECR","standard","permutations","co",NA
"4961","1","5","STAN","ECR","standard","permutations","co",NA
"4962","2","5","STAN","ECR","standard","permutations","co",NA
"4963","3","5","STAN","ECR","standard","permutations","co",NA
"4964","4","5","STAN","ECR","standard","permutations","co",NA
"4965","5","5","STAN","ECR","standard","permutations","co",NA
"4966","6","5","STAN","ECR","standard","permutations","co",NA
"4967","7","5","STAN","ECR","standard","permutations","co",NA
"4968","8","5","STAN","ECR","standard","permutations","co",NA
"4969","9","5","STAN","ECR","standard","permutations","co",NA
"4970","10","5","STAN","ECR","standard","permutations","co",NA
"4971","11","5","STAN","ECR","standard","permutations","co",NA
"4972","12","5","STAN","ECR","standard","permutations","co",NA
"4973","13","5","STAN","ECR","standard","permutations","co",NA
"4974","14","5","STAN","ECR","standard","permutations","co",NA
"4975","15","5","STAN","ECR","standard","permutations","co",NA
"4976","16","5","STAN","ECR","standard","permutations","co",NA
"4977","17","5","STAN","ECR","standard","permutations","co",NA
"4978","18","5","STAN","ECR","standard","permutations","co",NA
"4979","19","5","STAN","ECR","standard","permutations","co",NA
"4980","20","5","STAN","ECR","standard","permutations","co",NA
"4981","1","6","STAN","ECR","standard","permutations","co",NA
"4982","2","6","STAN","ECR","standard","permutations","co",NA
"4983","3","6","STAN","ECR","standard","permutations","co",NA
"4984","4","6","STAN","ECR","standard","permutations","co",NA
"4985","5","6","STAN","ECR","standard","permutations","co",NA
"4986","6","6","STAN","ECR","standard","permutations","co",NA
"4987","7","6","STAN","ECR","standard","permutations","co",NA
"4988","8","6","STAN","ECR","standard","permutations","co",NA
"4989","9","6","STAN","ECR","standard","permutations","co",NA
"4990","10","6","STAN","ECR","standard","permutations","co",NA
"4991","11","6","STAN","ECR","standard","permutations","co",NA
"4992","12","6","STAN","ECR","standard","permutations","co",NA
"4993","13","6","STAN","ECR","standard","permutations","co",NA
"4994","14","6","STAN","ECR","standard","permutations","co",NA
"4995","15","6","STAN","ECR","standard","permutations","co",NA
"4996","16","6","STAN","ECR","standard","permutations","co",NA
"4997","17","6","STAN","ECR","standard","permutations","co",NA
"4998","18","6","STAN","ECR","standard","permutations","co",NA
"4999","19","6","STAN","ECR","standard","permutations","co",NA
"5000","20","6","STAN","ECR","standard","permutations","co",NA
"5001","1","2","JAGS","STEPHENS","standard","permutations","co","2"
"5002","2","2","JAGS","STEPHENS","standard","permutations","co","2"
"5003","3","2","JAGS","STEPHENS","standard","permutations","co","2"
"5004","4","2","JAGS","STEPHENS","standard","permutations","co","2"
"5005","5","2","JAGS","STEPHENS","standard","permutations","co","2"
"5006","6","2","JAGS","STEPHENS","standard","permutations","co","2"
"5007","7","2","JAGS","STEPHENS","standard","permutations","co","2"
"5008","8","2","JAGS","STEPHENS","standard","permutations","co","2"
"5009","9","2","JAGS","STEPHENS","standard","permutations","co","2"
"5010","10","2","JAGS","STEPHENS","standard","permutations","co","2"
"5011","11","2","JAGS","STEPHENS","standard","permutations","co","2"
"5012","12","2","JAGS","STEPHENS","standard","permutations","co","2"
"5013","13","2","JAGS","STEPHENS","standard","permutations","co","2"
"5014","14","2","JAGS","STEPHENS","standard","permutations","co","2"
"5015","15","2","JAGS","STEPHENS","standard","permutations","co","2"
"5016","16","2","JAGS","STEPHENS","standard","permutations","co","2"
"5017","17","2","JAGS","STEPHENS","standard","permutations","co","2"
"5018","18","2","JAGS","STEPHENS","standard","permutations","co","2"
"5019","19","2","JAGS","STEPHENS","standard","permutations","co","2"
"5020","20","2","JAGS","STEPHENS","standard","permutations","co","2"
"5021","1","3","JAGS","STEPHENS","standard","permutations","co","3"
"5022","2","3","JAGS","STEPHENS","standard","permutations","co","3"
"5023","3","3","JAGS","STEPHENS","standard","permutations","co","1"
"5024","4","3","JAGS","STEPHENS","standard","permutations","co","3"
"5025","5","3","JAGS","STEPHENS","standard","permutations","co","1"
"5026","6","3","JAGS","STEPHENS","standard","permutations","co","3"
"5027","7","3","JAGS","STEPHENS","standard","permutations","co","3"
"5028","8","3","JAGS","STEPHENS","standard","permutations","co","1"
"5029","9","3","JAGS","STEPHENS","standard","permutations","co","3"
"5030","10","3","JAGS","STEPHENS","standard","permutations","co","3"
"5031","11","3","JAGS","STEPHENS","standard","permutations","co","3"
"5032","12","3","JAGS","STEPHENS","standard","permutations","co","3"
"5033","13","3","JAGS","STEPHENS","standard","permutations","co","3"
"5034","14","3","JAGS","STEPHENS","standard","permutations","co","1"
"5035","15","3","JAGS","STEPHENS","standard","permutations","co","1"
"5036","16","3","JAGS","STEPHENS","standard","permutations","co","3"
"5037","17","3","JAGS","STEPHENS","standard","permutations","co","3"
"5038","18","3","JAGS","STEPHENS","standard","permutations","co","3"
"5039","19","3","JAGS","STEPHENS","standard","permutations","co","1"
"5040","20","3","JAGS","STEPHENS","standard","permutations","co","1"
"5041","1","4","JAGS","STEPHENS","standard","permutations","co","0"
"5042","2","4","JAGS","STEPHENS","standard","permutations","co","0"
"5043","3","4","JAGS","STEPHENS","standard","permutations","co","0"
"5044","4","4","JAGS","STEPHENS","standard","permutations","co","0"
"5045","5","4","JAGS","STEPHENS","standard","permutations","co","2"
"5046","6","4","JAGS","STEPHENS","standard","permutations","co","0"
"5047","7","4","JAGS","STEPHENS","standard","permutations","co","0"
"5048","8","4","JAGS","STEPHENS","standard","permutations","co","0"
"5049","9","4","JAGS","STEPHENS","standard","permutations","co","0"
"5050","10","4","JAGS","STEPHENS","standard","permutations","co","2"
"5051","11","4","JAGS","STEPHENS","standard","permutations","co","2"
"5052","12","4","JAGS","STEPHENS","standard","permutations","co","0"
"5053","13","4","JAGS","STEPHENS","standard","permutations","co","0"
"5054","14","4","JAGS","STEPHENS","standard","permutations","co","2"
"5055","15","4","JAGS","STEPHENS","standard","permutations","co","0"
"5056","16","4","JAGS","STEPHENS","standard","permutations","co","0"
"5057","17","4","JAGS","STEPHENS","standard","permutations","co","0"
"5058","18","4","JAGS","STEPHENS","standard","permutations","co","0"
"5059","19","4","JAGS","STEPHENS","standard","permutations","co","0"
"5060","20","4","JAGS","STEPHENS","standard","permutations","co","0"
"5061","1","5","JAGS","STEPHENS","standard","permutations","co","-1"
"5062","2","5","JAGS","STEPHENS","standard","permutations","co","-1"
"5063","3","5","JAGS","STEPHENS","standard","permutations","co","-1"
"5064","4","5","JAGS","STEPHENS","standard","permutations","co","-1"
"5065","5","5","JAGS","STEPHENS","standard","permutations","co","-1"
"5066","6","5","JAGS","STEPHENS","standard","permutations","co","-1"
"5067","7","5","JAGS","STEPHENS","standard","permutations","co","-1"
"5068","8","5","JAGS","STEPHENS","standard","permutations","co","-1"
"5069","9","5","JAGS","STEPHENS","standard","permutations","co","-1"
"5070","10","5","JAGS","STEPHENS","standard","permutations","co","-1"
"5071","11","5","JAGS","STEPHENS","standard","permutations","co","-1"
"5072","12","5","JAGS","STEPHENS","standard","permutations","co","-1"
"5073","13","5","JAGS","STEPHENS","standard","permutations","co","-1"
"5074","14","5","JAGS","STEPHENS","standard","permutations","co","-1"
"5075","15","5","JAGS","STEPHENS","standard","permutations","co","-1"
"5076","16","5","JAGS","STEPHENS","standard","permutations","co","-1"
"5077","17","5","JAGS","STEPHENS","standard","permutations","co","-1"
"5078","18","5","JAGS","STEPHENS","standard","permutations","co","-1"
"5079","19","5","JAGS","STEPHENS","standard","permutations","co","-1"
"5080","20","5","JAGS","STEPHENS","standard","permutations","co","-1"
"5081","1","6","JAGS","STEPHENS","standard","permutations","co","-2"
"5082","2","6","JAGS","STEPHENS","standard","permutations","co","-2"
"5083","3","6","JAGS","STEPHENS","standard","permutations","co","-2"
"5084","4","6","JAGS","STEPHENS","standard","permutations","co","-2"
"5085","5","6","JAGS","STEPHENS","standard","permutations","co","-2"
"5086","6","6","JAGS","STEPHENS","standard","permutations","co","-2"
"5087","7","6","JAGS","STEPHENS","standard","permutations","co","-2"
"5088","8","6","JAGS","STEPHENS","standard","permutations","co","-2"
"5089","9","6","JAGS","STEPHENS","standard","permutations","co","-2"
"5090","10","6","JAGS","STEPHENS","standard","permutations","co","-2"
"5091","11","6","JAGS","STEPHENS","standard","permutations","co","-2"
"5092","12","6","JAGS","STEPHENS","standard","permutations","co","-2"
"5093","13","6","JAGS","STEPHENS","standard","permutations","co","-2"
"5094","14","6","JAGS","STEPHENS","standard","permutations","co","-2"
"5095","15","6","JAGS","STEPHENS","standard","permutations","co","-2"
"5096","16","6","JAGS","STEPHENS","standard","permutations","co","-2"
"5097","17","6","JAGS","STEPHENS","standard","permutations","co","-2"
"5098","18","6","JAGS","STEPHENS","standard","permutations","co","-2"
"5099","19","6","JAGS","STEPHENS","standard","permutations","co","-2"
"5100","20","6","JAGS","STEPHENS","standard","permutations","co","-2"
"5101","1","2","STAN","STEPHENS","standard","permutations","co","2"
"5102","2","2","STAN","STEPHENS","standard","permutations","co","2"
"5103","3","2","STAN","STEPHENS","standard","permutations","co","2"
"5104","4","2","STAN","STEPHENS","standard","permutations","co","2"
"5105","5","2","STAN","STEPHENS","standard","permutations","co","2"
"5106","6","2","STAN","STEPHENS","standard","permutations","co","2"
"5107","7","2","STAN","STEPHENS","standard","permutations","co","2"
"5108","8","2","STAN","STEPHENS","standard","permutations","co","2"
"5109","9","2","STAN","STEPHENS","standard","permutations","co","2"
"5110","10","2","STAN","STEPHENS","standard","permutations","co","2"
"5111","11","2","STAN","STEPHENS","standard","permutations","co","2"
"5112","12","2","STAN","STEPHENS","standard","permutations","co","2"
"5113","13","2","STAN","STEPHENS","standard","permutations","co","2"
"5114","14","2","STAN","STEPHENS","standard","permutations","co","2"
"5115","15","2","STAN","STEPHENS","standard","permutations","co","2"
"5116","16","2","STAN","STEPHENS","standard","permutations","co","2"
"5117","17","2","STAN","STEPHENS","standard","permutations","co","2"
"5118","18","2","STAN","STEPHENS","standard","permutations","co","2"
"5119","19","2","STAN","STEPHENS","standard","permutations","co","2"
"5120","20","2","STAN","STEPHENS","standard","permutations","co","2"
"5121","1","3","STAN","STEPHENS","standard","permutations","co","3"
"5122","2","3","STAN","STEPHENS","standard","permutations","co","3"
"5123","3","3","STAN","STEPHENS","standard","permutations","co","1"
"5124","4","3","STAN","STEPHENS","standard","permutations","co","1"
"5125","5","3","STAN","STEPHENS","standard","permutations","co","1"
"5126","6","3","STAN","STEPHENS","standard","permutations","co","1"
"5127","7","3","STAN","STEPHENS","standard","permutations","co","1"
"5128","8","3","STAN","STEPHENS","standard","permutations","co","3"
"5129","9","3","STAN","STEPHENS","standard","permutations","co","3"
"5130","10","3","STAN","STEPHENS","standard","permutations","co","3"
"5131","11","3","STAN","STEPHENS","standard","permutations","co","3"
"5132","12","3","STAN","STEPHENS","standard","permutations","co","3"
"5133","13","3","STAN","STEPHENS","standard","permutations","co","3"
"5134","14","3","STAN","STEPHENS","standard","permutations","co","3"
"5135","15","3","STAN","STEPHENS","standard","permutations","co","3"
"5136","16","3","STAN","STEPHENS","standard","permutations","co","3"
"5137","17","3","STAN","STEPHENS","standard","permutations","co","3"
"5138","18","3","STAN","STEPHENS","standard","permutations","co","3"
"5139","19","3","STAN","STEPHENS","standard","permutations","co","3"
"5140","20","3","STAN","STEPHENS","standard","permutations","co","3"
"5141","1","4","STAN","STEPHENS","standard","permutations","co","0"
"5142","2","4","STAN","STEPHENS","standard","permutations","co","0"
"5143","3","4","STAN","STEPHENS","standard","permutations","co","2"
"5144","4","4","STAN","STEPHENS","standard","permutations","co","0"
"5145","5","4","STAN","STEPHENS","standard","permutations","co","0"
"5146","6","4","STAN","STEPHENS","standard","permutations","co","2"
"5147","7","4","STAN","STEPHENS","standard","permutations","co","2"
"5148","8","4","STAN","STEPHENS","standard","permutations","co","0"
"5149","9","4","STAN","STEPHENS","standard","permutations","co","0"
"5150","10","4","STAN","STEPHENS","standard","permutations","co","0"
"5151","11","4","STAN","STEPHENS","standard","permutations","co","2"
"5152","12","4","STAN","STEPHENS","standard","permutations","co","0"
"5153","13","4","STAN","STEPHENS","standard","permutations","co","2"
"5154","14","4","STAN","STEPHENS","standard","permutations","co","0"
"5155","15","4","STAN","STEPHENS","standard","permutations","co","0"
"5156","16","4","STAN","STEPHENS","standard","permutations","co","0"
"5157","17","4","STAN","STEPHENS","standard","permutations","co","2"
"5158","18","4","STAN","STEPHENS","standard","permutations","co","0"
"5159","19","4","STAN","STEPHENS","standard","permutations","co","2"
"5160","20","4","STAN","STEPHENS","standard","permutations","co","0"
"5161","1","5","STAN","STEPHENS","standard","permutations","co","-1"
"5162","2","5","STAN","STEPHENS","standard","permutations","co","-1"
"5163","3","5","STAN","STEPHENS","standard","permutations","co","-1"
"5164","4","5","STAN","STEPHENS","standard","permutations","co","-1"
"5165","5","5","STAN","STEPHENS","standard","permutations","co","-1"
"5166","6","5","STAN","STEPHENS","standard","permutations","co","-1"
"5167","7","5","STAN","STEPHENS","standard","permutations","co","-1"
"5168","8","5","STAN","STEPHENS","standard","permutations","co","-1"
"5169","9","5","STAN","STEPHENS","standard","permutations","co","-1"
"5170","10","5","STAN","STEPHENS","standard","permutations","co","-1"
"5171","11","5","STAN","STEPHENS","standard","permutations","co","-1"
"5172","12","5","STAN","STEPHENS","standard","permutations","co","-1"
"5173","13","5","STAN","STEPHENS","standard","permutations","co","-1"
"5174","14","5","STAN","STEPHENS","standard","permutations","co","-1"
"5175","15","5","STAN","STEPHENS","standard","permutations","co","-1"
"5176","16","5","STAN","STEPHENS","standard","permutations","co","-1"
"5177","17","5","STAN","STEPHENS","standard","permutations","co","-1"
"5178","18","5","STAN","STEPHENS","standard","permutations","co","-1"
"5179","19","5","STAN","STEPHENS","standard","permutations","co","-1"
"5180","20","5","STAN","STEPHENS","standard","permutations","co","-1"
"5181","1","6","STAN","STEPHENS","standard","permutations","co","-2"
"5182","2","6","STAN","STEPHENS","standard","permutations","co","-2"
"5183","3","6","STAN","STEPHENS","standard","permutations","co","-2"
"5184","4","6","STAN","STEPHENS","standard","permutations","co","-2"
"5185","5","6","STAN","STEPHENS","standard","permutations","co","-2"
"5186","6","6","STAN","STEPHENS","standard","permutations","co","-2"
"5187","7","6","STAN","STEPHENS","standard","permutations","co","-2"
"5188","8","6","STAN","STEPHENS","standard","permutations","co","-2"
"5189","9","6","STAN","STEPHENS","standard","permutations","co","-2"
"5190","10","6","STAN","STEPHENS","standard","permutations","co","-2"
"5191","11","6","STAN","STEPHENS","standard","permutations","co","-2"
"5192","12","6","STAN","STEPHENS","standard","permutations","co","-2"
"5193","13","6","STAN","STEPHENS","standard","permutations","co","-2"
"5194","14","6","STAN","STEPHENS","standard","permutations","co","-2"
"5195","15","6","STAN","STEPHENS","standard","permutations","co","-2"
"5196","16","6","STAN","STEPHENS","standard","permutations","co","-2"
"5197","17","6","STAN","STEPHENS","standard","permutations","co","-2"
"5198","18","6","STAN","STEPHENS","standard","permutations","co","-2"
"5199","19","6","STAN","STEPHENS","standard","permutations","co","-2"
"5200","20","6","STAN","STEPHENS","standard","permutations","co","-2"
"5201","1","2","JAGS","ECR","standard","simple","co","2"
"5202","2","2","JAGS","ECR","standard","simple","co","2"
"5203","3","2","JAGS","ECR","standard","simple","co","2"
"5204","4","2","JAGS","ECR","standard","simple","co","2"
"5205","5","2","JAGS","ECR","standard","simple","co","2"
"5206","6","2","JAGS","ECR","standard","simple","co","2"
"5207","7","2","JAGS","ECR","standard","simple","co","2"
"5208","8","2","JAGS","ECR","standard","simple","co","2"
"5209","9","2","JAGS","ECR","standard","simple","co","2"
"5210","10","2","JAGS","ECR","standard","simple","co","2"
"5211","11","2","JAGS","ECR","standard","simple","co","2"
"5212","12","2","JAGS","ECR","standard","simple","co","2"
"5213","13","2","JAGS","ECR","standard","simple","co","2"
"5214","14","2","JAGS","ECR","standard","simple","co","2"
"5215","15","2","JAGS","ECR","standard","simple","co","2"
"5216","16","2","JAGS","ECR","standard","simple","co","2"
"5217","17","2","JAGS","ECR","standard","simple","co","2"
"5218","18","2","JAGS","ECR","standard","simple","co","2"
"5219","19","2","JAGS","ECR","standard","simple","co","2"
"5220","20","2","JAGS","ECR","standard","simple","co","2"
"5221","1","3","JAGS","ECR","standard","simple","co","3"
"5222","2","3","JAGS","ECR","standard","simple","co","1"
"5223","3","3","JAGS","ECR","standard","simple","co","1"
"5224","4","3","JAGS","ECR","standard","simple","co","1"
"5225","5","3","JAGS","ECR","standard","simple","co","1"
"5226","6","3","JAGS","ECR","standard","simple","co","1"
"5227","7","3","JAGS","ECR","standard","simple","co","1"
"5228","8","3","JAGS","ECR","standard","simple","co","3"
"5229","9","3","JAGS","ECR","standard","simple","co","3"
"5230","10","3","JAGS","ECR","standard","simple","co","1"
"5231","11","3","JAGS","ECR","standard","simple","co","1"
"5232","12","3","JAGS","ECR","standard","simple","co","1"
"5233","13","3","JAGS","ECR","standard","simple","co","1"
"5234","14","3","JAGS","ECR","standard","simple","co","1"
"5235","15","3","JAGS","ECR","standard","simple","co","1"
"5236","16","3","JAGS","ECR","standard","simple","co","1"
"5237","17","3","JAGS","ECR","standard","simple","co","1"
"5238","18","3","JAGS","ECR","standard","simple","co","1"
"5239","19","3","JAGS","ECR","standard","simple","co","1"
"5240","20","3","JAGS","ECR","standard","simple","co","3"
"5241","1","4","JAGS","ECR","standard","simple","co","0"
"5242","2","4","JAGS","ECR","standard","simple","co","0"
"5243","3","4","JAGS","ECR","standard","simple","co","0"
"5244","4","4","JAGS","ECR","standard","simple","co","0"
"5245","5","4","JAGS","ECR","standard","simple","co","0"
"5246","6","4","JAGS","ECR","standard","simple","co","0"
"5247","7","4","JAGS","ECR","standard","simple","co","0"
"5248","8","4","JAGS","ECR","standard","simple","co","0"
"5249","9","4","JAGS","ECR","standard","simple","co","0"
"5250","10","4","JAGS","ECR","standard","simple","co","0"
"5251","11","4","JAGS","ECR","standard","simple","co","0"
"5252","12","4","JAGS","ECR","standard","simple","co","0"
"5253","13","4","JAGS","ECR","standard","simple","co","0"
"5254","14","4","JAGS","ECR","standard","simple","co","0"
"5255","15","4","JAGS","ECR","standard","simple","co","0"
"5256","16","4","JAGS","ECR","standard","simple","co","0"
"5257","17","4","JAGS","ECR","standard","simple","co","0"
"5258","18","4","JAGS","ECR","standard","simple","co","0"
"5259","19","4","JAGS","ECR","standard","simple","co","0"
"5260","20","4","JAGS","ECR","standard","simple","co","0"
"5261","1","5","JAGS","ECR","standard","simple","co","-1"
"5262","2","5","JAGS","ECR","standard","simple","co","-1"
"5263","3","5","JAGS","ECR","standard","simple","co","-1"
"5264","4","5","JAGS","ECR","standard","simple","co","-1"
"5265","5","5","JAGS","ECR","standard","simple","co","-1"
"5266","6","5","JAGS","ECR","standard","simple","co","-1"
"5267","7","5","JAGS","ECR","standard","simple","co","-1"
"5268","8","5","JAGS","ECR","standard","simple","co","-1"
"5269","9","5","JAGS","ECR","standard","simple","co","-1"
"5270","10","5","JAGS","ECR","standard","simple","co","-1"
"5271","11","5","JAGS","ECR","standard","simple","co","-1"
"5272","12","5","JAGS","ECR","standard","simple","co","-1"
"5273","13","5","JAGS","ECR","standard","simple","co","-1"
"5274","14","5","JAGS","ECR","standard","simple","co","-1"
"5275","15","5","JAGS","ECR","standard","simple","co","-1"
"5276","16","5","JAGS","ECR","standard","simple","co","-1"
"5277","17","5","JAGS","ECR","standard","simple","co","-1"
"5278","18","5","JAGS","ECR","standard","simple","co","-1"
"5279","19","5","JAGS","ECR","standard","simple","co","-1"
"5280","20","5","JAGS","ECR","standard","simple","co","-1"
"5281","1","6","JAGS","ECR","standard","simple","co","-2"
"5282","2","6","JAGS","ECR","standard","simple","co","-2"
"5283","3","6","JAGS","ECR","standard","simple","co","-2"
"5284","4","6","JAGS","ECR","standard","simple","co","-2"
"5285","5","6","JAGS","ECR","standard","simple","co","-2"
"5286","6","6","JAGS","ECR","standard","simple","co","-2"
"5287","7","6","JAGS","ECR","standard","simple","co","-2"
"5288","8","6","JAGS","ECR","standard","simple","co","-2"
"5289","9","6","JAGS","ECR","standard","simple","co","-2"
"5290","10","6","JAGS","ECR","standard","simple","co","-2"
"5291","11","6","JAGS","ECR","standard","simple","co","-2"
"5292","12","6","JAGS","ECR","standard","simple","co","-2"
"5293","13","6","JAGS","ECR","standard","simple","co","-2"
"5294","14","6","JAGS","ECR","standard","simple","co","-2"
"5295","15","6","JAGS","ECR","standard","simple","co","-2"
"5296","16","6","JAGS","ECR","standard","simple","co","-2"
"5297","17","6","JAGS","ECR","standard","simple","co","-2"
"5298","18","6","JAGS","ECR","standard","simple","co","-2"
"5299","19","6","JAGS","ECR","standard","simple","co","-2"
"5300","20","6","JAGS","ECR","standard","simple","co","-2"
"5301","1","2","STAN","ECR","standard","simple","co",NA
"5302","2","2","STAN","ECR","standard","simple","co",NA
"5303","3","2","STAN","ECR","standard","simple","co",NA
"5304","4","2","STAN","ECR","standard","simple","co",NA
"5305","5","2","STAN","ECR","standard","simple","co",NA
"5306","6","2","STAN","ECR","standard","simple","co",NA
"5307","7","2","STAN","ECR","standard","simple","co",NA
"5308","8","2","STAN","ECR","standard","simple","co",NA
"5309","9","2","STAN","ECR","standard","simple","co",NA
"5310","10","2","STAN","ECR","standard","simple","co",NA
"5311","11","2","STAN","ECR","standard","simple","co",NA
"5312","12","2","STAN","ECR","standard","simple","co",NA
"5313","13","2","STAN","ECR","standard","simple","co",NA
"5314","14","2","STAN","ECR","standard","simple","co",NA
"5315","15","2","STAN","ECR","standard","simple","co",NA
"5316","16","2","STAN","ECR","standard","simple","co",NA
"5317","17","2","STAN","ECR","standard","simple","co",NA
"5318","18","2","STAN","ECR","standard","simple","co",NA
"5319","19","2","STAN","ECR","standard","simple","co",NA
"5320","20","2","STAN","ECR","standard","simple","co",NA
"5321","1","3","STAN","ECR","standard","simple","co",NA
"5322","2","3","STAN","ECR","standard","simple","co",NA
"5323","3","3","STAN","ECR","standard","simple","co",NA
"5324","4","3","STAN","ECR","standard","simple","co",NA
"5325","5","3","STAN","ECR","standard","simple","co",NA
"5326","6","3","STAN","ECR","standard","simple","co",NA
"5327","7","3","STAN","ECR","standard","simple","co",NA
"5328","8","3","STAN","ECR","standard","simple","co",NA
"5329","9","3","STAN","ECR","standard","simple","co",NA
"5330","10","3","STAN","ECR","standard","simple","co",NA
"5331","11","3","STAN","ECR","standard","simple","co",NA
"5332","12","3","STAN","ECR","standard","simple","co",NA
"5333","13","3","STAN","ECR","standard","simple","co",NA
"5334","14","3","STAN","ECR","standard","simple","co",NA
"5335","15","3","STAN","ECR","standard","simple","co",NA
"5336","16","3","STAN","ECR","standard","simple","co",NA
"5337","17","3","STAN","ECR","standard","simple","co",NA
"5338","18","3","STAN","ECR","standard","simple","co",NA
"5339","19","3","STAN","ECR","standard","simple","co",NA
"5340","20","3","STAN","ECR","standard","simple","co",NA
"5341","1","4","STAN","ECR","standard","simple","co",NA
"5342","2","4","STAN","ECR","standard","simple","co",NA
"5343","3","4","STAN","ECR","standard","simple","co",NA
"5344","4","4","STAN","ECR","standard","simple","co",NA
"5345","5","4","STAN","ECR","standard","simple","co",NA
"5346","6","4","STAN","ECR","standard","simple","co",NA
"5347","7","4","STAN","ECR","standard","simple","co",NA
"5348","8","4","STAN","ECR","standard","simple","co",NA
"5349","9","4","STAN","ECR","standard","simple","co",NA
"5350","10","4","STAN","ECR","standard","simple","co",NA
"5351","11","4","STAN","ECR","standard","simple","co",NA
"5352","12","4","STAN","ECR","standard","simple","co",NA
"5353","13","4","STAN","ECR","standard","simple","co",NA
"5354","14","4","STAN","ECR","standard","simple","co",NA
"5355","15","4","STAN","ECR","standard","simple","co",NA
"5356","16","4","STAN","ECR","standard","simple","co",NA
"5357","17","4","STAN","ECR","standard","simple","co",NA
"5358","18","4","STAN","ECR","standard","simple","co",NA
"5359","19","4","STAN","ECR","standard","simple","co",NA
"5360","20","4","STAN","ECR","standard","simple","co",NA
"5361","1","5","STAN","ECR","standard","simple","co",NA
"5362","2","5","STAN","ECR","standard","simple","co",NA
"5363","3","5","STAN","ECR","standard","simple","co",NA
"5364","4","5","STAN","ECR","standard","simple","co",NA
"5365","5","5","STAN","ECR","standard","simple","co",NA
"5366","6","5","STAN","ECR","standard","simple","co",NA
"5367","7","5","STAN","ECR","standard","simple","co",NA
"5368","8","5","STAN","ECR","standard","simple","co",NA
"5369","9","5","STAN","ECR","standard","simple","co",NA
"5370","10","5","STAN","ECR","standard","simple","co",NA
"5371","11","5","STAN","ECR","standard","simple","co",NA
"5372","12","5","STAN","ECR","standard","simple","co",NA
"5373","13","5","STAN","ECR","standard","simple","co",NA
"5374","14","5","STAN","ECR","standard","simple","co",NA
"5375","15","5","STAN","ECR","standard","simple","co",NA
"5376","16","5","STAN","ECR","standard","simple","co",NA
"5377","17","5","STAN","ECR","standard","simple","co",NA
"5378","18","5","STAN","ECR","standard","simple","co",NA
"5379","19","5","STAN","ECR","standard","simple","co",NA
"5380","20","5","STAN","ECR","standard","simple","co",NA
"5381","1","6","STAN","ECR","standard","simple","co",NA
"5382","2","6","STAN","ECR","standard","simple","co",NA
"5383","3","6","STAN","ECR","standard","simple","co",NA
"5384","4","6","STAN","ECR","standard","simple","co",NA
"5385","5","6","STAN","ECR","standard","simple","co",NA
"5386","6","6","STAN","ECR","standard","simple","co",NA
"5387","7","6","STAN","ECR","standard","simple","co",NA
"5388","8","6","STAN","ECR","standard","simple","co",NA
"5389","9","6","STAN","ECR","standard","simple","co",NA
"5390","10","6","STAN","ECR","standard","simple","co",NA
"5391","11","6","STAN","ECR","standard","simple","co",NA
"5392","12","6","STAN","ECR","standard","simple","co",NA
"5393","13","6","STAN","ECR","standard","simple","co",NA
"5394","14","6","STAN","ECR","standard","simple","co",NA
"5395","15","6","STAN","ECR","standard","simple","co",NA
"5396","16","6","STAN","ECR","standard","simple","co",NA
"5397","17","6","STAN","ECR","standard","simple","co",NA
"5398","18","6","STAN","ECR","standard","simple","co",NA
"5399","19","6","STAN","ECR","standard","simple","co",NA
"5400","20","6","STAN","ECR","standard","simple","co",NA
"5401","1","2","JAGS","STEPHENS","standard","simple","co","2"
"5402","2","2","JAGS","STEPHENS","standard","simple","co","2"
"5403","3","2","JAGS","STEPHENS","standard","simple","co","2"
"5404","4","2","JAGS","STEPHENS","standard","simple","co","2"
"5405","5","2","JAGS","STEPHENS","standard","simple","co","2"
"5406","6","2","JAGS","STEPHENS","standard","simple","co","2"
"5407","7","2","JAGS","STEPHENS","standard","simple","co","2"
"5408","8","2","JAGS","STEPHENS","standard","simple","co","2"
"5409","9","2","JAGS","STEPHENS","standard","simple","co","2"
"5410","10","2","JAGS","STEPHENS","standard","simple","co","2"
"5411","11","2","JAGS","STEPHENS","standard","simple","co","2"
"5412","12","2","JAGS","STEPHENS","standard","simple","co","2"
"5413","13","2","JAGS","STEPHENS","standard","simple","co","2"
"5414","14","2","JAGS","STEPHENS","standard","simple","co","2"
"5415","15","2","JAGS","STEPHENS","standard","simple","co","2"
"5416","16","2","JAGS","STEPHENS","standard","simple","co","2"
"5417","17","2","JAGS","STEPHENS","standard","simple","co","2"
"5418","18","2","JAGS","STEPHENS","standard","simple","co","2"
"5419","19","2","JAGS","STEPHENS","standard","simple","co","2"
"5420","20","2","JAGS","STEPHENS","standard","simple","co","2"
"5421","1","3","JAGS","STEPHENS","standard","simple","co","3"
"5422","2","3","JAGS","STEPHENS","standard","simple","co","3"
"5423","3","3","JAGS","STEPHENS","standard","simple","co","1"
"5424","4","3","JAGS","STEPHENS","standard","simple","co","3"
"5425","5","3","JAGS","STEPHENS","standard","simple","co","1"
"5426","6","3","JAGS","STEPHENS","standard","simple","co","3"
"5427","7","3","JAGS","STEPHENS","standard","simple","co","3"
"5428","8","3","JAGS","STEPHENS","standard","simple","co","1"
"5429","9","3","JAGS","STEPHENS","standard","simple","co","3"
"5430","10","3","JAGS","STEPHENS","standard","simple","co","3"
"5431","11","3","JAGS","STEPHENS","standard","simple","co","3"
"5432","12","3","JAGS","STEPHENS","standard","simple","co","3"
"5433","13","3","JAGS","STEPHENS","standard","simple","co","3"
"5434","14","3","JAGS","STEPHENS","standard","simple","co","1"
"5435","15","3","JAGS","STEPHENS","standard","simple","co","1"
"5436","16","3","JAGS","STEPHENS","standard","simple","co","3"
"5437","17","3","JAGS","STEPHENS","standard","simple","co","3"
"5438","18","3","JAGS","STEPHENS","standard","simple","co","3"
"5439","19","3","JAGS","STEPHENS","standard","simple","co","1"
"5440","20","3","JAGS","STEPHENS","standard","simple","co","1"
"5441","1","4","JAGS","STEPHENS","standard","simple","co","0"
"5442","2","4","JAGS","STEPHENS","standard","simple","co","0"
"5443","3","4","JAGS","STEPHENS","standard","simple","co","0"
"5444","4","4","JAGS","STEPHENS","standard","simple","co","0"
"5445","5","4","JAGS","STEPHENS","standard","simple","co","2"
"5446","6","4","JAGS","STEPHENS","standard","simple","co","0"
"5447","7","4","JAGS","STEPHENS","standard","simple","co","0"
"5448","8","4","JAGS","STEPHENS","standard","simple","co","0"
"5449","9","4","JAGS","STEPHENS","standard","simple","co","0"
"5450","10","4","JAGS","STEPHENS","standard","simple","co","2"
"5451","11","4","JAGS","STEPHENS","standard","simple","co","2"
"5452","12","4","JAGS","STEPHENS","standard","simple","co","0"
"5453","13","4","JAGS","STEPHENS","standard","simple","co","0"
"5454","14","4","JAGS","STEPHENS","standard","simple","co","2"
"5455","15","4","JAGS","STEPHENS","standard","simple","co","0"
"5456","16","4","JAGS","STEPHENS","standard","simple","co","0"
"5457","17","4","JAGS","STEPHENS","standard","simple","co","0"
"5458","18","4","JAGS","STEPHENS","standard","simple","co","0"
"5459","19","4","JAGS","STEPHENS","standard","simple","co","0"
"5460","20","4","JAGS","STEPHENS","standard","simple","co","0"
"5461","1","5","JAGS","STEPHENS","standard","simple","co","-1"
"5462","2","5","JAGS","STEPHENS","standard","simple","co","-1"
"5463","3","5","JAGS","STEPHENS","standard","simple","co","-1"
"5464","4","5","JAGS","STEPHENS","standard","simple","co","-1"
"5465","5","5","JAGS","STEPHENS","standard","simple","co","-1"
"5466","6","5","JAGS","STEPHENS","standard","simple","co","-1"
"5467","7","5","JAGS","STEPHENS","standard","simple","co","-1"
"5468","8","5","JAGS","STEPHENS","standard","simple","co","-1"
"5469","9","5","JAGS","STEPHENS","standard","simple","co","-1"
"5470","10","5","JAGS","STEPHENS","standard","simple","co","-1"
"5471","11","5","JAGS","STEPHENS","standard","simple","co","-1"
"5472","12","5","JAGS","STEPHENS","standard","simple","co","-1"
"5473","13","5","JAGS","STEPHENS","standard","simple","co","-1"
"5474","14","5","JAGS","STEPHENS","standard","simple","co","-1"
"5475","15","5","JAGS","STEPHENS","standard","simple","co","-1"
"5476","16","5","JAGS","STEPHENS","standard","simple","co","-1"
"5477","17","5","JAGS","STEPHENS","standard","simple","co","-1"
"5478","18","5","JAGS","STEPHENS","standard","simple","co","-1"
"5479","19","5","JAGS","STEPHENS","standard","simple","co","-1"
"5480","20","5","JAGS","STEPHENS","standard","simple","co","-1"
"5481","1","6","JAGS","STEPHENS","standard","simple","co","-2"
"5482","2","6","JAGS","STEPHENS","standard","simple","co","-2"
"5483","3","6","JAGS","STEPHENS","standard","simple","co","-2"
"5484","4","6","JAGS","STEPHENS","standard","simple","co","-2"
"5485","5","6","JAGS","STEPHENS","standard","simple","co","-2"
"5486","6","6","JAGS","STEPHENS","standard","simple","co","-2"
"5487","7","6","JAGS","STEPHENS","standard","simple","co","-2"
"5488","8","6","JAGS","STEPHENS","standard","simple","co","-2"
"5489","9","6","JAGS","STEPHENS","standard","simple","co","-2"
"5490","10","6","JAGS","STEPHENS","standard","simple","co","-2"
"5491","11","6","JAGS","STEPHENS","standard","simple","co","-2"
"5492","12","6","JAGS","STEPHENS","standard","simple","co","-2"
"5493","13","6","JAGS","STEPHENS","standard","simple","co","-2"
"5494","14","6","JAGS","STEPHENS","standard","simple","co","-2"
"5495","15","6","JAGS","STEPHENS","standard","simple","co","-2"
"5496","16","6","JAGS","STEPHENS","standard","simple","co","-2"
"5497","17","6","JAGS","STEPHENS","standard","simple","co","-2"
"5498","18","6","JAGS","STEPHENS","standard","simple","co","-2"
"5499","19","6","JAGS","STEPHENS","standard","simple","co","-2"
"5500","20","6","JAGS","STEPHENS","standard","simple","co","-2"
"5501","1","2","STAN","STEPHENS","standard","simple","co","2"
"5502","2","2","STAN","STEPHENS","standard","simple","co","2"
"5503","3","2","STAN","STEPHENS","standard","simple","co","2"
"5504","4","2","STAN","STEPHENS","standard","simple","co","2"
"5505","5","2","STAN","STEPHENS","standard","simple","co","2"
"5506","6","2","STAN","STEPHENS","standard","simple","co","2"
"5507","7","2","STAN","STEPHENS","standard","simple","co","2"
"5508","8","2","STAN","STEPHENS","standard","simple","co","2"
"5509","9","2","STAN","STEPHENS","standard","simple","co","2"
"5510","10","2","STAN","STEPHENS","standard","simple","co","2"
"5511","11","2","STAN","STEPHENS","standard","simple","co","2"
"5512","12","2","STAN","STEPHENS","standard","simple","co","2"
"5513","13","2","STAN","STEPHENS","standard","simple","co","2"
"5514","14","2","STAN","STEPHENS","standard","simple","co","2"
"5515","15","2","STAN","STEPHENS","standard","simple","co","2"
"5516","16","2","STAN","STEPHENS","standard","simple","co","2"
"5517","17","2","STAN","STEPHENS","standard","simple","co","2"
"5518","18","2","STAN","STEPHENS","standard","simple","co","2"
"5519","19","2","STAN","STEPHENS","standard","simple","co","2"
"5520","20","2","STAN","STEPHENS","standard","simple","co","2"
"5521","1","3","STAN","STEPHENS","standard","simple","co","3"
"5522","2","3","STAN","STEPHENS","standard","simple","co","3"
"5523","3","3","STAN","STEPHENS","standard","simple","co","1"
"5524","4","3","STAN","STEPHENS","standard","simple","co","1"
"5525","5","3","STAN","STEPHENS","standard","simple","co","1"
"5526","6","3","STAN","STEPHENS","standard","simple","co","1"
"5527","7","3","STAN","STEPHENS","standard","simple","co","1"
"5528","8","3","STAN","STEPHENS","standard","simple","co","3"
"5529","9","3","STAN","STEPHENS","standard","simple","co","3"
"5530","10","3","STAN","STEPHENS","standard","simple","co","3"
"5531","11","3","STAN","STEPHENS","standard","simple","co","3"
"5532","12","3","STAN","STEPHENS","standard","simple","co","3"
"5533","13","3","STAN","STEPHENS","standard","simple","co","3"
"5534","14","3","STAN","STEPHENS","standard","simple","co","3"
"5535","15","3","STAN","STEPHENS","standard","simple","co","3"
"5536","16","3","STAN","STEPHENS","standard","simple","co","3"
"5537","17","3","STAN","STEPHENS","standard","simple","co","3"
"5538","18","3","STAN","STEPHENS","standard","simple","co","3"
"5539","19","3","STAN","STEPHENS","standard","simple","co","3"
"5540","20","3","STAN","STEPHENS","standard","simple","co","3"
"5541","1","4","STAN","STEPHENS","standard","simple","co","0"
"5542","2","4","STAN","STEPHENS","standard","simple","co","0"
"5543","3","4","STAN","STEPHENS","standard","simple","co","2"
"5544","4","4","STAN","STEPHENS","standard","simple","co","0"
"5545","5","4","STAN","STEPHENS","standard","simple","co","0"
"5546","6","4","STAN","STEPHENS","standard","simple","co","2"
"5547","7","4","STAN","STEPHENS","standard","simple","co","2"
"5548","8","4","STAN","STEPHENS","standard","simple","co","0"
"5549","9","4","STAN","STEPHENS","standard","simple","co","0"
"5550","10","4","STAN","STEPHENS","standard","simple","co","0"
"5551","11","4","STAN","STEPHENS","standard","simple","co","2"
"5552","12","4","STAN","STEPHENS","standard","simple","co","0"
"5553","13","4","STAN","STEPHENS","standard","simple","co","2"
"5554","14","4","STAN","STEPHENS","standard","simple","co","0"
"5555","15","4","STAN","STEPHENS","standard","simple","co","0"
"5556","16","4","STAN","STEPHENS","standard","simple","co","0"
"5557","17","4","STAN","STEPHENS","standard","simple","co","2"
"5558","18","4","STAN","STEPHENS","standard","simple","co","0"
"5559","19","4","STAN","STEPHENS","standard","simple","co","2"
"5560","20","4","STAN","STEPHENS","standard","simple","co","0"
"5561","1","5","STAN","STEPHENS","standard","simple","co","-1"
"5562","2","5","STAN","STEPHENS","standard","simple","co","-1"
"5563","3","5","STAN","STEPHENS","standard","simple","co","-1"
"5564","4","5","STAN","STEPHENS","standard","simple","co","-1"
"5565","5","5","STAN","STEPHENS","standard","simple","co","-1"
"5566","6","5","STAN","STEPHENS","standard","simple","co","-1"
"5567","7","5","STAN","STEPHENS","standard","simple","co","-1"
"5568","8","5","STAN","STEPHENS","standard","simple","co","-1"
"5569","9","5","STAN","STEPHENS","standard","simple","co","-1"
"5570","10","5","STAN","STEPHENS","standard","simple","co","-1"
"5571","11","5","STAN","STEPHENS","standard","simple","co","-1"
"5572","12","5","STAN","STEPHENS","standard","simple","co","-1"
"5573","13","5","STAN","STEPHENS","standard","simple","co","-1"
"5574","14","5","STAN","STEPHENS","standard","simple","co","-1"
"5575","15","5","STAN","STEPHENS","standard","simple","co","-1"
"5576","16","5","STAN","STEPHENS","standard","simple","co","-1"
"5577","17","5","STAN","STEPHENS","standard","simple","co","-1"
"5578","18","5","STAN","STEPHENS","standard","simple","co","-1"
"5579","19","5","STAN","STEPHENS","standard","simple","co","-1"
"5580","20","5","STAN","STEPHENS","standard","simple","co","-1"
"5581","1","6","STAN","STEPHENS","standard","simple","co","-2"
"5582","2","6","STAN","STEPHENS","standard","simple","co","-2"
"5583","3","6","STAN","STEPHENS","standard","simple","co","-2"
"5584","4","6","STAN","STEPHENS","standard","simple","co","-2"
"5585","5","6","STAN","STEPHENS","standard","simple","co","-2"
"5586","6","6","STAN","STEPHENS","standard","simple","co","-2"
"5587","7","6","STAN","STEPHENS","standard","simple","co","-2"
"5588","8","6","STAN","STEPHENS","standard","simple","co","-2"
"5589","9","6","STAN","STEPHENS","standard","simple","co","-2"
"5590","10","6","STAN","STEPHENS","standard","simple","co","-2"
"5591","11","6","STAN","STEPHENS","standard","simple","co","-2"
"5592","12","6","STAN","STEPHENS","standard","simple","co","-2"
"5593","13","6","STAN","STEPHENS","standard","simple","co","-2"
"5594","14","6","STAN","STEPHENS","standard","simple","co","-2"
"5595","15","6","STAN","STEPHENS","standard","simple","co","-2"
"5596","16","6","STAN","STEPHENS","standard","simple","co","-2"
"5597","17","6","STAN","STEPHENS","standard","simple","co","-2"
"5598","18","6","STAN","STEPHENS","standard","simple","co","-2"
"5599","19","6","STAN","STEPHENS","standard","simple","co","-2"
"5600","20","6","STAN","STEPHENS","standard","simple","co","-2"
