"","sim","G","sampler","relabalg","ellipsealg","thamesalg","estimate","value"
"1","1","2","JAGS","ECR","standard","permutations","upper","-234.739279496773"
"2","2","2","JAGS","ECR","standard","permutations","upper","-234.911922475177"
"3","3","2","JAGS","ECR","standard","permutations","upper","-232.891713510158"
"4","4","2","JAGS","ECR","standard","permutations","upper","-234.925093235958"
"5","5","2","JAGS","ECR","standard","permutations","upper","-234.381993328102"
"6","6","2","JAGS","ECR","standard","permutations","upper","-234.830752794201"
"7","7","2","JAGS","ECR","standard","permutations","upper","-234.020465436387"
"8","8","2","JAGS","ECR","standard","permutations","upper","-234.645789427084"
"9","9","2","JAGS","ECR","standard","permutations","upper","-233.554901073399"
"10","10","2","JAGS","ECR","standard","permutations","upper","-233.688367359891"
"11","11","2","JAGS","ECR","standard","permutations","upper","-233.843573353447"
"12","12","2","JAGS","ECR","standard","permutations","upper","-234.65548371726"
"13","13","2","JAGS","ECR","standard","permutations","upper","-234.082840720807"
"14","14","2","JAGS","ECR","standard","permutations","upper","-234.481758794493"
"15","15","2","JAGS","ECR","standard","permutations","upper","-234.738506144358"
"16","16","2","JAGS","ECR","standard","permutations","upper","-232.81829032068"
"17","17","2","JAGS","ECR","standard","permutations","upper","-233.00428965441"
"18","18","2","JAGS","ECR","standard","permutations","upper","-233.498549809246"
"19","19","2","JAGS","ECR","standard","permutations","upper","-233.646493331074"
"20","20","2","JAGS","ECR","standard","permutations","upper","-233.673211214542"
"21","1","3","JAGS","ECR","standard","permutations","upper","-224.189525999002"
"22","2","3","JAGS","ECR","standard","permutations","upper","-225.150755991596"
"23","3","3","JAGS","ECR","standard","permutations","upper","-224.721426396898"
"24","4","3","JAGS","ECR","standard","permutations","upper","-225.642149846426"
"25","5","3","JAGS","ECR","standard","permutations","upper","-224.24288712992"
"26","6","3","JAGS","ECR","standard","permutations","upper","-225.612503684226"
"27","7","3","JAGS","ECR","standard","permutations","upper","-224.732167384891"
"28","8","3","JAGS","ECR","standard","permutations","upper","-224.258383714045"
"29","9","3","JAGS","ECR","standard","permutations","upper","-225.528975576194"
"30","10","3","JAGS","ECR","standard","permutations","upper","-225.207337487645"
"31","11","3","JAGS","ECR","standard","permutations","upper","-225.79789377224"
"32","12","3","JAGS","ECR","standard","permutations","upper","-225.073075427834"
"33","13","3","JAGS","ECR","standard","permutations","upper","-224.241181607149"
"34","14","3","JAGS","ECR","standard","permutations","upper","-224.144845688176"
"35","15","3","JAGS","ECR","standard","permutations","upper","-225.79450148307"
"36","16","3","JAGS","ECR","standard","permutations","upper","-225.011814427603"
"37","17","3","JAGS","ECR","standard","permutations","upper","-225.478296254285"
"38","18","3","JAGS","ECR","standard","permutations","upper","-225.817172718545"
"39","19","3","JAGS","ECR","standard","permutations","upper","-224.086937153032"
"40","20","3","JAGS","ECR","standard","permutations","upper","-224.452273036455"
"41","1","4","JAGS","ECR","standard","permutations","upper","-223.783936348609"
"42","2","4","JAGS","ECR","standard","permutations","upper","-224.334888143655"
"43","3","4","JAGS","ECR","standard","permutations","upper","-224.170832309232"
"44","4","4","JAGS","ECR","standard","permutations","upper","-224.223713458056"
"45","5","4","JAGS","ECR","standard","permutations","upper","-223.388666406521"
"46","6","4","JAGS","ECR","standard","permutations","upper","-224.314440522534"
"47","7","4","JAGS","ECR","standard","permutations","upper","-223.915320020545"
"48","8","4","JAGS","ECR","standard","permutations","upper","-223.128134087709"
"49","9","4","JAGS","ECR","standard","permutations","upper","-223.677749529708"
"50","10","4","JAGS","ECR","standard","permutations","upper","-224.523065136576"
"51","11","4","JAGS","ECR","standard","permutations","upper","-223.814299778178"
"52","12","4","JAGS","ECR","standard","permutations","upper","-225.137925067691"
"53","13","4","JAGS","ECR","standard","permutations","upper","-223.4045718415"
"54","14","4","JAGS","ECR","standard","permutations","upper","-224.234181369757"
"55","15","4","JAGS","ECR","standard","permutations","upper","-223.962264756857"
"56","16","4","JAGS","ECR","standard","permutations","upper","-223.441178262155"
"57","17","4","JAGS","ECR","standard","permutations","upper","-223.879368525972"
"58","18","4","JAGS","ECR","standard","permutations","upper","-224.692516507023"
"59","19","4","JAGS","ECR","standard","permutations","upper","-225.017432656039"
"60","20","4","JAGS","ECR","standard","permutations","upper","-223.556598115712"
"61","1","5","JAGS","ECR","standard","permutations","upper","-223.292925381068"
"62","2","5","JAGS","ECR","standard","permutations","upper","-224.721832685572"
"63","3","5","JAGS","ECR","standard","permutations","upper","-224.827212363041"
"64","4","5","JAGS","ECR","standard","permutations","upper","-223.707084033354"
"65","5","5","JAGS","ECR","standard","permutations","upper","-224.707212840769"
"66","6","5","JAGS","ECR","standard","permutations","upper","-223.042536733613"
"67","7","5","JAGS","ECR","standard","permutations","upper","-223.494605523396"
"68","8","5","JAGS","ECR","standard","permutations","upper","-224.360309614749"
"69","9","5","JAGS","ECR","standard","permutations","upper","-225.580144888376"
"70","10","5","JAGS","ECR","standard","permutations","upper","-224.918629113485"
"71","11","5","JAGS","ECR","standard","permutations","upper","-223.50271855242"
"72","12","5","JAGS","ECR","standard","permutations","upper","-222.646362882729"
"73","13","5","JAGS","ECR","standard","permutations","upper","-224.123153032565"
"74","14","5","JAGS","ECR","standard","permutations","upper","-223.558958287249"
"75","15","5","JAGS","ECR","standard","permutations","upper","-223.470746702004"
"76","16","5","JAGS","ECR","standard","permutations","upper","-223.111407657221"
"77","17","5","JAGS","ECR","standard","permutations","upper","-222.779260729169"
"78","18","5","JAGS","ECR","standard","permutations","upper","-224.584462439173"
"79","19","5","JAGS","ECR","standard","permutations","upper","-223.115519980114"
"80","20","5","JAGS","ECR","standard","permutations","upper","-222.359515492969"
"81","1","6","JAGS","ECR","standard","permutations","upper","-222.911692508615"
"82","2","6","JAGS","ECR","standard","permutations","upper","-224.451972349308"
"83","3","6","JAGS","ECR","standard","permutations","upper","-224.314732862826"
"84","4","6","JAGS","ECR","standard","permutations","upper","-223.699199953467"
"85","5","6","JAGS","ECR","standard","permutations","upper","-223.754134789188"
"86","6","6","JAGS","ECR","standard","permutations","upper","-223.484607409076"
"87","7","6","JAGS","ECR","standard","permutations","upper","-224.143773297566"
"88","8","6","JAGS","ECR","standard","permutations","upper","-223.456280008782"
"89","9","6","JAGS","ECR","standard","permutations","upper","-223.37595980416"
"90","10","6","JAGS","ECR","standard","permutations","upper","-222.435250394913"
"91","11","6","JAGS","ECR","standard","permutations","upper","-222.736394265363"
"92","12","6","JAGS","ECR","standard","permutations","upper","-223.628315488387"
"93","13","6","JAGS","ECR","standard","permutations","upper","-222.744855307067"
"94","14","6","JAGS","ECR","standard","permutations","upper","-222.761637855276"
"95","15","6","JAGS","ECR","standard","permutations","upper","-223.191498881695"
"96","16","6","JAGS","ECR","standard","permutations","upper","-222.769134994957"
"97","17","6","JAGS","ECR","standard","permutations","upper","-223.272951498093"
"98","18","6","JAGS","ECR","standard","permutations","upper","-223.508843369402"
"99","19","6","JAGS","ECR","standard","permutations","upper","-223.638374442389"
"100","20","6","JAGS","ECR","standard","permutations","upper","-222.800036052715"
"101","1","2","STAN","ECR","standard","permutations","upper",NA
"102","2","2","STAN","ECR","standard","permutations","upper",NA
"103","3","2","STAN","ECR","standard","permutations","upper",NA
"104","4","2","STAN","ECR","standard","permutations","upper",NA
"105","5","2","STAN","ECR","standard","permutations","upper",NA
"106","6","2","STAN","ECR","standard","permutations","upper",NA
"107","7","2","STAN","ECR","standard","permutations","upper",NA
"108","8","2","STAN","ECR","standard","permutations","upper",NA
"109","9","2","STAN","ECR","standard","permutations","upper",NA
"110","10","2","STAN","ECR","standard","permutations","upper",NA
"111","11","2","STAN","ECR","standard","permutations","upper",NA
"112","12","2","STAN","ECR","standard","permutations","upper",NA
"113","13","2","STAN","ECR","standard","permutations","upper",NA
"114","14","2","STAN","ECR","standard","permutations","upper",NA
"115","15","2","STAN","ECR","standard","permutations","upper",NA
"116","16","2","STAN","ECR","standard","permutations","upper",NA
"117","17","2","STAN","ECR","standard","permutations","upper",NA
"118","18","2","STAN","ECR","standard","permutations","upper",NA
"119","19","2","STAN","ECR","standard","permutations","upper",NA
"120","20","2","STAN","ECR","standard","permutations","upper",NA
"121","1","3","STAN","ECR","standard","permutations","upper",NA
"122","2","3","STAN","ECR","standard","permutations","upper",NA
"123","3","3","STAN","ECR","standard","permutations","upper",NA
"124","4","3","STAN","ECR","standard","permutations","upper",NA
"125","5","3","STAN","ECR","standard","permutations","upper",NA
"126","6","3","STAN","ECR","standard","permutations","upper",NA
"127","7","3","STAN","ECR","standard","permutations","upper",NA
"128","8","3","STAN","ECR","standard","permutations","upper",NA
"129","9","3","STAN","ECR","standard","permutations","upper",NA
"130","10","3","STAN","ECR","standard","permutations","upper",NA
"131","11","3","STAN","ECR","standard","permutations","upper",NA
"132","12","3","STAN","ECR","standard","permutations","upper",NA
"133","13","3","STAN","ECR","standard","permutations","upper",NA
"134","14","3","STAN","ECR","standard","permutations","upper",NA
"135","15","3","STAN","ECR","standard","permutations","upper",NA
"136","16","3","STAN","ECR","standard","permutations","upper",NA
"137","17","3","STAN","ECR","standard","permutations","upper",NA
"138","18","3","STAN","ECR","standard","permutations","upper",NA
"139","19","3","STAN","ECR","standard","permutations","upper",NA
"140","20","3","STAN","ECR","standard","permutations","upper",NA
"141","1","4","STAN","ECR","standard","permutations","upper",NA
"142","2","4","STAN","ECR","standard","permutations","upper",NA
"143","3","4","STAN","ECR","standard","permutations","upper",NA
"144","4","4","STAN","ECR","standard","permutations","upper",NA
"145","5","4","STAN","ECR","standard","permutations","upper",NA
"146","6","4","STAN","ECR","standard","permutations","upper",NA
"147","7","4","STAN","ECR","standard","permutations","upper",NA
"148","8","4","STAN","ECR","standard","permutations","upper",NA
"149","9","4","STAN","ECR","standard","permutations","upper",NA
"150","10","4","STAN","ECR","standard","permutations","upper",NA
"151","11","4","STAN","ECR","standard","permutations","upper",NA
"152","12","4","STAN","ECR","standard","permutations","upper",NA
"153","13","4","STAN","ECR","standard","permutations","upper",NA
"154","14","4","STAN","ECR","standard","permutations","upper",NA
"155","15","4","STAN","ECR","standard","permutations","upper",NA
"156","16","4","STAN","ECR","standard","permutations","upper",NA
"157","17","4","STAN","ECR","standard","permutations","upper",NA
"158","18","4","STAN","ECR","standard","permutations","upper",NA
"159","19","4","STAN","ECR","standard","permutations","upper",NA
"160","20","4","STAN","ECR","standard","permutations","upper",NA
"161","1","5","STAN","ECR","standard","permutations","upper",NA
"162","2","5","STAN","ECR","standard","permutations","upper",NA
"163","3","5","STAN","ECR","standard","permutations","upper",NA
"164","4","5","STAN","ECR","standard","permutations","upper",NA
"165","5","5","STAN","ECR","standard","permutations","upper",NA
"166","6","5","STAN","ECR","standard","permutations","upper",NA
"167","7","5","STAN","ECR","standard","permutations","upper",NA
"168","8","5","STAN","ECR","standard","permutations","upper",NA
"169","9","5","STAN","ECR","standard","permutations","upper",NA
"170","10","5","STAN","ECR","standard","permutations","upper",NA
"171","11","5","STAN","ECR","standard","permutations","upper",NA
"172","12","5","STAN","ECR","standard","permutations","upper",NA
"173","13","5","STAN","ECR","standard","permutations","upper",NA
"174","14","5","STAN","ECR","standard","permutations","upper",NA
"175","15","5","STAN","ECR","standard","permutations","upper",NA
"176","16","5","STAN","ECR","standard","permutations","upper",NA
"177","17","5","STAN","ECR","standard","permutations","upper",NA
"178","18","5","STAN","ECR","standard","permutations","upper",NA
"179","19","5","STAN","ECR","standard","permutations","upper",NA
"180","20","5","STAN","ECR","standard","permutations","upper",NA
"181","1","6","STAN","ECR","standard","permutations","upper",NA
"182","2","6","STAN","ECR","standard","permutations","upper",NA
"183","3","6","STAN","ECR","standard","permutations","upper",NA
"184","4","6","STAN","ECR","standard","permutations","upper",NA
"185","5","6","STAN","ECR","standard","permutations","upper",NA
"186","6","6","STAN","ECR","standard","permutations","upper",NA
"187","7","6","STAN","ECR","standard","permutations","upper",NA
"188","8","6","STAN","ECR","standard","permutations","upper",NA
"189","9","6","STAN","ECR","standard","permutations","upper",NA
"190","10","6","STAN","ECR","standard","permutations","upper",NA
"191","11","6","STAN","ECR","standard","permutations","upper",NA
"192","12","6","STAN","ECR","standard","permutations","upper",NA
"193","13","6","STAN","ECR","standard","permutations","upper",NA
"194","14","6","STAN","ECR","standard","permutations","upper",NA
"195","15","6","STAN","ECR","standard","permutations","upper",NA
"196","16","6","STAN","ECR","standard","permutations","upper",NA
"197","17","6","STAN","ECR","standard","permutations","upper",NA
"198","18","6","STAN","ECR","standard","permutations","upper",NA
"199","19","6","STAN","ECR","standard","permutations","upper",NA
"200","20","6","STAN","ECR","standard","permutations","upper",NA
"201","1","2","JAGS","STEPHENS","standard","permutations","upper","-234.739279496773"
"202","2","2","JAGS","STEPHENS","standard","permutations","upper","-234.910611160906"
"203","3","2","JAGS","STEPHENS","standard","permutations","upper","-232.891713510158"
"204","4","2","JAGS","STEPHENS","standard","permutations","upper","-234.925093235958"
"205","5","2","JAGS","STEPHENS","standard","permutations","upper","-234.381993328102"
"206","6","2","JAGS","STEPHENS","standard","permutations","upper","-234.830752794201"
"207","7","2","JAGS","STEPHENS","standard","permutations","upper","-234.020465436387"
"208","8","2","JAGS","STEPHENS","standard","permutations","upper","-234.64649089821"
"209","9","2","JAGS","STEPHENS","standard","permutations","upper","-233.554901073399"
"210","10","2","JAGS","STEPHENS","standard","permutations","upper","-233.688367359891"
"211","11","2","JAGS","STEPHENS","standard","permutations","upper","-233.843779435208"
"212","12","2","JAGS","STEPHENS","standard","permutations","upper","-234.653661192968"
"213","13","2","JAGS","STEPHENS","standard","permutations","upper","-234.082840720807"
"214","14","2","JAGS","STEPHENS","standard","permutations","upper","-234.481758794493"
"215","15","2","JAGS","STEPHENS","standard","permutations","upper","-234.738506144358"
"216","16","2","JAGS","STEPHENS","standard","permutations","upper","-232.81829032068"
"217","17","2","JAGS","STEPHENS","standard","permutations","upper","-233.00428965441"
"218","18","2","JAGS","STEPHENS","standard","permutations","upper","-233.498549809246"
"219","19","2","JAGS","STEPHENS","standard","permutations","upper","-233.646493331074"
"220","20","2","JAGS","STEPHENS","standard","permutations","upper","-233.673211214542"
"221","1","3","JAGS","STEPHENS","standard","permutations","upper","-224.189525999002"
"222","2","3","JAGS","STEPHENS","standard","permutations","upper","-225.150755991596"
"223","3","3","JAGS","STEPHENS","standard","permutations","upper","-224.721426396898"
"224","4","3","JAGS","STEPHENS","standard","permutations","upper","-225.645735633956"
"225","5","3","JAGS","STEPHENS","standard","permutations","upper","-224.24288712992"
"226","6","3","JAGS","STEPHENS","standard","permutations","upper","-225.612503684226"
"227","7","3","JAGS","STEPHENS","standard","permutations","upper","-224.732167384891"
"228","8","3","JAGS","STEPHENS","standard","permutations","upper","-224.258383714045"
"229","9","3","JAGS","STEPHENS","standard","permutations","upper","-225.528975576194"
"230","10","3","JAGS","STEPHENS","standard","permutations","upper","-225.207337487645"
"231","11","3","JAGS","STEPHENS","standard","permutations","upper","-225.79789377224"
"232","12","3","JAGS","STEPHENS","standard","permutations","upper","-225.073075427834"
"233","13","3","JAGS","STEPHENS","standard","permutations","upper","-224.255046977666"
"234","14","3","JAGS","STEPHENS","standard","permutations","upper","-224.144845688176"
"235","15","3","JAGS","STEPHENS","standard","permutations","upper","-225.79450148307"
"236","16","3","JAGS","STEPHENS","standard","permutations","upper","-225.011814427603"
"237","17","3","JAGS","STEPHENS","standard","permutations","upper","-225.478296254285"
"238","18","3","JAGS","STEPHENS","standard","permutations","upper","-225.817172718545"
"239","19","3","JAGS","STEPHENS","standard","permutations","upper","-224.086937153032"
"240","20","3","JAGS","STEPHENS","standard","permutations","upper","-224.452273036455"
"241","1","4","JAGS","STEPHENS","standard","permutations","upper","-223.773433166921"
"242","2","4","JAGS","STEPHENS","standard","permutations","upper","-224.33190116836"
"243","3","4","JAGS","STEPHENS","standard","permutations","upper","-223.663598688957"
"244","4","4","JAGS","STEPHENS","standard","permutations","upper","-224.193254026473"
"245","5","4","JAGS","STEPHENS","standard","permutations","upper","-223.279451160373"
"246","6","4","JAGS","STEPHENS","standard","permutations","upper","-224.29572211783"
"247","7","4","JAGS","STEPHENS","standard","permutations","upper","-223.907803470442"
"248","8","4","JAGS","STEPHENS","standard","permutations","upper","-223.128824318393"
"249","9","4","JAGS","STEPHENS","standard","permutations","upper","-223.777421823694"
"250","10","4","JAGS","STEPHENS","standard","permutations","upper","-224.490001741575"
"251","11","4","JAGS","STEPHENS","standard","permutations","upper","-223.752385463661"
"252","12","4","JAGS","STEPHENS","standard","permutations","upper","-225.096324665488"
"253","13","4","JAGS","STEPHENS","standard","permutations","upper","-223.4670257734"
"254","14","4","JAGS","STEPHENS","standard","permutations","upper","-224.197841239006"
"255","15","4","JAGS","STEPHENS","standard","permutations","upper","-224.390028450829"
"256","16","4","JAGS","STEPHENS","standard","permutations","upper","-223.427177930621"
"257","17","4","JAGS","STEPHENS","standard","permutations","upper","-223.929774151819"
"258","18","4","JAGS","STEPHENS","standard","permutations","upper","-224.582997425971"
"259","19","4","JAGS","STEPHENS","standard","permutations","upper","-225.180385967394"
"260","20","4","JAGS","STEPHENS","standard","permutations","upper","-223.587353571387"
"261","1","5","JAGS","STEPHENS","standard","permutations","upper","-223.453563426527"
"262","2","5","JAGS","STEPHENS","standard","permutations","upper","-223.252733296343"
"263","3","5","JAGS","STEPHENS","standard","permutations","upper","-224.675939316282"
"264","4","5","JAGS","STEPHENS","standard","permutations","upper","-224.668892549635"
"265","5","5","JAGS","STEPHENS","standard","permutations","upper","-223.877158592591"
"266","6","5","JAGS","STEPHENS","standard","permutations","upper","-223.323378457947"
"267","7","5","JAGS","STEPHENS","standard","permutations","upper","-224.271069104938"
"268","8","5","JAGS","STEPHENS","standard","permutations","upper","-223.769342826244"
"269","9","5","JAGS","STEPHENS","standard","permutations","upper","-225.029406655563"
"270","10","5","JAGS","STEPHENS","standard","permutations","upper","-224.851316753211"
"271","11","5","JAGS","STEPHENS","standard","permutations","upper","-222.975933132757"
"272","12","5","JAGS","STEPHENS","standard","permutations","upper","-222.403689294588"
"273","13","5","JAGS","STEPHENS","standard","permutations","upper","-225.137954899905"
"274","14","5","JAGS","STEPHENS","standard","permutations","upper","-223.542350760469"
"275","15","5","JAGS","STEPHENS","standard","permutations","upper","-223.942293156073"
"276","16","5","JAGS","STEPHENS","standard","permutations","upper","-223.75195081937"
"277","17","5","JAGS","STEPHENS","standard","permutations","upper","-222.755035892053"
"278","18","5","JAGS","STEPHENS","standard","permutations","upper","-225.591557514586"
"279","19","5","JAGS","STEPHENS","standard","permutations","upper","-223.174545371185"
"280","20","5","JAGS","STEPHENS","standard","permutations","upper","-222.122853310882"
"281","1","6","JAGS","STEPHENS","standard","permutations","upper","-223.295567771108"
"282","2","6","JAGS","STEPHENS","standard","permutations","upper","-224.770859110706"
"283","3","6","JAGS","STEPHENS","standard","permutations","upper","-223.506089603825"
"284","4","6","JAGS","STEPHENS","standard","permutations","upper","-224.33625570825"
"285","5","6","JAGS","STEPHENS","standard","permutations","upper","-223.080104127649"
"286","6","6","JAGS","STEPHENS","standard","permutations","upper","-222.993502728164"
"287","7","6","JAGS","STEPHENS","standard","permutations","upper","-223.057038137866"
"288","8","6","JAGS","STEPHENS","standard","permutations","upper","-223.56288686257"
"289","9","6","JAGS","STEPHENS","standard","permutations","upper","-223.573586185282"
"290","10","6","JAGS","STEPHENS","standard","permutations","upper","-222.884973475272"
"291","11","6","JAGS","STEPHENS","standard","permutations","upper","-223.695627291144"
"292","12","6","JAGS","STEPHENS","standard","permutations","upper","-223.506078298746"
"293","13","6","JAGS","STEPHENS","standard","permutations","upper","-223.708010275845"
"294","14","6","JAGS","STEPHENS","standard","permutations","upper","-223.214040779829"
"295","15","6","JAGS","STEPHENS","standard","permutations","upper","-222.894128676435"
"296","16","6","JAGS","STEPHENS","standard","permutations","upper","-223.842050308826"
"297","17","6","JAGS","STEPHENS","standard","permutations","upper","-223.162859223837"
"298","18","6","JAGS","STEPHENS","standard","permutations","upper","-223.62235152624"
"299","19","6","JAGS","STEPHENS","standard","permutations","upper","-222.027837387038"
"300","20","6","JAGS","STEPHENS","standard","permutations","upper","-222.792428931189"
"301","1","2","STAN","STEPHENS","standard","permutations","upper","-234.276661001597"
"302","2","2","STAN","STEPHENS","standard","permutations","upper","-234.629570957659"
"303","3","2","STAN","STEPHENS","standard","permutations","upper","-234.661737270818"
"304","4","2","STAN","STEPHENS","standard","permutations","upper","-233.306260870662"
"305","5","2","STAN","STEPHENS","standard","permutations","upper","-234.179143125503"
"306","6","2","STAN","STEPHENS","standard","permutations","upper","-233.895911023792"
"307","7","2","STAN","STEPHENS","standard","permutations","upper","-233.284335457752"
"308","8","2","STAN","STEPHENS","standard","permutations","upper","-232.896160117768"
"309","9","2","STAN","STEPHENS","standard","permutations","upper","-233.354509397399"
"310","10","2","STAN","STEPHENS","standard","permutations","upper","-233.476638134753"
"311","11","2","STAN","STEPHENS","standard","permutations","upper","-232.646516794365"
"312","12","2","STAN","STEPHENS","standard","permutations","upper","-234.492738699309"
"313","13","2","STAN","STEPHENS","standard","permutations","upper","-233.410068248378"
"314","14","2","STAN","STEPHENS","standard","permutations","upper","-234.319487017339"
"315","15","2","STAN","STEPHENS","standard","permutations","upper","-234.016878503639"
"316","16","2","STAN","STEPHENS","standard","permutations","upper","-233.373279478131"
"317","17","2","STAN","STEPHENS","standard","permutations","upper","-232.088947455856"
"318","18","2","STAN","STEPHENS","standard","permutations","upper","-234.51160909032"
"319","19","2","STAN","STEPHENS","standard","permutations","upper","-234.753176987214"
"320","20","2","STAN","STEPHENS","standard","permutations","upper","-233.735661663944"
"321","1","3","STAN","STEPHENS","standard","permutations","upper","-225.658151325657"
"322","2","3","STAN","STEPHENS","standard","permutations","upper","-224.335787035974"
"323","3","3","STAN","STEPHENS","standard","permutations","upper","-224.618942972404"
"324","4","3","STAN","STEPHENS","standard","permutations","upper","-225.511453149946"
"325","5","3","STAN","STEPHENS","standard","permutations","upper","-224.172651965632"
"326","6","3","STAN","STEPHENS","standard","permutations","upper","-224.955265666277"
"327","7","3","STAN","STEPHENS","standard","permutations","upper","-224.723325878121"
"328","8","3","STAN","STEPHENS","standard","permutations","upper","-224.620623028695"
"329","9","3","STAN","STEPHENS","standard","permutations","upper","-224.587652288856"
"330","10","3","STAN","STEPHENS","standard","permutations","upper","-224.215945799424"
"331","11","3","STAN","STEPHENS","standard","permutations","upper","-225.127854776306"
"332","12","3","STAN","STEPHENS","standard","permutations","upper","-225.268173554656"
"333","13","3","STAN","STEPHENS","standard","permutations","upper","-225.357172124787"
"334","14","3","STAN","STEPHENS","standard","permutations","upper","-226.250240738946"
"335","15","3","STAN","STEPHENS","standard","permutations","upper","-224.170656852086"
"336","16","3","STAN","STEPHENS","standard","permutations","upper","-225.803051935352"
"337","17","3","STAN","STEPHENS","standard","permutations","upper","-225.090085332815"
"338","18","3","STAN","STEPHENS","standard","permutations","upper","-225.116519496531"
"339","19","3","STAN","STEPHENS","standard","permutations","upper","-224.130921542142"
"340","20","3","STAN","STEPHENS","standard","permutations","upper","-225.000346556315"
"341","1","4","STAN","STEPHENS","standard","permutations","upper","-225.002394584462"
"342","2","4","STAN","STEPHENS","standard","permutations","upper","-223.801268676513"
"343","3","4","STAN","STEPHENS","standard","permutations","upper","-223.431322935617"
"344","4","4","STAN","STEPHENS","standard","permutations","upper","-223.501933229699"
"345","5","4","STAN","STEPHENS","standard","permutations","upper","-225.19933610189"
"346","6","4","STAN","STEPHENS","standard","permutations","upper","-223.889565563059"
"347","7","4","STAN","STEPHENS","standard","permutations","upper","-224.2831727186"
"348","8","4","STAN","STEPHENS","standard","permutations","upper","-223.776064322235"
"349","9","4","STAN","STEPHENS","standard","permutations","upper","-223.609909506118"
"350","10","4","STAN","STEPHENS","standard","permutations","upper","-223.815567469989"
"351","11","4","STAN","STEPHENS","standard","permutations","upper","-223.776956446409"
"352","12","4","STAN","STEPHENS","standard","permutations","upper","-223.493947005022"
"353","13","4","STAN","STEPHENS","standard","permutations","upper","-224.102328866448"
"354","14","4","STAN","STEPHENS","standard","permutations","upper","-224.40325894035"
"355","15","4","STAN","STEPHENS","standard","permutations","upper","-224.025550757489"
"356","16","4","STAN","STEPHENS","standard","permutations","upper","-224.658160851866"
"357","17","4","STAN","STEPHENS","standard","permutations","upper","-223.309326131292"
"358","18","4","STAN","STEPHENS","standard","permutations","upper","-223.678925909042"
"359","19","4","STAN","STEPHENS","standard","permutations","upper","-223.405096566611"
"360","20","4","STAN","STEPHENS","standard","permutations","upper","-224.426555400032"
"361","1","5","STAN","STEPHENS","standard","permutations","upper","-224.428804531269"
"362","2","5","STAN","STEPHENS","standard","permutations","upper","-223.03844863886"
"363","3","5","STAN","STEPHENS","standard","permutations","upper","-222.145588894407"
"364","4","5","STAN","STEPHENS","standard","permutations","upper","-224.388530746061"
"365","5","5","STAN","STEPHENS","standard","permutations","upper","-222.989745826584"
"366","6","5","STAN","STEPHENS","standard","permutations","upper","-224.042717530301"
"367","7","5","STAN","STEPHENS","standard","permutations","upper","-222.311152650509"
"368","8","5","STAN","STEPHENS","standard","permutations","upper","-222.626798873473"
"369","9","5","STAN","STEPHENS","standard","permutations","upper","-223.357804106855"
"370","10","5","STAN","STEPHENS","standard","permutations","upper","-223.313184024582"
"371","11","5","STAN","STEPHENS","standard","permutations","upper","-224.572124671776"
"372","12","5","STAN","STEPHENS","standard","permutations","upper","-223.590436174167"
"373","13","5","STAN","STEPHENS","standard","permutations","upper","-222.70826563675"
"374","14","5","STAN","STEPHENS","standard","permutations","upper","-222.689166943007"
"375","15","5","STAN","STEPHENS","standard","permutations","upper","-223.993441615323"
"376","16","5","STAN","STEPHENS","standard","permutations","upper","-223.058621044595"
"377","17","5","STAN","STEPHENS","standard","permutations","upper","-223.552218065349"
"378","18","5","STAN","STEPHENS","standard","permutations","upper","-223.477507994195"
"379","19","5","STAN","STEPHENS","standard","permutations","upper","-223.940070017485"
"380","20","5","STAN","STEPHENS","standard","permutations","upper","-224.180410313599"
"381","1","6","STAN","STEPHENS","standard","permutations","upper","-223.062013828344"
"382","2","6","STAN","STEPHENS","standard","permutations","upper","-223.54122166331"
"383","3","6","STAN","STEPHENS","standard","permutations","upper","-222.261141423724"
"384","4","6","STAN","STEPHENS","standard","permutations","upper","-221.844955548163"
"385","5","6","STAN","STEPHENS","standard","permutations","upper","-223.492684155887"
"386","6","6","STAN","STEPHENS","standard","permutations","upper","-223.727053023924"
"387","7","6","STAN","STEPHENS","standard","permutations","upper","-223.210883972904"
"388","8","6","STAN","STEPHENS","standard","permutations","upper","-223.238363834723"
"389","9","6","STAN","STEPHENS","standard","permutations","upper","-222.627531691667"
"390","10","6","STAN","STEPHENS","standard","permutations","upper","-222.558142026612"
"391","11","6","STAN","STEPHENS","standard","permutations","upper","-223.13151291917"
"392","12","6","STAN","STEPHENS","standard","permutations","upper","-223.506286877919"
"393","13","6","STAN","STEPHENS","standard","permutations","upper","-221.576888212619"
"394","14","6","STAN","STEPHENS","standard","permutations","upper","-223.818655416186"
"395","15","6","STAN","STEPHENS","standard","permutations","upper","-222.771745961174"
"396","16","6","STAN","STEPHENS","standard","permutations","upper","-223.182691437854"
"397","17","6","STAN","STEPHENS","standard","permutations","upper","-223.035378078586"
"398","18","6","STAN","STEPHENS","standard","permutations","upper","-222.884273674062"
"399","19","6","STAN","STEPHENS","standard","permutations","upper","-221.914613100072"
"400","20","6","STAN","STEPHENS","standard","permutations","upper","-223.026746968091"
"401","1","2","JAGS","ECR","standard","simple","upper","-234.739279496773"
"402","2","2","JAGS","ECR","standard","simple","upper","-234.911922475177"
"403","3","2","JAGS","ECR","standard","simple","upper","-232.891713510158"
"404","4","2","JAGS","ECR","standard","simple","upper","-234.925093235958"
"405","5","2","JAGS","ECR","standard","simple","upper","-234.381993328102"
"406","6","2","JAGS","ECR","standard","simple","upper","-234.830752794201"
"407","7","2","JAGS","ECR","standard","simple","upper","-234.020465436387"
"408","8","2","JAGS","ECR","standard","simple","upper","-234.645789427084"
"409","9","2","JAGS","ECR","standard","simple","upper","-233.554901073399"
"410","10","2","JAGS","ECR","standard","simple","upper","-233.688367359891"
"411","11","2","JAGS","ECR","standard","simple","upper","-233.843573353447"
"412","12","2","JAGS","ECR","standard","simple","upper","-234.65548371726"
"413","13","2","JAGS","ECR","standard","simple","upper","-234.082840720807"
"414","14","2","JAGS","ECR","standard","simple","upper","-234.481758794493"
"415","15","2","JAGS","ECR","standard","simple","upper","-234.738506144358"
"416","16","2","JAGS","ECR","standard","simple","upper","-232.81829032068"
"417","17","2","JAGS","ECR","standard","simple","upper","-233.00428965441"
"418","18","2","JAGS","ECR","standard","simple","upper","-233.498549809246"
"419","19","2","JAGS","ECR","standard","simple","upper","-233.646493331074"
"420","20","2","JAGS","ECR","standard","simple","upper","-233.673211214542"
"421","1","3","JAGS","ECR","standard","simple","upper","-224.189525999002"
"422","2","3","JAGS","ECR","standard","simple","upper","-225.150755991596"
"423","3","3","JAGS","ECR","standard","simple","upper","-224.721426396898"
"424","4","3","JAGS","ECR","standard","simple","upper","-225.642149846426"
"425","5","3","JAGS","ECR","standard","simple","upper","-224.24288712992"
"426","6","3","JAGS","ECR","standard","simple","upper","-225.612503684226"
"427","7","3","JAGS","ECR","standard","simple","upper","-224.732167384891"
"428","8","3","JAGS","ECR","standard","simple","upper","-224.258383714045"
"429","9","3","JAGS","ECR","standard","simple","upper","-225.528975576194"
"430","10","3","JAGS","ECR","standard","simple","upper","-225.207337487645"
"431","11","3","JAGS","ECR","standard","simple","upper","-225.79789377224"
"432","12","3","JAGS","ECR","standard","simple","upper","-225.073075427834"
"433","13","3","JAGS","ECR","standard","simple","upper","-224.241181607149"
"434","14","3","JAGS","ECR","standard","simple","upper","-224.144845688176"
"435","15","3","JAGS","ECR","standard","simple","upper","-225.79450148307"
"436","16","3","JAGS","ECR","standard","simple","upper","-225.011814427603"
"437","17","3","JAGS","ECR","standard","simple","upper","-225.478296254285"
"438","18","3","JAGS","ECR","standard","simple","upper","-225.817172718545"
"439","19","3","JAGS","ECR","standard","simple","upper","-224.086937153032"
"440","20","3","JAGS","ECR","standard","simple","upper","-224.452273036455"
"441","1","4","JAGS","ECR","standard","simple","upper","-223.783936348609"
"442","2","4","JAGS","ECR","standard","simple","upper","-224.334888143655"
"443","3","4","JAGS","ECR","standard","simple","upper","-224.170832309232"
"444","4","4","JAGS","ECR","standard","simple","upper","-224.223713458056"
"445","5","4","JAGS","ECR","standard","simple","upper","-223.388666406521"
"446","6","4","JAGS","ECR","standard","simple","upper","-224.314440522534"
"447","7","4","JAGS","ECR","standard","simple","upper","-223.915320020545"
"448","8","4","JAGS","ECR","standard","simple","upper","-223.128134087709"
"449","9","4","JAGS","ECR","standard","simple","upper","-223.677749529708"
"450","10","4","JAGS","ECR","standard","simple","upper","-224.523065136576"
"451","11","4","JAGS","ECR","standard","simple","upper","-223.814299778178"
"452","12","4","JAGS","ECR","standard","simple","upper","-225.137925067691"
"453","13","4","JAGS","ECR","standard","simple","upper","-223.4045718415"
"454","14","4","JAGS","ECR","standard","simple","upper","-224.234181369757"
"455","15","4","JAGS","ECR","standard","simple","upper","-223.962264756857"
"456","16","4","JAGS","ECR","standard","simple","upper","-223.441178262155"
"457","17","4","JAGS","ECR","standard","simple","upper","-223.879368525972"
"458","18","4","JAGS","ECR","standard","simple","upper","-224.692516507023"
"459","19","4","JAGS","ECR","standard","simple","upper","-225.017432656039"
"460","20","4","JAGS","ECR","standard","simple","upper","-223.556598115712"
"461","1","5","JAGS","ECR","standard","simple","upper","-223.292925381068"
"462","2","5","JAGS","ECR","standard","simple","upper","-224.721832685572"
"463","3","5","JAGS","ECR","standard","simple","upper","-224.807831911491"
"464","4","5","JAGS","ECR","standard","simple","upper","-223.707084033354"
"465","5","5","JAGS","ECR","standard","simple","upper","-224.707212840769"
"466","6","5","JAGS","ECR","standard","simple","upper","-223.042536733613"
"467","7","5","JAGS","ECR","standard","simple","upper","-223.494605523396"
"468","8","5","JAGS","ECR","standard","simple","upper","-224.360309614749"
"469","9","5","JAGS","ECR","standard","simple","upper","-225.580144888376"
"470","10","5","JAGS","ECR","standard","simple","upper","-224.918629113485"
"471","11","5","JAGS","ECR","standard","simple","upper","-223.50271855242"
"472","12","5","JAGS","ECR","standard","simple","upper","-222.646362882729"
"473","13","5","JAGS","ECR","standard","simple","upper","-224.123153032565"
"474","14","5","JAGS","ECR","standard","simple","upper","-223.479839611058"
"475","15","5","JAGS","ECR","standard","simple","upper","-223.470746702004"
"476","16","5","JAGS","ECR","standard","simple","upper","-223.111407657221"
"477","17","5","JAGS","ECR","standard","simple","upper","-222.779260729169"
"478","18","5","JAGS","ECR","standard","simple","upper","-224.584462439173"
"479","19","5","JAGS","ECR","standard","simple","upper","-223.115519980114"
"480","20","5","JAGS","ECR","standard","simple","upper","-222.359515492969"
"481","1","6","JAGS","ECR","standard","simple","upper","-222.911692508615"
"482","2","6","JAGS","ECR","standard","simple","upper","-224.451972349308"
"483","3","6","JAGS","ECR","standard","simple","upper","-224.314732862826"
"484","4","6","JAGS","ECR","standard","simple","upper","-223.699199953467"
"485","5","6","JAGS","ECR","standard","simple","upper","-223.754134789188"
"486","6","6","JAGS","ECR","standard","simple","upper","-223.484607409076"
"487","7","6","JAGS","ECR","standard","simple","upper","-224.143773297566"
"488","8","6","JAGS","ECR","standard","simple","upper","-223.456280008782"
"489","9","6","JAGS","ECR","standard","simple","upper","-223.415135320595"
"490","10","6","JAGS","ECR","standard","simple","upper","-222.435250394913"
"491","11","6","JAGS","ECR","standard","simple","upper","-222.736394265363"
"492","12","6","JAGS","ECR","standard","simple","upper","-223.643084509266"
"493","13","6","JAGS","ECR","standard","simple","upper","-222.744855307067"
"494","14","6","JAGS","ECR","standard","simple","upper","-222.760569299548"
"495","15","6","JAGS","ECR","standard","simple","upper","-223.191498881695"
"496","16","6","JAGS","ECR","standard","simple","upper","-222.769134994957"
"497","17","6","JAGS","ECR","standard","simple","upper","-223.272951498093"
"498","18","6","JAGS","ECR","standard","simple","upper","-223.508843369402"
"499","19","6","JAGS","ECR","standard","simple","upper","-223.630572062105"
"500","20","6","JAGS","ECR","standard","simple","upper","-222.800036052715"
"501","1","2","STAN","ECR","standard","simple","upper",NA
"502","2","2","STAN","ECR","standard","simple","upper",NA
"503","3","2","STAN","ECR","standard","simple","upper",NA
"504","4","2","STAN","ECR","standard","simple","upper",NA
"505","5","2","STAN","ECR","standard","simple","upper",NA
"506","6","2","STAN","ECR","standard","simple","upper",NA
"507","7","2","STAN","ECR","standard","simple","upper",NA
"508","8","2","STAN","ECR","standard","simple","upper",NA
"509","9","2","STAN","ECR","standard","simple","upper",NA
"510","10","2","STAN","ECR","standard","simple","upper",NA
"511","11","2","STAN","ECR","standard","simple","upper",NA
"512","12","2","STAN","ECR","standard","simple","upper",NA
"513","13","2","STAN","ECR","standard","simple","upper",NA
"514","14","2","STAN","ECR","standard","simple","upper",NA
"515","15","2","STAN","ECR","standard","simple","upper",NA
"516","16","2","STAN","ECR","standard","simple","upper",NA
"517","17","2","STAN","ECR","standard","simple","upper",NA
"518","18","2","STAN","ECR","standard","simple","upper",NA
"519","19","2","STAN","ECR","standard","simple","upper",NA
"520","20","2","STAN","ECR","standard","simple","upper",NA
"521","1","3","STAN","ECR","standard","simple","upper",NA
"522","2","3","STAN","ECR","standard","simple","upper",NA
"523","3","3","STAN","ECR","standard","simple","upper",NA
"524","4","3","STAN","ECR","standard","simple","upper",NA
"525","5","3","STAN","ECR","standard","simple","upper",NA
"526","6","3","STAN","ECR","standard","simple","upper",NA
"527","7","3","STAN","ECR","standard","simple","upper",NA
"528","8","3","STAN","ECR","standard","simple","upper",NA
"529","9","3","STAN","ECR","standard","simple","upper",NA
"530","10","3","STAN","ECR","standard","simple","upper",NA
"531","11","3","STAN","ECR","standard","simple","upper",NA
"532","12","3","STAN","ECR","standard","simple","upper",NA
"533","13","3","STAN","ECR","standard","simple","upper",NA
"534","14","3","STAN","ECR","standard","simple","upper",NA
"535","15","3","STAN","ECR","standard","simple","upper",NA
"536","16","3","STAN","ECR","standard","simple","upper",NA
"537","17","3","STAN","ECR","standard","simple","upper",NA
"538","18","3","STAN","ECR","standard","simple","upper",NA
"539","19","3","STAN","ECR","standard","simple","upper",NA
"540","20","3","STAN","ECR","standard","simple","upper",NA
"541","1","4","STAN","ECR","standard","simple","upper",NA
"542","2","4","STAN","ECR","standard","simple","upper",NA
"543","3","4","STAN","ECR","standard","simple","upper",NA
"544","4","4","STAN","ECR","standard","simple","upper",NA
"545","5","4","STAN","ECR","standard","simple","upper",NA
"546","6","4","STAN","ECR","standard","simple","upper",NA
"547","7","4","STAN","ECR","standard","simple","upper",NA
"548","8","4","STAN","ECR","standard","simple","upper",NA
"549","9","4","STAN","ECR","standard","simple","upper",NA
"550","10","4","STAN","ECR","standard","simple","upper",NA
"551","11","4","STAN","ECR","standard","simple","upper",NA
"552","12","4","STAN","ECR","standard","simple","upper",NA
"553","13","4","STAN","ECR","standard","simple","upper",NA
"554","14","4","STAN","ECR","standard","simple","upper",NA
"555","15","4","STAN","ECR","standard","simple","upper",NA
"556","16","4","STAN","ECR","standard","simple","upper",NA
"557","17","4","STAN","ECR","standard","simple","upper",NA
"558","18","4","STAN","ECR","standard","simple","upper",NA
"559","19","4","STAN","ECR","standard","simple","upper",NA
"560","20","4","STAN","ECR","standard","simple","upper",NA
"561","1","5","STAN","ECR","standard","simple","upper",NA
"562","2","5","STAN","ECR","standard","simple","upper",NA
"563","3","5","STAN","ECR","standard","simple","upper",NA
"564","4","5","STAN","ECR","standard","simple","upper",NA
"565","5","5","STAN","ECR","standard","simple","upper",NA
"566","6","5","STAN","ECR","standard","simple","upper",NA
"567","7","5","STAN","ECR","standard","simple","upper",NA
"568","8","5","STAN","ECR","standard","simple","upper",NA
"569","9","5","STAN","ECR","standard","simple","upper",NA
"570","10","5","STAN","ECR","standard","simple","upper",NA
"571","11","5","STAN","ECR","standard","simple","upper",NA
"572","12","5","STAN","ECR","standard","simple","upper",NA
"573","13","5","STAN","ECR","standard","simple","upper",NA
"574","14","5","STAN","ECR","standard","simple","upper",NA
"575","15","5","STAN","ECR","standard","simple","upper",NA
"576","16","5","STAN","ECR","standard","simple","upper",NA
"577","17","5","STAN","ECR","standard","simple","upper",NA
"578","18","5","STAN","ECR","standard","simple","upper",NA
"579","19","5","STAN","ECR","standard","simple","upper",NA
"580","20","5","STAN","ECR","standard","simple","upper",NA
"581","1","6","STAN","ECR","standard","simple","upper",NA
"582","2","6","STAN","ECR","standard","simple","upper",NA
"583","3","6","STAN","ECR","standard","simple","upper",NA
"584","4","6","STAN","ECR","standard","simple","upper",NA
"585","5","6","STAN","ECR","standard","simple","upper",NA
"586","6","6","STAN","ECR","standard","simple","upper",NA
"587","7","6","STAN","ECR","standard","simple","upper",NA
"588","8","6","STAN","ECR","standard","simple","upper",NA
"589","9","6","STAN","ECR","standard","simple","upper",NA
"590","10","6","STAN","ECR","standard","simple","upper",NA
"591","11","6","STAN","ECR","standard","simple","upper",NA
"592","12","6","STAN","ECR","standard","simple","upper",NA
"593","13","6","STAN","ECR","standard","simple","upper",NA
"594","14","6","STAN","ECR","standard","simple","upper",NA
"595","15","6","STAN","ECR","standard","simple","upper",NA
"596","16","6","STAN","ECR","standard","simple","upper",NA
"597","17","6","STAN","ECR","standard","simple","upper",NA
"598","18","6","STAN","ECR","standard","simple","upper",NA
"599","19","6","STAN","ECR","standard","simple","upper",NA
"600","20","6","STAN","ECR","standard","simple","upper",NA
"601","1","2","JAGS","STEPHENS","standard","simple","upper","-234.739279496773"
"602","2","2","JAGS","STEPHENS","standard","simple","upper","-234.910611160906"
"603","3","2","JAGS","STEPHENS","standard","simple","upper","-232.891713510158"
"604","4","2","JAGS","STEPHENS","standard","simple","upper","-234.925093235958"
"605","5","2","JAGS","STEPHENS","standard","simple","upper","-234.381993328102"
"606","6","2","JAGS","STEPHENS","standard","simple","upper","-234.830752794201"
"607","7","2","JAGS","STEPHENS","standard","simple","upper","-234.020465436387"
"608","8","2","JAGS","STEPHENS","standard","simple","upper","-234.64649089821"
"609","9","2","JAGS","STEPHENS","standard","simple","upper","-233.554901073399"
"610","10","2","JAGS","STEPHENS","standard","simple","upper","-233.688367359891"
"611","11","2","JAGS","STEPHENS","standard","simple","upper","-233.843779435208"
"612","12","2","JAGS","STEPHENS","standard","simple","upper","-234.653661192968"
"613","13","2","JAGS","STEPHENS","standard","simple","upper","-234.082840720807"
"614","14","2","JAGS","STEPHENS","standard","simple","upper","-234.481758794493"
"615","15","2","JAGS","STEPHENS","standard","simple","upper","-234.738506144358"
"616","16","2","JAGS","STEPHENS","standard","simple","upper","-232.81829032068"
"617","17","2","JAGS","STEPHENS","standard","simple","upper","-233.00428965441"
"618","18","2","JAGS","STEPHENS","standard","simple","upper","-233.498549809246"
"619","19","2","JAGS","STEPHENS","standard","simple","upper","-233.646493331074"
"620","20","2","JAGS","STEPHENS","standard","simple","upper","-233.673211214542"
"621","1","3","JAGS","STEPHENS","standard","simple","upper","-224.189525999002"
"622","2","3","JAGS","STEPHENS","standard","simple","upper","-225.150755991596"
"623","3","3","JAGS","STEPHENS","standard","simple","upper","-224.721426396898"
"624","4","3","JAGS","STEPHENS","standard","simple","upper","-225.645735633956"
"625","5","3","JAGS","STEPHENS","standard","simple","upper","-224.24288712992"
"626","6","3","JAGS","STEPHENS","standard","simple","upper","-225.612503684226"
"627","7","3","JAGS","STEPHENS","standard","simple","upper","-224.732167384891"
"628","8","3","JAGS","STEPHENS","standard","simple","upper","-224.258383714045"
"629","9","3","JAGS","STEPHENS","standard","simple","upper","-225.528975576194"
"630","10","3","JAGS","STEPHENS","standard","simple","upper","-225.207337487645"
"631","11","3","JAGS","STEPHENS","standard","simple","upper","-225.79789377224"
"632","12","3","JAGS","STEPHENS","standard","simple","upper","-225.073075427834"
"633","13","3","JAGS","STEPHENS","standard","simple","upper","-224.255046977666"
"634","14","3","JAGS","STEPHENS","standard","simple","upper","-224.144845688176"
"635","15","3","JAGS","STEPHENS","standard","simple","upper","-225.79450148307"
"636","16","3","JAGS","STEPHENS","standard","simple","upper","-225.011814427603"
"637","17","3","JAGS","STEPHENS","standard","simple","upper","-225.478296254285"
"638","18","3","JAGS","STEPHENS","standard","simple","upper","-225.817172718545"
"639","19","3","JAGS","STEPHENS","standard","simple","upper","-224.086937153032"
"640","20","3","JAGS","STEPHENS","standard","simple","upper","-224.452273036455"
"641","1","4","JAGS","STEPHENS","standard","simple","upper","-223.773433166921"
"642","2","4","JAGS","STEPHENS","standard","simple","upper","-224.33190116836"
"643","3","4","JAGS","STEPHENS","standard","simple","upper","-223.663598688957"
"644","4","4","JAGS","STEPHENS","standard","simple","upper","-224.193254026473"
"645","5","4","JAGS","STEPHENS","standard","simple","upper","-223.279451160373"
"646","6","4","JAGS","STEPHENS","standard","simple","upper","-224.29572211783"
"647","7","4","JAGS","STEPHENS","standard","simple","upper","-223.907803470442"
"648","8","4","JAGS","STEPHENS","standard","simple","upper","-223.128824318393"
"649","9","4","JAGS","STEPHENS","standard","simple","upper","-223.777421823694"
"650","10","4","JAGS","STEPHENS","standard","simple","upper","-224.490001741575"
"651","11","4","JAGS","STEPHENS","standard","simple","upper","-223.752385463661"
"652","12","4","JAGS","STEPHENS","standard","simple","upper","-225.096324665488"
"653","13","4","JAGS","STEPHENS","standard","simple","upper","-223.4670257734"
"654","14","4","JAGS","STEPHENS","standard","simple","upper","-224.197841239006"
"655","15","4","JAGS","STEPHENS","standard","simple","upper","-224.390028450829"
"656","16","4","JAGS","STEPHENS","standard","simple","upper","-223.427177930621"
"657","17","4","JAGS","STEPHENS","standard","simple","upper","-223.929774151819"
"658","18","4","JAGS","STEPHENS","standard","simple","upper","-224.582997425971"
"659","19","4","JAGS","STEPHENS","standard","simple","upper","-225.180385967394"
"660","20","4","JAGS","STEPHENS","standard","simple","upper","-223.587353571387"
"661","1","5","JAGS","STEPHENS","standard","simple","upper","-223.453563426527"
"662","2","5","JAGS","STEPHENS","standard","simple","upper","-223.252733296343"
"663","3","5","JAGS","STEPHENS","standard","simple","upper","-224.654885907084"
"664","4","5","JAGS","STEPHENS","standard","simple","upper","-224.668892549635"
"665","5","5","JAGS","STEPHENS","standard","simple","upper","-223.877158592591"
"666","6","5","JAGS","STEPHENS","standard","simple","upper","-223.323378457947"
"667","7","5","JAGS","STEPHENS","standard","simple","upper","-224.241912520646"
"668","8","5","JAGS","STEPHENS","standard","simple","upper","-223.769342826244"
"669","9","5","JAGS","STEPHENS","standard","simple","upper","-225.029406655563"
"670","10","5","JAGS","STEPHENS","standard","simple","upper","-224.851316753211"
"671","11","5","JAGS","STEPHENS","standard","simple","upper","-222.975933132757"
"672","12","5","JAGS","STEPHENS","standard","simple","upper","-222.403689294588"
"673","13","5","JAGS","STEPHENS","standard","simple","upper","-225.137954899905"
"674","14","5","JAGS","STEPHENS","standard","simple","upper","-223.460739425023"
"675","15","5","JAGS","STEPHENS","standard","simple","upper","-223.942293156073"
"676","16","5","JAGS","STEPHENS","standard","simple","upper","-223.75195081937"
"677","17","5","JAGS","STEPHENS","standard","simple","upper","-222.755035892053"
"678","18","5","JAGS","STEPHENS","standard","simple","upper","-225.591557514586"
"679","19","5","JAGS","STEPHENS","standard","simple","upper","-223.174545371185"
"680","20","5","JAGS","STEPHENS","standard","simple","upper","-222.122853310882"
"681","1","6","JAGS","STEPHENS","standard","simple","upper","-223.295567771108"
"682","2","6","JAGS","STEPHENS","standard","simple","upper","-224.770859110706"
"683","3","6","JAGS","STEPHENS","standard","simple","upper","-223.506089603825"
"684","4","6","JAGS","STEPHENS","standard","simple","upper","-224.329205150253"
"685","5","6","JAGS","STEPHENS","standard","simple","upper","-223.103555788684"
"686","6","6","JAGS","STEPHENS","standard","simple","upper","-222.993502728164"
"687","7","6","JAGS","STEPHENS","standard","simple","upper","-223.057038137866"
"688","8","6","JAGS","STEPHENS","standard","simple","upper","-223.56288686257"
"689","9","6","JAGS","STEPHENS","standard","simple","upper","-223.598278797873"
"690","10","6","JAGS","STEPHENS","standard","simple","upper","-222.884973475272"
"691","11","6","JAGS","STEPHENS","standard","simple","upper","-223.695627291144"
"692","12","6","JAGS","STEPHENS","standard","simple","upper","-223.477504926302"
"693","13","6","JAGS","STEPHENS","standard","simple","upper","-223.708010275845"
"694","14","6","JAGS","STEPHENS","standard","simple","upper","-223.172871019699"
"695","15","6","JAGS","STEPHENS","standard","simple","upper","-222.894128676435"
"696","16","6","JAGS","STEPHENS","standard","simple","upper","-223.809541030261"
"697","17","6","JAGS","STEPHENS","standard","simple","upper","-223.162859223837"
"698","18","6","JAGS","STEPHENS","standard","simple","upper","-223.595294724852"
"699","19","6","JAGS","STEPHENS","standard","simple","upper","-222.027837387038"
"700","20","6","JAGS","STEPHENS","standard","simple","upper","-222.792428931189"
"701","1","2","STAN","STEPHENS","standard","simple","upper","-234.276661001597"
"702","2","2","STAN","STEPHENS","standard","simple","upper","-234.629570957659"
"703","3","2","STAN","STEPHENS","standard","simple","upper","-234.661737270818"
"704","4","2","STAN","STEPHENS","standard","simple","upper","-233.306260870662"
"705","5","2","STAN","STEPHENS","standard","simple","upper","-234.179143125503"
"706","6","2","STAN","STEPHENS","standard","simple","upper","-233.895911023792"
"707","7","2","STAN","STEPHENS","standard","simple","upper","-233.284335457752"
"708","8","2","STAN","STEPHENS","standard","simple","upper","-232.896160117768"
"709","9","2","STAN","STEPHENS","standard","simple","upper","-233.354509397399"
"710","10","2","STAN","STEPHENS","standard","simple","upper","-233.476638134753"
"711","11","2","STAN","STEPHENS","standard","simple","upper","-232.646516794365"
"712","12","2","STAN","STEPHENS","standard","simple","upper","-234.492738699309"
"713","13","2","STAN","STEPHENS","standard","simple","upper","-233.410068248378"
"714","14","2","STAN","STEPHENS","standard","simple","upper","-234.319487017339"
"715","15","2","STAN","STEPHENS","standard","simple","upper","-234.016878503639"
"716","16","2","STAN","STEPHENS","standard","simple","upper","-233.373279478131"
"717","17","2","STAN","STEPHENS","standard","simple","upper","-232.088947455856"
"718","18","2","STAN","STEPHENS","standard","simple","upper","-234.51160909032"
"719","19","2","STAN","STEPHENS","standard","simple","upper","-234.753176987214"
"720","20","2","STAN","STEPHENS","standard","simple","upper","-233.735661663944"
"721","1","3","STAN","STEPHENS","standard","simple","upper","-225.658151325657"
"722","2","3","STAN","STEPHENS","standard","simple","upper","-224.335787035974"
"723","3","3","STAN","STEPHENS","standard","simple","upper","-224.618942972404"
"724","4","3","STAN","STEPHENS","standard","simple","upper","-225.511453149946"
"725","5","3","STAN","STEPHENS","standard","simple","upper","-224.172651965632"
"726","6","3","STAN","STEPHENS","standard","simple","upper","-224.955265666277"
"727","7","3","STAN","STEPHENS","standard","simple","upper","-224.723325878121"
"728","8","3","STAN","STEPHENS","standard","simple","upper","-224.620623028695"
"729","9","3","STAN","STEPHENS","standard","simple","upper","-224.587652288856"
"730","10","3","STAN","STEPHENS","standard","simple","upper","-224.215945799424"
"731","11","3","STAN","STEPHENS","standard","simple","upper","-225.127854776306"
"732","12","3","STAN","STEPHENS","standard","simple","upper","-225.268173554656"
"733","13","3","STAN","STEPHENS","standard","simple","upper","-225.357172124787"
"734","14","3","STAN","STEPHENS","standard","simple","upper","-226.250240738946"
"735","15","3","STAN","STEPHENS","standard","simple","upper","-224.170656852086"
"736","16","3","STAN","STEPHENS","standard","simple","upper","-225.803051935352"
"737","17","3","STAN","STEPHENS","standard","simple","upper","-225.090085332815"
"738","18","3","STAN","STEPHENS","standard","simple","upper","-225.116519496531"
"739","19","3","STAN","STEPHENS","standard","simple","upper","-224.130921542142"
"740","20","3","STAN","STEPHENS","standard","simple","upper","-225.000346556315"
"741","1","4","STAN","STEPHENS","standard","simple","upper","-225.002394584462"
"742","2","4","STAN","STEPHENS","standard","simple","upper","-223.801268676513"
"743","3","4","STAN","STEPHENS","standard","simple","upper","-223.431322935617"
"744","4","4","STAN","STEPHENS","standard","simple","upper","-223.501933229699"
"745","5","4","STAN","STEPHENS","standard","simple","upper","-225.19933610189"
"746","6","4","STAN","STEPHENS","standard","simple","upper","-223.889565563059"
"747","7","4","STAN","STEPHENS","standard","simple","upper","-224.2831727186"
"748","8","4","STAN","STEPHENS","standard","simple","upper","-223.776064322235"
"749","9","4","STAN","STEPHENS","standard","simple","upper","-223.609909506118"
"750","10","4","STAN","STEPHENS","standard","simple","upper","-223.815567469989"
"751","11","4","STAN","STEPHENS","standard","simple","upper","-223.776956446409"
"752","12","4","STAN","STEPHENS","standard","simple","upper","-223.493947005022"
"753","13","4","STAN","STEPHENS","standard","simple","upper","-224.102328866448"
"754","14","4","STAN","STEPHENS","standard","simple","upper","-224.40325894035"
"755","15","4","STAN","STEPHENS","standard","simple","upper","-224.025550757489"
"756","16","4","STAN","STEPHENS","standard","simple","upper","-224.658160851866"
"757","17","4","STAN","STEPHENS","standard","simple","upper","-223.309326131292"
"758","18","4","STAN","STEPHENS","standard","simple","upper","-223.678925909042"
"759","19","4","STAN","STEPHENS","standard","simple","upper","-223.405096566611"
"760","20","4","STAN","STEPHENS","standard","simple","upper","-224.426555400032"
"761","1","5","STAN","STEPHENS","standard","simple","upper","-224.428804531269"
"762","2","5","STAN","STEPHENS","standard","simple","upper","-223.03844863886"
"763","3","5","STAN","STEPHENS","standard","simple","upper","-222.145588894407"
"764","4","5","STAN","STEPHENS","standard","simple","upper","-224.388530746061"
"765","5","5","STAN","STEPHENS","standard","simple","upper","-222.989745826584"
"766","6","5","STAN","STEPHENS","standard","simple","upper","-224.042717530301"
"767","7","5","STAN","STEPHENS","standard","simple","upper","-222.311152650509"
"768","8","5","STAN","STEPHENS","standard","simple","upper","-222.626798873473"
"769","9","5","STAN","STEPHENS","standard","simple","upper","-223.357804106855"
"770","10","5","STAN","STEPHENS","standard","simple","upper","-223.313184024582"
"771","11","5","STAN","STEPHENS","standard","simple","upper","-224.572124671776"
"772","12","5","STAN","STEPHENS","standard","simple","upper","-223.590436174167"
"773","13","5","STAN","STEPHENS","standard","simple","upper","-222.70826563675"
"774","14","5","STAN","STEPHENS","standard","simple","upper","-222.689166943007"
"775","15","5","STAN","STEPHENS","standard","simple","upper","-223.993441615323"
"776","16","5","STAN","STEPHENS","standard","simple","upper","-223.058621044595"
"777","17","5","STAN","STEPHENS","standard","simple","upper","-223.552218065349"
"778","18","5","STAN","STEPHENS","standard","simple","upper","-223.477507994195"
"779","19","5","STAN","STEPHENS","standard","simple","upper","-223.940070017485"
"780","20","5","STAN","STEPHENS","standard","simple","upper","-224.218631526419"
"781","1","6","STAN","STEPHENS","standard","simple","upper","-223.062013828344"
"782","2","6","STAN","STEPHENS","standard","simple","upper","-223.54122166331"
"783","3","6","STAN","STEPHENS","standard","simple","upper","-222.261141423724"
"784","4","6","STAN","STEPHENS","standard","simple","upper","-221.844955548163"
"785","5","6","STAN","STEPHENS","standard","simple","upper","-223.468802423884"
"786","6","6","STAN","STEPHENS","standard","simple","upper","-223.69621357554"
"787","7","6","STAN","STEPHENS","standard","simple","upper","-223.165678536136"
"788","8","6","STAN","STEPHENS","standard","simple","upper","-223.263681642708"
"789","9","6","STAN","STEPHENS","standard","simple","upper","-222.627531691667"
"790","10","6","STAN","STEPHENS","standard","simple","upper","-222.558142026612"
"791","11","6","STAN","STEPHENS","standard","simple","upper","-223.13151291917"
"792","12","6","STAN","STEPHENS","standard","simple","upper","-223.590024929563"
"793","13","6","STAN","STEPHENS","standard","simple","upper","-221.576725732847"
"794","14","6","STAN","STEPHENS","standard","simple","upper","-223.818655416186"
"795","15","6","STAN","STEPHENS","standard","simple","upper","-222.794218817026"
"796","16","6","STAN","STEPHENS","standard","simple","upper","-223.182691437854"
"797","17","6","STAN","STEPHENS","standard","simple","upper","-223.035378078586"
"798","18","6","STAN","STEPHENS","standard","simple","upper","-222.884273674062"
"799","19","6","STAN","STEPHENS","standard","simple","upper","-221.914613100072"
"800","20","6","STAN","STEPHENS","standard","simple","upper","-223.026746968091"
"801","1","2","JAGS","ECR","standard","permutations","estim","-235.26830631974"
"802","2","2","JAGS","ECR","standard","permutations","estim","-235.285977295504"
"803","3","2","JAGS","ECR","standard","permutations","estim","-235.262432464437"
"804","4","2","JAGS","ECR","standard","permutations","estim","-235.243765709471"
"805","5","2","JAGS","ECR","standard","permutations","estim","-235.276700517602"
"806","6","2","JAGS","ECR","standard","permutations","estim","-235.240661522808"
"807","7","2","JAGS","ECR","standard","permutations","estim","-235.257397253016"
"808","8","2","JAGS","ECR","standard","permutations","estim","-235.250545868765"
"809","9","2","JAGS","ECR","standard","permutations","estim","-235.26547724101"
"810","10","2","JAGS","ECR","standard","permutations","estim","-235.263615757629"
"811","11","2","JAGS","ECR","standard","permutations","estim","-235.240920655516"
"812","12","2","JAGS","ECR","standard","permutations","estim","-235.270038437491"
"813","13","2","JAGS","ECR","standard","permutations","estim","-235.2630142336"
"814","14","2","JAGS","ECR","standard","permutations","estim","-235.216501441592"
"815","15","2","JAGS","ECR","standard","permutations","estim","-235.269824515088"
"816","16","2","JAGS","ECR","standard","permutations","estim","-235.246727015483"
"817","17","2","JAGS","ECR","standard","permutations","estim","-235.258194359896"
"818","18","2","JAGS","ECR","standard","permutations","estim","-235.246174247029"
"819","19","2","JAGS","ECR","standard","permutations","estim","-235.253785529251"
"820","20","2","JAGS","ECR","standard","permutations","estim","-235.275092302017"
"821","1","3","JAGS","ECR","standard","permutations","estim","-226.590126370952"
"822","2","3","JAGS","ECR","standard","permutations","estim","-226.63503665093"
"823","3","3","JAGS","ECR","standard","permutations","estim","-226.549809366254"
"824","4","3","JAGS","ECR","standard","permutations","estim","-226.632180755891"
"825","5","3","JAGS","ECR","standard","permutations","estim","-226.571439792419"
"826","6","3","JAGS","ECR","standard","permutations","estim","-226.66749404524"
"827","7","3","JAGS","ECR","standard","permutations","estim","-226.65825086037"
"828","8","3","JAGS","ECR","standard","permutations","estim","-226.625003562149"
"829","9","3","JAGS","ECR","standard","permutations","estim","-226.567160514429"
"830","10","3","JAGS","ECR","standard","permutations","estim","-226.594044551637"
"831","11","3","JAGS","ECR","standard","permutations","estim","-226.632144017247"
"832","12","3","JAGS","ECR","standard","permutations","estim","-226.583603683387"
"833","13","3","JAGS","ECR","standard","permutations","estim","-226.613057796269"
"834","14","3","JAGS","ECR","standard","permutations","estim","-226.615603581139"
"835","15","3","JAGS","ECR","standard","permutations","estim","-226.619431557069"
"836","16","3","JAGS","ECR","standard","permutations","estim","-226.56767427207"
"837","17","3","JAGS","ECR","standard","permutations","estim","-226.603655244291"
"838","18","3","JAGS","ECR","standard","permutations","estim","-226.609346827878"
"839","19","3","JAGS","ECR","standard","permutations","estim","-226.578870126677"
"840","20","3","JAGS","ECR","standard","permutations","estim","-226.630930147598"
"841","1","4","JAGS","ECR","standard","permutations","estim","-226.261057629152"
"842","2","4","JAGS","ECR","standard","permutations","estim","-226.142717639658"
"843","3","4","JAGS","ECR","standard","permutations","estim","-226.592298030982"
"844","4","4","JAGS","ECR","standard","permutations","estim","-226.207525080397"
"845","5","4","JAGS","ECR","standard","permutations","estim","-225.700851130491"
"846","6","4","JAGS","ECR","standard","permutations","estim","-225.931323987834"
"847","7","4","JAGS","ECR","standard","permutations","estim","-225.925605559347"
"848","8","4","JAGS","ECR","standard","permutations","estim","-225.622490356159"
"849","9","4","JAGS","ECR","standard","permutations","estim","-226.077918831349"
"850","10","4","JAGS","ECR","standard","permutations","estim","-225.754263196311"
"851","11","4","JAGS","ECR","standard","permutations","estim","-226.0536061695"
"852","12","4","JAGS","ECR","standard","permutations","estim","-225.853848054137"
"853","13","4","JAGS","ECR","standard","permutations","estim","-225.881623371782"
"854","14","4","JAGS","ECR","standard","permutations","estim","-225.926701369856"
"855","15","4","JAGS","ECR","standard","permutations","estim","-225.587983287264"
"856","16","4","JAGS","ECR","standard","permutations","estim","-225.936253828142"
"857","17","4","JAGS","ECR","standard","permutations","estim","-226.120200655849"
"858","18","4","JAGS","ECR","standard","permutations","estim","-225.986402509433"
"859","19","4","JAGS","ECR","standard","permutations","estim","-225.827440866526"
"860","20","4","JAGS","ECR","standard","permutations","estim","-225.641506519789"
"861","1","5","JAGS","ECR","standard","permutations","estim","-225.638787068975"
"862","2","5","JAGS","ECR","standard","permutations","estim","-225.901713649145"
"863","3","5","JAGS","ECR","standard","permutations","estim","-225.806110537955"
"864","4","5","JAGS","ECR","standard","permutations","estim","-225.842662409887"
"865","5","5","JAGS","ECR","standard","permutations","estim","-225.756222572691"
"866","6","5","JAGS","ECR","standard","permutations","estim","-225.365098763287"
"867","7","5","JAGS","ECR","standard","permutations","estim","-225.093988887014"
"868","8","5","JAGS","ECR","standard","permutations","estim","-225.227178606578"
"869","9","5","JAGS","ECR","standard","permutations","estim","-226.652138538252"
"870","10","5","JAGS","ECR","standard","permutations","estim","-225.699458241395"
"871","11","5","JAGS","ECR","standard","permutations","estim","-225.734019142981"
"872","12","5","JAGS","ECR","standard","permutations","estim","-224.886153852397"
"873","13","5","JAGS","ECR","standard","permutations","estim","-225.537487232116"
"874","14","5","JAGS","ECR","standard","permutations","estim","-225.301371110104"
"875","15","5","JAGS","ECR","standard","permutations","estim","-225.314271024398"
"876","16","5","JAGS","ECR","standard","permutations","estim","-225.085418971859"
"877","17","5","JAGS","ECR","standard","permutations","estim","-225.259760812205"
"878","18","5","JAGS","ECR","standard","permutations","estim","-225.876729787747"
"879","19","5","JAGS","ECR","standard","permutations","estim","-225.607530635441"
"880","20","5","JAGS","ECR","standard","permutations","estim","-224.850450917251"
"881","1","6","JAGS","ECR","standard","permutations","estim","-225.355037182454"
"882","2","6","JAGS","ECR","standard","permutations","estim","-225.348622594743"
"883","3","6","JAGS","ECR","standard","permutations","estim","-225.92538410058"
"884","4","6","JAGS","ECR","standard","permutations","estim","-225.376563162975"
"885","5","6","JAGS","ECR","standard","permutations","estim","-226.227935257933"
"886","6","6","JAGS","ECR","standard","permutations","estim","-225.409266959804"
"887","7","6","JAGS","ECR","standard","permutations","estim","-225.604196504271"
"888","8","6","JAGS","ECR","standard","permutations","estim","-225.172798774027"
"889","9","6","JAGS","ECR","standard","permutations","estim","-225.855181624317"
"890","10","6","JAGS","ECR","standard","permutations","estim","-224.751124627306"
"891","11","6","JAGS","ECR","standard","permutations","estim","-225.197408977747"
"892","12","6","JAGS","ECR","standard","permutations","estim","-225.447763244791"
"893","13","6","JAGS","ECR","standard","permutations","estim","-224.696159747786"
"894","14","6","JAGS","ECR","standard","permutations","estim","-225.23132615192"
"895","15","6","JAGS","ECR","standard","permutations","estim","-225.255997808251"
"896","16","6","JAGS","ECR","standard","permutations","estim","-225.260864873116"
"897","17","6","JAGS","ECR","standard","permutations","estim","-224.907981546829"
"898","18","6","JAGS","ECR","standard","permutations","estim","-225.972818029301"
"899","19","6","JAGS","ECR","standard","permutations","estim","-225.503880759398"
"900","20","6","JAGS","ECR","standard","permutations","estim","-225.231546652696"
"901","1","2","STAN","ECR","standard","permutations","estim",NA
"902","2","2","STAN","ECR","standard","permutations","estim",NA
"903","3","2","STAN","ECR","standard","permutations","estim",NA
"904","4","2","STAN","ECR","standard","permutations","estim",NA
"905","5","2","STAN","ECR","standard","permutations","estim",NA
"906","6","2","STAN","ECR","standard","permutations","estim",NA
"907","7","2","STAN","ECR","standard","permutations","estim",NA
"908","8","2","STAN","ECR","standard","permutations","estim",NA
"909","9","2","STAN","ECR","standard","permutations","estim",NA
"910","10","2","STAN","ECR","standard","permutations","estim",NA
"911","11","2","STAN","ECR","standard","permutations","estim",NA
"912","12","2","STAN","ECR","standard","permutations","estim",NA
"913","13","2","STAN","ECR","standard","permutations","estim",NA
"914","14","2","STAN","ECR","standard","permutations","estim",NA
"915","15","2","STAN","ECR","standard","permutations","estim",NA
"916","16","2","STAN","ECR","standard","permutations","estim",NA
"917","17","2","STAN","ECR","standard","permutations","estim",NA
"918","18","2","STAN","ECR","standard","permutations","estim",NA
"919","19","2","STAN","ECR","standard","permutations","estim",NA
"920","20","2","STAN","ECR","standard","permutations","estim",NA
"921","1","3","STAN","ECR","standard","permutations","estim",NA
"922","2","3","STAN","ECR","standard","permutations","estim",NA
"923","3","3","STAN","ECR","standard","permutations","estim",NA
"924","4","3","STAN","ECR","standard","permutations","estim",NA
"925","5","3","STAN","ECR","standard","permutations","estim",NA
"926","6","3","STAN","ECR","standard","permutations","estim",NA
"927","7","3","STAN","ECR","standard","permutations","estim",NA
"928","8","3","STAN","ECR","standard","permutations","estim",NA
"929","9","3","STAN","ECR","standard","permutations","estim",NA
"930","10","3","STAN","ECR","standard","permutations","estim",NA
"931","11","3","STAN","ECR","standard","permutations","estim",NA
"932","12","3","STAN","ECR","standard","permutations","estim",NA
"933","13","3","STAN","ECR","standard","permutations","estim",NA
"934","14","3","STAN","ECR","standard","permutations","estim",NA
"935","15","3","STAN","ECR","standard","permutations","estim",NA
"936","16","3","STAN","ECR","standard","permutations","estim",NA
"937","17","3","STAN","ECR","standard","permutations","estim",NA
"938","18","3","STAN","ECR","standard","permutations","estim",NA
"939","19","3","STAN","ECR","standard","permutations","estim",NA
"940","20","3","STAN","ECR","standard","permutations","estim",NA
"941","1","4","STAN","ECR","standard","permutations","estim",NA
"942","2","4","STAN","ECR","standard","permutations","estim",NA
"943","3","4","STAN","ECR","standard","permutations","estim",NA
"944","4","4","STAN","ECR","standard","permutations","estim",NA
"945","5","4","STAN","ECR","standard","permutations","estim",NA
"946","6","4","STAN","ECR","standard","permutations","estim",NA
"947","7","4","STAN","ECR","standard","permutations","estim",NA
"948","8","4","STAN","ECR","standard","permutations","estim",NA
"949","9","4","STAN","ECR","standard","permutations","estim",NA
"950","10","4","STAN","ECR","standard","permutations","estim",NA
"951","11","4","STAN","ECR","standard","permutations","estim",NA
"952","12","4","STAN","ECR","standard","permutations","estim",NA
"953","13","4","STAN","ECR","standard","permutations","estim",NA
"954","14","4","STAN","ECR","standard","permutations","estim",NA
"955","15","4","STAN","ECR","standard","permutations","estim",NA
"956","16","4","STAN","ECR","standard","permutations","estim",NA
"957","17","4","STAN","ECR","standard","permutations","estim",NA
"958","18","4","STAN","ECR","standard","permutations","estim",NA
"959","19","4","STAN","ECR","standard","permutations","estim",NA
"960","20","4","STAN","ECR","standard","permutations","estim",NA
"961","1","5","STAN","ECR","standard","permutations","estim",NA
"962","2","5","STAN","ECR","standard","permutations","estim",NA
"963","3","5","STAN","ECR","standard","permutations","estim",NA
"964","4","5","STAN","ECR","standard","permutations","estim",NA
"965","5","5","STAN","ECR","standard","permutations","estim",NA
"966","6","5","STAN","ECR","standard","permutations","estim",NA
"967","7","5","STAN","ECR","standard","permutations","estim",NA
"968","8","5","STAN","ECR","standard","permutations","estim",NA
"969","9","5","STAN","ECR","standard","permutations","estim",NA
"970","10","5","STAN","ECR","standard","permutations","estim",NA
"971","11","5","STAN","ECR","standard","permutations","estim",NA
"972","12","5","STAN","ECR","standard","permutations","estim",NA
"973","13","5","STAN","ECR","standard","permutations","estim",NA
"974","14","5","STAN","ECR","standard","permutations","estim",NA
"975","15","5","STAN","ECR","standard","permutations","estim",NA
"976","16","5","STAN","ECR","standard","permutations","estim",NA
"977","17","5","STAN","ECR","standard","permutations","estim",NA
"978","18","5","STAN","ECR","standard","permutations","estim",NA
"979","19","5","STAN","ECR","standard","permutations","estim",NA
"980","20","5","STAN","ECR","standard","permutations","estim",NA
"981","1","6","STAN","ECR","standard","permutations","estim",NA
"982","2","6","STAN","ECR","standard","permutations","estim",NA
"983","3","6","STAN","ECR","standard","permutations","estim",NA
"984","4","6","STAN","ECR","standard","permutations","estim",NA
"985","5","6","STAN","ECR","standard","permutations","estim",NA
"986","6","6","STAN","ECR","standard","permutations","estim",NA
"987","7","6","STAN","ECR","standard","permutations","estim",NA
"988","8","6","STAN","ECR","standard","permutations","estim",NA
"989","9","6","STAN","ECR","standard","permutations","estim",NA
"990","10","6","STAN","ECR","standard","permutations","estim",NA
"991","11","6","STAN","ECR","standard","permutations","estim",NA
"992","12","6","STAN","ECR","standard","permutations","estim",NA
"993","13","6","STAN","ECR","standard","permutations","estim",NA
"994","14","6","STAN","ECR","standard","permutations","estim",NA
"995","15","6","STAN","ECR","standard","permutations","estim",NA
"996","16","6","STAN","ECR","standard","permutations","estim",NA
"997","17","6","STAN","ECR","standard","permutations","estim",NA
"998","18","6","STAN","ECR","standard","permutations","estim",NA
"999","19","6","STAN","ECR","standard","permutations","estim",NA
"1000","20","6","STAN","ECR","standard","permutations","estim",NA
"1001","1","2","JAGS","STEPHENS","standard","permutations","estim","-235.26830631974"
"1002","2","2","JAGS","STEPHENS","standard","permutations","estim","-235.284665981233"
"1003","3","2","JAGS","STEPHENS","standard","permutations","estim","-235.262432464437"
"1004","4","2","JAGS","STEPHENS","standard","permutations","estim","-235.243765709471"
"1005","5","2","JAGS","STEPHENS","standard","permutations","estim","-235.276700517602"
"1006","6","2","JAGS","STEPHENS","standard","permutations","estim","-235.240661522808"
"1007","7","2","JAGS","STEPHENS","standard","permutations","estim","-235.257397253016"
"1008","8","2","JAGS","STEPHENS","standard","permutations","estim","-235.251247339891"
"1009","9","2","JAGS","STEPHENS","standard","permutations","estim","-235.26547724101"
"1010","10","2","JAGS","STEPHENS","standard","permutations","estim","-235.263615757629"
"1011","11","2","JAGS","STEPHENS","standard","permutations","estim","-235.241126737277"
"1012","12","2","JAGS","STEPHENS","standard","permutations","estim","-235.268215913199"
"1013","13","2","JAGS","STEPHENS","standard","permutations","estim","-235.2630142336"
"1014","14","2","JAGS","STEPHENS","standard","permutations","estim","-235.216501441592"
"1015","15","2","JAGS","STEPHENS","standard","permutations","estim","-235.269824515088"
"1016","16","2","JAGS","STEPHENS","standard","permutations","estim","-235.246727015483"
"1017","17","2","JAGS","STEPHENS","standard","permutations","estim","-235.258194359896"
"1018","18","2","JAGS","STEPHENS","standard","permutations","estim","-235.246174247029"
"1019","19","2","JAGS","STEPHENS","standard","permutations","estim","-235.253785529251"
"1020","20","2","JAGS","STEPHENS","standard","permutations","estim","-235.275092302017"
"1021","1","3","JAGS","STEPHENS","standard","permutations","estim","-226.590126370952"
"1022","2","3","JAGS","STEPHENS","standard","permutations","estim","-226.63503665093"
"1023","3","3","JAGS","STEPHENS","standard","permutations","estim","-226.549809366254"
"1024","4","3","JAGS","STEPHENS","standard","permutations","estim","-226.635766543421"
"1025","5","3","JAGS","STEPHENS","standard","permutations","estim","-226.571439792419"
"1026","6","3","JAGS","STEPHENS","standard","permutations","estim","-226.66749404524"
"1027","7","3","JAGS","STEPHENS","standard","permutations","estim","-226.65825086037"
"1028","8","3","JAGS","STEPHENS","standard","permutations","estim","-226.625003562149"
"1029","9","3","JAGS","STEPHENS","standard","permutations","estim","-226.567160514429"
"1030","10","3","JAGS","STEPHENS","standard","permutations","estim","-226.594044551637"
"1031","11","3","JAGS","STEPHENS","standard","permutations","estim","-226.632144017247"
"1032","12","3","JAGS","STEPHENS","standard","permutations","estim","-226.583603683387"
"1033","13","3","JAGS","STEPHENS","standard","permutations","estim","-226.626444422757"
"1034","14","3","JAGS","STEPHENS","standard","permutations","estim","-226.615603581139"
"1035","15","3","JAGS","STEPHENS","standard","permutations","estim","-226.619431557069"
"1036","16","3","JAGS","STEPHENS","standard","permutations","estim","-226.56767427207"
"1037","17","3","JAGS","STEPHENS","standard","permutations","estim","-226.603655244291"
"1038","18","3","JAGS","STEPHENS","standard","permutations","estim","-226.609346827878"
"1039","19","3","JAGS","STEPHENS","standard","permutations","estim","-226.578870126677"
"1040","20","3","JAGS","STEPHENS","standard","permutations","estim","-226.630930147598"
"1041","1","4","JAGS","STEPHENS","standard","permutations","estim","-226.249913030252"
"1042","2","4","JAGS","STEPHENS","standard","permutations","estim","-226.140482060515"
"1043","3","4","JAGS","STEPHENS","standard","permutations","estim","-226.084904090071"
"1044","4","4","JAGS","STEPHENS","standard","permutations","estim","-226.175107225064"
"1045","5","4","JAGS","STEPHENS","standard","permutations","estim","-225.595225632172"
"1046","6","4","JAGS","STEPHENS","standard","permutations","estim","-225.901239266459"
"1047","7","4","JAGS","STEPHENS","standard","permutations","estim","-225.924816543779"
"1048","8","4","JAGS","STEPHENS","standard","permutations","estim","-225.623018740185"
"1049","9","4","JAGS","STEPHENS","standard","permutations","estim","-226.177881987972"
"1050","10","4","JAGS","STEPHENS","standard","permutations","estim","-225.730677440502"
"1051","11","4","JAGS","STEPHENS","standard","permutations","estim","-225.993973263316"
"1052","12","4","JAGS","STEPHENS","standard","permutations","estim","-225.814380357311"
"1053","13","4","JAGS","STEPHENS","standard","permutations","estim","-225.943906396341"
"1054","14","4","JAGS","STEPHENS","standard","permutations","estim","-225.895990384068"
"1055","15","4","JAGS","STEPHENS","standard","permutations","estim","-226.017513232307"
"1056","16","4","JAGS","STEPHENS","standard","permutations","estim","-225.922304947545"
"1057","17","4","JAGS","STEPHENS","standard","permutations","estim","-226.172840362881"
"1058","18","4","JAGS","STEPHENS","standard","permutations","estim","-225.894162993709"
"1059","19","4","JAGS","STEPHENS","standard","permutations","estim","-225.992876152507"
"1060","20","4","JAGS","STEPHENS","standard","permutations","estim","-225.679676257665"
"1061","1","5","JAGS","STEPHENS","standard","permutations","estim","-225.82421255904"
"1062","2","5","JAGS","STEPHENS","standard","permutations","estim","-224.465741457249"
"1063","3","5","JAGS","STEPHENS","standard","permutations","estim","-225.627584151449"
"1064","4","5","JAGS","STEPHENS","standard","permutations","estim","-226.807852287669"
"1065","5","5","JAGS","STEPHENS","standard","permutations","estim","-224.932892032283"
"1066","6","5","JAGS","STEPHENS","standard","permutations","estim","-225.643387155687"
"1067","7","5","JAGS","STEPHENS","standard","permutations","estim","-225.79743347084"
"1068","8","5","JAGS","STEPHENS","standard","permutations","estim","-224.650372161373"
"1069","9","5","JAGS","STEPHENS","standard","permutations","estim","-226.091732506405"
"1070","10","5","JAGS","STEPHENS","standard","permutations","estim","-225.625840837153"
"1071","11","5","JAGS","STEPHENS","standard","permutations","estim","-225.207510036153"
"1072","12","5","JAGS","STEPHENS","standard","permutations","estim","-224.639567752309"
"1073","13","5","JAGS","STEPHENS","standard","permutations","estim","-226.57353854456"
"1074","14","5","JAGS","STEPHENS","standard","permutations","estim","-225.282752125854"
"1075","15","5","JAGS","STEPHENS","standard","permutations","estim","-225.767563444177"
"1076","16","5","JAGS","STEPHENS","standard","permutations","estim","-225.727785304976"
"1077","17","5","JAGS","STEPHENS","standard","permutations","estim","-225.236175144716"
"1078","18","5","JAGS","STEPHENS","standard","permutations","estim","-226.854685151291"
"1079","19","5","JAGS","STEPHENS","standard","permutations","estim","-225.66610779512"
"1080","20","5","JAGS","STEPHENS","standard","permutations","estim","-224.615782843125"
"1081","1","6","JAGS","STEPHENS","standard","permutations","estim","-225.744119510108"
"1082","2","6","JAGS","STEPHENS","standard","permutations","estim","-225.691437162444"
"1083","3","6","JAGS","STEPHENS","standard","permutations","estim","-225.157370502744"
"1084","4","6","JAGS","STEPHENS","standard","permutations","estim","-225.862786965457"
"1085","5","6","JAGS","STEPHENS","standard","permutations","estim","-225.545090964061"
"1086","6","6","JAGS","STEPHENS","standard","permutations","estim","-224.918433211255"
"1087","7","6","JAGS","STEPHENS","standard","permutations","estim","-224.574842029906"
"1088","8","6","JAGS","STEPHENS","standard","permutations","estim","-225.299096267999"
"1089","9","6","JAGS","STEPHENS","standard","permutations","estim","-226.049637185027"
"1090","10","6","JAGS","STEPHENS","standard","permutations","estim","-225.206289275381"
"1091","11","6","JAGS","STEPHENS","standard","permutations","estim","-226.151460613482"
"1092","12","6","JAGS","STEPHENS","standard","permutations","estim","-225.323170038279"
"1093","13","6","JAGS","STEPHENS","standard","permutations","estim","-225.694541012997"
"1094","14","6","JAGS","STEPHENS","standard","permutations","estim","-225.666358317644"
"1095","15","6","JAGS","STEPHENS","standard","permutations","estim","-224.958957726953"
"1096","16","6","JAGS","STEPHENS","standard","permutations","estim","-226.321678422587"
"1097","17","6","JAGS","STEPHENS","standard","permutations","estim","-224.833065959212"
"1098","18","6","JAGS","STEPHENS","standard","permutations","estim","-226.042461282645"
"1099","19","6","JAGS","STEPHENS","standard","permutations","estim","-224.009209842897"
"1100","20","6","JAGS","STEPHENS","standard","permutations","estim","-225.228256381579"
"1101","1","2","STAN","STEPHENS","standard","permutations","estim","-235.282925500191"
"1102","2","2","STAN","STEPHENS","standard","permutations","estim","-235.332572464756"
"1103","3","2","STAN","STEPHENS","standard","permutations","estim","-235.322903362698"
"1104","4","2","STAN","STEPHENS","standard","permutations","estim","-235.371146261258"
"1105","5","2","STAN","STEPHENS","standard","permutations","estim","-235.354684368131"
"1106","6","2","STAN","STEPHENS","standard","permutations","estim","-235.279938549084"
"1107","7","2","STAN","STEPHENS","standard","permutations","estim","-235.102527394805"
"1108","8","2","STAN","STEPHENS","standard","permutations","estim","-235.255914809979"
"1109","9","2","STAN","STEPHENS","standard","permutations","estim","-235.189948790502"
"1110","10","2","STAN","STEPHENS","standard","permutations","estim","-235.143819662694"
"1111","11","2","STAN","STEPHENS","standard","permutations","estim","-234.53416818826"
"1112","12","2","STAN","STEPHENS","standard","permutations","estim","-235.2765786117"
"1113","13","2","STAN","STEPHENS","standard","permutations","estim","-234.560642291199"
"1114","14","2","STAN","STEPHENS","standard","permutations","estim","-235.158340428752"
"1115","15","2","STAN","STEPHENS","standard","permutations","estim","-235.251975953005"
"1116","16","2","STAN","STEPHENS","standard","permutations","estim","-235.078784890085"
"1117","17","2","STAN","STEPHENS","standard","permutations","estim","-234.551804072673"
"1118","18","2","STAN","STEPHENS","standard","permutations","estim","-235.29919894481"
"1119","19","2","STAN","STEPHENS","standard","permutations","estim","-235.251238470169"
"1120","20","2","STAN","STEPHENS","standard","permutations","estim","-235.261264094241"
"1121","1","3","STAN","STEPHENS","standard","permutations","estim","-226.582083639896"
"1122","2","3","STAN","STEPHENS","standard","permutations","estim","-226.618412323102"
"1123","3","3","STAN","STEPHENS","standard","permutations","estim","-226.672778037473"
"1124","4","3","STAN","STEPHENS","standard","permutations","estim","-226.598797062804"
"1125","5","3","STAN","STEPHENS","standard","permutations","estim","-226.6206727679"
"1126","6","3","STAN","STEPHENS","standard","permutations","estim","-226.647607305535"
"1127","7","3","STAN","STEPHENS","standard","permutations","estim","-226.641056004424"
"1128","8","3","STAN","STEPHENS","standard","permutations","estim","-226.559975694463"
"1129","9","3","STAN","STEPHENS","standard","permutations","estim","-226.62897731382"
"1130","10","3","STAN","STEPHENS","standard","permutations","estim","-226.545428821306"
"1131","11","3","STAN","STEPHENS","standard","permutations","estim","-226.632268807701"
"1132","12","3","STAN","STEPHENS","standard","permutations","estim","-226.667000862625"
"1133","13","3","STAN","STEPHENS","standard","permutations","estim","-226.606004920483"
"1134","14","3","STAN","STEPHENS","standard","permutations","estim","-226.663913157254"
"1135","15","3","STAN","STEPHENS","standard","permutations","estim","-226.65113394956"
"1136","16","3","STAN","STEPHENS","standard","permutations","estim","-226.57492764903"
"1137","17","3","STAN","STEPHENS","standard","permutations","estim","-226.593406569639"
"1138","18","3","STAN","STEPHENS","standard","permutations","estim","-226.654593194116"
"1139","19","3","STAN","STEPHENS","standard","permutations","estim","-226.619485939963"
"1140","20","3","STAN","STEPHENS","standard","permutations","estim","-226.594233184896"
"1141","1","4","STAN","STEPHENS","standard","permutations","estim","-226.122536706726"
"1142","2","4","STAN","STEPHENS","standard","permutations","estim","-226.289124262866"
"1143","3","4","STAN","STEPHENS","standard","permutations","estim","-225.806013910328"
"1144","4","4","STAN","STEPHENS","standard","permutations","estim","-225.952137682857"
"1145","5","4","STAN","STEPHENS","standard","permutations","estim","-225.873712150494"
"1146","6","4","STAN","STEPHENS","standard","permutations","estim","-226.198005320064"
"1147","7","4","STAN","STEPHENS","standard","permutations","estim","-225.80559946358"
"1148","8","4","STAN","STEPHENS","standard","permutations","estim","-225.780437516015"
"1149","9","4","STAN","STEPHENS","standard","permutations","estim","-225.391557036387"
"1150","10","4","STAN","STEPHENS","standard","permutations","estim","-226.124404065315"
"1151","11","4","STAN","STEPHENS","standard","permutations","estim","-226.005817376927"
"1152","12","4","STAN","STEPHENS","standard","permutations","estim","-225.912068485811"
"1153","13","4","STAN","STEPHENS","standard","permutations","estim","-226.324268106797"
"1154","14","4","STAN","STEPHENS","standard","permutations","estim","-226.830601512611"
"1155","15","4","STAN","STEPHENS","standard","permutations","estim","-225.978152740111"
"1156","16","4","STAN","STEPHENS","standard","permutations","estim","-225.741609735655"
"1157","17","4","STAN","STEPHENS","standard","permutations","estim","-225.593511814481"
"1158","18","4","STAN","STEPHENS","standard","permutations","estim","-226.174793275237"
"1159","19","4","STAN","STEPHENS","standard","permutations","estim","-225.836514957975"
"1160","20","4","STAN","STEPHENS","standard","permutations","estim","-225.860692150914"
"1161","1","5","STAN","STEPHENS","standard","permutations","estim","-226.047996187078"
"1162","2","5","STAN","STEPHENS","standard","permutations","estim","-225.083650434439"
"1163","3","5","STAN","STEPHENS","standard","permutations","estim","-224.639102909713"
"1164","4","5","STAN","STEPHENS","standard","permutations","estim","-225.527990160746"
"1165","5","5","STAN","STEPHENS","standard","permutations","estim","-225.332366929373"
"1166","6","5","STAN","STEPHENS","standard","permutations","estim","-224.980512177761"
"1167","7","5","STAN","STEPHENS","standard","permutations","estim","-224.569206541215"
"1168","8","5","STAN","STEPHENS","standard","permutations","estim","-224.88882334272"
"1169","9","5","STAN","STEPHENS","standard","permutations","estim","-224.845959372555"
"1170","10","5","STAN","STEPHENS","standard","permutations","estim","-225.713416305621"
"1171","11","5","STAN","STEPHENS","standard","permutations","estim","-225.875635084456"
"1172","12","5","STAN","STEPHENS","standard","permutations","estim","-225.415734055892"
"1173","13","5","STAN","STEPHENS","standard","permutations","estim","-224.789776543162"
"1174","14","5","STAN","STEPHENS","standard","permutations","estim","-224.609495379729"
"1175","15","5","STAN","STEPHENS","standard","permutations","estim","-225.76018229363"
"1176","16","5","STAN","STEPHENS","standard","permutations","estim","-225.510348989032"
"1177","17","5","STAN","STEPHENS","standard","permutations","estim","-226.043014024565"
"1178","18","5","STAN","STEPHENS","standard","permutations","estim","-225.330674067604"
"1179","19","5","STAN","STEPHENS","standard","permutations","estim","-226.208711618682"
"1180","20","5","STAN","STEPHENS","standard","permutations","estim","-225.655363288556"
"1181","1","6","STAN","STEPHENS","standard","permutations","estim","-225.065850416002"
"1182","2","6","STAN","STEPHENS","standard","permutations","estim","-225.292759119856"
"1183","3","6","STAN","STEPHENS","standard","permutations","estim","-224.432144046076"
"1184","4","6","STAN","STEPHENS","standard","permutations","estim","-223.866265677757"
"1185","5","6","STAN","STEPHENS","standard","permutations","estim","-225.575067494964"
"1186","6","6","STAN","STEPHENS","standard","permutations","estim","-225.315662372157"
"1187","7","6","STAN","STEPHENS","standard","permutations","estim","-225.694123862793"
"1188","8","6","STAN","STEPHENS","standard","permutations","estim","-225.532022737295"
"1189","9","6","STAN","STEPHENS","standard","permutations","estim","-225.085729841939"
"1190","10","6","STAN","STEPHENS","standard","permutations","estim","-225.052545814615"
"1191","11","6","STAN","STEPHENS","standard","permutations","estim","-225.625339155053"
"1192","12","6","STAN","STEPHENS","standard","permutations","estim","-225.715192162043"
"1193","13","6","STAN","STEPHENS","standard","permutations","estim","-224.016479425116"
"1194","14","6","STAN","STEPHENS","standard","permutations","estim","-225.020938073021"
"1195","15","6","STAN","STEPHENS","standard","permutations","estim","-224.9335055514"
"1196","16","6","STAN","STEPHENS","standard","permutations","estim","-225.538310628445"
"1197","17","6","STAN","STEPHENS","standard","permutations","estim","-225.220841553128"
"1198","18","6","STAN","STEPHENS","standard","permutations","estim","-224.722064658523"
"1199","19","6","STAN","STEPHENS","standard","permutations","estim","-224.406424798832"
"1200","20","6","STAN","STEPHENS","standard","permutations","estim","-225.503725487808"
"1201","1","2","JAGS","ECR","standard","simple","estim","-235.26830631974"
"1202","2","2","JAGS","ECR","standard","simple","estim","-235.285977295504"
"1203","3","2","JAGS","ECR","standard","simple","estim","-235.262432464437"
"1204","4","2","JAGS","ECR","standard","simple","estim","-235.243765709471"
"1205","5","2","JAGS","ECR","standard","simple","estim","-235.276700517602"
"1206","6","2","JAGS","ECR","standard","simple","estim","-235.240661522808"
"1207","7","2","JAGS","ECR","standard","simple","estim","-235.257397253016"
"1208","8","2","JAGS","ECR","standard","simple","estim","-235.250545868765"
"1209","9","2","JAGS","ECR","standard","simple","estim","-235.26547724101"
"1210","10","2","JAGS","ECR","standard","simple","estim","-235.263615757629"
"1211","11","2","JAGS","ECR","standard","simple","estim","-235.240920655516"
"1212","12","2","JAGS","ECR","standard","simple","estim","-235.270038437491"
"1213","13","2","JAGS","ECR","standard","simple","estim","-235.2630142336"
"1214","14","2","JAGS","ECR","standard","simple","estim","-235.216501441592"
"1215","15","2","JAGS","ECR","standard","simple","estim","-235.269824515088"
"1216","16","2","JAGS","ECR","standard","simple","estim","-235.246727015483"
"1217","17","2","JAGS","ECR","standard","simple","estim","-235.258194359896"
"1218","18","2","JAGS","ECR","standard","simple","estim","-235.246174247029"
"1219","19","2","JAGS","ECR","standard","simple","estim","-235.253785529251"
"1220","20","2","JAGS","ECR","standard","simple","estim","-235.275092302017"
"1221","1","3","JAGS","ECR","standard","simple","estim","-226.590126370952"
"1222","2","3","JAGS","ECR","standard","simple","estim","-226.63503665093"
"1223","3","3","JAGS","ECR","standard","simple","estim","-226.549809366254"
"1224","4","3","JAGS","ECR","standard","simple","estim","-226.632180755891"
"1225","5","3","JAGS","ECR","standard","simple","estim","-226.571439792419"
"1226","6","3","JAGS","ECR","standard","simple","estim","-226.66749404524"
"1227","7","3","JAGS","ECR","standard","simple","estim","-226.65825086037"
"1228","8","3","JAGS","ECR","standard","simple","estim","-226.625003562149"
"1229","9","3","JAGS","ECR","standard","simple","estim","-226.567160514429"
"1230","10","3","JAGS","ECR","standard","simple","estim","-226.594044551637"
"1231","11","3","JAGS","ECR","standard","simple","estim","-226.632144017247"
"1232","12","3","JAGS","ECR","standard","simple","estim","-226.583603683387"
"1233","13","3","JAGS","ECR","standard","simple","estim","-226.613057796269"
"1234","14","3","JAGS","ECR","standard","simple","estim","-226.615603581139"
"1235","15","3","JAGS","ECR","standard","simple","estim","-226.619431557069"
"1236","16","3","JAGS","ECR","standard","simple","estim","-226.56767427207"
"1237","17","3","JAGS","ECR","standard","simple","estim","-226.603655244291"
"1238","18","3","JAGS","ECR","standard","simple","estim","-226.609346827878"
"1239","19","3","JAGS","ECR","standard","simple","estim","-226.578870126677"
"1240","20","3","JAGS","ECR","standard","simple","estim","-226.630930147598"
"1241","1","4","JAGS","ECR","standard","simple","estim","-226.261057629152"
"1242","2","4","JAGS","ECR","standard","simple","estim","-226.142717639658"
"1243","3","4","JAGS","ECR","standard","simple","estim","-226.592298030982"
"1244","4","4","JAGS","ECR","standard","simple","estim","-226.207525080397"
"1245","5","4","JAGS","ECR","standard","simple","estim","-225.700851130491"
"1246","6","4","JAGS","ECR","standard","simple","estim","-225.931323987834"
"1247","7","4","JAGS","ECR","standard","simple","estim","-225.925605559347"
"1248","8","4","JAGS","ECR","standard","simple","estim","-225.622490356159"
"1249","9","4","JAGS","ECR","standard","simple","estim","-226.077918831349"
"1250","10","4","JAGS","ECR","standard","simple","estim","-225.754263196311"
"1251","11","4","JAGS","ECR","standard","simple","estim","-226.0536061695"
"1252","12","4","JAGS","ECR","standard","simple","estim","-225.853848054137"
"1253","13","4","JAGS","ECR","standard","simple","estim","-225.881623371782"
"1254","14","4","JAGS","ECR","standard","simple","estim","-225.926701369856"
"1255","15","4","JAGS","ECR","standard","simple","estim","-225.587983287264"
"1256","16","4","JAGS","ECR","standard","simple","estim","-225.936253828142"
"1257","17","4","JAGS","ECR","standard","simple","estim","-226.120200655849"
"1258","18","4","JAGS","ECR","standard","simple","estim","-225.986402509433"
"1259","19","4","JAGS","ECR","standard","simple","estim","-225.827440866526"
"1260","20","4","JAGS","ECR","standard","simple","estim","-225.641506519789"
"1261","1","5","JAGS","ECR","standard","simple","estim","-225.638787068975"
"1262","2","5","JAGS","ECR","standard","simple","estim","-225.901713649145"
"1263","3","5","JAGS","ECR","standard","simple","estim","-225.786730086406"
"1264","4","5","JAGS","ECR","standard","simple","estim","-225.842662409887"
"1265","5","5","JAGS","ECR","standard","simple","estim","-225.756222572691"
"1266","6","5","JAGS","ECR","standard","simple","estim","-225.365098763287"
"1267","7","5","JAGS","ECR","standard","simple","estim","-225.093988887014"
"1268","8","5","JAGS","ECR","standard","simple","estim","-225.227178606578"
"1269","9","5","JAGS","ECR","standard","simple","estim","-226.652138538252"
"1270","10","5","JAGS","ECR","standard","simple","estim","-225.699458241395"
"1271","11","5","JAGS","ECR","standard","simple","estim","-225.734019142981"
"1272","12","5","JAGS","ECR","standard","simple","estim","-224.886153852397"
"1273","13","5","JAGS","ECR","standard","simple","estim","-225.537487232116"
"1274","14","5","JAGS","ECR","standard","simple","estim","-225.222252433913"
"1275","15","5","JAGS","ECR","standard","simple","estim","-225.314271024398"
"1276","16","5","JAGS","ECR","standard","simple","estim","-225.085418971859"
"1277","17","5","JAGS","ECR","standard","simple","estim","-225.259760812205"
"1278","18","5","JAGS","ECR","standard","simple","estim","-225.876729787747"
"1279","19","5","JAGS","ECR","standard","simple","estim","-225.607530635441"
"1280","20","5","JAGS","ECR","standard","simple","estim","-224.850450917251"
"1281","1","6","JAGS","ECR","standard","simple","estim","-225.355037182454"
"1282","2","6","JAGS","ECR","standard","simple","estim","-225.348622594743"
"1283","3","6","JAGS","ECR","standard","simple","estim","-225.92538410058"
"1284","4","6","JAGS","ECR","standard","simple","estim","-225.376563162975"
"1285","5","6","JAGS","ECR","standard","simple","estim","-226.227935257933"
"1286","6","6","JAGS","ECR","standard","simple","estim","-225.409266959804"
"1287","7","6","JAGS","ECR","standard","simple","estim","-225.604196504271"
"1288","8","6","JAGS","ECR","standard","simple","estim","-225.172798774027"
"1289","9","6","JAGS","ECR","standard","simple","estim","-225.894357140752"
"1290","10","6","JAGS","ECR","standard","simple","estim","-224.751124627306"
"1291","11","6","JAGS","ECR","standard","simple","estim","-225.197408977747"
"1292","12","6","JAGS","ECR","standard","simple","estim","-225.462532265671"
"1293","13","6","JAGS","ECR","standard","simple","estim","-224.696159747786"
"1294","14","6","JAGS","ECR","standard","simple","estim","-225.230227127985"
"1295","15","6","JAGS","ECR","standard","simple","estim","-225.255997808251"
"1296","16","6","JAGS","ECR","standard","simple","estim","-225.260864873116"
"1297","17","6","JAGS","ECR","standard","simple","estim","-224.907981546829"
"1298","18","6","JAGS","ECR","standard","simple","estim","-225.972818029301"
"1299","19","6","JAGS","ECR","standard","simple","estim","-225.496078379114"
"1300","20","6","JAGS","ECR","standard","simple","estim","-225.231546652696"
"1301","1","2","STAN","ECR","standard","simple","estim",NA
"1302","2","2","STAN","ECR","standard","simple","estim",NA
"1303","3","2","STAN","ECR","standard","simple","estim",NA
"1304","4","2","STAN","ECR","standard","simple","estim",NA
"1305","5","2","STAN","ECR","standard","simple","estim",NA
"1306","6","2","STAN","ECR","standard","simple","estim",NA
"1307","7","2","STAN","ECR","standard","simple","estim",NA
"1308","8","2","STAN","ECR","standard","simple","estim",NA
"1309","9","2","STAN","ECR","standard","simple","estim",NA
"1310","10","2","STAN","ECR","standard","simple","estim",NA
"1311","11","2","STAN","ECR","standard","simple","estim",NA
"1312","12","2","STAN","ECR","standard","simple","estim",NA
"1313","13","2","STAN","ECR","standard","simple","estim",NA
"1314","14","2","STAN","ECR","standard","simple","estim",NA
"1315","15","2","STAN","ECR","standard","simple","estim",NA
"1316","16","2","STAN","ECR","standard","simple","estim",NA
"1317","17","2","STAN","ECR","standard","simple","estim",NA
"1318","18","2","STAN","ECR","standard","simple","estim",NA
"1319","19","2","STAN","ECR","standard","simple","estim",NA
"1320","20","2","STAN","ECR","standard","simple","estim",NA
"1321","1","3","STAN","ECR","standard","simple","estim",NA
"1322","2","3","STAN","ECR","standard","simple","estim",NA
"1323","3","3","STAN","ECR","standard","simple","estim",NA
"1324","4","3","STAN","ECR","standard","simple","estim",NA
"1325","5","3","STAN","ECR","standard","simple","estim",NA
"1326","6","3","STAN","ECR","standard","simple","estim",NA
"1327","7","3","STAN","ECR","standard","simple","estim",NA
"1328","8","3","STAN","ECR","standard","simple","estim",NA
"1329","9","3","STAN","ECR","standard","simple","estim",NA
"1330","10","3","STAN","ECR","standard","simple","estim",NA
"1331","11","3","STAN","ECR","standard","simple","estim",NA
"1332","12","3","STAN","ECR","standard","simple","estim",NA
"1333","13","3","STAN","ECR","standard","simple","estim",NA
"1334","14","3","STAN","ECR","standard","simple","estim",NA
"1335","15","3","STAN","ECR","standard","simple","estim",NA
"1336","16","3","STAN","ECR","standard","simple","estim",NA
"1337","17","3","STAN","ECR","standard","simple","estim",NA
"1338","18","3","STAN","ECR","standard","simple","estim",NA
"1339","19","3","STAN","ECR","standard","simple","estim",NA
"1340","20","3","STAN","ECR","standard","simple","estim",NA
"1341","1","4","STAN","ECR","standard","simple","estim",NA
"1342","2","4","STAN","ECR","standard","simple","estim",NA
"1343","3","4","STAN","ECR","standard","simple","estim",NA
"1344","4","4","STAN","ECR","standard","simple","estim",NA
"1345","5","4","STAN","ECR","standard","simple","estim",NA
"1346","6","4","STAN","ECR","standard","simple","estim",NA
"1347","7","4","STAN","ECR","standard","simple","estim",NA
"1348","8","4","STAN","ECR","standard","simple","estim",NA
"1349","9","4","STAN","ECR","standard","simple","estim",NA
"1350","10","4","STAN","ECR","standard","simple","estim",NA
"1351","11","4","STAN","ECR","standard","simple","estim",NA
"1352","12","4","STAN","ECR","standard","simple","estim",NA
"1353","13","4","STAN","ECR","standard","simple","estim",NA
"1354","14","4","STAN","ECR","standard","simple","estim",NA
"1355","15","4","STAN","ECR","standard","simple","estim",NA
"1356","16","4","STAN","ECR","standard","simple","estim",NA
"1357","17","4","STAN","ECR","standard","simple","estim",NA
"1358","18","4","STAN","ECR","standard","simple","estim",NA
"1359","19","4","STAN","ECR","standard","simple","estim",NA
"1360","20","4","STAN","ECR","standard","simple","estim",NA
"1361","1","5","STAN","ECR","standard","simple","estim",NA
"1362","2","5","STAN","ECR","standard","simple","estim",NA
"1363","3","5","STAN","ECR","standard","simple","estim",NA
"1364","4","5","STAN","ECR","standard","simple","estim",NA
"1365","5","5","STAN","ECR","standard","simple","estim",NA
"1366","6","5","STAN","ECR","standard","simple","estim",NA
"1367","7","5","STAN","ECR","standard","simple","estim",NA
"1368","8","5","STAN","ECR","standard","simple","estim",NA
"1369","9","5","STAN","ECR","standard","simple","estim",NA
"1370","10","5","STAN","ECR","standard","simple","estim",NA
"1371","11","5","STAN","ECR","standard","simple","estim",NA
"1372","12","5","STAN","ECR","standard","simple","estim",NA
"1373","13","5","STAN","ECR","standard","simple","estim",NA
"1374","14","5","STAN","ECR","standard","simple","estim",NA
"1375","15","5","STAN","ECR","standard","simple","estim",NA
"1376","16","5","STAN","ECR","standard","simple","estim",NA
"1377","17","5","STAN","ECR","standard","simple","estim",NA
"1378","18","5","STAN","ECR","standard","simple","estim",NA
"1379","19","5","STAN","ECR","standard","simple","estim",NA
"1380","20","5","STAN","ECR","standard","simple","estim",NA
"1381","1","6","STAN","ECR","standard","simple","estim",NA
"1382","2","6","STAN","ECR","standard","simple","estim",NA
"1383","3","6","STAN","ECR","standard","simple","estim",NA
"1384","4","6","STAN","ECR","standard","simple","estim",NA
"1385","5","6","STAN","ECR","standard","simple","estim",NA
"1386","6","6","STAN","ECR","standard","simple","estim",NA
"1387","7","6","STAN","ECR","standard","simple","estim",NA
"1388","8","6","STAN","ECR","standard","simple","estim",NA
"1389","9","6","STAN","ECR","standard","simple","estim",NA
"1390","10","6","STAN","ECR","standard","simple","estim",NA
"1391","11","6","STAN","ECR","standard","simple","estim",NA
"1392","12","6","STAN","ECR","standard","simple","estim",NA
"1393","13","6","STAN","ECR","standard","simple","estim",NA
"1394","14","6","STAN","ECR","standard","simple","estim",NA
"1395","15","6","STAN","ECR","standard","simple","estim",NA
"1396","16","6","STAN","ECR","standard","simple","estim",NA
"1397","17","6","STAN","ECR","standard","simple","estim",NA
"1398","18","6","STAN","ECR","standard","simple","estim",NA
"1399","19","6","STAN","ECR","standard","simple","estim",NA
"1400","20","6","STAN","ECR","standard","simple","estim",NA
"1401","1","2","JAGS","STEPHENS","standard","simple","estim","-235.26830631974"
"1402","2","2","JAGS","STEPHENS","standard","simple","estim","-235.284665981233"
"1403","3","2","JAGS","STEPHENS","standard","simple","estim","-235.262432464437"
"1404","4","2","JAGS","STEPHENS","standard","simple","estim","-235.243765709471"
"1405","5","2","JAGS","STEPHENS","standard","simple","estim","-235.276700517602"
"1406","6","2","JAGS","STEPHENS","standard","simple","estim","-235.240661522808"
"1407","7","2","JAGS","STEPHENS","standard","simple","estim","-235.257397253016"
"1408","8","2","JAGS","STEPHENS","standard","simple","estim","-235.251247339891"
"1409","9","2","JAGS","STEPHENS","standard","simple","estim","-235.26547724101"
"1410","10","2","JAGS","STEPHENS","standard","simple","estim","-235.263615757629"
"1411","11","2","JAGS","STEPHENS","standard","simple","estim","-235.241126737277"
"1412","12","2","JAGS","STEPHENS","standard","simple","estim","-235.268215913199"
"1413","13","2","JAGS","STEPHENS","standard","simple","estim","-235.2630142336"
"1414","14","2","JAGS","STEPHENS","standard","simple","estim","-235.216501441592"
"1415","15","2","JAGS","STEPHENS","standard","simple","estim","-235.269824515088"
"1416","16","2","JAGS","STEPHENS","standard","simple","estim","-235.246727015483"
"1417","17","2","JAGS","STEPHENS","standard","simple","estim","-235.258194359896"
"1418","18","2","JAGS","STEPHENS","standard","simple","estim","-235.246174247029"
"1419","19","2","JAGS","STEPHENS","standard","simple","estim","-235.253785529251"
"1420","20","2","JAGS","STEPHENS","standard","simple","estim","-235.275092302017"
"1421","1","3","JAGS","STEPHENS","standard","simple","estim","-226.590126370952"
"1422","2","3","JAGS","STEPHENS","standard","simple","estim","-226.63503665093"
"1423","3","3","JAGS","STEPHENS","standard","simple","estim","-226.549809366254"
"1424","4","3","JAGS","STEPHENS","standard","simple","estim","-226.635766543421"
"1425","5","3","JAGS","STEPHENS","standard","simple","estim","-226.571439792419"
"1426","6","3","JAGS","STEPHENS","standard","simple","estim","-226.66749404524"
"1427","7","3","JAGS","STEPHENS","standard","simple","estim","-226.65825086037"
"1428","8","3","JAGS","STEPHENS","standard","simple","estim","-226.625003562149"
"1429","9","3","JAGS","STEPHENS","standard","simple","estim","-226.567160514429"
"1430","10","3","JAGS","STEPHENS","standard","simple","estim","-226.594044551637"
"1431","11","3","JAGS","STEPHENS","standard","simple","estim","-226.632144017247"
"1432","12","3","JAGS","STEPHENS","standard","simple","estim","-226.583603683387"
"1433","13","3","JAGS","STEPHENS","standard","simple","estim","-226.626444422757"
"1434","14","3","JAGS","STEPHENS","standard","simple","estim","-226.615603581139"
"1435","15","3","JAGS","STEPHENS","standard","simple","estim","-226.619431557069"
"1436","16","3","JAGS","STEPHENS","standard","simple","estim","-226.56767427207"
"1437","17","3","JAGS","STEPHENS","standard","simple","estim","-226.603655244291"
"1438","18","3","JAGS","STEPHENS","standard","simple","estim","-226.609346827878"
"1439","19","3","JAGS","STEPHENS","standard","simple","estim","-226.578870126677"
"1440","20","3","JAGS","STEPHENS","standard","simple","estim","-226.630930147598"
"1441","1","4","JAGS","STEPHENS","standard","simple","estim","-226.249913030252"
"1442","2","4","JAGS","STEPHENS","standard","simple","estim","-226.140482060515"
"1443","3","4","JAGS","STEPHENS","standard","simple","estim","-226.084904090071"
"1444","4","4","JAGS","STEPHENS","standard","simple","estim","-226.175107225064"
"1445","5","4","JAGS","STEPHENS","standard","simple","estim","-225.595225632172"
"1446","6","4","JAGS","STEPHENS","standard","simple","estim","-225.901239266459"
"1447","7","4","JAGS","STEPHENS","standard","simple","estim","-225.924816543779"
"1448","8","4","JAGS","STEPHENS","standard","simple","estim","-225.623018740185"
"1449","9","4","JAGS","STEPHENS","standard","simple","estim","-226.177881987972"
"1450","10","4","JAGS","STEPHENS","standard","simple","estim","-225.730677440502"
"1451","11","4","JAGS","STEPHENS","standard","simple","estim","-225.993973263316"
"1452","12","4","JAGS","STEPHENS","standard","simple","estim","-225.814380357311"
"1453","13","4","JAGS","STEPHENS","standard","simple","estim","-225.943906396341"
"1454","14","4","JAGS","STEPHENS","standard","simple","estim","-225.895990384068"
"1455","15","4","JAGS","STEPHENS","standard","simple","estim","-226.017513232307"
"1456","16","4","JAGS","STEPHENS","standard","simple","estim","-225.922304947545"
"1457","17","4","JAGS","STEPHENS","standard","simple","estim","-226.172840362881"
"1458","18","4","JAGS","STEPHENS","standard","simple","estim","-225.894162993709"
"1459","19","4","JAGS","STEPHENS","standard","simple","estim","-225.992876152507"
"1460","20","4","JAGS","STEPHENS","standard","simple","estim","-225.679676257665"
"1461","1","5","JAGS","STEPHENS","standard","simple","estim","-225.82421255904"
"1462","2","5","JAGS","STEPHENS","standard","simple","estim","-224.465741457249"
"1463","3","5","JAGS","STEPHENS","standard","simple","estim","-225.606530742251"
"1464","4","5","JAGS","STEPHENS","standard","simple","estim","-226.807852287669"
"1465","5","5","JAGS","STEPHENS","standard","simple","estim","-224.932892032283"
"1466","6","5","JAGS","STEPHENS","standard","simple","estim","-225.643387155687"
"1467","7","5","JAGS","STEPHENS","standard","simple","estim","-225.768276886549"
"1468","8","5","JAGS","STEPHENS","standard","simple","estim","-224.650372161373"
"1469","9","5","JAGS","STEPHENS","standard","simple","estim","-226.091732506405"
"1470","10","5","JAGS","STEPHENS","standard","simple","estim","-225.625840837153"
"1471","11","5","JAGS","STEPHENS","standard","simple","estim","-225.207510036153"
"1472","12","5","JAGS","STEPHENS","standard","simple","estim","-224.639567752309"
"1473","13","5","JAGS","STEPHENS","standard","simple","estim","-226.57353854456"
"1474","14","5","JAGS","STEPHENS","standard","simple","estim","-225.201140790408"
"1475","15","5","JAGS","STEPHENS","standard","simple","estim","-225.767563444177"
"1476","16","5","JAGS","STEPHENS","standard","simple","estim","-225.727785304976"
"1477","17","5","JAGS","STEPHENS","standard","simple","estim","-225.236175144716"
"1478","18","5","JAGS","STEPHENS","standard","simple","estim","-226.854685151291"
"1479","19","5","JAGS","STEPHENS","standard","simple","estim","-225.66610779512"
"1480","20","5","JAGS","STEPHENS","standard","simple","estim","-224.615782843125"
"1481","1","6","JAGS","STEPHENS","standard","simple","estim","-225.744119510108"
"1482","2","6","JAGS","STEPHENS","standard","simple","estim","-225.691437162444"
"1483","3","6","JAGS","STEPHENS","standard","simple","estim","-225.157370502744"
"1484","4","6","JAGS","STEPHENS","standard","simple","estim","-225.855736407461"
"1485","5","6","JAGS","STEPHENS","standard","simple","estim","-225.568542625096"
"1486","6","6","JAGS","STEPHENS","standard","simple","estim","-224.918433211255"
"1487","7","6","JAGS","STEPHENS","standard","simple","estim","-224.574842029906"
"1488","8","6","JAGS","STEPHENS","standard","simple","estim","-225.299096267999"
"1489","9","6","JAGS","STEPHENS","standard","simple","estim","-226.074329797618"
"1490","10","6","JAGS","STEPHENS","standard","simple","estim","-225.206289275381"
"1491","11","6","JAGS","STEPHENS","standard","simple","estim","-226.151460613482"
"1492","12","6","JAGS","STEPHENS","standard","simple","estim","-225.294596665835"
"1493","13","6","JAGS","STEPHENS","standard","simple","estim","-225.694541012997"
"1494","14","6","JAGS","STEPHENS","standard","simple","estim","-225.625188557514"
"1495","15","6","JAGS","STEPHENS","standard","simple","estim","-224.958957726953"
"1496","16","6","JAGS","STEPHENS","standard","simple","estim","-226.289169144022"
"1497","17","6","JAGS","STEPHENS","standard","simple","estim","-224.833065959212"
"1498","18","6","JAGS","STEPHENS","standard","simple","estim","-226.015404481257"
"1499","19","6","JAGS","STEPHENS","standard","simple","estim","-224.009209842897"
"1500","20","6","JAGS","STEPHENS","standard","simple","estim","-225.228256381579"
"1501","1","2","STAN","STEPHENS","standard","simple","estim","-235.282925500191"
"1502","2","2","STAN","STEPHENS","standard","simple","estim","-235.332572464756"
"1503","3","2","STAN","STEPHENS","standard","simple","estim","-235.322903362698"
"1504","4","2","STAN","STEPHENS","standard","simple","estim","-235.371146261258"
"1505","5","2","STAN","STEPHENS","standard","simple","estim","-235.354684368131"
"1506","6","2","STAN","STEPHENS","standard","simple","estim","-235.279938549084"
"1507","7","2","STAN","STEPHENS","standard","simple","estim","-235.102527394805"
"1508","8","2","STAN","STEPHENS","standard","simple","estim","-235.255914809979"
"1509","9","2","STAN","STEPHENS","standard","simple","estim","-235.189948790502"
"1510","10","2","STAN","STEPHENS","standard","simple","estim","-235.143819662694"
"1511","11","2","STAN","STEPHENS","standard","simple","estim","-234.53416818826"
"1512","12","2","STAN","STEPHENS","standard","simple","estim","-235.2765786117"
"1513","13","2","STAN","STEPHENS","standard","simple","estim","-234.560642291199"
"1514","14","2","STAN","STEPHENS","standard","simple","estim","-235.158340428752"
"1515","15","2","STAN","STEPHENS","standard","simple","estim","-235.251975953005"
"1516","16","2","STAN","STEPHENS","standard","simple","estim","-235.078784890085"
"1517","17","2","STAN","STEPHENS","standard","simple","estim","-234.551804072673"
"1518","18","2","STAN","STEPHENS","standard","simple","estim","-235.29919894481"
"1519","19","2","STAN","STEPHENS","standard","simple","estim","-235.251238470169"
"1520","20","2","STAN","STEPHENS","standard","simple","estim","-235.261264094241"
"1521","1","3","STAN","STEPHENS","standard","simple","estim","-226.582083639896"
"1522","2","3","STAN","STEPHENS","standard","simple","estim","-226.618412323102"
"1523","3","3","STAN","STEPHENS","standard","simple","estim","-226.672778037473"
"1524","4","3","STAN","STEPHENS","standard","simple","estim","-226.598797062804"
"1525","5","3","STAN","STEPHENS","standard","simple","estim","-226.6206727679"
"1526","6","3","STAN","STEPHENS","standard","simple","estim","-226.647607305535"
"1527","7","3","STAN","STEPHENS","standard","simple","estim","-226.641056004424"
"1528","8","3","STAN","STEPHENS","standard","simple","estim","-226.559975694463"
"1529","9","3","STAN","STEPHENS","standard","simple","estim","-226.62897731382"
"1530","10","3","STAN","STEPHENS","standard","simple","estim","-226.545428821306"
"1531","11","3","STAN","STEPHENS","standard","simple","estim","-226.632268807701"
"1532","12","3","STAN","STEPHENS","standard","simple","estim","-226.667000862625"
"1533","13","3","STAN","STEPHENS","standard","simple","estim","-226.606004920483"
"1534","14","3","STAN","STEPHENS","standard","simple","estim","-226.663913157254"
"1535","15","3","STAN","STEPHENS","standard","simple","estim","-226.65113394956"
"1536","16","3","STAN","STEPHENS","standard","simple","estim","-226.57492764903"
"1537","17","3","STAN","STEPHENS","standard","simple","estim","-226.593406569639"
"1538","18","3","STAN","STEPHENS","standard","simple","estim","-226.654593194116"
"1539","19","3","STAN","STEPHENS","standard","simple","estim","-226.619485939963"
"1540","20","3","STAN","STEPHENS","standard","simple","estim","-226.594233184896"
"1541","1","4","STAN","STEPHENS","standard","simple","estim","-226.122536706726"
"1542","2","4","STAN","STEPHENS","standard","simple","estim","-226.289124262866"
"1543","3","4","STAN","STEPHENS","standard","simple","estim","-225.806013910328"
"1544","4","4","STAN","STEPHENS","standard","simple","estim","-225.952137682857"
"1545","5","4","STAN","STEPHENS","standard","simple","estim","-225.873712150494"
"1546","6","4","STAN","STEPHENS","standard","simple","estim","-226.198005320064"
"1547","7","4","STAN","STEPHENS","standard","simple","estim","-225.80559946358"
"1548","8","4","STAN","STEPHENS","standard","simple","estim","-225.780437516015"
"1549","9","4","STAN","STEPHENS","standard","simple","estim","-225.391557036387"
"1550","10","4","STAN","STEPHENS","standard","simple","estim","-226.124404065315"
"1551","11","4","STAN","STEPHENS","standard","simple","estim","-226.005817376927"
"1552","12","4","STAN","STEPHENS","standard","simple","estim","-225.912068485811"
"1553","13","4","STAN","STEPHENS","standard","simple","estim","-226.324268106797"
"1554","14","4","STAN","STEPHENS","standard","simple","estim","-226.830601512611"
"1555","15","4","STAN","STEPHENS","standard","simple","estim","-225.978152740111"
"1556","16","4","STAN","STEPHENS","standard","simple","estim","-225.741609735655"
"1557","17","4","STAN","STEPHENS","standard","simple","estim","-225.593511814481"
"1558","18","4","STAN","STEPHENS","standard","simple","estim","-226.174793275237"
"1559","19","4","STAN","STEPHENS","standard","simple","estim","-225.836514957975"
"1560","20","4","STAN","STEPHENS","standard","simple","estim","-225.860692150914"
"1561","1","5","STAN","STEPHENS","standard","simple","estim","-226.047996187078"
"1562","2","5","STAN","STEPHENS","standard","simple","estim","-225.083650434439"
"1563","3","5","STAN","STEPHENS","standard","simple","estim","-224.639102909713"
"1564","4","5","STAN","STEPHENS","standard","simple","estim","-225.527990160746"
"1565","5","5","STAN","STEPHENS","standard","simple","estim","-225.332366929373"
"1566","6","5","STAN","STEPHENS","standard","simple","estim","-224.980512177761"
"1567","7","5","STAN","STEPHENS","standard","simple","estim","-224.569206541215"
"1568","8","5","STAN","STEPHENS","standard","simple","estim","-224.88882334272"
"1569","9","5","STAN","STEPHENS","standard","simple","estim","-224.845959372555"
"1570","10","5","STAN","STEPHENS","standard","simple","estim","-225.713416305621"
"1571","11","5","STAN","STEPHENS","standard","simple","estim","-225.875635084456"
"1572","12","5","STAN","STEPHENS","standard","simple","estim","-225.415734055892"
"1573","13","5","STAN","STEPHENS","standard","simple","estim","-224.789776543162"
"1574","14","5","STAN","STEPHENS","standard","simple","estim","-224.609495379729"
"1575","15","5","STAN","STEPHENS","standard","simple","estim","-225.76018229363"
"1576","16","5","STAN","STEPHENS","standard","simple","estim","-225.510348989032"
"1577","17","5","STAN","STEPHENS","standard","simple","estim","-226.043014024565"
"1578","18","5","STAN","STEPHENS","standard","simple","estim","-225.330674067604"
"1579","19","5","STAN","STEPHENS","standard","simple","estim","-226.208711618682"
"1580","20","5","STAN","STEPHENS","standard","simple","estim","-225.693584501376"
"1581","1","6","STAN","STEPHENS","standard","simple","estim","-225.065850416002"
"1582","2","6","STAN","STEPHENS","standard","simple","estim","-225.292759119856"
"1583","3","6","STAN","STEPHENS","standard","simple","estim","-224.432144046076"
"1584","4","6","STAN","STEPHENS","standard","simple","estim","-223.866265677757"
"1585","5","6","STAN","STEPHENS","standard","simple","estim","-225.551185762961"
"1586","6","6","STAN","STEPHENS","standard","simple","estim","-225.284822923774"
"1587","7","6","STAN","STEPHENS","standard","simple","estim","-225.648918426025"
"1588","8","6","STAN","STEPHENS","standard","simple","estim","-225.557340545279"
"1589","9","6","STAN","STEPHENS","standard","simple","estim","-225.085729841939"
"1590","10","6","STAN","STEPHENS","standard","simple","estim","-225.052545814615"
"1591","11","6","STAN","STEPHENS","standard","simple","estim","-225.625339155053"
"1592","12","6","STAN","STEPHENS","standard","simple","estim","-225.798930213687"
"1593","13","6","STAN","STEPHENS","standard","simple","estim","-224.016224921097"
"1594","14","6","STAN","STEPHENS","standard","simple","estim","-225.020938073021"
"1595","15","6","STAN","STEPHENS","standard","simple","estim","-224.955978407253"
"1596","16","6","STAN","STEPHENS","standard","simple","estim","-225.538310628445"
"1597","17","6","STAN","STEPHENS","standard","simple","estim","-225.220841553128"
"1598","18","6","STAN","STEPHENS","standard","simple","estim","-224.722064658523"
"1599","19","6","STAN","STEPHENS","standard","simple","estim","-224.406424798832"
"1600","20","6","STAN","STEPHENS","standard","simple","estim","-225.503725487808"
"1601","1","2","JAGS","ECR","standard","permutations","lower","-235.61248111896"
"1602","2","2","JAGS","ECR","standard","permutations","lower","-235.557576328486"
"1603","3","2","JAGS","ECR","standard","permutations","lower","-236.198406609318"
"1604","4","2","JAGS","ECR","standard","permutations","lower","-235.485052740463"
"1605","5","2","JAGS","ECR","standard","permutations","lower","-235.74278852825"
"1606","6","2","JAGS","ECR","standard","permutations","lower","-235.53055802887"
"1607","7","2","JAGS","ECR","standard","permutations","lower","-235.806661993595"
"1608","8","2","JAGS","ECR","standard","permutations","lower","-235.624742940931"
"1609","9","2","JAGS","ECR","standard","permutations","lower","-235.924657280636"
"1610","10","2","JAGS","ECR","standard","permutations","lower","-235.889722415662"
"1611","11","2","JAGS","ECR","standard","permutations","lower","-235.826233252439"
"1612","12","2","JAGS","ECR","standard","permutations","lower","-235.647897808359"
"1613","13","2","JAGS","ECR","standard","permutations","lower","-235.799353887719"
"1614","14","2","JAGS","ECR","standard","permutations","lower","-235.635705740529"
"1615","15","2","JAGS","ECR","standard","permutations","lower","-235.614954936564"
"1616","16","2","JAGS","ECR","standard","permutations","lower","-236.245278690605"
"1617","17","2","JAGS","ECR","standard","permutations","lower","-236.111610113197"
"1618","18","2","JAGS","ECR","standard","permutations","lower","-235.914907961885"
"1619","19","2","JAGS","ECR","standard","permutations","lower","-235.887508351623"
"1620","20","2","JAGS","ECR","standard","permutations","lower","-235.907521003122"
"1621","1","3","JAGS","ECR","standard","permutations","lower","-227.555405912917"
"1622","2","3","JAGS","ECR","standard","permutations","lower","-227.240040359658"
"1623","3","3","JAGS","ECR","standard","permutations","lower","-227.240371436872"
"1624","4","3","JAGS","ECR","standard","permutations","lower","-227.123109326649"
"1625","5","3","JAGS","ECR","standard","permutations","lower","-227.473140895275"
"1626","6","3","JAGS","ECR","standard","permutations","lower","-227.174428364335"
"1627","7","3","JAGS","ECR","standard","permutations","lower","-227.37758208012"
"1628","8","3","JAGS","ECR","standard","permutations","lower","-227.55733251532"
"1629","9","3","JAGS","ECR","standard","permutations","lower","-227.070013560243"
"1630","10","3","JAGS","ECR","standard","permutations","lower","-227.17696521478"
"1631","11","3","JAGS","ECR","standard","permutations","lower","-227.081403537012"
"1632","12","3","JAGS","ECR","standard","permutations","lower","-227.194630250766"
"1633","13","3","JAGS","ECR","standard","permutations","lower","-227.550075383232"
"1634","14","3","JAGS","ECR","standard","permutations","lower","-227.688055948784"
"1635","15","3","JAGS","ECR","standard","permutations","lower","-227.06600884372"
"1636","16","3","JAGS","ECR","standard","permutations","lower","-227.189224374427"
"1637","17","3","JAGS","ECR","standard","permutations","lower","-227.127305944652"
"1638","18","3","JAGS","ECR","standard","permutations","lower","-227.046291298677"
"1639","19","3","JAGS","ECR","standard","permutations","lower","-227.727625011832"
"1640","20","3","JAGS","ECR","standard","permutations","lower","-227.445419719491"
"1641","1","4","JAGS","ECR","standard","permutations","lower","-227.350170533406"
"1642","2","4","JAGS","ECR","standard","permutations","lower","-226.82757868089"
"1643","3","4","JAGS","ECR","standard","permutations","lower","-227.581802819562"
"1644","4","4","JAGS","ECR","standard","permutations","lower","-226.945447836939"
"1645","5","4","JAGS","ECR","standard","permutations","lower","-226.590843945386"
"1646","6","4","JAGS","ECR","standard","permutations","lower","-226.567349151833"
"1647","7","4","JAGS","ECR","standard","permutations","lower","-226.672543959291"
"1648","8","4","JAGS","ECR","standard","permutations","lower","-226.790667151598"
"1649","9","4","JAGS","ECR","standard","permutations","lower","-227.042735667007"
"1650","10","4","JAGS","ECR","standard","permutations","lower","-226.302229758771"
"1651","11","4","JAGS","ECR","standard","permutations","lower","-226.898854372293"
"1652","12","4","JAGS","ECR","standard","permutations","lower","-226.266979209052"
"1653","13","4","JAGS","ECR","standard","permutations","lower","-226.970537566413"
"1654","14","4","JAGS","ECR","standard","permutations","lower","-226.581314512129"
"1655","15","4","JAGS","ECR","standard","permutations","lower","-226.226139209224"
"1656","16","4","JAGS","ECR","standard","permutations","lower","-227.112838883982"
"1657","17","4","JAGS","ECR","standard","permutations","lower","-226.966286793"
"1658","18","4","JAGS","ECR","standard","permutations","lower","-226.54849998398"
"1659","19","4","JAGS","ECR","standard","permutations","lower","-226.26967067327"
"1660","20","4","JAGS","ECR","standard","permutations","lower","-226.415889266324"
"1661","1","5","JAGS","ECR","standard","permutations","lower","-226.553757145319"
"1662","2","5","JAGS","ECR","standard","permutations","lower","-226.437986190284"
"1663","3","5","JAGS","ECR","standard","permutations","lower","-226.294228697527"
"1664","4","5","JAGS","ECR","standard","permutations","lower","-226.637790554508"
"1665","5","5","JAGS","ECR","standard","permutations","lower","-226.261708858283"
"1666","6","5","JAGS","ECR","standard","permutations","lower","-226.26242682828"
"1667","7","5","JAGS","ECR","standard","permutations","lower","-225.725821369606"
"1668","8","5","JAGS","ECR","standard","permutations","lower","-225.685635322116"
"1669","9","5","JAGS","ECR","standard","permutations","lower","-227.163164446334"
"1670","10","5","JAGS","ECR","standard","permutations","lower","-226.132987701672"
"1671","11","5","JAGS","ECR","standard","permutations","lower","-226.574927756037"
"1672","12","5","JAGS","ECR","standard","permutations","lower","-225.731667800253"
"1673","13","5","JAGS","ECR","standard","permutations","lower","-226.126624453098"
"1674","14","5","JAGS","ECR","standard","permutations","lower","-225.968745114996"
"1675","15","5","JAGS","ECR","standard","permutations","lower","-226.009103755926"
"1676","16","5","JAGS","ECR","standard","permutations","lower","-225.820086946146"
"1677","17","5","JAGS","ECR","standard","permutations","lower","-226.359045999801"
"1678","18","5","JAGS","ECR","standard","permutations","lower","-226.438463725464"
"1679","19","5","JAGS","ECR","standard","permutations","lower","-226.756795662116"
"1680","20","5","JAGS","ECR","standard","permutations","lower","-225.993057508255"
"1681","1","6","JAGS","ECR","standard","permutations","lower","-226.375107231936"
"1682","2","6","JAGS","ECR","standard","permutations","lower","-225.815236234809"
"1683","3","6","JAGS","ECR","standard","permutations","lower","-226.559911994433"
"1684","4","6","JAGS","ECR","standard","permutations","lower","-226.027384215774"
"1685","5","6","JAGS","ECR","standard","permutations","lower","-227.308011110438"
"1686","6","6","JAGS","ECR","standard","permutations","lower","-226.128156256332"
"1687","7","6","JAGS","ECR","standard","permutations","lower","-226.203762314873"
"1688","8","6","JAGS","ECR","standard","permutations","lower","-225.833494179556"
"1689","9","6","JAGS","ECR","standard","permutations","lower","-226.950484545532"
"1690","10","6","JAGS","ECR","standard","permutations","lower","-225.64369184528"
"1691","11","6","JAGS","ECR","standard","permutations","lower","-226.248528821545"
"1692","12","6","JAGS","ECR","standard","permutations","lower","-226.135833672807"
"1693","13","6","JAGS","ECR","standard","permutations","lower","-225.42344611973"
"1694","14","6","JAGS","ECR","standard","permutations","lower","-226.301225118117"
"1695","15","6","JAGS","ECR","standard","permutations","lower","-226.022543215957"
"1696","16","6","JAGS","ECR","standard","permutations","lower","-226.408309349516"
"1697","17","6","JAGS","ECR","standard","permutations","lower","-225.548393853249"
"1698","18","6","JAGS","ECR","standard","permutations","lower","-227.030003633677"
"1699","19","6","JAGS","ECR","standard","permutations","lower","-226.205027749099"
"1700","20","6","JAGS","ECR","standard","permutations","lower","-226.234273883677"
"1701","1","2","STAN","ECR","standard","permutations","lower",NA
"1702","2","2","STAN","ECR","standard","permutations","lower",NA
"1703","3","2","STAN","ECR","standard","permutations","lower",NA
"1704","4","2","STAN","ECR","standard","permutations","lower",NA
"1705","5","2","STAN","ECR","standard","permutations","lower",NA
"1706","6","2","STAN","ECR","standard","permutations","lower",NA
"1707","7","2","STAN","ECR","standard","permutations","lower",NA
"1708","8","2","STAN","ECR","standard","permutations","lower",NA
"1709","9","2","STAN","ECR","standard","permutations","lower",NA
"1710","10","2","STAN","ECR","standard","permutations","lower",NA
"1711","11","2","STAN","ECR","standard","permutations","lower",NA
"1712","12","2","STAN","ECR","standard","permutations","lower",NA
"1713","13","2","STAN","ECR","standard","permutations","lower",NA
"1714","14","2","STAN","ECR","standard","permutations","lower",NA
"1715","15","2","STAN","ECR","standard","permutations","lower",NA
"1716","16","2","STAN","ECR","standard","permutations","lower",NA
"1717","17","2","STAN","ECR","standard","permutations","lower",NA
"1718","18","2","STAN","ECR","standard","permutations","lower",NA
"1719","19","2","STAN","ECR","standard","permutations","lower",NA
"1720","20","2","STAN","ECR","standard","permutations","lower",NA
"1721","1","3","STAN","ECR","standard","permutations","lower",NA
"1722","2","3","STAN","ECR","standard","permutations","lower",NA
"1723","3","3","STAN","ECR","standard","permutations","lower",NA
"1724","4","3","STAN","ECR","standard","permutations","lower",NA
"1725","5","3","STAN","ECR","standard","permutations","lower",NA
"1726","6","3","STAN","ECR","standard","permutations","lower",NA
"1727","7","3","STAN","ECR","standard","permutations","lower",NA
"1728","8","3","STAN","ECR","standard","permutations","lower",NA
"1729","9","3","STAN","ECR","standard","permutations","lower",NA
"1730","10","3","STAN","ECR","standard","permutations","lower",NA
"1731","11","3","STAN","ECR","standard","permutations","lower",NA
"1732","12","3","STAN","ECR","standard","permutations","lower",NA
"1733","13","3","STAN","ECR","standard","permutations","lower",NA
"1734","14","3","STAN","ECR","standard","permutations","lower",NA
"1735","15","3","STAN","ECR","standard","permutations","lower",NA
"1736","16","3","STAN","ECR","standard","permutations","lower",NA
"1737","17","3","STAN","ECR","standard","permutations","lower",NA
"1738","18","3","STAN","ECR","standard","permutations","lower",NA
"1739","19","3","STAN","ECR","standard","permutations","lower",NA
"1740","20","3","STAN","ECR","standard","permutations","lower",NA
"1741","1","4","STAN","ECR","standard","permutations","lower",NA
"1742","2","4","STAN","ECR","standard","permutations","lower",NA
"1743","3","4","STAN","ECR","standard","permutations","lower",NA
"1744","4","4","STAN","ECR","standard","permutations","lower",NA
"1745","5","4","STAN","ECR","standard","permutations","lower",NA
"1746","6","4","STAN","ECR","standard","permutations","lower",NA
"1747","7","4","STAN","ECR","standard","permutations","lower",NA
"1748","8","4","STAN","ECR","standard","permutations","lower",NA
"1749","9","4","STAN","ECR","standard","permutations","lower",NA
"1750","10","4","STAN","ECR","standard","permutations","lower",NA
"1751","11","4","STAN","ECR","standard","permutations","lower",NA
"1752","12","4","STAN","ECR","standard","permutations","lower",NA
"1753","13","4","STAN","ECR","standard","permutations","lower",NA
"1754","14","4","STAN","ECR","standard","permutations","lower",NA
"1755","15","4","STAN","ECR","standard","permutations","lower",NA
"1756","16","4","STAN","ECR","standard","permutations","lower",NA
"1757","17","4","STAN","ECR","standard","permutations","lower",NA
"1758","18","4","STAN","ECR","standard","permutations","lower",NA
"1759","19","4","STAN","ECR","standard","permutations","lower",NA
"1760","20","4","STAN","ECR","standard","permutations","lower",NA
"1761","1","5","STAN","ECR","standard","permutations","lower",NA
"1762","2","5","STAN","ECR","standard","permutations","lower",NA
"1763","3","5","STAN","ECR","standard","permutations","lower",NA
"1764","4","5","STAN","ECR","standard","permutations","lower",NA
"1765","5","5","STAN","ECR","standard","permutations","lower",NA
"1766","6","5","STAN","ECR","standard","permutations","lower",NA
"1767","7","5","STAN","ECR","standard","permutations","lower",NA
"1768","8","5","STAN","ECR","standard","permutations","lower",NA
"1769","9","5","STAN","ECR","standard","permutations","lower",NA
"1770","10","5","STAN","ECR","standard","permutations","lower",NA
"1771","11","5","STAN","ECR","standard","permutations","lower",NA
"1772","12","5","STAN","ECR","standard","permutations","lower",NA
"1773","13","5","STAN","ECR","standard","permutations","lower",NA
"1774","14","5","STAN","ECR","standard","permutations","lower",NA
"1775","15","5","STAN","ECR","standard","permutations","lower",NA
"1776","16","5","STAN","ECR","standard","permutations","lower",NA
"1777","17","5","STAN","ECR","standard","permutations","lower",NA
"1778","18","5","STAN","ECR","standard","permutations","lower",NA
"1779","19","5","STAN","ECR","standard","permutations","lower",NA
"1780","20","5","STAN","ECR","standard","permutations","lower",NA
"1781","1","6","STAN","ECR","standard","permutations","lower",NA
"1782","2","6","STAN","ECR","standard","permutations","lower",NA
"1783","3","6","STAN","ECR","standard","permutations","lower",NA
"1784","4","6","STAN","ECR","standard","permutations","lower",NA
"1785","5","6","STAN","ECR","standard","permutations","lower",NA
"1786","6","6","STAN","ECR","standard","permutations","lower",NA
"1787","7","6","STAN","ECR","standard","permutations","lower",NA
"1788","8","6","STAN","ECR","standard","permutations","lower",NA
"1789","9","6","STAN","ECR","standard","permutations","lower",NA
"1790","10","6","STAN","ECR","standard","permutations","lower",NA
"1791","11","6","STAN","ECR","standard","permutations","lower",NA
"1792","12","6","STAN","ECR","standard","permutations","lower",NA
"1793","13","6","STAN","ECR","standard","permutations","lower",NA
"1794","14","6","STAN","ECR","standard","permutations","lower",NA
"1795","15","6","STAN","ECR","standard","permutations","lower",NA
"1796","16","6","STAN","ECR","standard","permutations","lower",NA
"1797","17","6","STAN","ECR","standard","permutations","lower",NA
"1798","18","6","STAN","ECR","standard","permutations","lower",NA
"1799","19","6","STAN","ECR","standard","permutations","lower",NA
"1800","20","6","STAN","ECR","standard","permutations","lower",NA
"1801","1","2","JAGS","STEPHENS","standard","permutations","lower","-235.61248111896"
"1802","2","2","JAGS","STEPHENS","standard","permutations","lower","-235.556265014215"
"1803","3","2","JAGS","STEPHENS","standard","permutations","lower","-236.198406609318"
"1804","4","2","JAGS","STEPHENS","standard","permutations","lower","-235.485052740463"
"1805","5","2","JAGS","STEPHENS","standard","permutations","lower","-235.74278852825"
"1806","6","2","JAGS","STEPHENS","standard","permutations","lower","-235.53055802887"
"1807","7","2","JAGS","STEPHENS","standard","permutations","lower","-235.806661993595"
"1808","8","2","JAGS","STEPHENS","standard","permutations","lower","-235.625444412056"
"1809","9","2","JAGS","STEPHENS","standard","permutations","lower","-235.924657280636"
"1810","10","2","JAGS","STEPHENS","standard","permutations","lower","-235.889722415662"
"1811","11","2","JAGS","STEPHENS","standard","permutations","lower","-235.826439334199"
"1812","12","2","JAGS","STEPHENS","standard","permutations","lower","-235.646075284067"
"1813","13","2","JAGS","STEPHENS","standard","permutations","lower","-235.799353887719"
"1814","14","2","JAGS","STEPHENS","standard","permutations","lower","-235.635705740529"
"1815","15","2","JAGS","STEPHENS","standard","permutations","lower","-235.614954936564"
"1816","16","2","JAGS","STEPHENS","standard","permutations","lower","-236.245278690605"
"1817","17","2","JAGS","STEPHENS","standard","permutations","lower","-236.111610113197"
"1818","18","2","JAGS","STEPHENS","standard","permutations","lower","-235.914907961885"
"1819","19","2","JAGS","STEPHENS","standard","permutations","lower","-235.887508351623"
"1820","20","2","JAGS","STEPHENS","standard","permutations","lower","-235.907521003122"
"1821","1","3","JAGS","STEPHENS","standard","permutations","lower","-227.555405912917"
"1822","2","3","JAGS","STEPHENS","standard","permutations","lower","-227.240040359658"
"1823","3","3","JAGS","STEPHENS","standard","permutations","lower","-227.240371436872"
"1824","4","3","JAGS","STEPHENS","standard","permutations","lower","-227.126695114179"
"1825","5","3","JAGS","STEPHENS","standard","permutations","lower","-227.473140895275"
"1826","6","3","JAGS","STEPHENS","standard","permutations","lower","-227.174428364335"
"1827","7","3","JAGS","STEPHENS","standard","permutations","lower","-227.37758208012"
"1828","8","3","JAGS","STEPHENS","standard","permutations","lower","-227.55733251532"
"1829","9","3","JAGS","STEPHENS","standard","permutations","lower","-227.070013560243"
"1830","10","3","JAGS","STEPHENS","standard","permutations","lower","-227.17696521478"
"1831","11","3","JAGS","STEPHENS","standard","permutations","lower","-227.081403537012"
"1832","12","3","JAGS","STEPHENS","standard","permutations","lower","-227.194630250766"
"1833","13","3","JAGS","STEPHENS","standard","permutations","lower","-227.563029559638"
"1834","14","3","JAGS","STEPHENS","standard","permutations","lower","-227.688055948784"
"1835","15","3","JAGS","STEPHENS","standard","permutations","lower","-227.06600884372"
"1836","16","3","JAGS","STEPHENS","standard","permutations","lower","-227.189224374427"
"1837","17","3","JAGS","STEPHENS","standard","permutations","lower","-227.127305944652"
"1838","18","3","JAGS","STEPHENS","standard","permutations","lower","-227.046291298677"
"1839","19","3","JAGS","STEPHENS","standard","permutations","lower","-227.727625011832"
"1840","20","3","JAGS","STEPHENS","standard","permutations","lower","-227.445419719491"
"1841","1","4","JAGS","STEPHENS","standard","permutations","lower","-227.337213982067"
"1842","2","4","JAGS","STEPHENS","standard","permutations","lower","-226.825549647038"
"1843","3","4","JAGS","STEPHENS","standard","permutations","lower","-227.074207216322"
"1844","4","4","JAGS","STEPHENS","standard","permutations","lower","-226.912376122666"
"1845","5","4","JAGS","STEPHENS","standard","permutations","lower","-226.487722763795"
"1846","6","4","JAGS","STEPHENS","standard","permutations","lower","-226.534537193136"
"1847","7","4","JAGS","STEPHENS","standard","permutations","lower","-226.674100847604"
"1848","8","4","JAGS","STEPHENS","standard","permutations","lower","-226.789567367356"
"1849","9","4","JAGS","STEPHENS","standard","permutations","lower","-227.14301088423"
"1850","10","4","JAGS","STEPHENS","standard","permutations","lower","-226.280789078221"
"1851","11","4","JAGS","STEPHENS","standard","permutations","lower","-226.840475734216"
"1852","12","4","JAGS","STEPHENS","standard","permutations","lower","-226.228206606442"
"1853","13","4","JAGS","STEPHENS","standard","permutations","lower","-227.032335439093"
"1854","14","4","JAGS","STEPHENS","standard","permutations","lower","-226.552021380189"
"1855","15","4","JAGS","STEPHENS","standard","permutations","lower","-226.656096297743"
"1856","16","4","JAGS","STEPHENS","standard","permutations","lower","-227.099593667983"
"1857","17","4","JAGS","STEPHENS","standard","permutations","lower","-227.020159910066"
"1858","18","4","JAGS","STEPHENS","standard","permutations","lower","-226.460138742897"
"1859","19","4","JAGS","STEPHENS","standard","permutations","lower","-226.435833714252"
"1860","20","4","JAGS","STEPHENS","standard","permutations","lower","-226.4569752223"
"1861","1","5","JAGS","STEPHENS","standard","permutations","lower","-226.760123953386"
"1862","2","5","JAGS","STEPHENS","standard","permutations","lower","-225.009579522579"
"1863","3","5","JAGS","STEPHENS","standard","permutations","lower","-226.108727828201"
"1864","4","5","JAGS","STEPHENS","standard","permutations","lower","-227.604437881237"
"1865","5","5","JAGS","STEPHENS","standard","permutations","lower","-225.440005935564"
"1866","6","5","JAGS","STEPHENS","standard","permutations","lower","-226.538882890368"
"1867","7","5","JAGS","STEPHENS","standard","permutations","lower","-226.412117366627"
"1868","8","5","JAGS","STEPHENS","standard","permutations","lower","-225.112734545698"
"1869","9","5","JAGS","STEPHENS","standard","permutations","lower","-226.600436497962"
"1870","10","5","JAGS","STEPHENS","standard","permutations","lower","-226.057454042676"
"1871","11","5","JAGS","STEPHENS","standard","permutations","lower","-226.048566856449"
"1872","12","5","JAGS","STEPHENS","standard","permutations","lower","-225.482946186297"
"1873","13","5","JAGS","STEPHENS","standard","permutations","lower","-227.167473136284"
"1874","14","5","JAGS","STEPHENS","standard","permutations","lower","-225.949602772525"
"1875","15","5","JAGS","STEPHENS","standard","permutations","lower","-226.457255166901"
"1876","16","5","JAGS","STEPHENS","standard","permutations","lower","-226.46305553344"
"1877","17","5","JAGS","STEPHENS","standard","permutations","lower","-226.337520533846"
"1878","18","5","JAGS","STEPHENS","standard","permutations","lower","-227.409864459719"
"1879","19","5","JAGS","STEPHENS","standard","permutations","lower","-226.812495933165"
"1880","20","5","JAGS","STEPHENS","standard","permutations","lower","-225.771519994859"
"1881","1","6","JAGS","STEPHENS","standard","permutations","lower","-226.772582561276"
"1882","2","6","JAGS","STEPHENS","standard","permutations","lower","-226.164452760353"
"1883","3","6","JAGS","STEPHENS","standard","permutations","lower","-225.801748357387"
"1884","4","6","JAGS","STEPHENS","standard","permutations","lower","-226.477509507103"
"1885","5","6","JAGS","STEPHENS","standard","permutations","lower","-226.60442607186"
"1886","6","6","JAGS","STEPHENS","standard","permutations","lower","-225.637406535685"
"1887","7","6","JAGS","STEPHENS","standard","permutations","lower","-225.187546544762"
"1888","8","6","JAGS","STEPHENS","standard","permutations","lower","-225.964858741828"
"1889","9","6","JAGS","STEPHENS","standard","permutations","lower","-227.135745373553"
"1890","10","6","JAGS","STEPHENS","standard","permutations","lower","-226.102720713315"
"1891","11","6","JAGS","STEPHENS","standard","permutations","lower","-227.19265442073"
"1892","12","6","JAGS","STEPHENS","standard","permutations","lower","-226.010586902384"
"1893","13","6","JAGS","STEPHENS","standard","permutations","lower","-226.433374499238"
"1894","14","6","JAGS","STEPHENS","standard","permutations","lower","-226.7012458919"
"1895","15","6","JAGS","STEPHENS","standard","permutations","lower","-225.725627768889"
"1896","16","6","JAGS","STEPHENS","standard","permutations","lower","-227.418228100937"
"1897","17","6","JAGS","STEPHENS","standard","permutations","lower","-225.482109044506"
"1898","18","6","JAGS","STEPHENS","standard","permutations","lower","-227.030269002894"
"1899","19","6","JAGS","STEPHENS","standard","permutations","lower","-224.746318500471"
"1900","20","6","JAGS","STEPHENS","standard","permutations","lower","-226.237062314539"
"1901","1","2","STAN","STEPHENS","standard","permutations","lower","-235.777914641799"
"1902","2","2","STAN","STEPHENS","standard","permutations","lower","-235.741453698767"
"1903","3","2","STAN","STEPHENS","standard","permutations","lower","-235.717549359063"
"1904","4","2","STAN","STEPHENS","standard","permutations","lower","-236.137837580512"
"1905","5","2","STAN","STEPHENS","standard","permutations","lower","-235.889960656862"
"1906","6","2","STAN","STEPHENS","standard","permutations","lower","-235.862257229083"
"1907","7","2","STAN","STEPHENS","standard","permutations","lower","-235.790249280031"
"1908","8","2","STAN","STEPHENS","standard","permutations","lower","-236.182307972809"
"1909","9","2","STAN","STEPHENS","standard","permutations","lower","-235.882493433402"
"1910","10","2","STAN","STEPHENS","standard","permutations","lower","-235.792113498682"
"1911","11","2","STAN","STEPHENS","standard","permutations","lower","-235.241822580478"
"1912","12","2","STAN","STEPHENS","standard","permutations","lower","-235.711018463773"
"1913","13","2","STAN","STEPHENS","standard","permutations","lower","-235.090160226844"
"1914","14","2","STAN","STEPHENS","standard","permutations","lower","-235.608915530051"
"1915","15","2","STAN","STEPHENS","standard","permutations","lower","-235.800825529975"
"1916","16","2","STAN","STEPHENS","standard","permutations","lower","-235.736676784078"
"1917","17","2","STAN","STEPHENS","standard","permutations","lower","-235.606661194538"
"1918","18","2","STAN","STEPHENS","standard","permutations","lower","-235.734768532663"
"1919","19","2","STAN","STEPHENS","standard","permutations","lower","-235.582190808195"
"1920","20","2","STAN","STEPHENS","standard","permutations","lower","-235.875771581857"
"1921","1","3","STAN","STEPHENS","standard","permutations","lower","-227.055986525787"
"1922","2","3","STAN","STEPHENS","standard","permutations","lower","-227.488974376932"
"1923","3","3","STAN","STEPHENS","standard","permutations","lower","-227.435333586392"
"1924","4","3","STAN","STEPHENS","standard","permutations","lower","-227.113486434691"
"1925","5","3","STAN","STEPHENS","standard","permutations","lower","-227.648255156929"
"1926","6","3","STAN","STEPHENS","standard","permutations","lower","-227.302175608354"
"1927","7","3","STAN","STEPHENS","standard","permutations","lower","-227.357805281507"
"1928","8","3","STAN","STEPHENS","standard","permutations","lower","-227.283461598265"
"1929","9","3","STAN","STEPHENS","standard","permutations","lower","-227.386938827454"
"1930","10","3","STAN","STEPHENS","standard","permutations","lower","-227.447818656352"
"1931","11","3","STAN","STEPHENS","standard","permutations","lower","-227.24188823718"
"1932","12","3","STAN","STEPHENS","standard","permutations","lower","-227.252646374712"
"1933","13","3","STAN","STEPHENS","standard","permutations","lower","-227.157959821868"
"1934","14","3","STAN","STEPHENS","standard","permutations","lower","-226.955673770258"
"1935","15","3","STAN","STEPHENS","standard","permutations","lower","-227.750345939666"
"1936","16","3","STAN","STEPHENS","standard","permutations","lower","-227.005731969759"
"1937","17","3","STAN","STEPHENS","standard","permutations","lower","-227.20277477778"
"1938","18","3","STAN","STEPHENS","standard","permutations","lower","-227.271994004156"
"1939","19","3","STAN","STEPHENS","standard","permutations","lower","-227.749659829321"
"1940","20","3","STAN","STEPHENS","standard","permutations","lower","-227.224756051525"
"1941","1","4","STAN","STEPHENS","standard","permutations","lower","-226.644966302065"
"1942","2","4","STAN","STEPHENS","standard","permutations","lower","-227.416007732982"
"1943","3","4","STAN","STEPHENS","standard","permutations","lower","-226.745596783806"
"1944","4","4","STAN","STEPHENS","standard","permutations","lower","-226.983380906841"
"1945","5","4","STAN","STEPHENS","standard","permutations","lower","-226.272934174601"
"1946","6","4","STAN","STEPHENS","standard","permutations","lower","-227.085421345363"
"1947","7","4","STAN","STEPHENS","standard","permutations","lower","-226.419372186598"
"1948","8","4","STAN","STEPHENS","standard","permutations","lower","-226.525333104051"
"1949","9","4","STAN","STEPHENS","standard","permutations","lower","-226.069305336016"
"1950","10","4","STAN","STEPHENS","standard","permutations","lower","-227.012091444216"
"1951","11","4","STAN","STEPHENS","standard","permutations","lower","-226.84542218241"
"1952","12","4","STAN","STEPHENS","standard","permutations","lower","-226.89742212078"
"1953","13","4","STAN","STEPHENS","standard","permutations","lower","-227.160219491417"
"1954","14","4","STAN","STEPHENS","standard","permutations","lower","-227.827695655741"
"1955","15","4","STAN","STEPHENS","standard","permutations","lower","-226.705855139355"
"1956","16","4","STAN","STEPHENS","standard","permutations","lower","-226.255372139208"
"1957","17","4","STAN","STEPHENS","standard","permutations","lower","-226.46505087324"
"1958","18","4","STAN","STEPHENS","standard","permutations","lower","-227.365807073178"
"1959","19","4","STAN","STEPHENS","standard","permutations","lower","-226.839115147927"
"1960","20","4","STAN","STEPHENS","standard","permutations","lower","-226.454299553587"
"1961","1","5","STAN","STEPHENS","standard","permutations","lower","-226.684577083663"
"1962","2","5","STAN","STEPHENS","standard","permutations","lower","-225.843025872743"
"1963","3","5","STAN","STEPHENS","standard","permutations","lower","-225.79948651135"
"1964","4","5","STAN","STEPHENS","standard","permutations","lower","-226.054928719834"
"1965","5","5","STAN","STEPHENS","standard","permutations","lower","-226.24477632345"
"1966","6","5","STAN","STEPHENS","standard","permutations","lower","-225.458056701464"
"1967","7","5","STAN","STEPHENS","standard","permutations","lower","-225.425007288056"
"1968","8","5","STAN","STEPHENS","standard","permutations","lower","-225.746934142055"
"1969","9","5","STAN","STEPHENS","standard","permutations","lower","-225.451849341607"
"1970","10","5","STAN","STEPHENS","standard","permutations","lower","-226.678300658513"
"1971","11","5","STAN","STEPHENS","standard","permutations","lower","-226.439893213334"
"1972","12","5","STAN","STEPHENS","standard","permutations","lower","-226.105433483026"
"1973","13","5","STAN","STEPHENS","standard","permutations","lower","-225.56283557446"
"1974","14","5","STAN","STEPHENS","standard","permutations","lower","-225.327045054446"
"1975","15","5","STAN","STEPHENS","standard","permutations","lower","-226.433950665093"
"1976","16","5","STAN","STEPHENS","standard","permutations","lower","-226.544209221235"
"1977","17","5","STAN","STEPHENS","standard","permutations","lower","-227.184813327774"
"1978","18","5","STAN","STEPHENS","standard","permutations","lower","-226.028259242235"
"1979","19","5","STAN","STEPHENS","standard","permutations","lower","-227.070734548395"
"1980","20","5","STAN","STEPHENS","standard","permutations","lower","-226.258237115304"
"1981","1","6","STAN","STEPHENS","standard","permutations","lower","-225.810561455338"
"1982","2","6","STAN","STEPHENS","standard","permutations","lower","-225.962517303344"
"1983","3","6","STAN","STEPHENS","standard","permutations","lower","-225.243060624345"
"1984","4","6","STAN","STEPHENS","standard","permutations","lower","-224.617060575672"
"1985","5","6","STAN","STEPHENS","standard","permutations","lower","-226.348465693842"
"1986","6","6","STAN","STEPHENS","standard","permutations","lower","-225.944931056306"
"1987","7","6","STAN","STEPHENS","standard","permutations","lower","-226.802610775682"
"1988","8","6","STAN","STEPHENS","standard","permutations","lower","-226.409604055349"
"1989","9","6","STAN","STEPHENS","standard","permutations","lower","-226.13135330324"
"1990","10","6","STAN","STEPHENS","standard","permutations","lower","-226.221215299539"
"1991","11","6","STAN","STEPHENS","standard","permutations","lower","-226.788431710327"
"1992","12","6","STAN","STEPHENS","standard","permutations","lower","-226.544439239256"
"1993","13","6","STAN","STEPHENS","standard","permutations","lower","-225.030809599365"
"1994","14","6","STAN","STEPHENS","standard","permutations","lower","-225.562333798182"
"1995","15","6","STAN","STEPHENS","standard","permutations","lower","-225.740187488463"
"1996","16","6","STAN","STEPHENS","standard","permutations","lower","-226.461224467647"
"1997","17","6","STAN","STEPHENS","standard","permutations","lower","-226.038560688159"
"1998","18","6","STAN","STEPHENS","standard","permutations","lower","-225.415272975403"
"1999","19","6","STAN","STEPHENS","standard","permutations","lower","-225.554393230558"
"2000","20","6","STAN","STEPHENS","standard","permutations","lower","-226.59243212706"
"2001","1","2","JAGS","ECR","standard","simple","lower","-235.61248111896"
"2002","2","2","JAGS","ECR","standard","simple","lower","-235.557576328486"
"2003","3","2","JAGS","ECR","standard","simple","lower","-236.198406609318"
"2004","4","2","JAGS","ECR","standard","simple","lower","-235.485052740463"
"2005","5","2","JAGS","ECR","standard","simple","lower","-235.74278852825"
"2006","6","2","JAGS","ECR","standard","simple","lower","-235.53055802887"
"2007","7","2","JAGS","ECR","standard","simple","lower","-235.806661993595"
"2008","8","2","JAGS","ECR","standard","simple","lower","-235.624742940931"
"2009","9","2","JAGS","ECR","standard","simple","lower","-235.924657280636"
"2010","10","2","JAGS","ECR","standard","simple","lower","-235.889722415662"
"2011","11","2","JAGS","ECR","standard","simple","lower","-235.826233252439"
"2012","12","2","JAGS","ECR","standard","simple","lower","-235.647897808359"
"2013","13","2","JAGS","ECR","standard","simple","lower","-235.799353887719"
"2014","14","2","JAGS","ECR","standard","simple","lower","-235.635705740529"
"2015","15","2","JAGS","ECR","standard","simple","lower","-235.614954936564"
"2016","16","2","JAGS","ECR","standard","simple","lower","-236.245278690605"
"2017","17","2","JAGS","ECR","standard","simple","lower","-236.111610113197"
"2018","18","2","JAGS","ECR","standard","simple","lower","-235.914907961885"
"2019","19","2","JAGS","ECR","standard","simple","lower","-235.887508351623"
"2020","20","2","JAGS","ECR","standard","simple","lower","-235.907521003122"
"2021","1","3","JAGS","ECR","standard","simple","lower","-227.555405912917"
"2022","2","3","JAGS","ECR","standard","simple","lower","-227.240040359658"
"2023","3","3","JAGS","ECR","standard","simple","lower","-227.240371436872"
"2024","4","3","JAGS","ECR","standard","simple","lower","-227.123109326649"
"2025","5","3","JAGS","ECR","standard","simple","lower","-227.473140895275"
"2026","6","3","JAGS","ECR","standard","simple","lower","-227.174428364335"
"2027","7","3","JAGS","ECR","standard","simple","lower","-227.37758208012"
"2028","8","3","JAGS","ECR","standard","simple","lower","-227.55733251532"
"2029","9","3","JAGS","ECR","standard","simple","lower","-227.070013560243"
"2030","10","3","JAGS","ECR","standard","simple","lower","-227.17696521478"
"2031","11","3","JAGS","ECR","standard","simple","lower","-227.081403537012"
"2032","12","3","JAGS","ECR","standard","simple","lower","-227.194630250766"
"2033","13","3","JAGS","ECR","standard","simple","lower","-227.550075383232"
"2034","14","3","JAGS","ECR","standard","simple","lower","-227.688055948784"
"2035","15","3","JAGS","ECR","standard","simple","lower","-227.06600884372"
"2036","16","3","JAGS","ECR","standard","simple","lower","-227.189224374427"
"2037","17","3","JAGS","ECR","standard","simple","lower","-227.127305944652"
"2038","18","3","JAGS","ECR","standard","simple","lower","-227.046291298677"
"2039","19","3","JAGS","ECR","standard","simple","lower","-227.727625011832"
"2040","20","3","JAGS","ECR","standard","simple","lower","-227.445419719491"
"2041","1","4","JAGS","ECR","standard","simple","lower","-227.350170533406"
"2042","2","4","JAGS","ECR","standard","simple","lower","-226.82757868089"
"2043","3","4","JAGS","ECR","standard","simple","lower","-227.581802819562"
"2044","4","4","JAGS","ECR","standard","simple","lower","-226.945447836939"
"2045","5","4","JAGS","ECR","standard","simple","lower","-226.590843945386"
"2046","6","4","JAGS","ECR","standard","simple","lower","-226.567349151833"
"2047","7","4","JAGS","ECR","standard","simple","lower","-226.672543959291"
"2048","8","4","JAGS","ECR","standard","simple","lower","-226.790667151598"
"2049","9","4","JAGS","ECR","standard","simple","lower","-227.042735667007"
"2050","10","4","JAGS","ECR","standard","simple","lower","-226.302229758771"
"2051","11","4","JAGS","ECR","standard","simple","lower","-226.898854372293"
"2052","12","4","JAGS","ECR","standard","simple","lower","-226.266979209052"
"2053","13","4","JAGS","ECR","standard","simple","lower","-226.970537566413"
"2054","14","4","JAGS","ECR","standard","simple","lower","-226.581314512129"
"2055","15","4","JAGS","ECR","standard","simple","lower","-226.226139209224"
"2056","16","4","JAGS","ECR","standard","simple","lower","-227.112838883982"
"2057","17","4","JAGS","ECR","standard","simple","lower","-226.966286793"
"2058","18","4","JAGS","ECR","standard","simple","lower","-226.54849998398"
"2059","19","4","JAGS","ECR","standard","simple","lower","-226.26967067327"
"2060","20","4","JAGS","ECR","standard","simple","lower","-226.415889266324"
"2061","1","5","JAGS","ECR","standard","simple","lower","-226.553757145319"
"2062","2","5","JAGS","ECR","standard","simple","lower","-226.437986190284"
"2063","3","5","JAGS","ECR","standard","simple","lower","-226.274848245978"
"2064","4","5","JAGS","ECR","standard","simple","lower","-226.637790554508"
"2065","5","5","JAGS","ECR","standard","simple","lower","-226.261708858283"
"2066","6","5","JAGS","ECR","standard","simple","lower","-226.26242682828"
"2067","7","5","JAGS","ECR","standard","simple","lower","-225.725821369606"
"2068","8","5","JAGS","ECR","standard","simple","lower","-225.685635322116"
"2069","9","5","JAGS","ECR","standard","simple","lower","-227.163164446334"
"2070","10","5","JAGS","ECR","standard","simple","lower","-226.132987701672"
"2071","11","5","JAGS","ECR","standard","simple","lower","-226.574927756037"
"2072","12","5","JAGS","ECR","standard","simple","lower","-225.731667800253"
"2073","13","5","JAGS","ECR","standard","simple","lower","-226.126624453098"
"2074","14","5","JAGS","ECR","standard","simple","lower","-225.889626438805"
"2075","15","5","JAGS","ECR","standard","simple","lower","-226.009103755926"
"2076","16","5","JAGS","ECR","standard","simple","lower","-225.820086946146"
"2077","17","5","JAGS","ECR","standard","simple","lower","-226.359045999801"
"2078","18","5","JAGS","ECR","standard","simple","lower","-226.438463725464"
"2079","19","5","JAGS","ECR","standard","simple","lower","-226.756795662116"
"2080","20","5","JAGS","ECR","standard","simple","lower","-225.993057508255"
"2081","1","6","JAGS","ECR","standard","simple","lower","-226.375107231936"
"2082","2","6","JAGS","ECR","standard","simple","lower","-225.815236234809"
"2083","3","6","JAGS","ECR","standard","simple","lower","-226.559911994433"
"2084","4","6","JAGS","ECR","standard","simple","lower","-226.027384215774"
"2085","5","6","JAGS","ECR","standard","simple","lower","-227.308011110438"
"2086","6","6","JAGS","ECR","standard","simple","lower","-226.128156256332"
"2087","7","6","JAGS","ECR","standard","simple","lower","-226.203762314873"
"2088","8","6","JAGS","ECR","standard","simple","lower","-225.833494179556"
"2089","9","6","JAGS","ECR","standard","simple","lower","-226.989660061966"
"2090","10","6","JAGS","ECR","standard","simple","lower","-225.64369184528"
"2091","11","6","JAGS","ECR","standard","simple","lower","-226.248528821545"
"2092","12","6","JAGS","ECR","standard","simple","lower","-226.150602693687"
"2093","13","6","JAGS","ECR","standard","simple","lower","-225.42344611973"
"2094","14","6","JAGS","ECR","standard","simple","lower","-226.300054245204"
"2095","15","6","JAGS","ECR","standard","simple","lower","-226.022543215957"
"2096","16","6","JAGS","ECR","standard","simple","lower","-226.408309349516"
"2097","17","6","JAGS","ECR","standard","simple","lower","-225.548393853249"
"2098","18","6","JAGS","ECR","standard","simple","lower","-227.030003633677"
"2099","19","6","JAGS","ECR","standard","simple","lower","-226.197225368814"
"2100","20","6","JAGS","ECR","standard","simple","lower","-226.234273883677"
"2101","1","2","STAN","ECR","standard","simple","lower",NA
"2102","2","2","STAN","ECR","standard","simple","lower",NA
"2103","3","2","STAN","ECR","standard","simple","lower",NA
"2104","4","2","STAN","ECR","standard","simple","lower",NA
"2105","5","2","STAN","ECR","standard","simple","lower",NA
"2106","6","2","STAN","ECR","standard","simple","lower",NA
"2107","7","2","STAN","ECR","standard","simple","lower",NA
"2108","8","2","STAN","ECR","standard","simple","lower",NA
"2109","9","2","STAN","ECR","standard","simple","lower",NA
"2110","10","2","STAN","ECR","standard","simple","lower",NA
"2111","11","2","STAN","ECR","standard","simple","lower",NA
"2112","12","2","STAN","ECR","standard","simple","lower",NA
"2113","13","2","STAN","ECR","standard","simple","lower",NA
"2114","14","2","STAN","ECR","standard","simple","lower",NA
"2115","15","2","STAN","ECR","standard","simple","lower",NA
"2116","16","2","STAN","ECR","standard","simple","lower",NA
"2117","17","2","STAN","ECR","standard","simple","lower",NA
"2118","18","2","STAN","ECR","standard","simple","lower",NA
"2119","19","2","STAN","ECR","standard","simple","lower",NA
"2120","20","2","STAN","ECR","standard","simple","lower",NA
"2121","1","3","STAN","ECR","standard","simple","lower",NA
"2122","2","3","STAN","ECR","standard","simple","lower",NA
"2123","3","3","STAN","ECR","standard","simple","lower",NA
"2124","4","3","STAN","ECR","standard","simple","lower",NA
"2125","5","3","STAN","ECR","standard","simple","lower",NA
"2126","6","3","STAN","ECR","standard","simple","lower",NA
"2127","7","3","STAN","ECR","standard","simple","lower",NA
"2128","8","3","STAN","ECR","standard","simple","lower",NA
"2129","9","3","STAN","ECR","standard","simple","lower",NA
"2130","10","3","STAN","ECR","standard","simple","lower",NA
"2131","11","3","STAN","ECR","standard","simple","lower",NA
"2132","12","3","STAN","ECR","standard","simple","lower",NA
"2133","13","3","STAN","ECR","standard","simple","lower",NA
"2134","14","3","STAN","ECR","standard","simple","lower",NA
"2135","15","3","STAN","ECR","standard","simple","lower",NA
"2136","16","3","STAN","ECR","standard","simple","lower",NA
"2137","17","3","STAN","ECR","standard","simple","lower",NA
"2138","18","3","STAN","ECR","standard","simple","lower",NA
"2139","19","3","STAN","ECR","standard","simple","lower",NA
"2140","20","3","STAN","ECR","standard","simple","lower",NA
"2141","1","4","STAN","ECR","standard","simple","lower",NA
"2142","2","4","STAN","ECR","standard","simple","lower",NA
"2143","3","4","STAN","ECR","standard","simple","lower",NA
"2144","4","4","STAN","ECR","standard","simple","lower",NA
"2145","5","4","STAN","ECR","standard","simple","lower",NA
"2146","6","4","STAN","ECR","standard","simple","lower",NA
"2147","7","4","STAN","ECR","standard","simple","lower",NA
"2148","8","4","STAN","ECR","standard","simple","lower",NA
"2149","9","4","STAN","ECR","standard","simple","lower",NA
"2150","10","4","STAN","ECR","standard","simple","lower",NA
"2151","11","4","STAN","ECR","standard","simple","lower",NA
"2152","12","4","STAN","ECR","standard","simple","lower",NA
"2153","13","4","STAN","ECR","standard","simple","lower",NA
"2154","14","4","STAN","ECR","standard","simple","lower",NA
"2155","15","4","STAN","ECR","standard","simple","lower",NA
"2156","16","4","STAN","ECR","standard","simple","lower",NA
"2157","17","4","STAN","ECR","standard","simple","lower",NA
"2158","18","4","STAN","ECR","standard","simple","lower",NA
"2159","19","4","STAN","ECR","standard","simple","lower",NA
"2160","20","4","STAN","ECR","standard","simple","lower",NA
"2161","1","5","STAN","ECR","standard","simple","lower",NA
"2162","2","5","STAN","ECR","standard","simple","lower",NA
"2163","3","5","STAN","ECR","standard","simple","lower",NA
"2164","4","5","STAN","ECR","standard","simple","lower",NA
"2165","5","5","STAN","ECR","standard","simple","lower",NA
"2166","6","5","STAN","ECR","standard","simple","lower",NA
"2167","7","5","STAN","ECR","standard","simple","lower",NA
"2168","8","5","STAN","ECR","standard","simple","lower",NA
"2169","9","5","STAN","ECR","standard","simple","lower",NA
"2170","10","5","STAN","ECR","standard","simple","lower",NA
"2171","11","5","STAN","ECR","standard","simple","lower",NA
"2172","12","5","STAN","ECR","standard","simple","lower",NA
"2173","13","5","STAN","ECR","standard","simple","lower",NA
"2174","14","5","STAN","ECR","standard","simple","lower",NA
"2175","15","5","STAN","ECR","standard","simple","lower",NA
"2176","16","5","STAN","ECR","standard","simple","lower",NA
"2177","17","5","STAN","ECR","standard","simple","lower",NA
"2178","18","5","STAN","ECR","standard","simple","lower",NA
"2179","19","5","STAN","ECR","standard","simple","lower",NA
"2180","20","5","STAN","ECR","standard","simple","lower",NA
"2181","1","6","STAN","ECR","standard","simple","lower",NA
"2182","2","6","STAN","ECR","standard","simple","lower",NA
"2183","3","6","STAN","ECR","standard","simple","lower",NA
"2184","4","6","STAN","ECR","standard","simple","lower",NA
"2185","5","6","STAN","ECR","standard","simple","lower",NA
"2186","6","6","STAN","ECR","standard","simple","lower",NA
"2187","7","6","STAN","ECR","standard","simple","lower",NA
"2188","8","6","STAN","ECR","standard","simple","lower",NA
"2189","9","6","STAN","ECR","standard","simple","lower",NA
"2190","10","6","STAN","ECR","standard","simple","lower",NA
"2191","11","6","STAN","ECR","standard","simple","lower",NA
"2192","12","6","STAN","ECR","standard","simple","lower",NA
"2193","13","6","STAN","ECR","standard","simple","lower",NA
"2194","14","6","STAN","ECR","standard","simple","lower",NA
"2195","15","6","STAN","ECR","standard","simple","lower",NA
"2196","16","6","STAN","ECR","standard","simple","lower",NA
"2197","17","6","STAN","ECR","standard","simple","lower",NA
"2198","18","6","STAN","ECR","standard","simple","lower",NA
"2199","19","6","STAN","ECR","standard","simple","lower",NA
"2200","20","6","STAN","ECR","standard","simple","lower",NA
"2201","1","2","JAGS","STEPHENS","standard","simple","lower","-235.61248111896"
"2202","2","2","JAGS","STEPHENS","standard","simple","lower","-235.556265014215"
"2203","3","2","JAGS","STEPHENS","standard","simple","lower","-236.198406609318"
"2204","4","2","JAGS","STEPHENS","standard","simple","lower","-235.485052740463"
"2205","5","2","JAGS","STEPHENS","standard","simple","lower","-235.74278852825"
"2206","6","2","JAGS","STEPHENS","standard","simple","lower","-235.53055802887"
"2207","7","2","JAGS","STEPHENS","standard","simple","lower","-235.806661993595"
"2208","8","2","JAGS","STEPHENS","standard","simple","lower","-235.625444412056"
"2209","9","2","JAGS","STEPHENS","standard","simple","lower","-235.924657280636"
"2210","10","2","JAGS","STEPHENS","standard","simple","lower","-235.889722415662"
"2211","11","2","JAGS","STEPHENS","standard","simple","lower","-235.826439334199"
"2212","12","2","JAGS","STEPHENS","standard","simple","lower","-235.646075284067"
"2213","13","2","JAGS","STEPHENS","standard","simple","lower","-235.799353887719"
"2214","14","2","JAGS","STEPHENS","standard","simple","lower","-235.635705740529"
"2215","15","2","JAGS","STEPHENS","standard","simple","lower","-235.614954936564"
"2216","16","2","JAGS","STEPHENS","standard","simple","lower","-236.245278690605"
"2217","17","2","JAGS","STEPHENS","standard","simple","lower","-236.111610113197"
"2218","18","2","JAGS","STEPHENS","standard","simple","lower","-235.914907961885"
"2219","19","2","JAGS","STEPHENS","standard","simple","lower","-235.887508351623"
"2220","20","2","JAGS","STEPHENS","standard","simple","lower","-235.907521003122"
"2221","1","3","JAGS","STEPHENS","standard","simple","lower","-227.555405912917"
"2222","2","3","JAGS","STEPHENS","standard","simple","lower","-227.240040359658"
"2223","3","3","JAGS","STEPHENS","standard","simple","lower","-227.240371436872"
"2224","4","3","JAGS","STEPHENS","standard","simple","lower","-227.126695114179"
"2225","5","3","JAGS","STEPHENS","standard","simple","lower","-227.473140895275"
"2226","6","3","JAGS","STEPHENS","standard","simple","lower","-227.174428364335"
"2227","7","3","JAGS","STEPHENS","standard","simple","lower","-227.37758208012"
"2228","8","3","JAGS","STEPHENS","standard","simple","lower","-227.55733251532"
"2229","9","3","JAGS","STEPHENS","standard","simple","lower","-227.070013560243"
"2230","10","3","JAGS","STEPHENS","standard","simple","lower","-227.17696521478"
"2231","11","3","JAGS","STEPHENS","standard","simple","lower","-227.081403537012"
"2232","12","3","JAGS","STEPHENS","standard","simple","lower","-227.194630250766"
"2233","13","3","JAGS","STEPHENS","standard","simple","lower","-227.563029559638"
"2234","14","3","JAGS","STEPHENS","standard","simple","lower","-227.688055948784"
"2235","15","3","JAGS","STEPHENS","standard","simple","lower","-227.06600884372"
"2236","16","3","JAGS","STEPHENS","standard","simple","lower","-227.189224374427"
"2237","17","3","JAGS","STEPHENS","standard","simple","lower","-227.127305944652"
"2238","18","3","JAGS","STEPHENS","standard","simple","lower","-227.046291298677"
"2239","19","3","JAGS","STEPHENS","standard","simple","lower","-227.727625011832"
"2240","20","3","JAGS","STEPHENS","standard","simple","lower","-227.445419719491"
"2241","1","4","JAGS","STEPHENS","standard","simple","lower","-227.337213982067"
"2242","2","4","JAGS","STEPHENS","standard","simple","lower","-226.825549647038"
"2243","3","4","JAGS","STEPHENS","standard","simple","lower","-227.074207216322"
"2244","4","4","JAGS","STEPHENS","standard","simple","lower","-226.912376122666"
"2245","5","4","JAGS","STEPHENS","standard","simple","lower","-226.487722763795"
"2246","6","4","JAGS","STEPHENS","standard","simple","lower","-226.534537193136"
"2247","7","4","JAGS","STEPHENS","standard","simple","lower","-226.674100847604"
"2248","8","4","JAGS","STEPHENS","standard","simple","lower","-226.789567367356"
"2249","9","4","JAGS","STEPHENS","standard","simple","lower","-227.14301088423"
"2250","10","4","JAGS","STEPHENS","standard","simple","lower","-226.280789078221"
"2251","11","4","JAGS","STEPHENS","standard","simple","lower","-226.840475734216"
"2252","12","4","JAGS","STEPHENS","standard","simple","lower","-226.228206606442"
"2253","13","4","JAGS","STEPHENS","standard","simple","lower","-227.032335439093"
"2254","14","4","JAGS","STEPHENS","standard","simple","lower","-226.552021380189"
"2255","15","4","JAGS","STEPHENS","standard","simple","lower","-226.656096297743"
"2256","16","4","JAGS","STEPHENS","standard","simple","lower","-227.099593667983"
"2257","17","4","JAGS","STEPHENS","standard","simple","lower","-227.020159910066"
"2258","18","4","JAGS","STEPHENS","standard","simple","lower","-226.460138742897"
"2259","19","4","JAGS","STEPHENS","standard","simple","lower","-226.435833714252"
"2260","20","4","JAGS","STEPHENS","standard","simple","lower","-226.4569752223"
"2261","1","5","JAGS","STEPHENS","standard","simple","lower","-226.760123953386"
"2262","2","5","JAGS","STEPHENS","standard","simple","lower","-225.009579522579"
"2263","3","5","JAGS","STEPHENS","standard","simple","lower","-226.087674419003"
"2264","4","5","JAGS","STEPHENS","standard","simple","lower","-227.604437881237"
"2265","5","5","JAGS","STEPHENS","standard","simple","lower","-225.440005935564"
"2266","6","5","JAGS","STEPHENS","standard","simple","lower","-226.538882890368"
"2267","7","5","JAGS","STEPHENS","standard","simple","lower","-226.382960782335"
"2268","8","5","JAGS","STEPHENS","standard","simple","lower","-225.112734545698"
"2269","9","5","JAGS","STEPHENS","standard","simple","lower","-226.600436497962"
"2270","10","5","JAGS","STEPHENS","standard","simple","lower","-226.057454042676"
"2271","11","5","JAGS","STEPHENS","standard","simple","lower","-226.048566856449"
"2272","12","5","JAGS","STEPHENS","standard","simple","lower","-225.482946186297"
"2273","13","5","JAGS","STEPHENS","standard","simple","lower","-227.167473136284"
"2274","14","5","JAGS","STEPHENS","standard","simple","lower","-225.867991437079"
"2275","15","5","JAGS","STEPHENS","standard","simple","lower","-226.457255166901"
"2276","16","5","JAGS","STEPHENS","standard","simple","lower","-226.46305553344"
"2277","17","5","JAGS","STEPHENS","standard","simple","lower","-226.337520533846"
"2278","18","5","JAGS","STEPHENS","standard","simple","lower","-227.409864459719"
"2279","19","5","JAGS","STEPHENS","standard","simple","lower","-226.812495933165"
"2280","20","5","JAGS","STEPHENS","standard","simple","lower","-225.771519994859"
"2281","1","6","JAGS","STEPHENS","standard","simple","lower","-226.772582561276"
"2282","2","6","JAGS","STEPHENS","standard","simple","lower","-226.164452760353"
"2283","3","6","JAGS","STEPHENS","standard","simple","lower","-225.801748357387"
"2284","4","6","JAGS","STEPHENS","standard","simple","lower","-226.470458949106"
"2285","5","6","JAGS","STEPHENS","standard","simple","lower","-226.627877732895"
"2286","6","6","JAGS","STEPHENS","standard","simple","lower","-225.637406535685"
"2287","7","6","JAGS","STEPHENS","standard","simple","lower","-225.187546544762"
"2288","8","6","JAGS","STEPHENS","standard","simple","lower","-225.964858741828"
"2289","9","6","JAGS","STEPHENS","standard","simple","lower","-227.160437986143"
"2290","10","6","JAGS","STEPHENS","standard","simple","lower","-226.102720713315"
"2291","11","6","JAGS","STEPHENS","standard","simple","lower","-227.19265442073"
"2292","12","6","JAGS","STEPHENS","standard","simple","lower","-225.98201352994"
"2293","13","6","JAGS","STEPHENS","standard","simple","lower","-226.433374499238"
"2294","14","6","JAGS","STEPHENS","standard","simple","lower","-226.66007613177"
"2295","15","6","JAGS","STEPHENS","standard","simple","lower","-225.725627768889"
"2296","16","6","JAGS","STEPHENS","standard","simple","lower","-227.385718822372"
"2297","17","6","JAGS","STEPHENS","standard","simple","lower","-225.482109044506"
"2298","18","6","JAGS","STEPHENS","standard","simple","lower","-227.003212201507"
"2299","19","6","JAGS","STEPHENS","standard","simple","lower","-224.746318500471"
"2300","20","6","JAGS","STEPHENS","standard","simple","lower","-226.237062314539"
"2301","1","2","STAN","STEPHENS","standard","simple","lower","-235.777914641799"
"2302","2","2","STAN","STEPHENS","standard","simple","lower","-235.741453698767"
"2303","3","2","STAN","STEPHENS","standard","simple","lower","-235.717549359063"
"2304","4","2","STAN","STEPHENS","standard","simple","lower","-236.137837580512"
"2305","5","2","STAN","STEPHENS","standard","simple","lower","-235.889960656862"
"2306","6","2","STAN","STEPHENS","standard","simple","lower","-235.862257229083"
"2307","7","2","STAN","STEPHENS","standard","simple","lower","-235.790249280031"
"2308","8","2","STAN","STEPHENS","standard","simple","lower","-236.182307972809"
"2309","9","2","STAN","STEPHENS","standard","simple","lower","-235.882493433402"
"2310","10","2","STAN","STEPHENS","standard","simple","lower","-235.792113498682"
"2311","11","2","STAN","STEPHENS","standard","simple","lower","-235.241822580478"
"2312","12","2","STAN","STEPHENS","standard","simple","lower","-235.711018463773"
"2313","13","2","STAN","STEPHENS","standard","simple","lower","-235.090160226844"
"2314","14","2","STAN","STEPHENS","standard","simple","lower","-235.608915530051"
"2315","15","2","STAN","STEPHENS","standard","simple","lower","-235.800825529975"
"2316","16","2","STAN","STEPHENS","standard","simple","lower","-235.736676784078"
"2317","17","2","STAN","STEPHENS","standard","simple","lower","-235.606661194538"
"2318","18","2","STAN","STEPHENS","standard","simple","lower","-235.734768532663"
"2319","19","2","STAN","STEPHENS","standard","simple","lower","-235.582190808195"
"2320","20","2","STAN","STEPHENS","standard","simple","lower","-235.875771581857"
"2321","1","3","STAN","STEPHENS","standard","simple","lower","-227.055986525787"
"2322","2","3","STAN","STEPHENS","standard","simple","lower","-227.488974376932"
"2323","3","3","STAN","STEPHENS","standard","simple","lower","-227.435333586392"
"2324","4","3","STAN","STEPHENS","standard","simple","lower","-227.113486434691"
"2325","5","3","STAN","STEPHENS","standard","simple","lower","-227.648255156929"
"2326","6","3","STAN","STEPHENS","standard","simple","lower","-227.302175608354"
"2327","7","3","STAN","STEPHENS","standard","simple","lower","-227.357805281507"
"2328","8","3","STAN","STEPHENS","standard","simple","lower","-227.283461598265"
"2329","9","3","STAN","STEPHENS","standard","simple","lower","-227.386938827454"
"2330","10","3","STAN","STEPHENS","standard","simple","lower","-227.447818656352"
"2331","11","3","STAN","STEPHENS","standard","simple","lower","-227.24188823718"
"2332","12","3","STAN","STEPHENS","standard","simple","lower","-227.252646374712"
"2333","13","3","STAN","STEPHENS","standard","simple","lower","-227.157959821868"
"2334","14","3","STAN","STEPHENS","standard","simple","lower","-226.955673770258"
"2335","15","3","STAN","STEPHENS","standard","simple","lower","-227.750345939666"
"2336","16","3","STAN","STEPHENS","standard","simple","lower","-227.005731969759"
"2337","17","3","STAN","STEPHENS","standard","simple","lower","-227.20277477778"
"2338","18","3","STAN","STEPHENS","standard","simple","lower","-227.271994004156"
"2339","19","3","STAN","STEPHENS","standard","simple","lower","-227.749659829321"
"2340","20","3","STAN","STEPHENS","standard","simple","lower","-227.224756051525"
"2341","1","4","STAN","STEPHENS","standard","simple","lower","-226.644966302065"
"2342","2","4","STAN","STEPHENS","standard","simple","lower","-227.416007732982"
"2343","3","4","STAN","STEPHENS","standard","simple","lower","-226.745596783806"
"2344","4","4","STAN","STEPHENS","standard","simple","lower","-226.983380906841"
"2345","5","4","STAN","STEPHENS","standard","simple","lower","-226.272934174601"
"2346","6","4","STAN","STEPHENS","standard","simple","lower","-227.085421345363"
"2347","7","4","STAN","STEPHENS","standard","simple","lower","-226.419372186598"
"2348","8","4","STAN","STEPHENS","standard","simple","lower","-226.525333104051"
"2349","9","4","STAN","STEPHENS","standard","simple","lower","-226.069305336016"
"2350","10","4","STAN","STEPHENS","standard","simple","lower","-227.012091444216"
"2351","11","4","STAN","STEPHENS","standard","simple","lower","-226.84542218241"
"2352","12","4","STAN","STEPHENS","standard","simple","lower","-226.89742212078"
"2353","13","4","STAN","STEPHENS","standard","simple","lower","-227.160219491417"
"2354","14","4","STAN","STEPHENS","standard","simple","lower","-227.827695655741"
"2355","15","4","STAN","STEPHENS","standard","simple","lower","-226.705855139355"
"2356","16","4","STAN","STEPHENS","standard","simple","lower","-226.255372139208"
"2357","17","4","STAN","STEPHENS","standard","simple","lower","-226.46505087324"
"2358","18","4","STAN","STEPHENS","standard","simple","lower","-227.365807073178"
"2359","19","4","STAN","STEPHENS","standard","simple","lower","-226.839115147927"
"2360","20","4","STAN","STEPHENS","standard","simple","lower","-226.454299553587"
"2361","1","5","STAN","STEPHENS","standard","simple","lower","-226.684577083663"
"2362","2","5","STAN","STEPHENS","standard","simple","lower","-225.843025872743"
"2363","3","5","STAN","STEPHENS","standard","simple","lower","-225.79948651135"
"2364","4","5","STAN","STEPHENS","standard","simple","lower","-226.054928719834"
"2365","5","5","STAN","STEPHENS","standard","simple","lower","-226.24477632345"
"2366","6","5","STAN","STEPHENS","standard","simple","lower","-225.458056701464"
"2367","7","5","STAN","STEPHENS","standard","simple","lower","-225.425007288056"
"2368","8","5","STAN","STEPHENS","standard","simple","lower","-225.746934142055"
"2369","9","5","STAN","STEPHENS","standard","simple","lower","-225.451849341607"
"2370","10","5","STAN","STEPHENS","standard","simple","lower","-226.678300658513"
"2371","11","5","STAN","STEPHENS","standard","simple","lower","-226.439893213334"
"2372","12","5","STAN","STEPHENS","standard","simple","lower","-226.105433483026"
"2373","13","5","STAN","STEPHENS","standard","simple","lower","-225.56283557446"
"2374","14","5","STAN","STEPHENS","standard","simple","lower","-225.327045054446"
"2375","15","5","STAN","STEPHENS","standard","simple","lower","-226.433950665093"
"2376","16","5","STAN","STEPHENS","standard","simple","lower","-226.544209221235"
"2377","17","5","STAN","STEPHENS","standard","simple","lower","-227.184813327774"
"2378","18","5","STAN","STEPHENS","standard","simple","lower","-226.028259242235"
"2379","19","5","STAN","STEPHENS","standard","simple","lower","-227.070734548395"
"2380","20","5","STAN","STEPHENS","standard","simple","lower","-226.296458328124"
"2381","1","6","STAN","STEPHENS","standard","simple","lower","-225.810561455338"
"2382","2","6","STAN","STEPHENS","standard","simple","lower","-225.962517303344"
"2383","3","6","STAN","STEPHENS","standard","simple","lower","-225.243060624345"
"2384","4","6","STAN","STEPHENS","standard","simple","lower","-224.617060575672"
"2385","5","6","STAN","STEPHENS","standard","simple","lower","-226.324583961838"
"2386","6","6","STAN","STEPHENS","standard","simple","lower","-225.914091607923"
"2387","7","6","STAN","STEPHENS","standard","simple","lower","-226.757405338913"
"2388","8","6","STAN","STEPHENS","standard","simple","lower","-226.434921863333"
"2389","9","6","STAN","STEPHENS","standard","simple","lower","-226.13135330324"
"2390","10","6","STAN","STEPHENS","standard","simple","lower","-226.221215299539"
"2391","11","6","STAN","STEPHENS","standard","simple","lower","-226.788431710327"
"2392","12","6","STAN","STEPHENS","standard","simple","lower","-226.628177290901"
"2393","13","6","STAN","STEPHENS","standard","simple","lower","-225.030417359617"
"2394","14","6","STAN","STEPHENS","standard","simple","lower","-225.562333798182"
"2395","15","6","STAN","STEPHENS","standard","simple","lower","-225.762660344315"
"2396","16","6","STAN","STEPHENS","standard","simple","lower","-226.461224467647"
"2397","17","6","STAN","STEPHENS","standard","simple","lower","-226.038560688159"
"2398","18","6","STAN","STEPHENS","standard","simple","lower","-225.415272975403"
"2399","19","6","STAN","STEPHENS","standard","simple","lower","-225.554393230558"
"2400","20","6","STAN","STEPHENS","standard","simple","lower","-226.59243212706"
"2401","1","2","JAGS","ECR","standard","permutations","logcor","-0.965218405497579"
"2402","2","2","JAGS","ECR","standard","permutations","logcor","-1.03394877534239"
"2403","3","2","JAGS","ECR","standard","permutations","logcor","-0.921554561549254"
"2404","4","2","JAGS","ECR","standard","permutations","logcor","-0.928869514081015"
"2405","5","2","JAGS","ECR","standard","permutations","logcor","-0.952954716245746"
"2406","6","2","JAGS","ECR","standard","permutations","logcor","-0.912796842619899"
"2407","7","2","JAGS","ECR","standard","permutations","logcor","-0.933945667112876"
"2408","8","2","JAGS","ECR","standard","permutations","logcor","-0.99641677635344"
"2409","9","2","JAGS","ECR","standard","permutations","logcor","-0.963906585815818"
"2410","10","2","JAGS","ECR","standard","permutations","logcor","-0.969427830287284"
"2411","11","2","JAGS","ECR","standard","permutations","logcor","-1.02638465467123"
"2412","12","2","JAGS","ECR","standard","permutations","logcor","-0.999672340813206"
"2413","13","2","JAGS","ECR","standard","permutations","logcor","-0.974979728222835"
"2414","14","2","JAGS","ECR","standard","permutations","logcor","-0.931912112777112"
"2415","15","2","JAGS","ECR","standard","permutations","logcor","-0.917291232207739"
"2416","16","2","JAGS","ECR","standard","permutations","logcor","-0.942634707213757"
"2417","17","2","JAGS","ECR","standard","permutations","logcor","-0.981896488972149"
"2418","18","2","JAGS","ECR","standard","permutations","logcor","-0.955031560190586"
"2419","19","2","JAGS","ECR","standard","permutations","logcor","-0.958937306595628"
"2420","20","2","JAGS","ECR","standard","permutations","logcor","-0.980829253011726"
"2421","1","3","JAGS","ECR","standard","permutations","logcor","-2.21640739675299"
"2422","2","3","JAGS","ECR","standard","permutations","logcor","-2.23026443141442"
"2423","3","3","JAGS","ECR","standard","permutations","logcor","-1.93516805252341"
"2424","4","3","JAGS","ECR","standard","permutations","logcor","-2.22933463125445"
"2425","5","3","JAGS","ECR","standard","permutations","logcor","-1.76609172247948"
"2426","6","3","JAGS","ECR","standard","permutations","logcor","-2.00619107994024"
"2427","7","3","JAGS","ECR","standard","permutations","logcor","-2.1345315079978"
"2428","8","3","JAGS","ECR","standard","permutations","logcor","-1.6486986263874"
"2429","9","3","JAGS","ECR","standard","permutations","logcor","-2.01140913128801"
"2430","10","3","JAGS","ECR","standard","permutations","logcor","-1.85982420014218"
"2431","11","3","JAGS","ECR","standard","permutations","logcor","-1.83445822376117"
"2432","12","3","JAGS","ECR","standard","permutations","logcor","-2.048718369037"
"2433","13","3","JAGS","ECR","standard","permutations","logcor","-2.71810053695571"
"2434","14","3","JAGS","ECR","standard","permutations","logcor","-1.7649228152745"
"2435","15","3","JAGS","ECR","standard","permutations","logcor","-2.73799407747528"
"2436","16","3","JAGS","ECR","standard","permutations","logcor","-1.96539882563918"
"2437","17","3","JAGS","ECR","standard","permutations","logcor","-1.77667383181001"
"2438","18","3","JAGS","ECR","standard","permutations","logcor","-1.71925277844131"
"2439","19","3","JAGS","ECR","standard","permutations","logcor","-1.96397229187372"
"2440","20","3","JAGS","ECR","standard","permutations","logcor","-1.68577914569082"
"2441","1","4","JAGS","ECR","standard","permutations","logcor","-6.26590139280974"
"2442","2","4","JAGS","ECR","standard","permutations","logcor","-5.59942245933196"
"2443","3","4","JAGS","ECR","standard","permutations","logcor","-7.60090245954208"
"2444","4","4","JAGS","ECR","standard","permutations","logcor","-5.65499231048677"
"2445","5","4","JAGS","ECR","standard","permutations","logcor","-5.7138328105097"
"2446","6","4","JAGS","ECR","standard","permutations","logcor","-5.25909665339476"
"2447","7","4","JAGS","ECR","standard","permutations","logcor","-5.33913936106829"
"2448","8","4","JAGS","ECR","standard","permutations","logcor","-6.64539101451465"
"2449","9","4","JAGS","ECR","standard","permutations","logcor","-6.31996861408002"
"2450","10","4","JAGS","ECR","standard","permutations","logcor","-6.4377516497364"
"2451","11","4","JAGS","ECR","standard","permutations","logcor","-5.31852007386556"
"2452","12","4","JAGS","ECR","standard","permutations","logcor","-4.80362112471193"
"2453","13","4","JAGS","ECR","standard","permutations","logcor","-5.11599580975408"
"2454","14","4","JAGS","ECR","standard","permutations","logcor","-5.25909665339476"
"2455","15","4","JAGS","ECR","standard","permutations","logcor","-5.68397984736002"
"2456","16","4","JAGS","ECR","standard","permutations","logcor","-5.13280292807046"
"2457","17","4","JAGS","ECR","standard","permutations","logcor","-5.9522438339547"
"2458","18","4","JAGS","ECR","standard","permutations","logcor","-6.07484615604703"
"2459","19","4","JAGS","ECR","standard","permutations","logcor","-6.4377516497364"
"2460","20","4","JAGS","ECR","standard","permutations","logcor","-6.50229017087397"
"2461","1","5","JAGS","ECR","standard","permutations","logcor","-7.41858090274813"
"2462","2","5","JAGS","ECR","standard","permutations","logcor","-7.41858090274813"
"2463","3","5","JAGS","ECR","standard","permutations","logcor","-2.97397078177248"
"2464","4","5","JAGS","ECR","standard","permutations","logcor","-7.82404601085629"
"2465","5","5","JAGS","ECR","standard","permutations","logcor","-7.60090245954208"
"2466","6","5","JAGS","ECR","standard","permutations","logcor","-7.01311579463996"
"2467","7","5","JAGS","ECR","standard","permutations","logcor","-9.21034037197618"
"2468","8","5","JAGS","ECR","standard","permutations","logcor","-7.60090245954208"
"2469","9","5","JAGS","ECR","standard","permutations","logcor","-9.21034037197618"
"2470","10","5","JAGS","ECR","standard","permutations","logcor","-8.51719319141624"
"2471","11","5","JAGS","ECR","standard","permutations","logcor","-6.50229017087397"
"2472","12","5","JAGS","ECR","standard","permutations","logcor","-7.82404601085629"
"2473","13","5","JAGS","ECR","standard","permutations","logcor","-7.60090245954208"
"2474","14","5","JAGS","ECR","standard","permutations","logcor","-2.84215318562569"
"2475","15","5","JAGS","ECR","standard","permutations","logcor","-7.01311579463996"
"2476","16","5","JAGS","ECR","standard","permutations","logcor","-7.82404601085629"
"2477","17","5","JAGS","ECR","standard","permutations","logcor","-8.51719319141624"
"2478","18","5","JAGS","ECR","standard","permutations","logcor","-7.60090245954208"
"2479","19","5","JAGS","ECR","standard","permutations","logcor","-6.21460809842219"
"2480","20","5","JAGS","ECR","standard","permutations","logcor","-7.41858090274813"
"2481","1","6","JAGS","ECR","standard","permutations","logcor","-7.13089883029635"
"2482","2","6","JAGS","ECR","standard","permutations","logcor","-6.81244509917781"
"2483","3","6","JAGS","ECR","standard","permutations","logcor","-8.51719319141624"
"2484","4","6","JAGS","ECR","standard","permutations","logcor","-8.51719319141624"
"2485","5","6","JAGS","ECR","standard","permutations","logcor","-9.21034037197618"
"2486","6","6","JAGS","ECR","standard","permutations","logcor","-8.51719319141624"
"2487","7","6","JAGS","ECR","standard","permutations","logcor","-8.51719319141624"
"2488","8","6","JAGS","ECR","standard","permutations","logcor","-6.90775527898214"
"2489","9","6","JAGS","ECR","standard","permutations","logcor","-2.42475272696825"
"2490","10","6","JAGS","ECR","standard","permutations","logcor","-6.37712702791997"
"2491","11","6","JAGS","ECR","standard","permutations","logcor","-7.82404601085629"
"2492","12","6","JAGS","ECR","standard","permutations","logcor","-2.04330249506396"
"2493","13","6","JAGS","ECR","standard","permutations","logcor","-7.01311579463996"
"2494","14","6","JAGS","ECR","standard","permutations","logcor","-7.82404601085629"
"2495","15","6","JAGS","ECR","standard","permutations","logcor","-8.11172808330807"
"2496","16","6","JAGS","ECR","standard","permutations","logcor","-6.72543372218818"
"2497","17","6","JAGS","ECR","standard","permutations","logcor","-7.41858090274813"
"2498","18","6","JAGS","ECR","standard","permutations","logcor","-9.21034037197618"
"2499","19","6","JAGS","ECR","standard","permutations","logcor","-2.56915820223559"
"2500","20","6","JAGS","ECR","standard","permutations","logcor","-7.41858090274813"
"2501","1","2","STAN","ECR","standard","permutations","logcor",NA
"2502","2","2","STAN","ECR","standard","permutations","logcor",NA
"2503","3","2","STAN","ECR","standard","permutations","logcor",NA
"2504","4","2","STAN","ECR","standard","permutations","logcor",NA
"2505","5","2","STAN","ECR","standard","permutations","logcor",NA
"2506","6","2","STAN","ECR","standard","permutations","logcor",NA
"2507","7","2","STAN","ECR","standard","permutations","logcor",NA
"2508","8","2","STAN","ECR","standard","permutations","logcor",NA
"2509","9","2","STAN","ECR","standard","permutations","logcor",NA
"2510","10","2","STAN","ECR","standard","permutations","logcor",NA
"2511","11","2","STAN","ECR","standard","permutations","logcor",NA
"2512","12","2","STAN","ECR","standard","permutations","logcor",NA
"2513","13","2","STAN","ECR","standard","permutations","logcor",NA
"2514","14","2","STAN","ECR","standard","permutations","logcor",NA
"2515","15","2","STAN","ECR","standard","permutations","logcor",NA
"2516","16","2","STAN","ECR","standard","permutations","logcor",NA
"2517","17","2","STAN","ECR","standard","permutations","logcor",NA
"2518","18","2","STAN","ECR","standard","permutations","logcor",NA
"2519","19","2","STAN","ECR","standard","permutations","logcor",NA
"2520","20","2","STAN","ECR","standard","permutations","logcor",NA
"2521","1","3","STAN","ECR","standard","permutations","logcor",NA
"2522","2","3","STAN","ECR","standard","permutations","logcor",NA
"2523","3","3","STAN","ECR","standard","permutations","logcor",NA
"2524","4","3","STAN","ECR","standard","permutations","logcor",NA
"2525","5","3","STAN","ECR","standard","permutations","logcor",NA
"2526","6","3","STAN","ECR","standard","permutations","logcor",NA
"2527","7","3","STAN","ECR","standard","permutations","logcor",NA
"2528","8","3","STAN","ECR","standard","permutations","logcor",NA
"2529","9","3","STAN","ECR","standard","permutations","logcor",NA
"2530","10","3","STAN","ECR","standard","permutations","logcor",NA
"2531","11","3","STAN","ECR","standard","permutations","logcor",NA
"2532","12","3","STAN","ECR","standard","permutations","logcor",NA
"2533","13","3","STAN","ECR","standard","permutations","logcor",NA
"2534","14","3","STAN","ECR","standard","permutations","logcor",NA
"2535","15","3","STAN","ECR","standard","permutations","logcor",NA
"2536","16","3","STAN","ECR","standard","permutations","logcor",NA
"2537","17","3","STAN","ECR","standard","permutations","logcor",NA
"2538","18","3","STAN","ECR","standard","permutations","logcor",NA
"2539","19","3","STAN","ECR","standard","permutations","logcor",NA
"2540","20","3","STAN","ECR","standard","permutations","logcor",NA
"2541","1","4","STAN","ECR","standard","permutations","logcor",NA
"2542","2","4","STAN","ECR","standard","permutations","logcor",NA
"2543","3","4","STAN","ECR","standard","permutations","logcor",NA
"2544","4","4","STAN","ECR","standard","permutations","logcor",NA
"2545","5","4","STAN","ECR","standard","permutations","logcor",NA
"2546","6","4","STAN","ECR","standard","permutations","logcor",NA
"2547","7","4","STAN","ECR","standard","permutations","logcor",NA
"2548","8","4","STAN","ECR","standard","permutations","logcor",NA
"2549","9","4","STAN","ECR","standard","permutations","logcor",NA
"2550","10","4","STAN","ECR","standard","permutations","logcor",NA
"2551","11","4","STAN","ECR","standard","permutations","logcor",NA
"2552","12","4","STAN","ECR","standard","permutations","logcor",NA
"2553","13","4","STAN","ECR","standard","permutations","logcor",NA
"2554","14","4","STAN","ECR","standard","permutations","logcor",NA
"2555","15","4","STAN","ECR","standard","permutations","logcor",NA
"2556","16","4","STAN","ECR","standard","permutations","logcor",NA
"2557","17","4","STAN","ECR","standard","permutations","logcor",NA
"2558","18","4","STAN","ECR","standard","permutations","logcor",NA
"2559","19","4","STAN","ECR","standard","permutations","logcor",NA
"2560","20","4","STAN","ECR","standard","permutations","logcor",NA
"2561","1","5","STAN","ECR","standard","permutations","logcor",NA
"2562","2","5","STAN","ECR","standard","permutations","logcor",NA
"2563","3","5","STAN","ECR","standard","permutations","logcor",NA
"2564","4","5","STAN","ECR","standard","permutations","logcor",NA
"2565","5","5","STAN","ECR","standard","permutations","logcor",NA
"2566","6","5","STAN","ECR","standard","permutations","logcor",NA
"2567","7","5","STAN","ECR","standard","permutations","logcor",NA
"2568","8","5","STAN","ECR","standard","permutations","logcor",NA
"2569","9","5","STAN","ECR","standard","permutations","logcor",NA
"2570","10","5","STAN","ECR","standard","permutations","logcor",NA
"2571","11","5","STAN","ECR","standard","permutations","logcor",NA
"2572","12","5","STAN","ECR","standard","permutations","logcor",NA
"2573","13","5","STAN","ECR","standard","permutations","logcor",NA
"2574","14","5","STAN","ECR","standard","permutations","logcor",NA
"2575","15","5","STAN","ECR","standard","permutations","logcor",NA
"2576","16","5","STAN","ECR","standard","permutations","logcor",NA
"2577","17","5","STAN","ECR","standard","permutations","logcor",NA
"2578","18","5","STAN","ECR","standard","permutations","logcor",NA
"2579","19","5","STAN","ECR","standard","permutations","logcor",NA
"2580","20","5","STAN","ECR","standard","permutations","logcor",NA
"2581","1","6","STAN","ECR","standard","permutations","logcor",NA
"2582","2","6","STAN","ECR","standard","permutations","logcor",NA
"2583","3","6","STAN","ECR","standard","permutations","logcor",NA
"2584","4","6","STAN","ECR","standard","permutations","logcor",NA
"2585","5","6","STAN","ECR","standard","permutations","logcor",NA
"2586","6","6","STAN","ECR","standard","permutations","logcor",NA
"2587","7","6","STAN","ECR","standard","permutations","logcor",NA
"2588","8","6","STAN","ECR","standard","permutations","logcor",NA
"2589","9","6","STAN","ECR","standard","permutations","logcor",NA
"2590","10","6","STAN","ECR","standard","permutations","logcor",NA
"2591","11","6","STAN","ECR","standard","permutations","logcor",NA
"2592","12","6","STAN","ECR","standard","permutations","logcor",NA
"2593","13","6","STAN","ECR","standard","permutations","logcor",NA
"2594","14","6","STAN","ECR","standard","permutations","logcor",NA
"2595","15","6","STAN","ECR","standard","permutations","logcor",NA
"2596","16","6","STAN","ECR","standard","permutations","logcor",NA
"2597","17","6","STAN","ECR","standard","permutations","logcor",NA
"2598","18","6","STAN","ECR","standard","permutations","logcor",NA
"2599","19","6","STAN","ECR","standard","permutations","logcor",NA
"2600","20","6","STAN","ECR","standard","permutations","logcor",NA
"2601","1","2","JAGS","STEPHENS","standard","permutations","logcor","-0.965218405497579"
"2602","2","2","JAGS","STEPHENS","standard","permutations","logcor","-0.998585974600985"
"2603","3","2","JAGS","STEPHENS","standard","permutations","logcor","-0.921554561549254"
"2604","4","2","JAGS","STEPHENS","standard","permutations","logcor","-0.928869514081015"
"2605","5","2","JAGS","STEPHENS","standard","permutations","logcor","-0.952954716245746"
"2606","6","2","JAGS","STEPHENS","standard","permutations","logcor","-0.912796842619899"
"2607","7","2","JAGS","STEPHENS","standard","permutations","logcor","-0.933945667112876"
"2608","8","2","JAGS","STEPHENS","standard","permutations","logcor","-0.970219073899711"
"2609","9","2","JAGS","STEPHENS","standard","permutations","logcor","-0.963906585815818"
"2610","10","2","JAGS","STEPHENS","standard","permutations","logcor","-0.969427830287284"
"2611","11","2","JAGS","STEPHENS","standard","permutations","logcor","-0.968637212246364"
"2612","12","2","JAGS","STEPHENS","standard","permutations","logcor","-0.967584026261706"
"2613","13","2","JAGS","STEPHENS","standard","permutations","logcor","-0.974979728222835"
"2614","14","2","JAGS","STEPHENS","standard","permutations","logcor","-0.931912112777112"
"2615","15","2","JAGS","STEPHENS","standard","permutations","logcor","-0.917291232207739"
"2616","16","2","JAGS","STEPHENS","standard","permutations","logcor","-0.942634707213757"
"2617","17","2","JAGS","STEPHENS","standard","permutations","logcor","-0.981896488972149"
"2618","18","2","JAGS","STEPHENS","standard","permutations","logcor","-0.955031560190586"
"2619","19","2","JAGS","STEPHENS","standard","permutations","logcor","-0.958937306595628"
"2620","20","2","JAGS","STEPHENS","standard","permutations","logcor","-0.980829253011726"
"2621","1","3","JAGS","STEPHENS","standard","permutations","logcor","-2.21640739675299"
"2622","2","3","JAGS","STEPHENS","standard","permutations","logcor","-2.23026443141442"
"2623","3","3","JAGS","STEPHENS","standard","permutations","logcor","-1.93516805252341"
"2624","4","3","JAGS","STEPHENS","standard","permutations","logcor","-2.21274438899426"
"2625","5","3","JAGS","STEPHENS","standard","permutations","logcor","-1.76609172247948"
"2626","6","3","JAGS","STEPHENS","standard","permutations","logcor","-2.00619107994024"
"2627","7","3","JAGS","STEPHENS","standard","permutations","logcor","-2.1345315079978"
"2628","8","3","JAGS","STEPHENS","standard","permutations","logcor","-1.6486986263874"
"2629","9","3","JAGS","STEPHENS","standard","permutations","logcor","-2.01140913128801"
"2630","10","3","JAGS","STEPHENS","standard","permutations","logcor","-1.85982420014218"
"2631","11","3","JAGS","STEPHENS","standard","permutations","logcor","-1.83445822376117"
"2632","12","3","JAGS","STEPHENS","standard","permutations","logcor","-2.048718369037"
"2633","13","3","JAGS","STEPHENS","standard","permutations","logcor","-2.68971924441749"
"2634","14","3","JAGS","STEPHENS","standard","permutations","logcor","-1.7649228152745"
"2635","15","3","JAGS","STEPHENS","standard","permutations","logcor","-2.73799407747528"
"2636","16","3","JAGS","STEPHENS","standard","permutations","logcor","-1.96539882563918"
"2637","17","3","JAGS","STEPHENS","standard","permutations","logcor","-1.77667383181001"
"2638","18","3","JAGS","STEPHENS","standard","permutations","logcor","-1.71925277844131"
"2639","19","3","JAGS","STEPHENS","standard","permutations","logcor","-1.96397229187372"
"2640","20","3","JAGS","STEPHENS","standard","permutations","logcor","-1.68577914569082"
"2641","1","4","JAGS","STEPHENS","standard","permutations","logcor","-6.21460809842219"
"2642","2","4","JAGS","STEPHENS","standard","permutations","logcor","-5.84304454198971"
"2643","3","4","JAGS","STEPHENS","standard","permutations","logcor","-6.90775527898214"
"2644","4","4","JAGS","STEPHENS","standard","permutations","logcor","-5.5727542122498"
"2645","5","4","JAGS","STEPHENS","standard","permutations","logcor","-5.5727542122498"
"2646","6","4","JAGS","STEPHENS","standard","permutations","logcor","-5.18498868124103"
"2647","7","4","JAGS","STEPHENS","standard","permutations","logcor","-5.29831736654804"
"2648","8","4","JAGS","STEPHENS","standard","permutations","logcor","-6.31996861408002"
"2649","9","4","JAGS","STEPHENS","standard","permutations","logcor","-6.37712702791997"
"2650","10","4","JAGS","STEPHENS","standard","permutations","logcor","-6.31996861408002"
"2651","11","4","JAGS","STEPHENS","standard","permutations","logcor","-5.22135632541191"
"2652","12","4","JAGS","STEPHENS","standard","permutations","logcor","-4.71053070164592"
"2653","13","4","JAGS","STEPHENS","standard","permutations","logcor","-5.11599580975408"
"2654","14","4","JAGS","STEPHENS","standard","permutations","logcor","-5.29831736654804"
"2655","15","4","JAGS","STEPHENS","standard","permutations","logcor","-6.07484615604703"
"2656","16","4","JAGS","STEPHENS","standard","permutations","logcor","-5.09946650780287"
"2657","17","4","JAGS","STEPHENS","standard","permutations","logcor","-6.07484615604703"
"2658","18","4","JAGS","STEPHENS","standard","permutations","logcor","-5.91450350597185"
"2659","19","4","JAGS","STEPHENS","standard","permutations","logcor","-6.57128304236092"
"2660","20","4","JAGS","STEPHENS","standard","permutations","logcor","-6.4377516497364"
"2661","1","5","JAGS","STEPHENS","standard","permutations","logcor","-8.51719319141624"
"2662","2","5","JAGS","STEPHENS","standard","permutations","logcor","-7.13089883029635"
"2663","3","5","JAGS","STEPHENS","standard","permutations","logcor","-3.75075485783202"
"2664","4","5","JAGS","STEPHENS","standard","permutations","logcor","-9.21034037197618"
"2665","5","5","JAGS","STEPHENS","standard","permutations","logcor","-7.60090245954208"
"2666","6","5","JAGS","STEPHENS","standard","permutations","logcor","-7.82404601085629"
"2667","7","5","JAGS","STEPHENS","standard","permutations","logcor","-3.38729447649316"
"2668","8","5","JAGS","STEPHENS","standard","permutations","logcor","-7.82404601085629"
"2669","9","5","JAGS","STEPHENS","standard","permutations","logcor","-9.21034037197618"
"2670","10","5","JAGS","STEPHENS","standard","permutations","logcor","-9.21034037197618"
"2671","11","5","JAGS","STEPHENS","standard","permutations","logcor","-7.82404601085629"
"2672","12","5","JAGS","STEPHENS","standard","permutations","logcor","-8.11172808330807"
"2673","13","5","JAGS","STEPHENS","standard","permutations","logcor","-9.21034037197618"
"2674","14","5","JAGS","STEPHENS","standard","permutations","logcor","-3.5267606046375"
"2675","15","5","JAGS","STEPHENS","standard","permutations","logcor","-8.51719319141624"
"2676","16","5","JAGS","STEPHENS","standard","permutations","logcor","-9.21034037197618"
"2677","17","5","JAGS","STEPHENS","standard","permutations","logcor","-9.21034037197618"
"2678","18","5","JAGS","STEPHENS","standard","permutations","logcor","-9.21034037197618"
"2679","19","5","JAGS","STEPHENS","standard","permutations","logcor","-7.13089883029635"
"2680","20","5","JAGS","STEPHENS","standard","permutations","logcor","-8.11172808330807"
"2681","1","6","JAGS","STEPHENS","standard","permutations","logcor","-7.60090245954208"
"2682","2","6","JAGS","STEPHENS","standard","permutations","logcor","-7.01311579463996"
"2683","3","6","JAGS","STEPHENS","standard","permutations","logcor","-8.51719319141624"
"2684","4","6","JAGS","STEPHENS","standard","permutations","logcor","-3.16060691674423"
"2685","5","6","JAGS","STEPHENS","standard","permutations","logcor","-3.49991335460131"
"2686","6","6","JAGS","STEPHENS","standard","permutations","logcor","-9.21034037197618"
"2687","7","6","JAGS","STEPHENS","standard","permutations","logcor","-8.11172808330807"
"2688","8","6","JAGS","STEPHENS","standard","permutations","logcor","-7.26443022292087"
"2689","9","6","JAGS","STEPHENS","standard","permutations","logcor","-3.41732676359204"
"2690","10","6","JAGS","STEPHENS","standard","permutations","logcor","-8.11172808330807"
"2691","11","6","JAGS","STEPHENS","standard","permutations","logcor","-9.21034037197618"
"2692","12","6","JAGS","STEPHENS","standard","permutations","logcor","-3.36679595494482"
"2693","13","6","JAGS","STEPHENS","standard","permutations","logcor","-9.21034037197618"
"2694","14","6","JAGS","STEPHENS","standard","permutations","logcor","-2.67364877438488"
"2695","15","6","JAGS","STEPHENS","standard","permutations","logcor","-9.21034037197618"
"2696","16","6","JAGS","STEPHENS","standard","permutations","logcor","-2.16282315061889"
"2697","17","6","JAGS","STEPHENS","standard","permutations","logcor","-8.11172808330807"
"2698","18","6","JAGS","STEPHENS","standard","permutations","logcor","-3.04913305028111"
"2699","19","6","JAGS","STEPHENS","standard","permutations","logcor","-8.51719319141624"
"2700","20","6","JAGS","STEPHENS","standard","permutations","logcor","-9.21034037197618"
"2701","1","2","STAN","STEPHENS","standard","permutations","logcor","-2.53577898016176"
"2702","2","2","STAN","STEPHENS","standard","permutations","logcor","-2.19373068808196"
"2703","3","2","STAN","STEPHENS","standard","permutations","logcor","-2.19462795148895"
"2704","4","2","STAN","STEPHENS","standard","permutations","logcor","-2.19732458233655"
"2705","5","2","STAN","STEPHENS","standard","permutations","logcor","-2.20818441757256"
"2706","6","2","STAN","STEPHENS","standard","permutations","logcor","-0.945719542564967"
"2707","7","2","STAN","STEPHENS","standard","permutations","logcor","-2.11361899348142"
"2708","8","2","STAN","STEPHENS","standard","permutations","logcor","-0.911551977526982"
"2709","9","2","STAN","STEPHENS","standard","permutations","logcor","-2.79360808946386"
"2710","10","2","STAN","STEPHENS","standard","permutations","logcor","-2.02343935156455"
"2711","11","2","STAN","STEPHENS","standard","permutations","logcor","-0.416121688296693"
"2712","12","2","STAN","STEPHENS","standard","permutations","logcor","-0.943918898991629"
"2713","13","2","STAN","STEPHENS","standard","permutations","logcor","-4.66704558970618"
"2714","14","2","STAN","STEPHENS","standard","permutations","logcor","-2.3816283003345"
"2715","15","2","STAN","STEPHENS","standard","permutations","logcor","-2.45923890303942"
"2716","16","2","STAN","STEPHENS","standard","permutations","logcor","-0.770892529184798"
"2717","17","2","STAN","STEPHENS","standard","permutations","logcor","-0.427864103051643"
"2718","18","2","STAN","STEPHENS","standard","permutations","logcor","-0.956852343630278"
"2719","19","2","STAN","STEPHENS","standard","permutations","logcor","-2.45806999583444"
"2720","20","2","STAN","STEPHENS","standard","permutations","logcor","-0.995875211216997"
"2721","1","3","STAN","STEPHENS","standard","permutations","logcor","-1.77019369131349"
"2722","2","3","STAN","STEPHENS","standard","permutations","logcor","-2.2018351898939"
"2723","3","3","STAN","STEPHENS","standard","permutations","logcor","-2.17068002211411"
"2724","4","3","STAN","STEPHENS","standard","permutations","logcor","-2.00174003401598"
"2725","5","3","STAN","STEPHENS","standard","permutations","logcor","-2.03638205221939"
"2726","6","3","STAN","STEPHENS","standard","permutations","logcor","-2.45573627248822"
"2727","7","3","STAN","STEPHENS","standard","permutations","logcor","-1.84896494299883"
"2728","8","3","STAN","STEPHENS","standard","permutations","logcor","-1.81033085481349"
"2729","9","3","STAN","STEPHENS","standard","permutations","logcor","-2.0272286702329"
"2730","10","3","STAN","STEPHENS","standard","permutations","logcor","-1.9125720894448"
"2731","11","3","STAN","STEPHENS","standard","permutations","logcor","-2.07465302494804"
"2732","12","3","STAN","STEPHENS","standard","permutations","logcor","-2.26240330336121"
"2733","13","3","STAN","STEPHENS","standard","permutations","logcor","-1.82201251239908"
"2734","14","3","STAN","STEPHENS","standard","permutations","logcor","-1.99804590347584"
"2735","15","3","STAN","STEPHENS","standard","permutations","logcor","-1.94281494414801"
"2736","16","3","STAN","STEPHENS","standard","permutations","logcor","-2.26721794915675"
"2737","17","3","STAN","STEPHENS","standard","permutations","logcor","-1.70319929224857"
"2738","18","3","STAN","STEPHENS","standard","permutations","logcor","-2.06830379726938"
"2739","19","3","STAN","STEPHENS","standard","permutations","logcor","-1.91800319580231"
"2740","20","3","STAN","STEPHENS","standard","permutations","logcor","-1.91664265137475"
"2741","1","4","STAN","STEPHENS","standard","permutations","logcor","-6.31996861408002"
"2742","2","4","STAN","STEPHENS","standard","permutations","logcor","-7.01311579463996"
"2743","3","4","STAN","STEPHENS","standard","permutations","logcor","-6.07484615604703"
"2744","4","4","STAN","STEPHENS","standard","permutations","logcor","-7.13089883029635"
"2745","5","4","STAN","STEPHENS","standard","permutations","logcor","-5.5727542122498"
"2746","6","4","STAN","STEPHENS","standard","permutations","logcor","-6.81244509917781"
"2747","7","4","STAN","STEPHENS","standard","permutations","logcor","-6.26590139280974"
"2748","8","4","STAN","STEPHENS","standard","permutations","logcor","-6.4377516497364"
"2749","9","4","STAN","STEPHENS","standard","permutations","logcor","-7.13089883029635"
"2750","10","4","STAN","STEPHENS","standard","permutations","logcor","-6.21460809842219"
"2751","11","4","STAN","STEPHENS","standard","permutations","logcor","-5.65499231048677"
"2752","12","4","STAN","STEPHENS","standard","permutations","logcor","-6.4377516497364"
"2753","13","4","STAN","STEPHENS","standard","permutations","logcor","-6.50229017087397"
"2754","14","4","STAN","STEPHENS","standard","permutations","logcor","-7.60090245954208"
"2755","15","4","STAN","STEPHENS","standard","permutations","logcor","-6.72543372218818"
"2756","16","4","STAN","STEPHENS","standard","permutations","logcor","-5.74460446917646"
"2757","17","4","STAN","STEPHENS","standard","permutations","logcor","-6.31996861408002"
"2758","18","4","STAN","STEPHENS","standard","permutations","logcor","-5.87813586180098"
"2759","19","4","STAN","STEPHENS","standard","permutations","logcor","-6.16581793425276"
"2760","20","4","STAN","STEPHENS","standard","permutations","logcor","-6.57128304236092"
"2761","1","5","STAN","STEPHENS","standard","permutations","logcor","-9.21034037197618"
"2762","2","5","STAN","STEPHENS","standard","permutations","logcor","-8.51719319141624"
"2763","3","5","STAN","STEPHENS","standard","permutations","logcor","-8.11172808330807"
"2764","4","5","STAN","STEPHENS","standard","permutations","logcor","-9.21034037197618"
"2765","5","5","STAN","STEPHENS","standard","permutations","logcor","-8.11172808330807"
"2766","6","5","STAN","STEPHENS","standard","permutations","logcor","-8.51719319141624"
"2767","7","5","STAN","STEPHENS","standard","permutations","logcor","-8.51719319141624"
"2768","8","5","STAN","STEPHENS","standard","permutations","logcor","-8.51719319141624"
"2769","9","5","STAN","STEPHENS","standard","permutations","logcor","-8.11172808330807"
"2770","10","5","STAN","STEPHENS","standard","permutations","logcor","-9.21034037197618"
"2771","11","5","STAN","STEPHENS","standard","permutations","logcor","-9.21034037197618"
"2772","12","5","STAN","STEPHENS","standard","permutations","logcor","-9.21034037197618"
"2773","13","5","STAN","STEPHENS","standard","permutations","logcor","-7.82404601085629"
"2774","14","5","STAN","STEPHENS","standard","permutations","logcor","-7.60090245954208"
"2775","15","5","STAN","STEPHENS","standard","permutations","logcor","-8.51719319141624"
"2776","16","5","STAN","STEPHENS","standard","permutations","logcor","-8.51719319141624"
"2777","17","5","STAN","STEPHENS","standard","permutations","logcor","-9.21034037197618"
"2778","18","5","STAN","STEPHENS","standard","permutations","logcor","-8.51719319141624"
"2779","19","5","STAN","STEPHENS","standard","permutations","logcor","-9.21034037197618"
"2780","20","5","STAN","STEPHENS","standard","permutations","logcor","-3.03655426807425"
"2781","1","6","STAN","STEPHENS","standard","permutations","logcor","-9.21034037197618"
"2782","2","6","STAN","STEPHENS","standard","permutations","logcor","-9.21034037197618"
"2783","3","6","STAN","STEPHENS","standard","permutations","logcor","-8.51719319141624"
"2784","4","6","STAN","STEPHENS","standard","permutations","logcor","-8.51719319141624"
"2785","5","6","STAN","STEPHENS","standard","permutations","logcor","-2.71507481603917"
"2786","6","6","STAN","STEPHENS","standard","permutations","logcor","-3.10778177736261"
"2787","7","6","STAN","STEPHENS","standard","permutations","logcor","-3.36390159691846"
"2788","8","6","STAN","STEPHENS","standard","permutations","logcor","-3.44201937618241"
"2789","9","6","STAN","STEPHENS","standard","permutations","logcor","-9.21034037197618"
"2790","10","6","STAN","STEPHENS","standard","permutations","logcor","-9.21034037197618"
"2791","11","6","STAN","STEPHENS","standard","permutations","logcor","-9.21034037197618"
"2792","12","6","STAN","STEPHENS","standard","permutations","logcor","-2.79688141480883"
"2793","13","6","STAN","STEPHENS","standard","permutations","logcor","-8.51719319141624"
"2794","14","6","STAN","STEPHENS","standard","permutations","logcor","-9.21034037197618"
"2795","15","6","STAN","STEPHENS","standard","permutations","logcor","-3.45776773315055"
"2796","16","6","STAN","STEPHENS","standard","permutations","logcor","-9.21034037197618"
"2797","17","6","STAN","STEPHENS","standard","permutations","logcor","-8.51719319141624"
"2798","18","6","STAN","STEPHENS","standard","permutations","logcor","-8.51719319141624"
"2799","19","6","STAN","STEPHENS","standard","permutations","logcor","-9.21034037197618"
"2800","20","6","STAN","STEPHENS","standard","permutations","logcor","-9.21034037197618"
"2801","1","2","JAGS","ECR","standard","simple","logcor","-0.965218405497579"
"2802","2","2","JAGS","ECR","standard","simple","logcor","-1.03394877534239"
"2803","3","2","JAGS","ECR","standard","simple","logcor","-0.921554561549254"
"2804","4","2","JAGS","ECR","standard","simple","logcor","-0.928869514081015"
"2805","5","2","JAGS","ECR","standard","simple","logcor","-0.952954716245746"
"2806","6","2","JAGS","ECR","standard","simple","logcor","-0.912796842619899"
"2807","7","2","JAGS","ECR","standard","simple","logcor","-0.933945667112876"
"2808","8","2","JAGS","ECR","standard","simple","logcor","-0.99641677635344"
"2809","9","2","JAGS","ECR","standard","simple","logcor","-0.963906585815818"
"2810","10","2","JAGS","ECR","standard","simple","logcor","-0.969427830287284"
"2811","11","2","JAGS","ECR","standard","simple","logcor","-1.02638465467123"
"2812","12","2","JAGS","ECR","standard","simple","logcor","-0.999672340813206"
"2813","13","2","JAGS","ECR","standard","simple","logcor","-0.974979728222835"
"2814","14","2","JAGS","ECR","standard","simple","logcor","-0.931912112777112"
"2815","15","2","JAGS","ECR","standard","simple","logcor","-0.917291232207739"
"2816","16","2","JAGS","ECR","standard","simple","logcor","-0.942634707213757"
"2817","17","2","JAGS","ECR","standard","simple","logcor","-0.981896488972149"
"2818","18","2","JAGS","ECR","standard","simple","logcor","-0.955031560190586"
"2819","19","2","JAGS","ECR","standard","simple","logcor","-0.958937306595628"
"2820","20","2","JAGS","ECR","standard","simple","logcor","-0.980829253011726"
"2821","1","3","JAGS","ECR","standard","simple","logcor","-2.21640739675299"
"2822","2","3","JAGS","ECR","standard","simple","logcor","-2.23026443141442"
"2823","3","3","JAGS","ECR","standard","simple","logcor","-1.93516805252341"
"2824","4","3","JAGS","ECR","standard","simple","logcor","-2.22933463125445"
"2825","5","3","JAGS","ECR","standard","simple","logcor","-1.76609172247948"
"2826","6","3","JAGS","ECR","standard","simple","logcor","-2.00619107994024"
"2827","7","3","JAGS","ECR","standard","simple","logcor","-2.1345315079978"
"2828","8","3","JAGS","ECR","standard","simple","logcor","-1.6486986263874"
"2829","9","3","JAGS","ECR","standard","simple","logcor","-2.01140913128801"
"2830","10","3","JAGS","ECR","standard","simple","logcor","-1.85982420014218"
"2831","11","3","JAGS","ECR","standard","simple","logcor","-1.83445822376117"
"2832","12","3","JAGS","ECR","standard","simple","logcor","-2.048718369037"
"2833","13","3","JAGS","ECR","standard","simple","logcor","-2.71810053695571"
"2834","14","3","JAGS","ECR","standard","simple","logcor","-1.7649228152745"
"2835","15","3","JAGS","ECR","standard","simple","logcor","-2.73799407747528"
"2836","16","3","JAGS","ECR","standard","simple","logcor","-1.96539882563918"
"2837","17","3","JAGS","ECR","standard","simple","logcor","-1.77667383181001"
"2838","18","3","JAGS","ECR","standard","simple","logcor","-1.71925277844131"
"2839","19","3","JAGS","ECR","standard","simple","logcor","-1.96397229187372"
"2840","20","3","JAGS","ECR","standard","simple","logcor","-1.68577914569082"
"2841","1","4","JAGS","ECR","standard","simple","logcor","-6.26590139280974"
"2842","2","4","JAGS","ECR","standard","simple","logcor","-5.59942245933196"
"2843","3","4","JAGS","ECR","standard","simple","logcor","-7.60090245954208"
"2844","4","4","JAGS","ECR","standard","simple","logcor","-5.65499231048677"
"2845","5","4","JAGS","ECR","standard","simple","logcor","-5.7138328105097"
"2846","6","4","JAGS","ECR","standard","simple","logcor","-5.25909665339476"
"2847","7","4","JAGS","ECR","standard","simple","logcor","-5.33913936106829"
"2848","8","4","JAGS","ECR","standard","simple","logcor","-6.64539101451465"
"2849","9","4","JAGS","ECR","standard","simple","logcor","-6.31996861408002"
"2850","10","4","JAGS","ECR","standard","simple","logcor","-6.4377516497364"
"2851","11","4","JAGS","ECR","standard","simple","logcor","-5.31852007386556"
"2852","12","4","JAGS","ECR","standard","simple","logcor","-4.80362112471193"
"2853","13","4","JAGS","ECR","standard","simple","logcor","-5.11599580975408"
"2854","14","4","JAGS","ECR","standard","simple","logcor","-5.25909665339476"
"2855","15","4","JAGS","ECR","standard","simple","logcor","-5.68397984736002"
"2856","16","4","JAGS","ECR","standard","simple","logcor","-5.13280292807046"
"2857","17","4","JAGS","ECR","standard","simple","logcor","-5.9522438339547"
"2858","18","4","JAGS","ECR","standard","simple","logcor","-6.07484615604703"
"2859","19","4","JAGS","ECR","standard","simple","logcor","-6.4377516497364"
"2860","20","4","JAGS","ECR","standard","simple","logcor","-6.50229017087397"
"2861","1","5","JAGS","ECR","standard","simple","logcor","-7.41858090274813"
"2862","2","5","JAGS","ECR","standard","simple","logcor","-7.41858090274813"
"2863","3","5","JAGS","ECR","standard","simple","logcor","-2.95459033022282"
"2864","4","5","JAGS","ECR","standard","simple","logcor","-7.82404601085629"
"2865","5","5","JAGS","ECR","standard","simple","logcor","-7.60090245954208"
"2866","6","5","JAGS","ECR","standard","simple","logcor","-7.01311579463996"
"2867","7","5","JAGS","ECR","standard","simple","logcor","-9.21034037197618"
"2868","8","5","JAGS","ECR","standard","simple","logcor","-7.60090245954208"
"2869","9","5","JAGS","ECR","standard","simple","logcor","-9.21034037197618"
"2870","10","5","JAGS","ECR","standard","simple","logcor","-8.51719319141624"
"2871","11","5","JAGS","ECR","standard","simple","logcor","-6.50229017087397"
"2872","12","5","JAGS","ECR","standard","simple","logcor","-7.82404601085629"
"2873","13","5","JAGS","ECR","standard","simple","logcor","-7.60090245954208"
"2874","14","5","JAGS","ECR","standard","simple","logcor","-2.76303450943497"
"2875","15","5","JAGS","ECR","standard","simple","logcor","-7.01311579463996"
"2876","16","5","JAGS","ECR","standard","simple","logcor","-7.82404601085629"
"2877","17","5","JAGS","ECR","standard","simple","logcor","-8.51719319141624"
"2878","18","5","JAGS","ECR","standard","simple","logcor","-7.60090245954208"
"2879","19","5","JAGS","ECR","standard","simple","logcor","-6.21460809842219"
"2880","20","5","JAGS","ECR","standard","simple","logcor","-7.41858090274813"
"2881","1","6","JAGS","ECR","standard","simple","logcor","-7.13089883029635"
"2882","2","6","JAGS","ECR","standard","simple","logcor","-6.81244509917781"
"2883","3","6","JAGS","ECR","standard","simple","logcor","-8.51719319141624"
"2884","4","6","JAGS","ECR","standard","simple","logcor","-8.51719319141624"
"2885","5","6","JAGS","ECR","standard","simple","logcor","-9.21034037197618"
"2886","6","6","JAGS","ECR","standard","simple","logcor","-8.51719319141624"
"2887","7","6","JAGS","ECR","standard","simple","logcor","-8.51719319141624"
"2888","8","6","JAGS","ECR","standard","simple","logcor","-6.90775527898214"
"2889","9","6","JAGS","ECR","standard","simple","logcor","-2.46392824340281"
"2890","10","6","JAGS","ECR","standard","simple","logcor","-6.37712702791997"
"2891","11","6","JAGS","ECR","standard","simple","logcor","-7.82404601085629"
"2892","12","6","JAGS","ECR","standard","simple","logcor","-2.05807151594364"
"2893","13","6","JAGS","ECR","standard","simple","logcor","-7.01311579463996"
"2894","14","6","JAGS","ECR","standard","simple","logcor","-7.82404601085629"
"2895","15","6","JAGS","ECR","standard","simple","logcor","-8.11172808330807"
"2896","16","6","JAGS","ECR","standard","simple","logcor","-6.72543372218818"
"2897","17","6","JAGS","ECR","standard","simple","logcor","-7.41858090274813"
"2898","18","6","JAGS","ECR","standard","simple","logcor","-9.21034037197618"
"2899","19","6","JAGS","ECR","standard","simple","logcor","-2.56135582195141"
"2900","20","6","JAGS","ECR","standard","simple","logcor","-7.41858090274813"
"2901","1","2","STAN","ECR","standard","simple","logcor",NA
"2902","2","2","STAN","ECR","standard","simple","logcor",NA
"2903","3","2","STAN","ECR","standard","simple","logcor",NA
"2904","4","2","STAN","ECR","standard","simple","logcor",NA
"2905","5","2","STAN","ECR","standard","simple","logcor",NA
"2906","6","2","STAN","ECR","standard","simple","logcor",NA
"2907","7","2","STAN","ECR","standard","simple","logcor",NA
"2908","8","2","STAN","ECR","standard","simple","logcor",NA
"2909","9","2","STAN","ECR","standard","simple","logcor",NA
"2910","10","2","STAN","ECR","standard","simple","logcor",NA
"2911","11","2","STAN","ECR","standard","simple","logcor",NA
"2912","12","2","STAN","ECR","standard","simple","logcor",NA
"2913","13","2","STAN","ECR","standard","simple","logcor",NA
"2914","14","2","STAN","ECR","standard","simple","logcor",NA
"2915","15","2","STAN","ECR","standard","simple","logcor",NA
"2916","16","2","STAN","ECR","standard","simple","logcor",NA
"2917","17","2","STAN","ECR","standard","simple","logcor",NA
"2918","18","2","STAN","ECR","standard","simple","logcor",NA
"2919","19","2","STAN","ECR","standard","simple","logcor",NA
"2920","20","2","STAN","ECR","standard","simple","logcor",NA
"2921","1","3","STAN","ECR","standard","simple","logcor",NA
"2922","2","3","STAN","ECR","standard","simple","logcor",NA
"2923","3","3","STAN","ECR","standard","simple","logcor",NA
"2924","4","3","STAN","ECR","standard","simple","logcor",NA
"2925","5","3","STAN","ECR","standard","simple","logcor",NA
"2926","6","3","STAN","ECR","standard","simple","logcor",NA
"2927","7","3","STAN","ECR","standard","simple","logcor",NA
"2928","8","3","STAN","ECR","standard","simple","logcor",NA
"2929","9","3","STAN","ECR","standard","simple","logcor",NA
"2930","10","3","STAN","ECR","standard","simple","logcor",NA
"2931","11","3","STAN","ECR","standard","simple","logcor",NA
"2932","12","3","STAN","ECR","standard","simple","logcor",NA
"2933","13","3","STAN","ECR","standard","simple","logcor",NA
"2934","14","3","STAN","ECR","standard","simple","logcor",NA
"2935","15","3","STAN","ECR","standard","simple","logcor",NA
"2936","16","3","STAN","ECR","standard","simple","logcor",NA
"2937","17","3","STAN","ECR","standard","simple","logcor",NA
"2938","18","3","STAN","ECR","standard","simple","logcor",NA
"2939","19","3","STAN","ECR","standard","simple","logcor",NA
"2940","20","3","STAN","ECR","standard","simple","logcor",NA
"2941","1","4","STAN","ECR","standard","simple","logcor",NA
"2942","2","4","STAN","ECR","standard","simple","logcor",NA
"2943","3","4","STAN","ECR","standard","simple","logcor",NA
"2944","4","4","STAN","ECR","standard","simple","logcor",NA
"2945","5","4","STAN","ECR","standard","simple","logcor",NA
"2946","6","4","STAN","ECR","standard","simple","logcor",NA
"2947","7","4","STAN","ECR","standard","simple","logcor",NA
"2948","8","4","STAN","ECR","standard","simple","logcor",NA
"2949","9","4","STAN","ECR","standard","simple","logcor",NA
"2950","10","4","STAN","ECR","standard","simple","logcor",NA
"2951","11","4","STAN","ECR","standard","simple","logcor",NA
"2952","12","4","STAN","ECR","standard","simple","logcor",NA
"2953","13","4","STAN","ECR","standard","simple","logcor",NA
"2954","14","4","STAN","ECR","standard","simple","logcor",NA
"2955","15","4","STAN","ECR","standard","simple","logcor",NA
"2956","16","4","STAN","ECR","standard","simple","logcor",NA
"2957","17","4","STAN","ECR","standard","simple","logcor",NA
"2958","18","4","STAN","ECR","standard","simple","logcor",NA
"2959","19","4","STAN","ECR","standard","simple","logcor",NA
"2960","20","4","STAN","ECR","standard","simple","logcor",NA
"2961","1","5","STAN","ECR","standard","simple","logcor",NA
"2962","2","5","STAN","ECR","standard","simple","logcor",NA
"2963","3","5","STAN","ECR","standard","simple","logcor",NA
"2964","4","5","STAN","ECR","standard","simple","logcor",NA
"2965","5","5","STAN","ECR","standard","simple","logcor",NA
"2966","6","5","STAN","ECR","standard","simple","logcor",NA
"2967","7","5","STAN","ECR","standard","simple","logcor",NA
"2968","8","5","STAN","ECR","standard","simple","logcor",NA
"2969","9","5","STAN","ECR","standard","simple","logcor",NA
"2970","10","5","STAN","ECR","standard","simple","logcor",NA
"2971","11","5","STAN","ECR","standard","simple","logcor",NA
"2972","12","5","STAN","ECR","standard","simple","logcor",NA
"2973","13","5","STAN","ECR","standard","simple","logcor",NA
"2974","14","5","STAN","ECR","standard","simple","logcor",NA
"2975","15","5","STAN","ECR","standard","simple","logcor",NA
"2976","16","5","STAN","ECR","standard","simple","logcor",NA
"2977","17","5","STAN","ECR","standard","simple","logcor",NA
"2978","18","5","STAN","ECR","standard","simple","logcor",NA
"2979","19","5","STAN","ECR","standard","simple","logcor",NA
"2980","20","5","STAN","ECR","standard","simple","logcor",NA
"2981","1","6","STAN","ECR","standard","simple","logcor",NA
"2982","2","6","STAN","ECR","standard","simple","logcor",NA
"2983","3","6","STAN","ECR","standard","simple","logcor",NA
"2984","4","6","STAN","ECR","standard","simple","logcor",NA
"2985","5","6","STAN","ECR","standard","simple","logcor",NA
"2986","6","6","STAN","ECR","standard","simple","logcor",NA
"2987","7","6","STAN","ECR","standard","simple","logcor",NA
"2988","8","6","STAN","ECR","standard","simple","logcor",NA
"2989","9","6","STAN","ECR","standard","simple","logcor",NA
"2990","10","6","STAN","ECR","standard","simple","logcor",NA
"2991","11","6","STAN","ECR","standard","simple","logcor",NA
"2992","12","6","STAN","ECR","standard","simple","logcor",NA
"2993","13","6","STAN","ECR","standard","simple","logcor",NA
"2994","14","6","STAN","ECR","standard","simple","logcor",NA
"2995","15","6","STAN","ECR","standard","simple","logcor",NA
"2996","16","6","STAN","ECR","standard","simple","logcor",NA
"2997","17","6","STAN","ECR","standard","simple","logcor",NA
"2998","18","6","STAN","ECR","standard","simple","logcor",NA
"2999","19","6","STAN","ECR","standard","simple","logcor",NA
"3000","20","6","STAN","ECR","standard","simple","logcor",NA
"3001","1","2","JAGS","STEPHENS","standard","simple","logcor","-0.965218405497579"
"3002","2","2","JAGS","STEPHENS","standard","simple","logcor","-0.998585974600985"
"3003","3","2","JAGS","STEPHENS","standard","simple","logcor","-0.921554561549254"
"3004","4","2","JAGS","STEPHENS","standard","simple","logcor","-0.928869514081015"
"3005","5","2","JAGS","STEPHENS","standard","simple","logcor","-0.952954716245746"
"3006","6","2","JAGS","STEPHENS","standard","simple","logcor","-0.912796842619899"
"3007","7","2","JAGS","STEPHENS","standard","simple","logcor","-0.933945667112876"
"3008","8","2","JAGS","STEPHENS","standard","simple","logcor","-0.970219073899711"
"3009","9","2","JAGS","STEPHENS","standard","simple","logcor","-0.963906585815818"
"3010","10","2","JAGS","STEPHENS","standard","simple","logcor","-0.969427830287284"
"3011","11","2","JAGS","STEPHENS","standard","simple","logcor","-0.968637212246364"
"3012","12","2","JAGS","STEPHENS","standard","simple","logcor","-0.967584026261706"
"3013","13","2","JAGS","STEPHENS","standard","simple","logcor","-0.974979728222835"
"3014","14","2","JAGS","STEPHENS","standard","simple","logcor","-0.931912112777112"
"3015","15","2","JAGS","STEPHENS","standard","simple","logcor","-0.917291232207739"
"3016","16","2","JAGS","STEPHENS","standard","simple","logcor","-0.942634707213757"
"3017","17","2","JAGS","STEPHENS","standard","simple","logcor","-0.981896488972149"
"3018","18","2","JAGS","STEPHENS","standard","simple","logcor","-0.955031560190586"
"3019","19","2","JAGS","STEPHENS","standard","simple","logcor","-0.958937306595628"
"3020","20","2","JAGS","STEPHENS","standard","simple","logcor","-0.980829253011726"
"3021","1","3","JAGS","STEPHENS","standard","simple","logcor","-2.21640739675299"
"3022","2","3","JAGS","STEPHENS","standard","simple","logcor","-2.23026443141442"
"3023","3","3","JAGS","STEPHENS","standard","simple","logcor","-1.93516805252341"
"3024","4","3","JAGS","STEPHENS","standard","simple","logcor","-2.21274438899426"
"3025","5","3","JAGS","STEPHENS","standard","simple","logcor","-1.76609172247948"
"3026","6","3","JAGS","STEPHENS","standard","simple","logcor","-2.00619107994024"
"3027","7","3","JAGS","STEPHENS","standard","simple","logcor","-2.1345315079978"
"3028","8","3","JAGS","STEPHENS","standard","simple","logcor","-1.6486986263874"
"3029","9","3","JAGS","STEPHENS","standard","simple","logcor","-2.01140913128801"
"3030","10","3","JAGS","STEPHENS","standard","simple","logcor","-1.85982420014218"
"3031","11","3","JAGS","STEPHENS","standard","simple","logcor","-1.83445822376117"
"3032","12","3","JAGS","STEPHENS","standard","simple","logcor","-2.048718369037"
"3033","13","3","JAGS","STEPHENS","standard","simple","logcor","-2.68971924441749"
"3034","14","3","JAGS","STEPHENS","standard","simple","logcor","-1.7649228152745"
"3035","15","3","JAGS","STEPHENS","standard","simple","logcor","-2.73799407747528"
"3036","16","3","JAGS","STEPHENS","standard","simple","logcor","-1.96539882563918"
"3037","17","3","JAGS","STEPHENS","standard","simple","logcor","-1.77667383181001"
"3038","18","3","JAGS","STEPHENS","standard","simple","logcor","-1.71925277844131"
"3039","19","3","JAGS","STEPHENS","standard","simple","logcor","-1.96397229187372"
"3040","20","3","JAGS","STEPHENS","standard","simple","logcor","-1.68577914569082"
"3041","1","4","JAGS","STEPHENS","standard","simple","logcor","-6.21460809842219"
"3042","2","4","JAGS","STEPHENS","standard","simple","logcor","-5.84304454198971"
"3043","3","4","JAGS","STEPHENS","standard","simple","logcor","-6.90775527898214"
"3044","4","4","JAGS","STEPHENS","standard","simple","logcor","-5.5727542122498"
"3045","5","4","JAGS","STEPHENS","standard","simple","logcor","-5.5727542122498"
"3046","6","4","JAGS","STEPHENS","standard","simple","logcor","-5.18498868124103"
"3047","7","4","JAGS","STEPHENS","standard","simple","logcor","-5.29831736654804"
"3048","8","4","JAGS","STEPHENS","standard","simple","logcor","-6.31996861408002"
"3049","9","4","JAGS","STEPHENS","standard","simple","logcor","-6.37712702791997"
"3050","10","4","JAGS","STEPHENS","standard","simple","logcor","-6.31996861408002"
"3051","11","4","JAGS","STEPHENS","standard","simple","logcor","-5.22135632541191"
"3052","12","4","JAGS","STEPHENS","standard","simple","logcor","-4.71053070164592"
"3053","13","4","JAGS","STEPHENS","standard","simple","logcor","-5.11599580975408"
"3054","14","4","JAGS","STEPHENS","standard","simple","logcor","-5.29831736654804"
"3055","15","4","JAGS","STEPHENS","standard","simple","logcor","-6.07484615604703"
"3056","16","4","JAGS","STEPHENS","standard","simple","logcor","-5.09946650780287"
"3057","17","4","JAGS","STEPHENS","standard","simple","logcor","-6.07484615604703"
"3058","18","4","JAGS","STEPHENS","standard","simple","logcor","-5.91450350597185"
"3059","19","4","JAGS","STEPHENS","standard","simple","logcor","-6.57128304236092"
"3060","20","4","JAGS","STEPHENS","standard","simple","logcor","-6.4377516497364"
"3061","1","5","JAGS","STEPHENS","standard","simple","logcor","-8.51719319141624"
"3062","2","5","JAGS","STEPHENS","standard","simple","logcor","-7.13089883029635"
"3063","3","5","JAGS","STEPHENS","standard","simple","logcor","-3.72970144863419"
"3064","4","5","JAGS","STEPHENS","standard","simple","logcor","-9.21034037197618"
"3065","5","5","JAGS","STEPHENS","standard","simple","logcor","-7.60090245954208"
"3066","6","5","JAGS","STEPHENS","standard","simple","logcor","-7.82404601085629"
"3067","7","5","JAGS","STEPHENS","standard","simple","logcor","-3.35813789220171"
"3068","8","5","JAGS","STEPHENS","standard","simple","logcor","-7.82404601085629"
"3069","9","5","JAGS","STEPHENS","standard","simple","logcor","-9.21034037197618"
"3070","10","5","JAGS","STEPHENS","standard","simple","logcor","-9.21034037197618"
"3071","11","5","JAGS","STEPHENS","standard","simple","logcor","-7.82404601085629"
"3072","12","5","JAGS","STEPHENS","standard","simple","logcor","-8.11172808330807"
"3073","13","5","JAGS","STEPHENS","standard","simple","logcor","-9.21034037197618"
"3074","14","5","JAGS","STEPHENS","standard","simple","logcor","-3.44514926919134"
"3075","15","5","JAGS","STEPHENS","standard","simple","logcor","-8.51719319141624"
"3076","16","5","JAGS","STEPHENS","standard","simple","logcor","-9.21034037197618"
"3077","17","5","JAGS","STEPHENS","standard","simple","logcor","-9.21034037197618"
"3078","18","5","JAGS","STEPHENS","standard","simple","logcor","-9.21034037197618"
"3079","19","5","JAGS","STEPHENS","standard","simple","logcor","-7.13089883029635"
"3080","20","5","JAGS","STEPHENS","standard","simple","logcor","-8.11172808330807"
"3081","1","6","JAGS","STEPHENS","standard","simple","logcor","-7.60090245954208"
"3082","2","6","JAGS","STEPHENS","standard","simple","logcor","-7.01311579463996"
"3083","3","6","JAGS","STEPHENS","standard","simple","logcor","-8.51719319141624"
"3084","4","6","JAGS","STEPHENS","standard","simple","logcor","-3.15355635874756"
"3085","5","6","JAGS","STEPHENS","standard","simple","logcor","-3.52336501563636"
"3086","6","6","JAGS","STEPHENS","standard","simple","logcor","-9.21034037197618"
"3087","7","6","JAGS","STEPHENS","standard","simple","logcor","-8.11172808330807"
"3088","8","6","JAGS","STEPHENS","standard","simple","logcor","-7.26443022292087"
"3089","9","6","JAGS","STEPHENS","standard","simple","logcor","-3.44201937618241"
"3090","10","6","JAGS","STEPHENS","standard","simple","logcor","-8.11172808330807"
"3091","11","6","JAGS","STEPHENS","standard","simple","logcor","-9.21034037197618"
"3092","12","6","JAGS","STEPHENS","standard","simple","logcor","-3.33822258250077"
"3093","13","6","JAGS","STEPHENS","standard","simple","logcor","-9.21034037197618"
"3094","14","6","JAGS","STEPHENS","standard","simple","logcor","-2.63247901425514"
"3095","15","6","JAGS","STEPHENS","standard","simple","logcor","-9.21034037197618"
"3096","16","6","JAGS","STEPHENS","standard","simple","logcor","-2.13031387205359"
"3097","17","6","JAGS","STEPHENS","standard","simple","logcor","-8.11172808330807"
"3098","18","6","JAGS","STEPHENS","standard","simple","logcor","-3.02207624889359"
"3099","19","6","JAGS","STEPHENS","standard","simple","logcor","-8.51719319141624"
"3100","20","6","JAGS","STEPHENS","standard","simple","logcor","-9.21034037197618"
"3101","1","2","STAN","STEPHENS","standard","simple","logcor","-2.53577898016176"
"3102","2","2","STAN","STEPHENS","standard","simple","logcor","-2.19373068808196"
"3103","3","2","STAN","STEPHENS","standard","simple","logcor","-2.19462795148895"
"3104","4","2","STAN","STEPHENS","standard","simple","logcor","-2.19732458233655"
"3105","5","2","STAN","STEPHENS","standard","simple","logcor","-2.20818441757256"
"3106","6","2","STAN","STEPHENS","standard","simple","logcor","-0.945719542564967"
"3107","7","2","STAN","STEPHENS","standard","simple","logcor","-2.11361899348142"
"3108","8","2","STAN","STEPHENS","standard","simple","logcor","-0.911551977526982"
"3109","9","2","STAN","STEPHENS","standard","simple","logcor","-2.79360808946386"
"3110","10","2","STAN","STEPHENS","standard","simple","logcor","-2.02343935156455"
"3111","11","2","STAN","STEPHENS","standard","simple","logcor","-0.416121688296693"
"3112","12","2","STAN","STEPHENS","standard","simple","logcor","-0.943918898991629"
"3113","13","2","STAN","STEPHENS","standard","simple","logcor","-4.66704558970618"
"3114","14","2","STAN","STEPHENS","standard","simple","logcor","-2.3816283003345"
"3115","15","2","STAN","STEPHENS","standard","simple","logcor","-2.45923890303942"
"3116","16","2","STAN","STEPHENS","standard","simple","logcor","-0.770892529184798"
"3117","17","2","STAN","STEPHENS","standard","simple","logcor","-0.427864103051643"
"3118","18","2","STAN","STEPHENS","standard","simple","logcor","-0.956852343630278"
"3119","19","2","STAN","STEPHENS","standard","simple","logcor","-2.45806999583444"
"3120","20","2","STAN","STEPHENS","standard","simple","logcor","-0.995875211216997"
"3121","1","3","STAN","STEPHENS","standard","simple","logcor","-1.77019369131349"
"3122","2","3","STAN","STEPHENS","standard","simple","logcor","-2.2018351898939"
"3123","3","3","STAN","STEPHENS","standard","simple","logcor","-2.17068002211411"
"3124","4","3","STAN","STEPHENS","standard","simple","logcor","-2.00174003401598"
"3125","5","3","STAN","STEPHENS","standard","simple","logcor","-2.03638205221939"
"3126","6","3","STAN","STEPHENS","standard","simple","logcor","-2.45573627248822"
"3127","7","3","STAN","STEPHENS","standard","simple","logcor","-1.84896494299883"
"3128","8","3","STAN","STEPHENS","standard","simple","logcor","-1.81033085481349"
"3129","9","3","STAN","STEPHENS","standard","simple","logcor","-2.0272286702329"
"3130","10","3","STAN","STEPHENS","standard","simple","logcor","-1.9125720894448"
"3131","11","3","STAN","STEPHENS","standard","simple","logcor","-2.07465302494804"
"3132","12","3","STAN","STEPHENS","standard","simple","logcor","-2.26240330336121"
"3133","13","3","STAN","STEPHENS","standard","simple","logcor","-1.82201251239908"
"3134","14","3","STAN","STEPHENS","standard","simple","logcor","-1.99804590347584"
"3135","15","3","STAN","STEPHENS","standard","simple","logcor","-1.94281494414801"
"3136","16","3","STAN","STEPHENS","standard","simple","logcor","-2.26721794915675"
"3137","17","3","STAN","STEPHENS","standard","simple","logcor","-1.70319929224857"
"3138","18","3","STAN","STEPHENS","standard","simple","logcor","-2.06830379726938"
"3139","19","3","STAN","STEPHENS","standard","simple","logcor","-1.91800319580231"
"3140","20","3","STAN","STEPHENS","standard","simple","logcor","-1.91664265137475"
"3141","1","4","STAN","STEPHENS","standard","simple","logcor","-6.31996861408002"
"3142","2","4","STAN","STEPHENS","standard","simple","logcor","-7.01311579463996"
"3143","3","4","STAN","STEPHENS","standard","simple","logcor","-6.07484615604703"
"3144","4","4","STAN","STEPHENS","standard","simple","logcor","-7.13089883029635"
"3145","5","4","STAN","STEPHENS","standard","simple","logcor","-5.5727542122498"
"3146","6","4","STAN","STEPHENS","standard","simple","logcor","-6.81244509917781"
"3147","7","4","STAN","STEPHENS","standard","simple","logcor","-6.26590139280974"
"3148","8","4","STAN","STEPHENS","standard","simple","logcor","-6.4377516497364"
"3149","9","4","STAN","STEPHENS","standard","simple","logcor","-7.13089883029635"
"3150","10","4","STAN","STEPHENS","standard","simple","logcor","-6.21460809842219"
"3151","11","4","STAN","STEPHENS","standard","simple","logcor","-5.65499231048677"
"3152","12","4","STAN","STEPHENS","standard","simple","logcor","-6.4377516497364"
"3153","13","4","STAN","STEPHENS","standard","simple","logcor","-6.50229017087397"
"3154","14","4","STAN","STEPHENS","standard","simple","logcor","-7.60090245954208"
"3155","15","4","STAN","STEPHENS","standard","simple","logcor","-6.72543372218818"
"3156","16","4","STAN","STEPHENS","standard","simple","logcor","-5.74460446917646"
"3157","17","4","STAN","STEPHENS","standard","simple","logcor","-6.31996861408002"
"3158","18","4","STAN","STEPHENS","standard","simple","logcor","-5.87813586180098"
"3159","19","4","STAN","STEPHENS","standard","simple","logcor","-6.16581793425276"
"3160","20","4","STAN","STEPHENS","standard","simple","logcor","-6.57128304236092"
"3161","1","5","STAN","STEPHENS","standard","simple","logcor","-9.21034037197618"
"3162","2","5","STAN","STEPHENS","standard","simple","logcor","-8.51719319141624"
"3163","3","5","STAN","STEPHENS","standard","simple","logcor","-8.11172808330807"
"3164","4","5","STAN","STEPHENS","standard","simple","logcor","-9.21034037197618"
"3165","5","5","STAN","STEPHENS","standard","simple","logcor","-8.11172808330807"
"3166","6","5","STAN","STEPHENS","standard","simple","logcor","-8.51719319141624"
"3167","7","5","STAN","STEPHENS","standard","simple","logcor","-8.51719319141624"
"3168","8","5","STAN","STEPHENS","standard","simple","logcor","-8.51719319141624"
"3169","9","5","STAN","STEPHENS","standard","simple","logcor","-8.11172808330807"
"3170","10","5","STAN","STEPHENS","standard","simple","logcor","-9.21034037197618"
"3171","11","5","STAN","STEPHENS","standard","simple","logcor","-9.21034037197618"
"3172","12","5","STAN","STEPHENS","standard","simple","logcor","-9.21034037197618"
"3173","13","5","STAN","STEPHENS","standard","simple","logcor","-7.82404601085629"
"3174","14","5","STAN","STEPHENS","standard","simple","logcor","-7.60090245954208"
"3175","15","5","STAN","STEPHENS","standard","simple","logcor","-8.51719319141624"
"3176","16","5","STAN","STEPHENS","standard","simple","logcor","-8.51719319141624"
"3177","17","5","STAN","STEPHENS","standard","simple","logcor","-9.21034037197618"
"3178","18","5","STAN","STEPHENS","standard","simple","logcor","-8.51719319141624"
"3179","19","5","STAN","STEPHENS","standard","simple","logcor","-9.21034037197618"
"3180","20","5","STAN","STEPHENS","standard","simple","logcor","-3.07477548089444"
"3181","1","6","STAN","STEPHENS","standard","simple","logcor","-9.21034037197618"
"3182","2","6","STAN","STEPHENS","standard","simple","logcor","-9.21034037197618"
"3183","3","6","STAN","STEPHENS","standard","simple","logcor","-8.51719319141624"
"3184","4","6","STAN","STEPHENS","standard","simple","logcor","-8.51719319141624"
"3185","5","6","STAN","STEPHENS","standard","simple","logcor","-2.69119308403579"
"3186","6","6","STAN","STEPHENS","standard","simple","logcor","-3.07694232897953"
"3187","7","6","STAN","STEPHENS","standard","simple","logcor","-3.31869616015041"
"3188","8","6","STAN","STEPHENS","standard","simple","logcor","-3.4673371841667"
"3189","9","6","STAN","STEPHENS","standard","simple","logcor","-9.21034037197618"
"3190","10","6","STAN","STEPHENS","standard","simple","logcor","-9.21034037197618"
"3191","11","6","STAN","STEPHENS","standard","simple","logcor","-9.21034037197618"
"3192","12","6","STAN","STEPHENS","standard","simple","logcor","-2.88061946645349"
"3193","13","6","STAN","STEPHENS","standard","simple","logcor","-8.51719319141624"
"3194","14","6","STAN","STEPHENS","standard","simple","logcor","-9.21034037197618"
"3195","15","6","STAN","STEPHENS","standard","simple","logcor","-3.48024058900261"
"3196","16","6","STAN","STEPHENS","standard","simple","logcor","-9.21034037197618"
"3197","17","6","STAN","STEPHENS","standard","simple","logcor","-8.51719319141624"
"3198","18","6","STAN","STEPHENS","standard","simple","logcor","-8.51719319141624"
"3199","19","6","STAN","STEPHENS","standard","simple","logcor","-9.21034037197618"
"3200","20","6","STAN","STEPHENS","standard","simple","logcor","-9.21034037197618"
"3201","1","2","JAGS","ECR","standard","permutations","permlen","2"
"3202","2","2","JAGS","ECR","standard","permutations","permlen","2"
"3203","3","2","JAGS","ECR","standard","permutations","permlen","2"
"3204","4","2","JAGS","ECR","standard","permutations","permlen","2"
"3205","5","2","JAGS","ECR","standard","permutations","permlen","2"
"3206","6","2","JAGS","ECR","standard","permutations","permlen","2"
"3207","7","2","JAGS","ECR","standard","permutations","permlen","2"
"3208","8","2","JAGS","ECR","standard","permutations","permlen","2"
"3209","9","2","JAGS","ECR","standard","permutations","permlen","2"
"3210","10","2","JAGS","ECR","standard","permutations","permlen","2"
"3211","11","2","JAGS","ECR","standard","permutations","permlen","2"
"3212","12","2","JAGS","ECR","standard","permutations","permlen","2"
"3213","13","2","JAGS","ECR","standard","permutations","permlen","2"
"3214","14","2","JAGS","ECR","standard","permutations","permlen","2"
"3215","15","2","JAGS","ECR","standard","permutations","permlen","2"
"3216","16","2","JAGS","ECR","standard","permutations","permlen","2"
"3217","17","2","JAGS","ECR","standard","permutations","permlen","2"
"3218","18","2","JAGS","ECR","standard","permutations","permlen","2"
"3219","19","2","JAGS","ECR","standard","permutations","permlen","2"
"3220","20","2","JAGS","ECR","standard","permutations","permlen","2"
"3221","1","3","JAGS","ECR","standard","permutations","permlen","6"
"3222","2","3","JAGS","ECR","standard","permutations","permlen","6"
"3223","3","3","JAGS","ECR","standard","permutations","permlen","6"
"3224","4","3","JAGS","ECR","standard","permutations","permlen","6"
"3225","5","3","JAGS","ECR","standard","permutations","permlen","6"
"3226","6","3","JAGS","ECR","standard","permutations","permlen","6"
"3227","7","3","JAGS","ECR","standard","permutations","permlen","6"
"3228","8","3","JAGS","ECR","standard","permutations","permlen","6"
"3229","9","3","JAGS","ECR","standard","permutations","permlen","6"
"3230","10","3","JAGS","ECR","standard","permutations","permlen","6"
"3231","11","3","JAGS","ECR","standard","permutations","permlen","6"
"3232","12","3","JAGS","ECR","standard","permutations","permlen","6"
"3233","13","3","JAGS","ECR","standard","permutations","permlen","6"
"3234","14","3","JAGS","ECR","standard","permutations","permlen","6"
"3235","15","3","JAGS","ECR","standard","permutations","permlen","6"
"3236","16","3","JAGS","ECR","standard","permutations","permlen","6"
"3237","17","3","JAGS","ECR","standard","permutations","permlen","6"
"3238","18","3","JAGS","ECR","standard","permutations","permlen","6"
"3239","19","3","JAGS","ECR","standard","permutations","permlen","6"
"3240","20","3","JAGS","ECR","standard","permutations","permlen","6"
"3241","1","4","JAGS","ECR","standard","permutations","permlen","24"
"3242","2","4","JAGS","ECR","standard","permutations","permlen","24"
"3243","3","4","JAGS","ECR","standard","permutations","permlen","24"
"3244","4","4","JAGS","ECR","standard","permutations","permlen","24"
"3245","5","4","JAGS","ECR","standard","permutations","permlen","24"
"3246","6","4","JAGS","ECR","standard","permutations","permlen","24"
"3247","7","4","JAGS","ECR","standard","permutations","permlen","24"
"3248","8","4","JAGS","ECR","standard","permutations","permlen","24"
"3249","9","4","JAGS","ECR","standard","permutations","permlen","24"
"3250","10","4","JAGS","ECR","standard","permutations","permlen","24"
"3251","11","4","JAGS","ECR","standard","permutations","permlen","24"
"3252","12","4","JAGS","ECR","standard","permutations","permlen","24"
"3253","13","4","JAGS","ECR","standard","permutations","permlen","24"
"3254","14","4","JAGS","ECR","standard","permutations","permlen","24"
"3255","15","4","JAGS","ECR","standard","permutations","permlen","24"
"3256","16","4","JAGS","ECR","standard","permutations","permlen","24"
"3257","17","4","JAGS","ECR","standard","permutations","permlen","24"
"3258","18","4","JAGS","ECR","standard","permutations","permlen","24"
"3259","19","4","JAGS","ECR","standard","permutations","permlen","24"
"3260","20","4","JAGS","ECR","standard","permutations","permlen","24"
"3261","1","5","JAGS","ECR","standard","permutations","permlen","120"
"3262","2","5","JAGS","ECR","standard","permutations","permlen","120"
"3263","3","5","JAGS","ECR","standard","permutations","permlen","120"
"3264","4","5","JAGS","ECR","standard","permutations","permlen","120"
"3265","5","5","JAGS","ECR","standard","permutations","permlen","120"
"3266","6","5","JAGS","ECR","standard","permutations","permlen","120"
"3267","7","5","JAGS","ECR","standard","permutations","permlen","120"
"3268","8","5","JAGS","ECR","standard","permutations","permlen","120"
"3269","9","5","JAGS","ECR","standard","permutations","permlen","120"
"3270","10","5","JAGS","ECR","standard","permutations","permlen","120"
"3271","11","5","JAGS","ECR","standard","permutations","permlen","120"
"3272","12","5","JAGS","ECR","standard","permutations","permlen","120"
"3273","13","5","JAGS","ECR","standard","permutations","permlen","120"
"3274","14","5","JAGS","ECR","standard","permutations","permlen","120"
"3275","15","5","JAGS","ECR","standard","permutations","permlen","120"
"3276","16","5","JAGS","ECR","standard","permutations","permlen","120"
"3277","17","5","JAGS","ECR","standard","permutations","permlen","120"
"3278","18","5","JAGS","ECR","standard","permutations","permlen","120"
"3279","19","5","JAGS","ECR","standard","permutations","permlen","120"
"3280","20","5","JAGS","ECR","standard","permutations","permlen","120"
"3281","1","6","JAGS","ECR","standard","permutations","permlen","720"
"3282","2","6","JAGS","ECR","standard","permutations","permlen","720"
"3283","3","6","JAGS","ECR","standard","permutations","permlen","720"
"3284","4","6","JAGS","ECR","standard","permutations","permlen","720"
"3285","5","6","JAGS","ECR","standard","permutations","permlen","720"
"3286","6","6","JAGS","ECR","standard","permutations","permlen","720"
"3287","7","6","JAGS","ECR","standard","permutations","permlen","720"
"3288","8","6","JAGS","ECR","standard","permutations","permlen","720"
"3289","9","6","JAGS","ECR","standard","permutations","permlen","720"
"3290","10","6","JAGS","ECR","standard","permutations","permlen","720"
"3291","11","6","JAGS","ECR","standard","permutations","permlen","720"
"3292","12","6","JAGS","ECR","standard","permutations","permlen","720"
"3293","13","6","JAGS","ECR","standard","permutations","permlen","720"
"3294","14","6","JAGS","ECR","standard","permutations","permlen","720"
"3295","15","6","JAGS","ECR","standard","permutations","permlen","720"
"3296","16","6","JAGS","ECR","standard","permutations","permlen","720"
"3297","17","6","JAGS","ECR","standard","permutations","permlen","720"
"3298","18","6","JAGS","ECR","standard","permutations","permlen","720"
"3299","19","6","JAGS","ECR","standard","permutations","permlen","720"
"3300","20","6","JAGS","ECR","standard","permutations","permlen","720"
"3301","1","2","STAN","ECR","standard","permutations","permlen",NA
"3302","2","2","STAN","ECR","standard","permutations","permlen",NA
"3303","3","2","STAN","ECR","standard","permutations","permlen",NA
"3304","4","2","STAN","ECR","standard","permutations","permlen",NA
"3305","5","2","STAN","ECR","standard","permutations","permlen",NA
"3306","6","2","STAN","ECR","standard","permutations","permlen",NA
"3307","7","2","STAN","ECR","standard","permutations","permlen",NA
"3308","8","2","STAN","ECR","standard","permutations","permlen",NA
"3309","9","2","STAN","ECR","standard","permutations","permlen",NA
"3310","10","2","STAN","ECR","standard","permutations","permlen",NA
"3311","11","2","STAN","ECR","standard","permutations","permlen",NA
"3312","12","2","STAN","ECR","standard","permutations","permlen",NA
"3313","13","2","STAN","ECR","standard","permutations","permlen",NA
"3314","14","2","STAN","ECR","standard","permutations","permlen",NA
"3315","15","2","STAN","ECR","standard","permutations","permlen",NA
"3316","16","2","STAN","ECR","standard","permutations","permlen",NA
"3317","17","2","STAN","ECR","standard","permutations","permlen",NA
"3318","18","2","STAN","ECR","standard","permutations","permlen",NA
"3319","19","2","STAN","ECR","standard","permutations","permlen",NA
"3320","20","2","STAN","ECR","standard","permutations","permlen",NA
"3321","1","3","STAN","ECR","standard","permutations","permlen",NA
"3322","2","3","STAN","ECR","standard","permutations","permlen",NA
"3323","3","3","STAN","ECR","standard","permutations","permlen",NA
"3324","4","3","STAN","ECR","standard","permutations","permlen",NA
"3325","5","3","STAN","ECR","standard","permutations","permlen",NA
"3326","6","3","STAN","ECR","standard","permutations","permlen",NA
"3327","7","3","STAN","ECR","standard","permutations","permlen",NA
"3328","8","3","STAN","ECR","standard","permutations","permlen",NA
"3329","9","3","STAN","ECR","standard","permutations","permlen",NA
"3330","10","3","STAN","ECR","standard","permutations","permlen",NA
"3331","11","3","STAN","ECR","standard","permutations","permlen",NA
"3332","12","3","STAN","ECR","standard","permutations","permlen",NA
"3333","13","3","STAN","ECR","standard","permutations","permlen",NA
"3334","14","3","STAN","ECR","standard","permutations","permlen",NA
"3335","15","3","STAN","ECR","standard","permutations","permlen",NA
"3336","16","3","STAN","ECR","standard","permutations","permlen",NA
"3337","17","3","STAN","ECR","standard","permutations","permlen",NA
"3338","18","3","STAN","ECR","standard","permutations","permlen",NA
"3339","19","3","STAN","ECR","standard","permutations","permlen",NA
"3340","20","3","STAN","ECR","standard","permutations","permlen",NA
"3341","1","4","STAN","ECR","standard","permutations","permlen",NA
"3342","2","4","STAN","ECR","standard","permutations","permlen",NA
"3343","3","4","STAN","ECR","standard","permutations","permlen",NA
"3344","4","4","STAN","ECR","standard","permutations","permlen",NA
"3345","5","4","STAN","ECR","standard","permutations","permlen",NA
"3346","6","4","STAN","ECR","standard","permutations","permlen",NA
"3347","7","4","STAN","ECR","standard","permutations","permlen",NA
"3348","8","4","STAN","ECR","standard","permutations","permlen",NA
"3349","9","4","STAN","ECR","standard","permutations","permlen",NA
"3350","10","4","STAN","ECR","standard","permutations","permlen",NA
"3351","11","4","STAN","ECR","standard","permutations","permlen",NA
"3352","12","4","STAN","ECR","standard","permutations","permlen",NA
"3353","13","4","STAN","ECR","standard","permutations","permlen",NA
"3354","14","4","STAN","ECR","standard","permutations","permlen",NA
"3355","15","4","STAN","ECR","standard","permutations","permlen",NA
"3356","16","4","STAN","ECR","standard","permutations","permlen",NA
"3357","17","4","STAN","ECR","standard","permutations","permlen",NA
"3358","18","4","STAN","ECR","standard","permutations","permlen",NA
"3359","19","4","STAN","ECR","standard","permutations","permlen",NA
"3360","20","4","STAN","ECR","standard","permutations","permlen",NA
"3361","1","5","STAN","ECR","standard","permutations","permlen",NA
"3362","2","5","STAN","ECR","standard","permutations","permlen",NA
"3363","3","5","STAN","ECR","standard","permutations","permlen",NA
"3364","4","5","STAN","ECR","standard","permutations","permlen",NA
"3365","5","5","STAN","ECR","standard","permutations","permlen",NA
"3366","6","5","STAN","ECR","standard","permutations","permlen",NA
"3367","7","5","STAN","ECR","standard","permutations","permlen",NA
"3368","8","5","STAN","ECR","standard","permutations","permlen",NA
"3369","9","5","STAN","ECR","standard","permutations","permlen",NA
"3370","10","5","STAN","ECR","standard","permutations","permlen",NA
"3371","11","5","STAN","ECR","standard","permutations","permlen",NA
"3372","12","5","STAN","ECR","standard","permutations","permlen",NA
"3373","13","5","STAN","ECR","standard","permutations","permlen",NA
"3374","14","5","STAN","ECR","standard","permutations","permlen",NA
"3375","15","5","STAN","ECR","standard","permutations","permlen",NA
"3376","16","5","STAN","ECR","standard","permutations","permlen",NA
"3377","17","5","STAN","ECR","standard","permutations","permlen",NA
"3378","18","5","STAN","ECR","standard","permutations","permlen",NA
"3379","19","5","STAN","ECR","standard","permutations","permlen",NA
"3380","20","5","STAN","ECR","standard","permutations","permlen",NA
"3381","1","6","STAN","ECR","standard","permutations","permlen",NA
"3382","2","6","STAN","ECR","standard","permutations","permlen",NA
"3383","3","6","STAN","ECR","standard","permutations","permlen",NA
"3384","4","6","STAN","ECR","standard","permutations","permlen",NA
"3385","5","6","STAN","ECR","standard","permutations","permlen",NA
"3386","6","6","STAN","ECR","standard","permutations","permlen",NA
"3387","7","6","STAN","ECR","standard","permutations","permlen",NA
"3388","8","6","STAN","ECR","standard","permutations","permlen",NA
"3389","9","6","STAN","ECR","standard","permutations","permlen",NA
"3390","10","6","STAN","ECR","standard","permutations","permlen",NA
"3391","11","6","STAN","ECR","standard","permutations","permlen",NA
"3392","12","6","STAN","ECR","standard","permutations","permlen",NA
"3393","13","6","STAN","ECR","standard","permutations","permlen",NA
"3394","14","6","STAN","ECR","standard","permutations","permlen",NA
"3395","15","6","STAN","ECR","standard","permutations","permlen",NA
"3396","16","6","STAN","ECR","standard","permutations","permlen",NA
"3397","17","6","STAN","ECR","standard","permutations","permlen",NA
"3398","18","6","STAN","ECR","standard","permutations","permlen",NA
"3399","19","6","STAN","ECR","standard","permutations","permlen",NA
"3400","20","6","STAN","ECR","standard","permutations","permlen",NA
"3401","1","2","JAGS","STEPHENS","standard","permutations","permlen","2"
"3402","2","2","JAGS","STEPHENS","standard","permutations","permlen","2"
"3403","3","2","JAGS","STEPHENS","standard","permutations","permlen","2"
"3404","4","2","JAGS","STEPHENS","standard","permutations","permlen","2"
"3405","5","2","JAGS","STEPHENS","standard","permutations","permlen","2"
"3406","6","2","JAGS","STEPHENS","standard","permutations","permlen","2"
"3407","7","2","JAGS","STEPHENS","standard","permutations","permlen","2"
"3408","8","2","JAGS","STEPHENS","standard","permutations","permlen","2"
"3409","9","2","JAGS","STEPHENS","standard","permutations","permlen","2"
"3410","10","2","JAGS","STEPHENS","standard","permutations","permlen","2"
"3411","11","2","JAGS","STEPHENS","standard","permutations","permlen","2"
"3412","12","2","JAGS","STEPHENS","standard","permutations","permlen","2"
"3413","13","2","JAGS","STEPHENS","standard","permutations","permlen","2"
"3414","14","2","JAGS","STEPHENS","standard","permutations","permlen","2"
"3415","15","2","JAGS","STEPHENS","standard","permutations","permlen","2"
"3416","16","2","JAGS","STEPHENS","standard","permutations","permlen","2"
"3417","17","2","JAGS","STEPHENS","standard","permutations","permlen","2"
"3418","18","2","JAGS","STEPHENS","standard","permutations","permlen","2"
"3419","19","2","JAGS","STEPHENS","standard","permutations","permlen","2"
"3420","20","2","JAGS","STEPHENS","standard","permutations","permlen","2"
"3421","1","3","JAGS","STEPHENS","standard","permutations","permlen","6"
"3422","2","3","JAGS","STEPHENS","standard","permutations","permlen","6"
"3423","3","3","JAGS","STEPHENS","standard","permutations","permlen","6"
"3424","4","3","JAGS","STEPHENS","standard","permutations","permlen","6"
"3425","5","3","JAGS","STEPHENS","standard","permutations","permlen","6"
"3426","6","3","JAGS","STEPHENS","standard","permutations","permlen","6"
"3427","7","3","JAGS","STEPHENS","standard","permutations","permlen","6"
"3428","8","3","JAGS","STEPHENS","standard","permutations","permlen","6"
"3429","9","3","JAGS","STEPHENS","standard","permutations","permlen","6"
"3430","10","3","JAGS","STEPHENS","standard","permutations","permlen","6"
"3431","11","3","JAGS","STEPHENS","standard","permutations","permlen","6"
"3432","12","3","JAGS","STEPHENS","standard","permutations","permlen","6"
"3433","13","3","JAGS","STEPHENS","standard","permutations","permlen","6"
"3434","14","3","JAGS","STEPHENS","standard","permutations","permlen","6"
"3435","15","3","JAGS","STEPHENS","standard","permutations","permlen","6"
"3436","16","3","JAGS","STEPHENS","standard","permutations","permlen","6"
"3437","17","3","JAGS","STEPHENS","standard","permutations","permlen","6"
"3438","18","3","JAGS","STEPHENS","standard","permutations","permlen","6"
"3439","19","3","JAGS","STEPHENS","standard","permutations","permlen","6"
"3440","20","3","JAGS","STEPHENS","standard","permutations","permlen","6"
"3441","1","4","JAGS","STEPHENS","standard","permutations","permlen","24"
"3442","2","4","JAGS","STEPHENS","standard","permutations","permlen","24"
"3443","3","4","JAGS","STEPHENS","standard","permutations","permlen","24"
"3444","4","4","JAGS","STEPHENS","standard","permutations","permlen","24"
"3445","5","4","JAGS","STEPHENS","standard","permutations","permlen","24"
"3446","6","4","JAGS","STEPHENS","standard","permutations","permlen","24"
"3447","7","4","JAGS","STEPHENS","standard","permutations","permlen","24"
"3448","8","4","JAGS","STEPHENS","standard","permutations","permlen","24"
"3449","9","4","JAGS","STEPHENS","standard","permutations","permlen","24"
"3450","10","4","JAGS","STEPHENS","standard","permutations","permlen","24"
"3451","11","4","JAGS","STEPHENS","standard","permutations","permlen","24"
"3452","12","4","JAGS","STEPHENS","standard","permutations","permlen","24"
"3453","13","4","JAGS","STEPHENS","standard","permutations","permlen","24"
"3454","14","4","JAGS","STEPHENS","standard","permutations","permlen","24"
"3455","15","4","JAGS","STEPHENS","standard","permutations","permlen","24"
"3456","16","4","JAGS","STEPHENS","standard","permutations","permlen","24"
"3457","17","4","JAGS","STEPHENS","standard","permutations","permlen","24"
"3458","18","4","JAGS","STEPHENS","standard","permutations","permlen","24"
"3459","19","4","JAGS","STEPHENS","standard","permutations","permlen","24"
"3460","20","4","JAGS","STEPHENS","standard","permutations","permlen","24"
"3461","1","5","JAGS","STEPHENS","standard","permutations","permlen","120"
"3462","2","5","JAGS","STEPHENS","standard","permutations","permlen","120"
"3463","3","5","JAGS","STEPHENS","standard","permutations","permlen","120"
"3464","4","5","JAGS","STEPHENS","standard","permutations","permlen","120"
"3465","5","5","JAGS","STEPHENS","standard","permutations","permlen","120"
"3466","6","5","JAGS","STEPHENS","standard","permutations","permlen","120"
"3467","7","5","JAGS","STEPHENS","standard","permutations","permlen","120"
"3468","8","5","JAGS","STEPHENS","standard","permutations","permlen","120"
"3469","9","5","JAGS","STEPHENS","standard","permutations","permlen","120"
"3470","10","5","JAGS","STEPHENS","standard","permutations","permlen","120"
"3471","11","5","JAGS","STEPHENS","standard","permutations","permlen","120"
"3472","12","5","JAGS","STEPHENS","standard","permutations","permlen","120"
"3473","13","5","JAGS","STEPHENS","standard","permutations","permlen","120"
"3474","14","5","JAGS","STEPHENS","standard","permutations","permlen","120"
"3475","15","5","JAGS","STEPHENS","standard","permutations","permlen","120"
"3476","16","5","JAGS","STEPHENS","standard","permutations","permlen","120"
"3477","17","5","JAGS","STEPHENS","standard","permutations","permlen","120"
"3478","18","5","JAGS","STEPHENS","standard","permutations","permlen","120"
"3479","19","5","JAGS","STEPHENS","standard","permutations","permlen","120"
"3480","20","5","JAGS","STEPHENS","standard","permutations","permlen","120"
"3481","1","6","JAGS","STEPHENS","standard","permutations","permlen","720"
"3482","2","6","JAGS","STEPHENS","standard","permutations","permlen","720"
"3483","3","6","JAGS","STEPHENS","standard","permutations","permlen","720"
"3484","4","6","JAGS","STEPHENS","standard","permutations","permlen","720"
"3485","5","6","JAGS","STEPHENS","standard","permutations","permlen","720"
"3486","6","6","JAGS","STEPHENS","standard","permutations","permlen","720"
"3487","7","6","JAGS","STEPHENS","standard","permutations","permlen","720"
"3488","8","6","JAGS","STEPHENS","standard","permutations","permlen","720"
"3489","9","6","JAGS","STEPHENS","standard","permutations","permlen","720"
"3490","10","6","JAGS","STEPHENS","standard","permutations","permlen","720"
"3491","11","6","JAGS","STEPHENS","standard","permutations","permlen","720"
"3492","12","6","JAGS","STEPHENS","standard","permutations","permlen","720"
"3493","13","6","JAGS","STEPHENS","standard","permutations","permlen","720"
"3494","14","6","JAGS","STEPHENS","standard","permutations","permlen","720"
"3495","15","6","JAGS","STEPHENS","standard","permutations","permlen","720"
"3496","16","6","JAGS","STEPHENS","standard","permutations","permlen","720"
"3497","17","6","JAGS","STEPHENS","standard","permutations","permlen","720"
"3498","18","6","JAGS","STEPHENS","standard","permutations","permlen","720"
"3499","19","6","JAGS","STEPHENS","standard","permutations","permlen","720"
"3500","20","6","JAGS","STEPHENS","standard","permutations","permlen","720"
"3501","1","2","STAN","STEPHENS","standard","permutations","permlen","2"
"3502","2","2","STAN","STEPHENS","standard","permutations","permlen","2"
"3503","3","2","STAN","STEPHENS","standard","permutations","permlen","2"
"3504","4","2","STAN","STEPHENS","standard","permutations","permlen","2"
"3505","5","2","STAN","STEPHENS","standard","permutations","permlen","2"
"3506","6","2","STAN","STEPHENS","standard","permutations","permlen","2"
"3507","7","2","STAN","STEPHENS","standard","permutations","permlen","2"
"3508","8","2","STAN","STEPHENS","standard","permutations","permlen","2"
"3509","9","2","STAN","STEPHENS","standard","permutations","permlen","2"
"3510","10","2","STAN","STEPHENS","standard","permutations","permlen","2"
"3511","11","2","STAN","STEPHENS","standard","permutations","permlen","2"
"3512","12","2","STAN","STEPHENS","standard","permutations","permlen","2"
"3513","13","2","STAN","STEPHENS","standard","permutations","permlen","2"
"3514","14","2","STAN","STEPHENS","standard","permutations","permlen","2"
"3515","15","2","STAN","STEPHENS","standard","permutations","permlen","2"
"3516","16","2","STAN","STEPHENS","standard","permutations","permlen","2"
"3517","17","2","STAN","STEPHENS","standard","permutations","permlen","2"
"3518","18","2","STAN","STEPHENS","standard","permutations","permlen","2"
"3519","19","2","STAN","STEPHENS","standard","permutations","permlen","2"
"3520","20","2","STAN","STEPHENS","standard","permutations","permlen","2"
"3521","1","3","STAN","STEPHENS","standard","permutations","permlen","6"
"3522","2","3","STAN","STEPHENS","standard","permutations","permlen","6"
"3523","3","3","STAN","STEPHENS","standard","permutations","permlen","6"
"3524","4","3","STAN","STEPHENS","standard","permutations","permlen","6"
"3525","5","3","STAN","STEPHENS","standard","permutations","permlen","6"
"3526","6","3","STAN","STEPHENS","standard","permutations","permlen","6"
"3527","7","3","STAN","STEPHENS","standard","permutations","permlen","6"
"3528","8","3","STAN","STEPHENS","standard","permutations","permlen","6"
"3529","9","3","STAN","STEPHENS","standard","permutations","permlen","6"
"3530","10","3","STAN","STEPHENS","standard","permutations","permlen","6"
"3531","11","3","STAN","STEPHENS","standard","permutations","permlen","6"
"3532","12","3","STAN","STEPHENS","standard","permutations","permlen","6"
"3533","13","3","STAN","STEPHENS","standard","permutations","permlen","6"
"3534","14","3","STAN","STEPHENS","standard","permutations","permlen","6"
"3535","15","3","STAN","STEPHENS","standard","permutations","permlen","6"
"3536","16","3","STAN","STEPHENS","standard","permutations","permlen","6"
"3537","17","3","STAN","STEPHENS","standard","permutations","permlen","6"
"3538","18","3","STAN","STEPHENS","standard","permutations","permlen","6"
"3539","19","3","STAN","STEPHENS","standard","permutations","permlen","6"
"3540","20","3","STAN","STEPHENS","standard","permutations","permlen","6"
"3541","1","4","STAN","STEPHENS","standard","permutations","permlen","24"
"3542","2","4","STAN","STEPHENS","standard","permutations","permlen","24"
"3543","3","4","STAN","STEPHENS","standard","permutations","permlen","24"
"3544","4","4","STAN","STEPHENS","standard","permutations","permlen","24"
"3545","5","4","STAN","STEPHENS","standard","permutations","permlen","24"
"3546","6","4","STAN","STEPHENS","standard","permutations","permlen","24"
"3547","7","4","STAN","STEPHENS","standard","permutations","permlen","24"
"3548","8","4","STAN","STEPHENS","standard","permutations","permlen","24"
"3549","9","4","STAN","STEPHENS","standard","permutations","permlen","24"
"3550","10","4","STAN","STEPHENS","standard","permutations","permlen","24"
"3551","11","4","STAN","STEPHENS","standard","permutations","permlen","24"
"3552","12","4","STAN","STEPHENS","standard","permutations","permlen","24"
"3553","13","4","STAN","STEPHENS","standard","permutations","permlen","24"
"3554","14","4","STAN","STEPHENS","standard","permutations","permlen","24"
"3555","15","4","STAN","STEPHENS","standard","permutations","permlen","24"
"3556","16","4","STAN","STEPHENS","standard","permutations","permlen","24"
"3557","17","4","STAN","STEPHENS","standard","permutations","permlen","24"
"3558","18","4","STAN","STEPHENS","standard","permutations","permlen","24"
"3559","19","4","STAN","STEPHENS","standard","permutations","permlen","24"
"3560","20","4","STAN","STEPHENS","standard","permutations","permlen","24"
"3561","1","5","STAN","STEPHENS","standard","permutations","permlen","120"
"3562","2","5","STAN","STEPHENS","standard","permutations","permlen","120"
"3563","3","5","STAN","STEPHENS","standard","permutations","permlen","120"
"3564","4","5","STAN","STEPHENS","standard","permutations","permlen","120"
"3565","5","5","STAN","STEPHENS","standard","permutations","permlen","120"
"3566","6","5","STAN","STEPHENS","standard","permutations","permlen","120"
"3567","7","5","STAN","STEPHENS","standard","permutations","permlen","120"
"3568","8","5","STAN","STEPHENS","standard","permutations","permlen","120"
"3569","9","5","STAN","STEPHENS","standard","permutations","permlen","120"
"3570","10","5","STAN","STEPHENS","standard","permutations","permlen","120"
"3571","11","5","STAN","STEPHENS","standard","permutations","permlen","120"
"3572","12","5","STAN","STEPHENS","standard","permutations","permlen","120"
"3573","13","5","STAN","STEPHENS","standard","permutations","permlen","120"
"3574","14","5","STAN","STEPHENS","standard","permutations","permlen","120"
"3575","15","5","STAN","STEPHENS","standard","permutations","permlen","120"
"3576","16","5","STAN","STEPHENS","standard","permutations","permlen","120"
"3577","17","5","STAN","STEPHENS","standard","permutations","permlen","120"
"3578","18","5","STAN","STEPHENS","standard","permutations","permlen","120"
"3579","19","5","STAN","STEPHENS","standard","permutations","permlen","120"
"3580","20","5","STAN","STEPHENS","standard","permutations","permlen","120"
"3581","1","6","STAN","STEPHENS","standard","permutations","permlen","720"
"3582","2","6","STAN","STEPHENS","standard","permutations","permlen","720"
"3583","3","6","STAN","STEPHENS","standard","permutations","permlen","720"
"3584","4","6","STAN","STEPHENS","standard","permutations","permlen","720"
"3585","5","6","STAN","STEPHENS","standard","permutations","permlen","720"
"3586","6","6","STAN","STEPHENS","standard","permutations","permlen","720"
"3587","7","6","STAN","STEPHENS","standard","permutations","permlen","720"
"3588","8","6","STAN","STEPHENS","standard","permutations","permlen","720"
"3589","9","6","STAN","STEPHENS","standard","permutations","permlen","720"
"3590","10","6","STAN","STEPHENS","standard","permutations","permlen","720"
"3591","11","6","STAN","STEPHENS","standard","permutations","permlen","720"
"3592","12","6","STAN","STEPHENS","standard","permutations","permlen","720"
"3593","13","6","STAN","STEPHENS","standard","permutations","permlen","720"
"3594","14","6","STAN","STEPHENS","standard","permutations","permlen","720"
"3595","15","6","STAN","STEPHENS","standard","permutations","permlen","720"
"3596","16","6","STAN","STEPHENS","standard","permutations","permlen","720"
"3597","17","6","STAN","STEPHENS","standard","permutations","permlen","720"
"3598","18","6","STAN","STEPHENS","standard","permutations","permlen","720"
"3599","19","6","STAN","STEPHENS","standard","permutations","permlen","720"
"3600","20","6","STAN","STEPHENS","standard","permutations","permlen","720"
"3601","1","2","JAGS","ECR","standard","simple","permlen","1"
"3602","2","2","JAGS","ECR","standard","simple","permlen","1"
"3603","3","2","JAGS","ECR","standard","simple","permlen","1"
"3604","4","2","JAGS","ECR","standard","simple","permlen","1"
"3605","5","2","JAGS","ECR","standard","simple","permlen","1"
"3606","6","2","JAGS","ECR","standard","simple","permlen","1"
"3607","7","2","JAGS","ECR","standard","simple","permlen","1"
"3608","8","2","JAGS","ECR","standard","simple","permlen","1"
"3609","9","2","JAGS","ECR","standard","simple","permlen","1"
"3610","10","2","JAGS","ECR","standard","simple","permlen","1"
"3611","11","2","JAGS","ECR","standard","simple","permlen","1"
"3612","12","2","JAGS","ECR","standard","simple","permlen","1"
"3613","13","2","JAGS","ECR","standard","simple","permlen","1"
"3614","14","2","JAGS","ECR","standard","simple","permlen","1"
"3615","15","2","JAGS","ECR","standard","simple","permlen","1"
"3616","16","2","JAGS","ECR","standard","simple","permlen","1"
"3617","17","2","JAGS","ECR","standard","simple","permlen","1"
"3618","18","2","JAGS","ECR","standard","simple","permlen","1"
"3619","19","2","JAGS","ECR","standard","simple","permlen","1"
"3620","20","2","JAGS","ECR","standard","simple","permlen","1"
"3621","1","3","JAGS","ECR","standard","simple","permlen","1"
"3622","2","3","JAGS","ECR","standard","simple","permlen","1"
"3623","3","3","JAGS","ECR","standard","simple","permlen","1"
"3624","4","3","JAGS","ECR","standard","simple","permlen","1"
"3625","5","3","JAGS","ECR","standard","simple","permlen","1"
"3626","6","3","JAGS","ECR","standard","simple","permlen","1"
"3627","7","3","JAGS","ECR","standard","simple","permlen","1"
"3628","8","3","JAGS","ECR","standard","simple","permlen","1"
"3629","9","3","JAGS","ECR","standard","simple","permlen","1"
"3630","10","3","JAGS","ECR","standard","simple","permlen","1"
"3631","11","3","JAGS","ECR","standard","simple","permlen","1"
"3632","12","3","JAGS","ECR","standard","simple","permlen","1"
"3633","13","3","JAGS","ECR","standard","simple","permlen","1"
"3634","14","3","JAGS","ECR","standard","simple","permlen","1"
"3635","15","3","JAGS","ECR","standard","simple","permlen","1"
"3636","16","3","JAGS","ECR","standard","simple","permlen","1"
"3637","17","3","JAGS","ECR","standard","simple","permlen","1"
"3638","18","3","JAGS","ECR","standard","simple","permlen","1"
"3639","19","3","JAGS","ECR","standard","simple","permlen","1"
"3640","20","3","JAGS","ECR","standard","simple","permlen","1"
"3641","1","4","JAGS","ECR","standard","simple","permlen","4"
"3642","2","4","JAGS","ECR","standard","simple","permlen","4"
"3643","3","4","JAGS","ECR","standard","simple","permlen","8"
"3644","4","4","JAGS","ECR","standard","simple","permlen","4"
"3645","5","4","JAGS","ECR","standard","simple","permlen","4"
"3646","6","4","JAGS","ECR","standard","simple","permlen","4"
"3647","7","4","JAGS","ECR","standard","simple","permlen","4"
"3648","8","4","JAGS","ECR","standard","simple","permlen","4"
"3649","9","4","JAGS","ECR","standard","simple","permlen","4"
"3650","10","4","JAGS","ECR","standard","simple","permlen","8"
"3651","11","4","JAGS","ECR","standard","simple","permlen","4"
"3652","12","4","JAGS","ECR","standard","simple","permlen","4"
"3653","13","4","JAGS","ECR","standard","simple","permlen","4"
"3654","14","4","JAGS","ECR","standard","simple","permlen","4"
"3655","15","4","JAGS","ECR","standard","simple","permlen","4"
"3656","16","4","JAGS","ECR","standard","simple","permlen","4"
"3657","17","4","JAGS","ECR","standard","simple","permlen","4"
"3658","18","4","JAGS","ECR","standard","simple","permlen","4"
"3659","19","4","JAGS","ECR","standard","simple","permlen","4"
"3660","20","4","JAGS","ECR","standard","simple","permlen","8"
"3661","1","5","JAGS","ECR","standard","simple","permlen","10"
"3662","2","5","JAGS","ECR","standard","simple","permlen","10"
"3663","3","5","JAGS","ECR","standard","simple","permlen","10"
"3664","4","5","JAGS","ECR","standard","simple","permlen","20"
"3665","5","5","JAGS","ECR","standard","simple","permlen","10"
"3666","6","5","JAGS","ECR","standard","simple","permlen","15"
"3667","7","5","JAGS","ECR","standard","simple","permlen","60"
"3668","8","5","JAGS","ECR","standard","simple","permlen","15"
"3669","9","5","JAGS","ECR","standard","simple","permlen","20"
"3670","10","5","JAGS","ECR","standard","simple","permlen","20"
"3671","11","5","JAGS","ECR","standard","simple","permlen","10"
"3672","12","5","JAGS","ECR","standard","simple","permlen","40"
"3673","13","5","JAGS","ECR","standard","simple","permlen","60"
"3674","14","5","JAGS","ECR","standard","simple","permlen","5"
"3675","15","5","JAGS","ECR","standard","simple","permlen","30"
"3676","16","5","JAGS","ECR","standard","simple","permlen","20"
"3677","17","5","JAGS","ECR","standard","simple","permlen","20"
"3678","18","5","JAGS","ECR","standard","simple","permlen","15"
"3679","19","5","JAGS","ECR","standard","simple","permlen","10"
"3680","20","5","JAGS","ECR","standard","simple","permlen","10"
"3681","1","6","JAGS","ECR","standard","simple","permlen","60"
"3682","2","6","JAGS","ECR","standard","simple","permlen","90"
"3683","3","6","JAGS","ECR","standard","simple","permlen","60"
"3684","4","6","JAGS","ECR","standard","simple","permlen","120"
"3685","5","6","JAGS","ECR","standard","simple","permlen","120"
"3686","6","6","JAGS","ECR","standard","simple","permlen","60"
"3687","7","6","JAGS","ECR","standard","simple","permlen","90"
"3688","8","6","JAGS","ECR","standard","simple","permlen","60"
"3689","9","6","JAGS","ECR","standard","simple","permlen","60"
"3690","10","6","JAGS","ECR","standard","simple","permlen","90"
"3691","11","6","JAGS","ECR","standard","simple","permlen","60"
"3692","12","6","JAGS","ECR","standard","simple","permlen","30"
"3693","13","6","JAGS","ECR","standard","simple","permlen","90"
"3694","14","6","JAGS","ECR","standard","simple","permlen","60"
"3695","15","6","JAGS","ECR","standard","simple","permlen","60"
"3696","16","6","JAGS","ECR","standard","simple","permlen","90"
"3697","17","6","JAGS","ECR","standard","simple","permlen","90"
"3698","18","6","JAGS","ECR","standard","simple","permlen","90"
"3699","19","6","JAGS","ECR","standard","simple","permlen","60"
"3700","20","6","JAGS","ECR","standard","simple","permlen","180"
"3701","1","2","STAN","ECR","standard","simple","permlen",NA
"3702","2","2","STAN","ECR","standard","simple","permlen",NA
"3703","3","2","STAN","ECR","standard","simple","permlen",NA
"3704","4","2","STAN","ECR","standard","simple","permlen",NA
"3705","5","2","STAN","ECR","standard","simple","permlen",NA
"3706","6","2","STAN","ECR","standard","simple","permlen",NA
"3707","7","2","STAN","ECR","standard","simple","permlen",NA
"3708","8","2","STAN","ECR","standard","simple","permlen",NA
"3709","9","2","STAN","ECR","standard","simple","permlen",NA
"3710","10","2","STAN","ECR","standard","simple","permlen",NA
"3711","11","2","STAN","ECR","standard","simple","permlen",NA
"3712","12","2","STAN","ECR","standard","simple","permlen",NA
"3713","13","2","STAN","ECR","standard","simple","permlen",NA
"3714","14","2","STAN","ECR","standard","simple","permlen",NA
"3715","15","2","STAN","ECR","standard","simple","permlen",NA
"3716","16","2","STAN","ECR","standard","simple","permlen",NA
"3717","17","2","STAN","ECR","standard","simple","permlen",NA
"3718","18","2","STAN","ECR","standard","simple","permlen",NA
"3719","19","2","STAN","ECR","standard","simple","permlen",NA
"3720","20","2","STAN","ECR","standard","simple","permlen",NA
"3721","1","3","STAN","ECR","standard","simple","permlen",NA
"3722","2","3","STAN","ECR","standard","simple","permlen",NA
"3723","3","3","STAN","ECR","standard","simple","permlen",NA
"3724","4","3","STAN","ECR","standard","simple","permlen",NA
"3725","5","3","STAN","ECR","standard","simple","permlen",NA
"3726","6","3","STAN","ECR","standard","simple","permlen",NA
"3727","7","3","STAN","ECR","standard","simple","permlen",NA
"3728","8","3","STAN","ECR","standard","simple","permlen",NA
"3729","9","3","STAN","ECR","standard","simple","permlen",NA
"3730","10","3","STAN","ECR","standard","simple","permlen",NA
"3731","11","3","STAN","ECR","standard","simple","permlen",NA
"3732","12","3","STAN","ECR","standard","simple","permlen",NA
"3733","13","3","STAN","ECR","standard","simple","permlen",NA
"3734","14","3","STAN","ECR","standard","simple","permlen",NA
"3735","15","3","STAN","ECR","standard","simple","permlen",NA
"3736","16","3","STAN","ECR","standard","simple","permlen",NA
"3737","17","3","STAN","ECR","standard","simple","permlen",NA
"3738","18","3","STAN","ECR","standard","simple","permlen",NA
"3739","19","3","STAN","ECR","standard","simple","permlen",NA
"3740","20","3","STAN","ECR","standard","simple","permlen",NA
"3741","1","4","STAN","ECR","standard","simple","permlen",NA
"3742","2","4","STAN","ECR","standard","simple","permlen",NA
"3743","3","4","STAN","ECR","standard","simple","permlen",NA
"3744","4","4","STAN","ECR","standard","simple","permlen",NA
"3745","5","4","STAN","ECR","standard","simple","permlen",NA
"3746","6","4","STAN","ECR","standard","simple","permlen",NA
"3747","7","4","STAN","ECR","standard","simple","permlen",NA
"3748","8","4","STAN","ECR","standard","simple","permlen",NA
"3749","9","4","STAN","ECR","standard","simple","permlen",NA
"3750","10","4","STAN","ECR","standard","simple","permlen",NA
"3751","11","4","STAN","ECR","standard","simple","permlen",NA
"3752","12","4","STAN","ECR","standard","simple","permlen",NA
"3753","13","4","STAN","ECR","standard","simple","permlen",NA
"3754","14","4","STAN","ECR","standard","simple","permlen",NA
"3755","15","4","STAN","ECR","standard","simple","permlen",NA
"3756","16","4","STAN","ECR","standard","simple","permlen",NA
"3757","17","4","STAN","ECR","standard","simple","permlen",NA
"3758","18","4","STAN","ECR","standard","simple","permlen",NA
"3759","19","4","STAN","ECR","standard","simple","permlen",NA
"3760","20","4","STAN","ECR","standard","simple","permlen",NA
"3761","1","5","STAN","ECR","standard","simple","permlen",NA
"3762","2","5","STAN","ECR","standard","simple","permlen",NA
"3763","3","5","STAN","ECR","standard","simple","permlen",NA
"3764","4","5","STAN","ECR","standard","simple","permlen",NA
"3765","5","5","STAN","ECR","standard","simple","permlen",NA
"3766","6","5","STAN","ECR","standard","simple","permlen",NA
"3767","7","5","STAN","ECR","standard","simple","permlen",NA
"3768","8","5","STAN","ECR","standard","simple","permlen",NA
"3769","9","5","STAN","ECR","standard","simple","permlen",NA
"3770","10","5","STAN","ECR","standard","simple","permlen",NA
"3771","11","5","STAN","ECR","standard","simple","permlen",NA
"3772","12","5","STAN","ECR","standard","simple","permlen",NA
"3773","13","5","STAN","ECR","standard","simple","permlen",NA
"3774","14","5","STAN","ECR","standard","simple","permlen",NA
"3775","15","5","STAN","ECR","standard","simple","permlen",NA
"3776","16","5","STAN","ECR","standard","simple","permlen",NA
"3777","17","5","STAN","ECR","standard","simple","permlen",NA
"3778","18","5","STAN","ECR","standard","simple","permlen",NA
"3779","19","5","STAN","ECR","standard","simple","permlen",NA
"3780","20","5","STAN","ECR","standard","simple","permlen",NA
"3781","1","6","STAN","ECR","standard","simple","permlen",NA
"3782","2","6","STAN","ECR","standard","simple","permlen",NA
"3783","3","6","STAN","ECR","standard","simple","permlen",NA
"3784","4","6","STAN","ECR","standard","simple","permlen",NA
"3785","5","6","STAN","ECR","standard","simple","permlen",NA
"3786","6","6","STAN","ECR","standard","simple","permlen",NA
"3787","7","6","STAN","ECR","standard","simple","permlen",NA
"3788","8","6","STAN","ECR","standard","simple","permlen",NA
"3789","9","6","STAN","ECR","standard","simple","permlen",NA
"3790","10","6","STAN","ECR","standard","simple","permlen",NA
"3791","11","6","STAN","ECR","standard","simple","permlen",NA
"3792","12","6","STAN","ECR","standard","simple","permlen",NA
"3793","13","6","STAN","ECR","standard","simple","permlen",NA
"3794","14","6","STAN","ECR","standard","simple","permlen",NA
"3795","15","6","STAN","ECR","standard","simple","permlen",NA
"3796","16","6","STAN","ECR","standard","simple","permlen",NA
"3797","17","6","STAN","ECR","standard","simple","permlen",NA
"3798","18","6","STAN","ECR","standard","simple","permlen",NA
"3799","19","6","STAN","ECR","standard","simple","permlen",NA
"3800","20","6","STAN","ECR","standard","simple","permlen",NA
"3801","1","2","JAGS","STEPHENS","standard","simple","permlen","1"
"3802","2","2","JAGS","STEPHENS","standard","simple","permlen","1"
"3803","3","2","JAGS","STEPHENS","standard","simple","permlen","1"
"3804","4","2","JAGS","STEPHENS","standard","simple","permlen","1"
"3805","5","2","JAGS","STEPHENS","standard","simple","permlen","1"
"3806","6","2","JAGS","STEPHENS","standard","simple","permlen","1"
"3807","7","2","JAGS","STEPHENS","standard","simple","permlen","1"
"3808","8","2","JAGS","STEPHENS","standard","simple","permlen","1"
"3809","9","2","JAGS","STEPHENS","standard","simple","permlen","1"
"3810","10","2","JAGS","STEPHENS","standard","simple","permlen","1"
"3811","11","2","JAGS","STEPHENS","standard","simple","permlen","1"
"3812","12","2","JAGS","STEPHENS","standard","simple","permlen","1"
"3813","13","2","JAGS","STEPHENS","standard","simple","permlen","1"
"3814","14","2","JAGS","STEPHENS","standard","simple","permlen","1"
"3815","15","2","JAGS","STEPHENS","standard","simple","permlen","1"
"3816","16","2","JAGS","STEPHENS","standard","simple","permlen","1"
"3817","17","2","JAGS","STEPHENS","standard","simple","permlen","1"
"3818","18","2","JAGS","STEPHENS","standard","simple","permlen","1"
"3819","19","2","JAGS","STEPHENS","standard","simple","permlen","1"
"3820","20","2","JAGS","STEPHENS","standard","simple","permlen","1"
"3821","1","3","JAGS","STEPHENS","standard","simple","permlen","1"
"3822","2","3","JAGS","STEPHENS","standard","simple","permlen","1"
"3823","3","3","JAGS","STEPHENS","standard","simple","permlen","1"
"3824","4","3","JAGS","STEPHENS","standard","simple","permlen","1"
"3825","5","3","JAGS","STEPHENS","standard","simple","permlen","1"
"3826","6","3","JAGS","STEPHENS","standard","simple","permlen","1"
"3827","7","3","JAGS","STEPHENS","standard","simple","permlen","1"
"3828","8","3","JAGS","STEPHENS","standard","simple","permlen","1"
"3829","9","3","JAGS","STEPHENS","standard","simple","permlen","1"
"3830","10","3","JAGS","STEPHENS","standard","simple","permlen","1"
"3831","11","3","JAGS","STEPHENS","standard","simple","permlen","1"
"3832","12","3","JAGS","STEPHENS","standard","simple","permlen","1"
"3833","13","3","JAGS","STEPHENS","standard","simple","permlen","1"
"3834","14","3","JAGS","STEPHENS","standard","simple","permlen","1"
"3835","15","3","JAGS","STEPHENS","standard","simple","permlen","1"
"3836","16","3","JAGS","STEPHENS","standard","simple","permlen","1"
"3837","17","3","JAGS","STEPHENS","standard","simple","permlen","1"
"3838","18","3","JAGS","STEPHENS","standard","simple","permlen","1"
"3839","19","3","JAGS","STEPHENS","standard","simple","permlen","1"
"3840","20","3","JAGS","STEPHENS","standard","simple","permlen","1"
"3841","1","4","JAGS","STEPHENS","standard","simple","permlen","4"
"3842","2","4","JAGS","STEPHENS","standard","simple","permlen","4"
"3843","3","4","JAGS","STEPHENS","standard","simple","permlen","8"
"3844","4","4","JAGS","STEPHENS","standard","simple","permlen","4"
"3845","5","4","JAGS","STEPHENS","standard","simple","permlen","4"
"3846","6","4","JAGS","STEPHENS","standard","simple","permlen","4"
"3847","7","4","JAGS","STEPHENS","standard","simple","permlen","4"
"3848","8","4","JAGS","STEPHENS","standard","simple","permlen","4"
"3849","9","4","JAGS","STEPHENS","standard","simple","permlen","4"
"3850","10","4","JAGS","STEPHENS","standard","simple","permlen","8"
"3851","11","4","JAGS","STEPHENS","standard","simple","permlen","4"
"3852","12","4","JAGS","STEPHENS","standard","simple","permlen","4"
"3853","13","4","JAGS","STEPHENS","standard","simple","permlen","4"
"3854","14","4","JAGS","STEPHENS","standard","simple","permlen","4"
"3855","15","4","JAGS","STEPHENS","standard","simple","permlen","4"
"3856","16","4","JAGS","STEPHENS","standard","simple","permlen","4"
"3857","17","4","JAGS","STEPHENS","standard","simple","permlen","4"
"3858","18","4","JAGS","STEPHENS","standard","simple","permlen","4"
"3859","19","4","JAGS","STEPHENS","standard","simple","permlen","4"
"3860","20","4","JAGS","STEPHENS","standard","simple","permlen","8"
"3861","1","5","JAGS","STEPHENS","standard","simple","permlen","40"
"3862","2","5","JAGS","STEPHENS","standard","simple","permlen","20"
"3863","3","5","JAGS","STEPHENS","standard","simple","permlen","15"
"3864","4","5","JAGS","STEPHENS","standard","simple","permlen","20"
"3865","5","5","JAGS","STEPHENS","standard","simple","permlen","20"
"3866","6","5","JAGS","STEPHENS","standard","simple","permlen","15"
"3867","7","5","JAGS","STEPHENS","standard","simple","permlen","10"
"3868","8","5","JAGS","STEPHENS","standard","simple","permlen","40"
"3869","9","5","JAGS","STEPHENS","standard","simple","permlen","20"
"3870","10","5","JAGS","STEPHENS","standard","simple","permlen","60"
"3871","11","5","JAGS","STEPHENS","standard","simple","permlen","15"
"3872","12","5","JAGS","STEPHENS","standard","simple","permlen","40"
"3873","13","5","JAGS","STEPHENS","standard","simple","permlen","20"
"3874","14","5","JAGS","STEPHENS","standard","simple","permlen","10"
"3875","15","5","JAGS","STEPHENS","standard","simple","permlen","30"
"3876","16","5","JAGS","STEPHENS","standard","simple","permlen","20"
"3877","17","5","JAGS","STEPHENS","standard","simple","permlen","20"
"3878","18","5","JAGS","STEPHENS","standard","simple","permlen","20"
"3879","19","5","JAGS","STEPHENS","standard","simple","permlen","10"
"3880","20","5","JAGS","STEPHENS","standard","simple","permlen","40"
"3881","1","6","JAGS","STEPHENS","standard","simple","permlen","180"
"3882","2","6","JAGS","STEPHENS","standard","simple","permlen","60"
"3883","3","6","JAGS","STEPHENS","standard","simple","permlen","60"
"3884","4","6","JAGS","STEPHENS","standard","simple","permlen","60"
"3885","5","6","JAGS","STEPHENS","standard","simple","permlen","120"
"3886","6","6","JAGS","STEPHENS","standard","simple","permlen","60"
"3887","7","6","JAGS","STEPHENS","standard","simple","permlen","90"
"3888","8","6","JAGS","STEPHENS","standard","simple","permlen","60"
"3889","9","6","JAGS","STEPHENS","standard","simple","permlen","60"
"3890","10","6","JAGS","STEPHENS","standard","simple","permlen","60"
"3891","11","6","JAGS","STEPHENS","standard","simple","permlen","90"
"3892","12","6","JAGS","STEPHENS","standard","simple","permlen","90"
"3893","13","6","JAGS","STEPHENS","standard","simple","permlen","180"
"3894","14","6","JAGS","STEPHENS","standard","simple","permlen","30"
"3895","15","6","JAGS","STEPHENS","standard","simple","permlen","120"
"3896","16","6","JAGS","STEPHENS","standard","simple","permlen","30"
"3897","17","6","JAGS","STEPHENS","standard","simple","permlen","90"
"3898","18","6","JAGS","STEPHENS","standard","simple","permlen","60"
"3899","19","6","JAGS","STEPHENS","standard","simple","permlen","240"
"3900","20","6","JAGS","STEPHENS","standard","simple","permlen","360"
"3901","1","2","STAN","STEPHENS","standard","simple","permlen","2"
"3902","2","2","STAN","STEPHENS","standard","simple","permlen","1"
"3903","3","2","STAN","STEPHENS","standard","simple","permlen","2"
"3904","4","2","STAN","STEPHENS","standard","simple","permlen","1"
"3905","5","2","STAN","STEPHENS","standard","simple","permlen","1"
"3906","6","2","STAN","STEPHENS","standard","simple","permlen","1"
"3907","7","2","STAN","STEPHENS","standard","simple","permlen","1"
"3908","8","2","STAN","STEPHENS","standard","simple","permlen","1"
"3909","9","2","STAN","STEPHENS","standard","simple","permlen","2"
"3910","10","2","STAN","STEPHENS","standard","simple","permlen","1"
"3911","11","2","STAN","STEPHENS","standard","simple","permlen","1"
"3912","12","2","STAN","STEPHENS","standard","simple","permlen","1"
"3913","13","2","STAN","STEPHENS","standard","simple","permlen","1"
"3914","14","2","STAN","STEPHENS","standard","simple","permlen","1"
"3915","15","2","STAN","STEPHENS","standard","simple","permlen","1"
"3916","16","2","STAN","STEPHENS","standard","simple","permlen","1"
"3917","17","2","STAN","STEPHENS","standard","simple","permlen","2"
"3918","18","2","STAN","STEPHENS","standard","simple","permlen","1"
"3919","19","2","STAN","STEPHENS","standard","simple","permlen","2"
"3920","20","2","STAN","STEPHENS","standard","simple","permlen","1"
"3921","1","3","STAN","STEPHENS","standard","simple","permlen","1"
"3922","2","3","STAN","STEPHENS","standard","simple","permlen","1"
"3923","3","3","STAN","STEPHENS","standard","simple","permlen","1"
"3924","4","3","STAN","STEPHENS","standard","simple","permlen","1"
"3925","5","3","STAN","STEPHENS","standard","simple","permlen","1"
"3926","6","3","STAN","STEPHENS","standard","simple","permlen","1"
"3927","7","3","STAN","STEPHENS","standard","simple","permlen","1"
"3928","8","3","STAN","STEPHENS","standard","simple","permlen","1"
"3929","9","3","STAN","STEPHENS","standard","simple","permlen","1"
"3930","10","3","STAN","STEPHENS","standard","simple","permlen","1"
"3931","11","3","STAN","STEPHENS","standard","simple","permlen","1"
"3932","12","3","STAN","STEPHENS","standard","simple","permlen","1"
"3933","13","3","STAN","STEPHENS","standard","simple","permlen","1"
"3934","14","3","STAN","STEPHENS","standard","simple","permlen","1"
"3935","15","3","STAN","STEPHENS","standard","simple","permlen","1"
"3936","16","3","STAN","STEPHENS","standard","simple","permlen","1"
"3937","17","3","STAN","STEPHENS","standard","simple","permlen","1"
"3938","18","3","STAN","STEPHENS","standard","simple","permlen","1"
"3939","19","3","STAN","STEPHENS","standard","simple","permlen","1"
"3940","20","3","STAN","STEPHENS","standard","simple","permlen","1"
"3941","1","4","STAN","STEPHENS","standard","simple","permlen","4"
"3942","2","4","STAN","STEPHENS","standard","simple","permlen","4"
"3943","3","4","STAN","STEPHENS","standard","simple","permlen","4"
"3944","4","4","STAN","STEPHENS","standard","simple","permlen","4"
"3945","5","4","STAN","STEPHENS","standard","simple","permlen","4"
"3946","6","4","STAN","STEPHENS","standard","simple","permlen","4"
"3947","7","4","STAN","STEPHENS","standard","simple","permlen","4"
"3948","8","4","STAN","STEPHENS","standard","simple","permlen","4"
"3949","9","4","STAN","STEPHENS","standard","simple","permlen","4"
"3950","10","4","STAN","STEPHENS","standard","simple","permlen","4"
"3951","11","4","STAN","STEPHENS","standard","simple","permlen","4"
"3952","12","4","STAN","STEPHENS","standard","simple","permlen","12"
"3953","13","4","STAN","STEPHENS","standard","simple","permlen","4"
"3954","14","4","STAN","STEPHENS","standard","simple","permlen","4"
"3955","15","4","STAN","STEPHENS","standard","simple","permlen","4"
"3956","16","4","STAN","STEPHENS","standard","simple","permlen","4"
"3957","17","4","STAN","STEPHENS","standard","simple","permlen","4"
"3958","18","4","STAN","STEPHENS","standard","simple","permlen","4"
"3959","19","4","STAN","STEPHENS","standard","simple","permlen","4"
"3960","20","4","STAN","STEPHENS","standard","simple","permlen","4"
"3961","1","5","STAN","STEPHENS","standard","simple","permlen","20"
"3962","2","5","STAN","STEPHENS","standard","simple","permlen","40"
"3963","3","5","STAN","STEPHENS","standard","simple","permlen","20"
"3964","4","5","STAN","STEPHENS","standard","simple","permlen","20"
"3965","5","5","STAN","STEPHENS","standard","simple","permlen","15"
"3966","6","5","STAN","STEPHENS","standard","simple","permlen","20"
"3967","7","5","STAN","STEPHENS","standard","simple","permlen","40"
"3968","8","5","STAN","STEPHENS","standard","simple","permlen","20"
"3969","9","5","STAN","STEPHENS","standard","simple","permlen","20"
"3970","10","5","STAN","STEPHENS","standard","simple","permlen","40"
"3971","11","5","STAN","STEPHENS","standard","simple","permlen","40"
"3972","12","5","STAN","STEPHENS","standard","simple","permlen","40"
"3973","13","5","STAN","STEPHENS","standard","simple","permlen","30"
"3974","14","5","STAN","STEPHENS","standard","simple","permlen","20"
"3975","15","5","STAN","STEPHENS","standard","simple","permlen","20"
"3976","16","5","STAN","STEPHENS","standard","simple","permlen","20"
"3977","17","5","STAN","STEPHENS","standard","simple","permlen","60"
"3978","18","5","STAN","STEPHENS","standard","simple","permlen","20"
"3979","19","5","STAN","STEPHENS","standard","simple","permlen","20"
"3980","20","5","STAN","STEPHENS","standard","simple","permlen","15"
"3981","1","6","STAN","STEPHENS","standard","simple","permlen","120"
"3982","2","6","STAN","STEPHENS","standard","simple","permlen","180"
"3983","3","6","STAN","STEPHENS","standard","simple","permlen","180"
"3984","4","6","STAN","STEPHENS","standard","simple","permlen","240"
"3985","5","6","STAN","STEPHENS","standard","simple","permlen","90"
"3986","6","6","STAN","STEPHENS","standard","simple","permlen","60"
"3987","7","6","STAN","STEPHENS","standard","simple","permlen","48"
"3988","8","6","STAN","STEPHENS","standard","simple","permlen","60"
"3989","9","6","STAN","STEPHENS","standard","simple","permlen","180"
"3990","10","6","STAN","STEPHENS","standard","simple","permlen","90"
"3991","11","6","STAN","STEPHENS","standard","simple","permlen","180"
"3992","12","6","STAN","STEPHENS","standard","simple","permlen","30"
"3993","13","6","STAN","STEPHENS","standard","simple","permlen","120"
"3994","14","6","STAN","STEPHENS","standard","simple","permlen","180"
"3995","15","6","STAN","STEPHENS","standard","simple","permlen","60"
"3996","16","6","STAN","STEPHENS","standard","simple","permlen","90"
"3997","17","6","STAN","STEPHENS","standard","simple","permlen","60"
"3998","18","6","STAN","STEPHENS","standard","simple","permlen","180"
"3999","19","6","STAN","STEPHENS","standard","simple","permlen","240"
"4000","20","6","STAN","STEPHENS","standard","simple","permlen","60"
"4001","1","2","JAGS","ECR","standard","permutations","alpha","0.5"
"4002","2","2","JAGS","ECR","standard","permutations","alpha","0.5"
"4003","3","2","JAGS","ECR","standard","permutations","alpha","0.5"
"4004","4","2","JAGS","ECR","standard","permutations","alpha","0.5"
"4005","5","2","JAGS","ECR","standard","permutations","alpha","0.5"
"4006","6","2","JAGS","ECR","standard","permutations","alpha","0.5"
"4007","7","2","JAGS","ECR","standard","permutations","alpha","0.5"
"4008","8","2","JAGS","ECR","standard","permutations","alpha","0.5"
"4009","9","2","JAGS","ECR","standard","permutations","alpha","0.5"
"4010","10","2","JAGS","ECR","standard","permutations","alpha","0.5"
"4011","11","2","JAGS","ECR","standard","permutations","alpha","0.5"
"4012","12","2","JAGS","ECR","standard","permutations","alpha","0.5"
"4013","13","2","JAGS","ECR","standard","permutations","alpha","0.5"
"4014","14","2","JAGS","ECR","standard","permutations","alpha","0.5"
"4015","15","2","JAGS","ECR","standard","permutations","alpha","0.5"
"4016","16","2","JAGS","ECR","standard","permutations","alpha","0.5"
"4017","17","2","JAGS","ECR","standard","permutations","alpha","0.5"
"4018","18","2","JAGS","ECR","standard","permutations","alpha","0.5"
"4019","19","2","JAGS","ECR","standard","permutations","alpha","0.5"
"4020","20","2","JAGS","ECR","standard","permutations","alpha","0.5"
"4021","1","3","JAGS","ECR","standard","permutations","alpha","0.5"
"4022","2","3","JAGS","ECR","standard","permutations","alpha","0.5"
"4023","3","3","JAGS","ECR","standard","permutations","alpha","0.5"
"4024","4","3","JAGS","ECR","standard","permutations","alpha","0.5"
"4025","5","3","JAGS","ECR","standard","permutations","alpha","0.5"
"4026","6","3","JAGS","ECR","standard","permutations","alpha","0.5"
"4027","7","3","JAGS","ECR","standard","permutations","alpha","0.5"
"4028","8","3","JAGS","ECR","standard","permutations","alpha","0.5"
"4029","9","3","JAGS","ECR","standard","permutations","alpha","0.5"
"4030","10","3","JAGS","ECR","standard","permutations","alpha","0.5"
"4031","11","3","JAGS","ECR","standard","permutations","alpha","0.5"
"4032","12","3","JAGS","ECR","standard","permutations","alpha","0.5"
"4033","13","3","JAGS","ECR","standard","permutations","alpha","0.5"
"4034","14","3","JAGS","ECR","standard","permutations","alpha","0.5"
"4035","15","3","JAGS","ECR","standard","permutations","alpha","0.5"
"4036","16","3","JAGS","ECR","standard","permutations","alpha","0.5"
"4037","17","3","JAGS","ECR","standard","permutations","alpha","0.5"
"4038","18","3","JAGS","ECR","standard","permutations","alpha","0.5"
"4039","19","3","JAGS","ECR","standard","permutations","alpha","0.5"
"4040","20","3","JAGS","ECR","standard","permutations","alpha","0.5"
"4041","1","4","JAGS","ECR","standard","permutations","alpha","0.5"
"4042","2","4","JAGS","ECR","standard","permutations","alpha","0.5"
"4043","3","4","JAGS","ECR","standard","permutations","alpha","0.5"
"4044","4","4","JAGS","ECR","standard","permutations","alpha","0.5"
"4045","5","4","JAGS","ECR","standard","permutations","alpha","0.5"
"4046","6","4","JAGS","ECR","standard","permutations","alpha","0.5"
"4047","7","4","JAGS","ECR","standard","permutations","alpha","0.5"
"4048","8","4","JAGS","ECR","standard","permutations","alpha","0.5"
"4049","9","4","JAGS","ECR","standard","permutations","alpha","0.5"
"4050","10","4","JAGS","ECR","standard","permutations","alpha","0.5"
"4051","11","4","JAGS","ECR","standard","permutations","alpha","0.5"
"4052","12","4","JAGS","ECR","standard","permutations","alpha","0.5"
"4053","13","4","JAGS","ECR","standard","permutations","alpha","0.5"
"4054","14","4","JAGS","ECR","standard","permutations","alpha","0.5"
"4055","15","4","JAGS","ECR","standard","permutations","alpha","0.5"
"4056","16","4","JAGS","ECR","standard","permutations","alpha","0.5"
"4057","17","4","JAGS","ECR","standard","permutations","alpha","0.5"
"4058","18","4","JAGS","ECR","standard","permutations","alpha","0.5"
"4059","19","4","JAGS","ECR","standard","permutations","alpha","0.5"
"4060","20","4","JAGS","ECR","standard","permutations","alpha","0.5"
"4061","1","5","JAGS","ECR","standard","permutations","alpha","0.5"
"4062","2","5","JAGS","ECR","standard","permutations","alpha","0.5"
"4063","3","5","JAGS","ECR","standard","permutations","alpha","0.5"
"4064","4","5","JAGS","ECR","standard","permutations","alpha","0.5"
"4065","5","5","JAGS","ECR","standard","permutations","alpha","0.5"
"4066","6","5","JAGS","ECR","standard","permutations","alpha","0.5"
"4067","7","5","JAGS","ECR","standard","permutations","alpha","0.5"
"4068","8","5","JAGS","ECR","standard","permutations","alpha","0.5"
"4069","9","5","JAGS","ECR","standard","permutations","alpha","0.5"
"4070","10","5","JAGS","ECR","standard","permutations","alpha","0.5"
"4071","11","5","JAGS","ECR","standard","permutations","alpha","0.5"
"4072","12","5","JAGS","ECR","standard","permutations","alpha","0.5"
"4073","13","5","JAGS","ECR","standard","permutations","alpha","0.5"
"4074","14","5","JAGS","ECR","standard","permutations","alpha","0.5"
"4075","15","5","JAGS","ECR","standard","permutations","alpha","0.5"
"4076","16","5","JAGS","ECR","standard","permutations","alpha","0.5"
"4077","17","5","JAGS","ECR","standard","permutations","alpha","0.5"
"4078","18","5","JAGS","ECR","standard","permutations","alpha","0.5"
"4079","19","5","JAGS","ECR","standard","permutations","alpha","0.5"
"4080","20","5","JAGS","ECR","standard","permutations","alpha","0.5"
"4081","1","6","JAGS","ECR","standard","permutations","alpha","0.5"
"4082","2","6","JAGS","ECR","standard","permutations","alpha","0.5"
"4083","3","6","JAGS","ECR","standard","permutations","alpha","0.5"
"4084","4","6","JAGS","ECR","standard","permutations","alpha","0.5"
"4085","5","6","JAGS","ECR","standard","permutations","alpha","0.5"
"4086","6","6","JAGS","ECR","standard","permutations","alpha","0.5"
"4087","7","6","JAGS","ECR","standard","permutations","alpha","0.5"
"4088","8","6","JAGS","ECR","standard","permutations","alpha","0.5"
"4089","9","6","JAGS","ECR","standard","permutations","alpha","0.5"
"4090","10","6","JAGS","ECR","standard","permutations","alpha","0.5"
"4091","11","6","JAGS","ECR","standard","permutations","alpha","0.5"
"4092","12","6","JAGS","ECR","standard","permutations","alpha","0.5"
"4093","13","6","JAGS","ECR","standard","permutations","alpha","0.5"
"4094","14","6","JAGS","ECR","standard","permutations","alpha","0.5"
"4095","15","6","JAGS","ECR","standard","permutations","alpha","0.5"
"4096","16","6","JAGS","ECR","standard","permutations","alpha","0.5"
"4097","17","6","JAGS","ECR","standard","permutations","alpha","0.5"
"4098","18","6","JAGS","ECR","standard","permutations","alpha","0.5"
"4099","19","6","JAGS","ECR","standard","permutations","alpha","0.5"
"4100","20","6","JAGS","ECR","standard","permutations","alpha","0.5"
"4101","1","2","STAN","ECR","standard","permutations","alpha",NA
"4102","2","2","STAN","ECR","standard","permutations","alpha",NA
"4103","3","2","STAN","ECR","standard","permutations","alpha",NA
"4104","4","2","STAN","ECR","standard","permutations","alpha",NA
"4105","5","2","STAN","ECR","standard","permutations","alpha",NA
"4106","6","2","STAN","ECR","standard","permutations","alpha",NA
"4107","7","2","STAN","ECR","standard","permutations","alpha",NA
"4108","8","2","STAN","ECR","standard","permutations","alpha",NA
"4109","9","2","STAN","ECR","standard","permutations","alpha",NA
"4110","10","2","STAN","ECR","standard","permutations","alpha",NA
"4111","11","2","STAN","ECR","standard","permutations","alpha",NA
"4112","12","2","STAN","ECR","standard","permutations","alpha",NA
"4113","13","2","STAN","ECR","standard","permutations","alpha",NA
"4114","14","2","STAN","ECR","standard","permutations","alpha",NA
"4115","15","2","STAN","ECR","standard","permutations","alpha",NA
"4116","16","2","STAN","ECR","standard","permutations","alpha",NA
"4117","17","2","STAN","ECR","standard","permutations","alpha",NA
"4118","18","2","STAN","ECR","standard","permutations","alpha",NA
"4119","19","2","STAN","ECR","standard","permutations","alpha",NA
"4120","20","2","STAN","ECR","standard","permutations","alpha",NA
"4121","1","3","STAN","ECR","standard","permutations","alpha",NA
"4122","2","3","STAN","ECR","standard","permutations","alpha",NA
"4123","3","3","STAN","ECR","standard","permutations","alpha",NA
"4124","4","3","STAN","ECR","standard","permutations","alpha",NA
"4125","5","3","STAN","ECR","standard","permutations","alpha",NA
"4126","6","3","STAN","ECR","standard","permutations","alpha",NA
"4127","7","3","STAN","ECR","standard","permutations","alpha",NA
"4128","8","3","STAN","ECR","standard","permutations","alpha",NA
"4129","9","3","STAN","ECR","standard","permutations","alpha",NA
"4130","10","3","STAN","ECR","standard","permutations","alpha",NA
"4131","11","3","STAN","ECR","standard","permutations","alpha",NA
"4132","12","3","STAN","ECR","standard","permutations","alpha",NA
"4133","13","3","STAN","ECR","standard","permutations","alpha",NA
"4134","14","3","STAN","ECR","standard","permutations","alpha",NA
"4135","15","3","STAN","ECR","standard","permutations","alpha",NA
"4136","16","3","STAN","ECR","standard","permutations","alpha",NA
"4137","17","3","STAN","ECR","standard","permutations","alpha",NA
"4138","18","3","STAN","ECR","standard","permutations","alpha",NA
"4139","19","3","STAN","ECR","standard","permutations","alpha",NA
"4140","20","3","STAN","ECR","standard","permutations","alpha",NA
"4141","1","4","STAN","ECR","standard","permutations","alpha",NA
"4142","2","4","STAN","ECR","standard","permutations","alpha",NA
"4143","3","4","STAN","ECR","standard","permutations","alpha",NA
"4144","4","4","STAN","ECR","standard","permutations","alpha",NA
"4145","5","4","STAN","ECR","standard","permutations","alpha",NA
"4146","6","4","STAN","ECR","standard","permutations","alpha",NA
"4147","7","4","STAN","ECR","standard","permutations","alpha",NA
"4148","8","4","STAN","ECR","standard","permutations","alpha",NA
"4149","9","4","STAN","ECR","standard","permutations","alpha",NA
"4150","10","4","STAN","ECR","standard","permutations","alpha",NA
"4151","11","4","STAN","ECR","standard","permutations","alpha",NA
"4152","12","4","STAN","ECR","standard","permutations","alpha",NA
"4153","13","4","STAN","ECR","standard","permutations","alpha",NA
"4154","14","4","STAN","ECR","standard","permutations","alpha",NA
"4155","15","4","STAN","ECR","standard","permutations","alpha",NA
"4156","16","4","STAN","ECR","standard","permutations","alpha",NA
"4157","17","4","STAN","ECR","standard","permutations","alpha",NA
"4158","18","4","STAN","ECR","standard","permutations","alpha",NA
"4159","19","4","STAN","ECR","standard","permutations","alpha",NA
"4160","20","4","STAN","ECR","standard","permutations","alpha",NA
"4161","1","5","STAN","ECR","standard","permutations","alpha",NA
"4162","2","5","STAN","ECR","standard","permutations","alpha",NA
"4163","3","5","STAN","ECR","standard","permutations","alpha",NA
"4164","4","5","STAN","ECR","standard","permutations","alpha",NA
"4165","5","5","STAN","ECR","standard","permutations","alpha",NA
"4166","6","5","STAN","ECR","standard","permutations","alpha",NA
"4167","7","5","STAN","ECR","standard","permutations","alpha",NA
"4168","8","5","STAN","ECR","standard","permutations","alpha",NA
"4169","9","5","STAN","ECR","standard","permutations","alpha",NA
"4170","10","5","STAN","ECR","standard","permutations","alpha",NA
"4171","11","5","STAN","ECR","standard","permutations","alpha",NA
"4172","12","5","STAN","ECR","standard","permutations","alpha",NA
"4173","13","5","STAN","ECR","standard","permutations","alpha",NA
"4174","14","5","STAN","ECR","standard","permutations","alpha",NA
"4175","15","5","STAN","ECR","standard","permutations","alpha",NA
"4176","16","5","STAN","ECR","standard","permutations","alpha",NA
"4177","17","5","STAN","ECR","standard","permutations","alpha",NA
"4178","18","5","STAN","ECR","standard","permutations","alpha",NA
"4179","19","5","STAN","ECR","standard","permutations","alpha",NA
"4180","20","5","STAN","ECR","standard","permutations","alpha",NA
"4181","1","6","STAN","ECR","standard","permutations","alpha",NA
"4182","2","6","STAN","ECR","standard","permutations","alpha",NA
"4183","3","6","STAN","ECR","standard","permutations","alpha",NA
"4184","4","6","STAN","ECR","standard","permutations","alpha",NA
"4185","5","6","STAN","ECR","standard","permutations","alpha",NA
"4186","6","6","STAN","ECR","standard","permutations","alpha",NA
"4187","7","6","STAN","ECR","standard","permutations","alpha",NA
"4188","8","6","STAN","ECR","standard","permutations","alpha",NA
"4189","9","6","STAN","ECR","standard","permutations","alpha",NA
"4190","10","6","STAN","ECR","standard","permutations","alpha",NA
"4191","11","6","STAN","ECR","standard","permutations","alpha",NA
"4192","12","6","STAN","ECR","standard","permutations","alpha",NA
"4193","13","6","STAN","ECR","standard","permutations","alpha",NA
"4194","14","6","STAN","ECR","standard","permutations","alpha",NA
"4195","15","6","STAN","ECR","standard","permutations","alpha",NA
"4196","16","6","STAN","ECR","standard","permutations","alpha",NA
"4197","17","6","STAN","ECR","standard","permutations","alpha",NA
"4198","18","6","STAN","ECR","standard","permutations","alpha",NA
"4199","19","6","STAN","ECR","standard","permutations","alpha",NA
"4200","20","6","STAN","ECR","standard","permutations","alpha",NA
"4201","1","2","JAGS","STEPHENS","standard","permutations","alpha","0.5"
"4202","2","2","JAGS","STEPHENS","standard","permutations","alpha","0.5"
"4203","3","2","JAGS","STEPHENS","standard","permutations","alpha","0.5"
"4204","4","2","JAGS","STEPHENS","standard","permutations","alpha","0.5"
"4205","5","2","JAGS","STEPHENS","standard","permutations","alpha","0.5"
"4206","6","2","JAGS","STEPHENS","standard","permutations","alpha","0.5"
"4207","7","2","JAGS","STEPHENS","standard","permutations","alpha","0.5"
"4208","8","2","JAGS","STEPHENS","standard","permutations","alpha","0.5"
"4209","9","2","JAGS","STEPHENS","standard","permutations","alpha","0.5"
"4210","10","2","JAGS","STEPHENS","standard","permutations","alpha","0.5"
"4211","11","2","JAGS","STEPHENS","standard","permutations","alpha","0.5"
"4212","12","2","JAGS","STEPHENS","standard","permutations","alpha","0.5"
"4213","13","2","JAGS","STEPHENS","standard","permutations","alpha","0.5"
"4214","14","2","JAGS","STEPHENS","standard","permutations","alpha","0.5"
"4215","15","2","JAGS","STEPHENS","standard","permutations","alpha","0.5"
"4216","16","2","JAGS","STEPHENS","standard","permutations","alpha","0.5"
"4217","17","2","JAGS","STEPHENS","standard","permutations","alpha","0.5"
"4218","18","2","JAGS","STEPHENS","standard","permutations","alpha","0.5"
"4219","19","2","JAGS","STEPHENS","standard","permutations","alpha","0.5"
"4220","20","2","JAGS","STEPHENS","standard","permutations","alpha","0.5"
"4221","1","3","JAGS","STEPHENS","standard","permutations","alpha","0.5"
"4222","2","3","JAGS","STEPHENS","standard","permutations","alpha","0.5"
"4223","3","3","JAGS","STEPHENS","standard","permutations","alpha","0.5"
"4224","4","3","JAGS","STEPHENS","standard","permutations","alpha","0.5"
"4225","5","3","JAGS","STEPHENS","standard","permutations","alpha","0.5"
"4226","6","3","JAGS","STEPHENS","standard","permutations","alpha","0.5"
"4227","7","3","JAGS","STEPHENS","standard","permutations","alpha","0.5"
"4228","8","3","JAGS","STEPHENS","standard","permutations","alpha","0.5"
"4229","9","3","JAGS","STEPHENS","standard","permutations","alpha","0.5"
"4230","10","3","JAGS","STEPHENS","standard","permutations","alpha","0.5"
"4231","11","3","JAGS","STEPHENS","standard","permutations","alpha","0.5"
"4232","12","3","JAGS","STEPHENS","standard","permutations","alpha","0.5"
"4233","13","3","JAGS","STEPHENS","standard","permutations","alpha","0.5"
"4234","14","3","JAGS","STEPHENS","standard","permutations","alpha","0.5"
"4235","15","3","JAGS","STEPHENS","standard","permutations","alpha","0.5"
"4236","16","3","JAGS","STEPHENS","standard","permutations","alpha","0.5"
"4237","17","3","JAGS","STEPHENS","standard","permutations","alpha","0.5"
"4238","18","3","JAGS","STEPHENS","standard","permutations","alpha","0.5"
"4239","19","3","JAGS","STEPHENS","standard","permutations","alpha","0.5"
"4240","20","3","JAGS","STEPHENS","standard","permutations","alpha","0.5"
"4241","1","4","JAGS","STEPHENS","standard","permutations","alpha","0.5"
"4242","2","4","JAGS","STEPHENS","standard","permutations","alpha","0.5"
"4243","3","4","JAGS","STEPHENS","standard","permutations","alpha","0.5"
"4244","4","4","JAGS","STEPHENS","standard","permutations","alpha","0.5"
"4245","5","4","JAGS","STEPHENS","standard","permutations","alpha","0.5"
"4246","6","4","JAGS","STEPHENS","standard","permutations","alpha","0.5"
"4247","7","4","JAGS","STEPHENS","standard","permutations","alpha","0.5"
"4248","8","4","JAGS","STEPHENS","standard","permutations","alpha","0.5"
"4249","9","4","JAGS","STEPHENS","standard","permutations","alpha","0.5"
"4250","10","4","JAGS","STEPHENS","standard","permutations","alpha","0.5"
"4251","11","4","JAGS","STEPHENS","standard","permutations","alpha","0.5"
"4252","12","4","JAGS","STEPHENS","standard","permutations","alpha","0.5"
"4253","13","4","JAGS","STEPHENS","standard","permutations","alpha","0.5"
"4254","14","4","JAGS","STEPHENS","standard","permutations","alpha","0.5"
"4255","15","4","JAGS","STEPHENS","standard","permutations","alpha","0.5"
"4256","16","4","JAGS","STEPHENS","standard","permutations","alpha","0.5"
"4257","17","4","JAGS","STEPHENS","standard","permutations","alpha","0.5"
"4258","18","4","JAGS","STEPHENS","standard","permutations","alpha","0.5"
"4259","19","4","JAGS","STEPHENS","standard","permutations","alpha","0.5"
"4260","20","4","JAGS","STEPHENS","standard","permutations","alpha","0.5"
"4261","1","5","JAGS","STEPHENS","standard","permutations","alpha","0.5"
"4262","2","5","JAGS","STEPHENS","standard","permutations","alpha","0.5"
"4263","3","5","JAGS","STEPHENS","standard","permutations","alpha","0.5"
"4264","4","5","JAGS","STEPHENS","standard","permutations","alpha","0.5"
"4265","5","5","JAGS","STEPHENS","standard","permutations","alpha","0.5"
"4266","6","5","JAGS","STEPHENS","standard","permutations","alpha","0.5"
"4267","7","5","JAGS","STEPHENS","standard","permutations","alpha","0.5"
"4268","8","5","JAGS","STEPHENS","standard","permutations","alpha","0.5"
"4269","9","5","JAGS","STEPHENS","standard","permutations","alpha","0.5"
"4270","10","5","JAGS","STEPHENS","standard","permutations","alpha","0.5"
"4271","11","5","JAGS","STEPHENS","standard","permutations","alpha","0.5"
"4272","12","5","JAGS","STEPHENS","standard","permutations","alpha","0.5"
"4273","13","5","JAGS","STEPHENS","standard","permutations","alpha","0.5"
"4274","14","5","JAGS","STEPHENS","standard","permutations","alpha","0.5"
"4275","15","5","JAGS","STEPHENS","standard","permutations","alpha","0.5"
"4276","16","5","JAGS","STEPHENS","standard","permutations","alpha","0.5"
"4277","17","5","JAGS","STEPHENS","standard","permutations","alpha","0.5"
"4278","18","5","JAGS","STEPHENS","standard","permutations","alpha","0.5"
"4279","19","5","JAGS","STEPHENS","standard","permutations","alpha","0.5"
"4280","20","5","JAGS","STEPHENS","standard","permutations","alpha","0.5"
"4281","1","6","JAGS","STEPHENS","standard","permutations","alpha","0.5"
"4282","2","6","JAGS","STEPHENS","standard","permutations","alpha","0.5"
"4283","3","6","JAGS","STEPHENS","standard","permutations","alpha","0.5"
"4284","4","6","JAGS","STEPHENS","standard","permutations","alpha","0.5"
"4285","5","6","JAGS","STEPHENS","standard","permutations","alpha","0.5"
"4286","6","6","JAGS","STEPHENS","standard","permutations","alpha","0.5"
"4287","7","6","JAGS","STEPHENS","standard","permutations","alpha","0.5"
"4288","8","6","JAGS","STEPHENS","standard","permutations","alpha","0.5"
"4289","9","6","JAGS","STEPHENS","standard","permutations","alpha","0.5"
"4290","10","6","JAGS","STEPHENS","standard","permutations","alpha","0.5"
"4291","11","6","JAGS","STEPHENS","standard","permutations","alpha","0.5"
"4292","12","6","JAGS","STEPHENS","standard","permutations","alpha","0.5"
"4293","13","6","JAGS","STEPHENS","standard","permutations","alpha","0.5"
"4294","14","6","JAGS","STEPHENS","standard","permutations","alpha","0.5"
"4295","15","6","JAGS","STEPHENS","standard","permutations","alpha","0.5"
"4296","16","6","JAGS","STEPHENS","standard","permutations","alpha","0.5"
"4297","17","6","JAGS","STEPHENS","standard","permutations","alpha","0.5"
"4298","18","6","JAGS","STEPHENS","standard","permutations","alpha","0.5"
"4299","19","6","JAGS","STEPHENS","standard","permutations","alpha","0.5"
"4300","20","6","JAGS","STEPHENS","standard","permutations","alpha","0.5"
"4301","1","2","STAN","STEPHENS","standard","permutations","alpha","0.5"
"4302","2","2","STAN","STEPHENS","standard","permutations","alpha","0.5"
"4303","3","2","STAN","STEPHENS","standard","permutations","alpha","0.5"
"4304","4","2","STAN","STEPHENS","standard","permutations","alpha","0.5"
"4305","5","2","STAN","STEPHENS","standard","permutations","alpha","0.5"
"4306","6","2","STAN","STEPHENS","standard","permutations","alpha","0.5"
"4307","7","2","STAN","STEPHENS","standard","permutations","alpha","0.5"
"4308","8","2","STAN","STEPHENS","standard","permutations","alpha","0.5"
"4309","9","2","STAN","STEPHENS","standard","permutations","alpha","0.5"
"4310","10","2","STAN","STEPHENS","standard","permutations","alpha","0.5"
"4311","11","2","STAN","STEPHENS","standard","permutations","alpha","0.5"
"4312","12","2","STAN","STEPHENS","standard","permutations","alpha","0.5"
"4313","13","2","STAN","STEPHENS","standard","permutations","alpha","0.5"
"4314","14","2","STAN","STEPHENS","standard","permutations","alpha","0.5"
"4315","15","2","STAN","STEPHENS","standard","permutations","alpha","0.5"
"4316","16","2","STAN","STEPHENS","standard","permutations","alpha","0.5"
"4317","17","2","STAN","STEPHENS","standard","permutations","alpha","0.5"
"4318","18","2","STAN","STEPHENS","standard","permutations","alpha","0.5"
"4319","19","2","STAN","STEPHENS","standard","permutations","alpha","0.5"
"4320","20","2","STAN","STEPHENS","standard","permutations","alpha","0.5"
"4321","1","3","STAN","STEPHENS","standard","permutations","alpha","0.5"
"4322","2","3","STAN","STEPHENS","standard","permutations","alpha","0.5"
"4323","3","3","STAN","STEPHENS","standard","permutations","alpha","0.5"
"4324","4","3","STAN","STEPHENS","standard","permutations","alpha","0.5"
"4325","5","3","STAN","STEPHENS","standard","permutations","alpha","0.5"
"4326","6","3","STAN","STEPHENS","standard","permutations","alpha","0.5"
"4327","7","3","STAN","STEPHENS","standard","permutations","alpha","0.5"
"4328","8","3","STAN","STEPHENS","standard","permutations","alpha","0.5"
"4329","9","3","STAN","STEPHENS","standard","permutations","alpha","0.5"
"4330","10","3","STAN","STEPHENS","standard","permutations","alpha","0.5"
"4331","11","3","STAN","STEPHENS","standard","permutations","alpha","0.5"
"4332","12","3","STAN","STEPHENS","standard","permutations","alpha","0.5"
"4333","13","3","STAN","STEPHENS","standard","permutations","alpha","0.5"
"4334","14","3","STAN","STEPHENS","standard","permutations","alpha","0.5"
"4335","15","3","STAN","STEPHENS","standard","permutations","alpha","0.5"
"4336","16","3","STAN","STEPHENS","standard","permutations","alpha","0.5"
"4337","17","3","STAN","STEPHENS","standard","permutations","alpha","0.5"
"4338","18","3","STAN","STEPHENS","standard","permutations","alpha","0.5"
"4339","19","3","STAN","STEPHENS","standard","permutations","alpha","0.5"
"4340","20","3","STAN","STEPHENS","standard","permutations","alpha","0.5"
"4341","1","4","STAN","STEPHENS","standard","permutations","alpha","0.5"
"4342","2","4","STAN","STEPHENS","standard","permutations","alpha","0.5"
"4343","3","4","STAN","STEPHENS","standard","permutations","alpha","0.5"
"4344","4","4","STAN","STEPHENS","standard","permutations","alpha","0.5"
"4345","5","4","STAN","STEPHENS","standard","permutations","alpha","0.5"
"4346","6","4","STAN","STEPHENS","standard","permutations","alpha","0.5"
"4347","7","4","STAN","STEPHENS","standard","permutations","alpha","0.5"
"4348","8","4","STAN","STEPHENS","standard","permutations","alpha","0.5"
"4349","9","4","STAN","STEPHENS","standard","permutations","alpha","0.5"
"4350","10","4","STAN","STEPHENS","standard","permutations","alpha","0.5"
"4351","11","4","STAN","STEPHENS","standard","permutations","alpha","0.5"
"4352","12","4","STAN","STEPHENS","standard","permutations","alpha","0.5"
"4353","13","4","STAN","STEPHENS","standard","permutations","alpha","0.5"
"4354","14","4","STAN","STEPHENS","standard","permutations","alpha","0.5"
"4355","15","4","STAN","STEPHENS","standard","permutations","alpha","0.5"
"4356","16","4","STAN","STEPHENS","standard","permutations","alpha","0.5"
"4357","17","4","STAN","STEPHENS","standard","permutations","alpha","0.5"
"4358","18","4","STAN","STEPHENS","standard","permutations","alpha","0.5"
"4359","19","4","STAN","STEPHENS","standard","permutations","alpha","0.5"
"4360","20","4","STAN","STEPHENS","standard","permutations","alpha","0.5"
"4361","1","5","STAN","STEPHENS","standard","permutations","alpha","0.5"
"4362","2","5","STAN","STEPHENS","standard","permutations","alpha","0.5"
"4363","3","5","STAN","STEPHENS","standard","permutations","alpha","0.5"
"4364","4","5","STAN","STEPHENS","standard","permutations","alpha","0.5"
"4365","5","5","STAN","STEPHENS","standard","permutations","alpha","0.5"
"4366","6","5","STAN","STEPHENS","standard","permutations","alpha","0.5"
"4367","7","5","STAN","STEPHENS","standard","permutations","alpha","0.5"
"4368","8","5","STAN","STEPHENS","standard","permutations","alpha","0.5"
"4369","9","5","STAN","STEPHENS","standard","permutations","alpha","0.5"
"4370","10","5","STAN","STEPHENS","standard","permutations","alpha","0.5"
"4371","11","5","STAN","STEPHENS","standard","permutations","alpha","0.5"
"4372","12","5","STAN","STEPHENS","standard","permutations","alpha","0.5"
"4373","13","5","STAN","STEPHENS","standard","permutations","alpha","0.5"
"4374","14","5","STAN","STEPHENS","standard","permutations","alpha","0.5"
"4375","15","5","STAN","STEPHENS","standard","permutations","alpha","0.5"
"4376","16","5","STAN","STEPHENS","standard","permutations","alpha","0.5"
"4377","17","5","STAN","STEPHENS","standard","permutations","alpha","0.5"
"4378","18","5","STAN","STEPHENS","standard","permutations","alpha","0.5"
"4379","19","5","STAN","STEPHENS","standard","permutations","alpha","0.5"
"4380","20","5","STAN","STEPHENS","standard","permutations","alpha","0.5"
"4381","1","6","STAN","STEPHENS","standard","permutations","alpha","0.5"
"4382","2","6","STAN","STEPHENS","standard","permutations","alpha","0.5"
"4383","3","6","STAN","STEPHENS","standard","permutations","alpha","0.5"
"4384","4","6","STAN","STEPHENS","standard","permutations","alpha","0.5"
"4385","5","6","STAN","STEPHENS","standard","permutations","alpha","0.5"
"4386","6","6","STAN","STEPHENS","standard","permutations","alpha","0.5"
"4387","7","6","STAN","STEPHENS","standard","permutations","alpha","0.5"
"4388","8","6","STAN","STEPHENS","standard","permutations","alpha","0.5"
"4389","9","6","STAN","STEPHENS","standard","permutations","alpha","0.5"
"4390","10","6","STAN","STEPHENS","standard","permutations","alpha","0.5"
"4391","11","6","STAN","STEPHENS","standard","permutations","alpha","0.5"
"4392","12","6","STAN","STEPHENS","standard","permutations","alpha","0.5"
"4393","13","6","STAN","STEPHENS","standard","permutations","alpha","0.5"
"4394","14","6","STAN","STEPHENS","standard","permutations","alpha","0.5"
"4395","15","6","STAN","STEPHENS","standard","permutations","alpha","0.5"
"4396","16","6","STAN","STEPHENS","standard","permutations","alpha","0.5"
"4397","17","6","STAN","STEPHENS","standard","permutations","alpha","0.5"
"4398","18","6","STAN","STEPHENS","standard","permutations","alpha","0.5"
"4399","19","6","STAN","STEPHENS","standard","permutations","alpha","0.5"
"4400","20","6","STAN","STEPHENS","standard","permutations","alpha","0.5"
"4401","1","2","JAGS","ECR","standard","simple","alpha","0.5"
"4402","2","2","JAGS","ECR","standard","simple","alpha","0.5"
"4403","3","2","JAGS","ECR","standard","simple","alpha","0.5"
"4404","4","2","JAGS","ECR","standard","simple","alpha","0.5"
"4405","5","2","JAGS","ECR","standard","simple","alpha","0.5"
"4406","6","2","JAGS","ECR","standard","simple","alpha","0.5"
"4407","7","2","JAGS","ECR","standard","simple","alpha","0.5"
"4408","8","2","JAGS","ECR","standard","simple","alpha","0.5"
"4409","9","2","JAGS","ECR","standard","simple","alpha","0.5"
"4410","10","2","JAGS","ECR","standard","simple","alpha","0.5"
"4411","11","2","JAGS","ECR","standard","simple","alpha","0.5"
"4412","12","2","JAGS","ECR","standard","simple","alpha","0.5"
"4413","13","2","JAGS","ECR","standard","simple","alpha","0.5"
"4414","14","2","JAGS","ECR","standard","simple","alpha","0.5"
"4415","15","2","JAGS","ECR","standard","simple","alpha","0.5"
"4416","16","2","JAGS","ECR","standard","simple","alpha","0.5"
"4417","17","2","JAGS","ECR","standard","simple","alpha","0.5"
"4418","18","2","JAGS","ECR","standard","simple","alpha","0.5"
"4419","19","2","JAGS","ECR","standard","simple","alpha","0.5"
"4420","20","2","JAGS","ECR","standard","simple","alpha","0.5"
"4421","1","3","JAGS","ECR","standard","simple","alpha","0.5"
"4422","2","3","JAGS","ECR","standard","simple","alpha","0.5"
"4423","3","3","JAGS","ECR","standard","simple","alpha","0.5"
"4424","4","3","JAGS","ECR","standard","simple","alpha","0.5"
"4425","5","3","JAGS","ECR","standard","simple","alpha","0.5"
"4426","6","3","JAGS","ECR","standard","simple","alpha","0.5"
"4427","7","3","JAGS","ECR","standard","simple","alpha","0.5"
"4428","8","3","JAGS","ECR","standard","simple","alpha","0.5"
"4429","9","3","JAGS","ECR","standard","simple","alpha","0.5"
"4430","10","3","JAGS","ECR","standard","simple","alpha","0.5"
"4431","11","3","JAGS","ECR","standard","simple","alpha","0.5"
"4432","12","3","JAGS","ECR","standard","simple","alpha","0.5"
"4433","13","3","JAGS","ECR","standard","simple","alpha","0.5"
"4434","14","3","JAGS","ECR","standard","simple","alpha","0.5"
"4435","15","3","JAGS","ECR","standard","simple","alpha","0.5"
"4436","16","3","JAGS","ECR","standard","simple","alpha","0.5"
"4437","17","3","JAGS","ECR","standard","simple","alpha","0.5"
"4438","18","3","JAGS","ECR","standard","simple","alpha","0.5"
"4439","19","3","JAGS","ECR","standard","simple","alpha","0.5"
"4440","20","3","JAGS","ECR","standard","simple","alpha","0.5"
"4441","1","4","JAGS","ECR","standard","simple","alpha","0.5"
"4442","2","4","JAGS","ECR","standard","simple","alpha","0.5"
"4443","3","4","JAGS","ECR","standard","simple","alpha","0.5"
"4444","4","4","JAGS","ECR","standard","simple","alpha","0.5"
"4445","5","4","JAGS","ECR","standard","simple","alpha","0.5"
"4446","6","4","JAGS","ECR","standard","simple","alpha","0.5"
"4447","7","4","JAGS","ECR","standard","simple","alpha","0.5"
"4448","8","4","JAGS","ECR","standard","simple","alpha","0.5"
"4449","9","4","JAGS","ECR","standard","simple","alpha","0.5"
"4450","10","4","JAGS","ECR","standard","simple","alpha","0.5"
"4451","11","4","JAGS","ECR","standard","simple","alpha","0.5"
"4452","12","4","JAGS","ECR","standard","simple","alpha","0.5"
"4453","13","4","JAGS","ECR","standard","simple","alpha","0.5"
"4454","14","4","JAGS","ECR","standard","simple","alpha","0.5"
"4455","15","4","JAGS","ECR","standard","simple","alpha","0.5"
"4456","16","4","JAGS","ECR","standard","simple","alpha","0.5"
"4457","17","4","JAGS","ECR","standard","simple","alpha","0.5"
"4458","18","4","JAGS","ECR","standard","simple","alpha","0.5"
"4459","19","4","JAGS","ECR","standard","simple","alpha","0.5"
"4460","20","4","JAGS","ECR","standard","simple","alpha","0.5"
"4461","1","5","JAGS","ECR","standard","simple","alpha","0.5"
"4462","2","5","JAGS","ECR","standard","simple","alpha","0.5"
"4463","3","5","JAGS","ECR","standard","simple","alpha","0.5"
"4464","4","5","JAGS","ECR","standard","simple","alpha","0.5"
"4465","5","5","JAGS","ECR","standard","simple","alpha","0.5"
"4466","6","5","JAGS","ECR","standard","simple","alpha","0.5"
"4467","7","5","JAGS","ECR","standard","simple","alpha","0.5"
"4468","8","5","JAGS","ECR","standard","simple","alpha","0.5"
"4469","9","5","JAGS","ECR","standard","simple","alpha","0.5"
"4470","10","5","JAGS","ECR","standard","simple","alpha","0.5"
"4471","11","5","JAGS","ECR","standard","simple","alpha","0.5"
"4472","12","5","JAGS","ECR","standard","simple","alpha","0.5"
"4473","13","5","JAGS","ECR","standard","simple","alpha","0.5"
"4474","14","5","JAGS","ECR","standard","simple","alpha","0.5"
"4475","15","5","JAGS","ECR","standard","simple","alpha","0.5"
"4476","16","5","JAGS","ECR","standard","simple","alpha","0.5"
"4477","17","5","JAGS","ECR","standard","simple","alpha","0.5"
"4478","18","5","JAGS","ECR","standard","simple","alpha","0.5"
"4479","19","5","JAGS","ECR","standard","simple","alpha","0.5"
"4480","20","5","JAGS","ECR","standard","simple","alpha","0.5"
"4481","1","6","JAGS","ECR","standard","simple","alpha","0.5"
"4482","2","6","JAGS","ECR","standard","simple","alpha","0.5"
"4483","3","6","JAGS","ECR","standard","simple","alpha","0.5"
"4484","4","6","JAGS","ECR","standard","simple","alpha","0.5"
"4485","5","6","JAGS","ECR","standard","simple","alpha","0.5"
"4486","6","6","JAGS","ECR","standard","simple","alpha","0.5"
"4487","7","6","JAGS","ECR","standard","simple","alpha","0.5"
"4488","8","6","JAGS","ECR","standard","simple","alpha","0.5"
"4489","9","6","JAGS","ECR","standard","simple","alpha","0.5"
"4490","10","6","JAGS","ECR","standard","simple","alpha","0.5"
"4491","11","6","JAGS","ECR","standard","simple","alpha","0.5"
"4492","12","6","JAGS","ECR","standard","simple","alpha","0.5"
"4493","13","6","JAGS","ECR","standard","simple","alpha","0.5"
"4494","14","6","JAGS","ECR","standard","simple","alpha","0.5"
"4495","15","6","JAGS","ECR","standard","simple","alpha","0.5"
"4496","16","6","JAGS","ECR","standard","simple","alpha","0.5"
"4497","17","6","JAGS","ECR","standard","simple","alpha","0.5"
"4498","18","6","JAGS","ECR","standard","simple","alpha","0.5"
"4499","19","6","JAGS","ECR","standard","simple","alpha","0.5"
"4500","20","6","JAGS","ECR","standard","simple","alpha","0.5"
"4501","1","2","STAN","ECR","standard","simple","alpha",NA
"4502","2","2","STAN","ECR","standard","simple","alpha",NA
"4503","3","2","STAN","ECR","standard","simple","alpha",NA
"4504","4","2","STAN","ECR","standard","simple","alpha",NA
"4505","5","2","STAN","ECR","standard","simple","alpha",NA
"4506","6","2","STAN","ECR","standard","simple","alpha",NA
"4507","7","2","STAN","ECR","standard","simple","alpha",NA
"4508","8","2","STAN","ECR","standard","simple","alpha",NA
"4509","9","2","STAN","ECR","standard","simple","alpha",NA
"4510","10","2","STAN","ECR","standard","simple","alpha",NA
"4511","11","2","STAN","ECR","standard","simple","alpha",NA
"4512","12","2","STAN","ECR","standard","simple","alpha",NA
"4513","13","2","STAN","ECR","standard","simple","alpha",NA
"4514","14","2","STAN","ECR","standard","simple","alpha",NA
"4515","15","2","STAN","ECR","standard","simple","alpha",NA
"4516","16","2","STAN","ECR","standard","simple","alpha",NA
"4517","17","2","STAN","ECR","standard","simple","alpha",NA
"4518","18","2","STAN","ECR","standard","simple","alpha",NA
"4519","19","2","STAN","ECR","standard","simple","alpha",NA
"4520","20","2","STAN","ECR","standard","simple","alpha",NA
"4521","1","3","STAN","ECR","standard","simple","alpha",NA
"4522","2","3","STAN","ECR","standard","simple","alpha",NA
"4523","3","3","STAN","ECR","standard","simple","alpha",NA
"4524","4","3","STAN","ECR","standard","simple","alpha",NA
"4525","5","3","STAN","ECR","standard","simple","alpha",NA
"4526","6","3","STAN","ECR","standard","simple","alpha",NA
"4527","7","3","STAN","ECR","standard","simple","alpha",NA
"4528","8","3","STAN","ECR","standard","simple","alpha",NA
"4529","9","3","STAN","ECR","standard","simple","alpha",NA
"4530","10","3","STAN","ECR","standard","simple","alpha",NA
"4531","11","3","STAN","ECR","standard","simple","alpha",NA
"4532","12","3","STAN","ECR","standard","simple","alpha",NA
"4533","13","3","STAN","ECR","standard","simple","alpha",NA
"4534","14","3","STAN","ECR","standard","simple","alpha",NA
"4535","15","3","STAN","ECR","standard","simple","alpha",NA
"4536","16","3","STAN","ECR","standard","simple","alpha",NA
"4537","17","3","STAN","ECR","standard","simple","alpha",NA
"4538","18","3","STAN","ECR","standard","simple","alpha",NA
"4539","19","3","STAN","ECR","standard","simple","alpha",NA
"4540","20","3","STAN","ECR","standard","simple","alpha",NA
"4541","1","4","STAN","ECR","standard","simple","alpha",NA
"4542","2","4","STAN","ECR","standard","simple","alpha",NA
"4543","3","4","STAN","ECR","standard","simple","alpha",NA
"4544","4","4","STAN","ECR","standard","simple","alpha",NA
"4545","5","4","STAN","ECR","standard","simple","alpha",NA
"4546","6","4","STAN","ECR","standard","simple","alpha",NA
"4547","7","4","STAN","ECR","standard","simple","alpha",NA
"4548","8","4","STAN","ECR","standard","simple","alpha",NA
"4549","9","4","STAN","ECR","standard","simple","alpha",NA
"4550","10","4","STAN","ECR","standard","simple","alpha",NA
"4551","11","4","STAN","ECR","standard","simple","alpha",NA
"4552","12","4","STAN","ECR","standard","simple","alpha",NA
"4553","13","4","STAN","ECR","standard","simple","alpha",NA
"4554","14","4","STAN","ECR","standard","simple","alpha",NA
"4555","15","4","STAN","ECR","standard","simple","alpha",NA
"4556","16","4","STAN","ECR","standard","simple","alpha",NA
"4557","17","4","STAN","ECR","standard","simple","alpha",NA
"4558","18","4","STAN","ECR","standard","simple","alpha",NA
"4559","19","4","STAN","ECR","standard","simple","alpha",NA
"4560","20","4","STAN","ECR","standard","simple","alpha",NA
"4561","1","5","STAN","ECR","standard","simple","alpha",NA
"4562","2","5","STAN","ECR","standard","simple","alpha",NA
"4563","3","5","STAN","ECR","standard","simple","alpha",NA
"4564","4","5","STAN","ECR","standard","simple","alpha",NA
"4565","5","5","STAN","ECR","standard","simple","alpha",NA
"4566","6","5","STAN","ECR","standard","simple","alpha",NA
"4567","7","5","STAN","ECR","standard","simple","alpha",NA
"4568","8","5","STAN","ECR","standard","simple","alpha",NA
"4569","9","5","STAN","ECR","standard","simple","alpha",NA
"4570","10","5","STAN","ECR","standard","simple","alpha",NA
"4571","11","5","STAN","ECR","standard","simple","alpha",NA
"4572","12","5","STAN","ECR","standard","simple","alpha",NA
"4573","13","5","STAN","ECR","standard","simple","alpha",NA
"4574","14","5","STAN","ECR","standard","simple","alpha",NA
"4575","15","5","STAN","ECR","standard","simple","alpha",NA
"4576","16","5","STAN","ECR","standard","simple","alpha",NA
"4577","17","5","STAN","ECR","standard","simple","alpha",NA
"4578","18","5","STAN","ECR","standard","simple","alpha",NA
"4579","19","5","STAN","ECR","standard","simple","alpha",NA
"4580","20","5","STAN","ECR","standard","simple","alpha",NA
"4581","1","6","STAN","ECR","standard","simple","alpha",NA
"4582","2","6","STAN","ECR","standard","simple","alpha",NA
"4583","3","6","STAN","ECR","standard","simple","alpha",NA
"4584","4","6","STAN","ECR","standard","simple","alpha",NA
"4585","5","6","STAN","ECR","standard","simple","alpha",NA
"4586","6","6","STAN","ECR","standard","simple","alpha",NA
"4587","7","6","STAN","ECR","standard","simple","alpha",NA
"4588","8","6","STAN","ECR","standard","simple","alpha",NA
"4589","9","6","STAN","ECR","standard","simple","alpha",NA
"4590","10","6","STAN","ECR","standard","simple","alpha",NA
"4591","11","6","STAN","ECR","standard","simple","alpha",NA
"4592","12","6","STAN","ECR","standard","simple","alpha",NA
"4593","13","6","STAN","ECR","standard","simple","alpha",NA
"4594","14","6","STAN","ECR","standard","simple","alpha",NA
"4595","15","6","STAN","ECR","standard","simple","alpha",NA
"4596","16","6","STAN","ECR","standard","simple","alpha",NA
"4597","17","6","STAN","ECR","standard","simple","alpha",NA
"4598","18","6","STAN","ECR","standard","simple","alpha",NA
"4599","19","6","STAN","ECR","standard","simple","alpha",NA
"4600","20","6","STAN","ECR","standard","simple","alpha",NA
"4601","1","2","JAGS","STEPHENS","standard","simple","alpha","0.5"
"4602","2","2","JAGS","STEPHENS","standard","simple","alpha","0.5"
"4603","3","2","JAGS","STEPHENS","standard","simple","alpha","0.5"
"4604","4","2","JAGS","STEPHENS","standard","simple","alpha","0.5"
"4605","5","2","JAGS","STEPHENS","standard","simple","alpha","0.5"
"4606","6","2","JAGS","STEPHENS","standard","simple","alpha","0.5"
"4607","7","2","JAGS","STEPHENS","standard","simple","alpha","0.5"
"4608","8","2","JAGS","STEPHENS","standard","simple","alpha","0.5"
"4609","9","2","JAGS","STEPHENS","standard","simple","alpha","0.5"
"4610","10","2","JAGS","STEPHENS","standard","simple","alpha","0.5"
"4611","11","2","JAGS","STEPHENS","standard","simple","alpha","0.5"
"4612","12","2","JAGS","STEPHENS","standard","simple","alpha","0.5"
"4613","13","2","JAGS","STEPHENS","standard","simple","alpha","0.5"
"4614","14","2","JAGS","STEPHENS","standard","simple","alpha","0.5"
"4615","15","2","JAGS","STEPHENS","standard","simple","alpha","0.5"
"4616","16","2","JAGS","STEPHENS","standard","simple","alpha","0.5"
"4617","17","2","JAGS","STEPHENS","standard","simple","alpha","0.5"
"4618","18","2","JAGS","STEPHENS","standard","simple","alpha","0.5"
"4619","19","2","JAGS","STEPHENS","standard","simple","alpha","0.5"
"4620","20","2","JAGS","STEPHENS","standard","simple","alpha","0.5"
"4621","1","3","JAGS","STEPHENS","standard","simple","alpha","0.5"
"4622","2","3","JAGS","STEPHENS","standard","simple","alpha","0.5"
"4623","3","3","JAGS","STEPHENS","standard","simple","alpha","0.5"
"4624","4","3","JAGS","STEPHENS","standard","simple","alpha","0.5"
"4625","5","3","JAGS","STEPHENS","standard","simple","alpha","0.5"
"4626","6","3","JAGS","STEPHENS","standard","simple","alpha","0.5"
"4627","7","3","JAGS","STEPHENS","standard","simple","alpha","0.5"
"4628","8","3","JAGS","STEPHENS","standard","simple","alpha","0.5"
"4629","9","3","JAGS","STEPHENS","standard","simple","alpha","0.5"
"4630","10","3","JAGS","STEPHENS","standard","simple","alpha","0.5"
"4631","11","3","JAGS","STEPHENS","standard","simple","alpha","0.5"
"4632","12","3","JAGS","STEPHENS","standard","simple","alpha","0.5"
"4633","13","3","JAGS","STEPHENS","standard","simple","alpha","0.5"
"4634","14","3","JAGS","STEPHENS","standard","simple","alpha","0.5"
"4635","15","3","JAGS","STEPHENS","standard","simple","alpha","0.5"
"4636","16","3","JAGS","STEPHENS","standard","simple","alpha","0.5"
"4637","17","3","JAGS","STEPHENS","standard","simple","alpha","0.5"
"4638","18","3","JAGS","STEPHENS","standard","simple","alpha","0.5"
"4639","19","3","JAGS","STEPHENS","standard","simple","alpha","0.5"
"4640","20","3","JAGS","STEPHENS","standard","simple","alpha","0.5"
"4641","1","4","JAGS","STEPHENS","standard","simple","alpha","0.5"
"4642","2","4","JAGS","STEPHENS","standard","simple","alpha","0.5"
"4643","3","4","JAGS","STEPHENS","standard","simple","alpha","0.5"
"4644","4","4","JAGS","STEPHENS","standard","simple","alpha","0.5"
"4645","5","4","JAGS","STEPHENS","standard","simple","alpha","0.5"
"4646","6","4","JAGS","STEPHENS","standard","simple","alpha","0.5"
"4647","7","4","JAGS","STEPHENS","standard","simple","alpha","0.5"
"4648","8","4","JAGS","STEPHENS","standard","simple","alpha","0.5"
"4649","9","4","JAGS","STEPHENS","standard","simple","alpha","0.5"
"4650","10","4","JAGS","STEPHENS","standard","simple","alpha","0.5"
"4651","11","4","JAGS","STEPHENS","standard","simple","alpha","0.5"
"4652","12","4","JAGS","STEPHENS","standard","simple","alpha","0.5"
"4653","13","4","JAGS","STEPHENS","standard","simple","alpha","0.5"
"4654","14","4","JAGS","STEPHENS","standard","simple","alpha","0.5"
"4655","15","4","JAGS","STEPHENS","standard","simple","alpha","0.5"
"4656","16","4","JAGS","STEPHENS","standard","simple","alpha","0.5"
"4657","17","4","JAGS","STEPHENS","standard","simple","alpha","0.5"
"4658","18","4","JAGS","STEPHENS","standard","simple","alpha","0.5"
"4659","19","4","JAGS","STEPHENS","standard","simple","alpha","0.5"
"4660","20","4","JAGS","STEPHENS","standard","simple","alpha","0.5"
"4661","1","5","JAGS","STEPHENS","standard","simple","alpha","0.5"
"4662","2","5","JAGS","STEPHENS","standard","simple","alpha","0.5"
"4663","3","5","JAGS","STEPHENS","standard","simple","alpha","0.5"
"4664","4","5","JAGS","STEPHENS","standard","simple","alpha","0.5"
"4665","5","5","JAGS","STEPHENS","standard","simple","alpha","0.5"
"4666","6","5","JAGS","STEPHENS","standard","simple","alpha","0.5"
"4667","7","5","JAGS","STEPHENS","standard","simple","alpha","0.5"
"4668","8","5","JAGS","STEPHENS","standard","simple","alpha","0.5"
"4669","9","5","JAGS","STEPHENS","standard","simple","alpha","0.5"
"4670","10","5","JAGS","STEPHENS","standard","simple","alpha","0.5"
"4671","11","5","JAGS","STEPHENS","standard","simple","alpha","0.5"
"4672","12","5","JAGS","STEPHENS","standard","simple","alpha","0.5"
"4673","13","5","JAGS","STEPHENS","standard","simple","alpha","0.5"
"4674","14","5","JAGS","STEPHENS","standard","simple","alpha","0.5"
"4675","15","5","JAGS","STEPHENS","standard","simple","alpha","0.5"
"4676","16","5","JAGS","STEPHENS","standard","simple","alpha","0.5"
"4677","17","5","JAGS","STEPHENS","standard","simple","alpha","0.5"
"4678","18","5","JAGS","STEPHENS","standard","simple","alpha","0.5"
"4679","19","5","JAGS","STEPHENS","standard","simple","alpha","0.5"
"4680","20","5","JAGS","STEPHENS","standard","simple","alpha","0.5"
"4681","1","6","JAGS","STEPHENS","standard","simple","alpha","0.5"
"4682","2","6","JAGS","STEPHENS","standard","simple","alpha","0.5"
"4683","3","6","JAGS","STEPHENS","standard","simple","alpha","0.5"
"4684","4","6","JAGS","STEPHENS","standard","simple","alpha","0.5"
"4685","5","6","JAGS","STEPHENS","standard","simple","alpha","0.5"
"4686","6","6","JAGS","STEPHENS","standard","simple","alpha","0.5"
"4687","7","6","JAGS","STEPHENS","standard","simple","alpha","0.5"
"4688","8","6","JAGS","STEPHENS","standard","simple","alpha","0.5"
"4689","9","6","JAGS","STEPHENS","standard","simple","alpha","0.5"
"4690","10","6","JAGS","STEPHENS","standard","simple","alpha","0.5"
"4691","11","6","JAGS","STEPHENS","standard","simple","alpha","0.5"
"4692","12","6","JAGS","STEPHENS","standard","simple","alpha","0.5"
"4693","13","6","JAGS","STEPHENS","standard","simple","alpha","0.5"
"4694","14","6","JAGS","STEPHENS","standard","simple","alpha","0.5"
"4695","15","6","JAGS","STEPHENS","standard","simple","alpha","0.5"
"4696","16","6","JAGS","STEPHENS","standard","simple","alpha","0.5"
"4697","17","6","JAGS","STEPHENS","standard","simple","alpha","0.5"
"4698","18","6","JAGS","STEPHENS","standard","simple","alpha","0.5"
"4699","19","6","JAGS","STEPHENS","standard","simple","alpha","0.5"
"4700","20","6","JAGS","STEPHENS","standard","simple","alpha","0.5"
"4701","1","2","STAN","STEPHENS","standard","simple","alpha","0.5"
"4702","2","2","STAN","STEPHENS","standard","simple","alpha","0.5"
"4703","3","2","STAN","STEPHENS","standard","simple","alpha","0.5"
"4704","4","2","STAN","STEPHENS","standard","simple","alpha","0.5"
"4705","5","2","STAN","STEPHENS","standard","simple","alpha","0.5"
"4706","6","2","STAN","STEPHENS","standard","simple","alpha","0.5"
"4707","7","2","STAN","STEPHENS","standard","simple","alpha","0.5"
"4708","8","2","STAN","STEPHENS","standard","simple","alpha","0.5"
"4709","9","2","STAN","STEPHENS","standard","simple","alpha","0.5"
"4710","10","2","STAN","STEPHENS","standard","simple","alpha","0.5"
"4711","11","2","STAN","STEPHENS","standard","simple","alpha","0.5"
"4712","12","2","STAN","STEPHENS","standard","simple","alpha","0.5"
"4713","13","2","STAN","STEPHENS","standard","simple","alpha","0.5"
"4714","14","2","STAN","STEPHENS","standard","simple","alpha","0.5"
"4715","15","2","STAN","STEPHENS","standard","simple","alpha","0.5"
"4716","16","2","STAN","STEPHENS","standard","simple","alpha","0.5"
"4717","17","2","STAN","STEPHENS","standard","simple","alpha","0.5"
"4718","18","2","STAN","STEPHENS","standard","simple","alpha","0.5"
"4719","19","2","STAN","STEPHENS","standard","simple","alpha","0.5"
"4720","20","2","STAN","STEPHENS","standard","simple","alpha","0.5"
"4721","1","3","STAN","STEPHENS","standard","simple","alpha","0.5"
"4722","2","3","STAN","STEPHENS","standard","simple","alpha","0.5"
"4723","3","3","STAN","STEPHENS","standard","simple","alpha","0.5"
"4724","4","3","STAN","STEPHENS","standard","simple","alpha","0.5"
"4725","5","3","STAN","STEPHENS","standard","simple","alpha","0.5"
"4726","6","3","STAN","STEPHENS","standard","simple","alpha","0.5"
"4727","7","3","STAN","STEPHENS","standard","simple","alpha","0.5"
"4728","8","3","STAN","STEPHENS","standard","simple","alpha","0.5"
"4729","9","3","STAN","STEPHENS","standard","simple","alpha","0.5"
"4730","10","3","STAN","STEPHENS","standard","simple","alpha","0.5"
"4731","11","3","STAN","STEPHENS","standard","simple","alpha","0.5"
"4732","12","3","STAN","STEPHENS","standard","simple","alpha","0.5"
"4733","13","3","STAN","STEPHENS","standard","simple","alpha","0.5"
"4734","14","3","STAN","STEPHENS","standard","simple","alpha","0.5"
"4735","15","3","STAN","STEPHENS","standard","simple","alpha","0.5"
"4736","16","3","STAN","STEPHENS","standard","simple","alpha","0.5"
"4737","17","3","STAN","STEPHENS","standard","simple","alpha","0.5"
"4738","18","3","STAN","STEPHENS","standard","simple","alpha","0.5"
"4739","19","3","STAN","STEPHENS","standard","simple","alpha","0.5"
"4740","20","3","STAN","STEPHENS","standard","simple","alpha","0.5"
"4741","1","4","STAN","STEPHENS","standard","simple","alpha","0.5"
"4742","2","4","STAN","STEPHENS","standard","simple","alpha","0.5"
"4743","3","4","STAN","STEPHENS","standard","simple","alpha","0.5"
"4744","4","4","STAN","STEPHENS","standard","simple","alpha","0.5"
"4745","5","4","STAN","STEPHENS","standard","simple","alpha","0.5"
"4746","6","4","STAN","STEPHENS","standard","simple","alpha","0.5"
"4747","7","4","STAN","STEPHENS","standard","simple","alpha","0.5"
"4748","8","4","STAN","STEPHENS","standard","simple","alpha","0.5"
"4749","9","4","STAN","STEPHENS","standard","simple","alpha","0.5"
"4750","10","4","STAN","STEPHENS","standard","simple","alpha","0.5"
"4751","11","4","STAN","STEPHENS","standard","simple","alpha","0.5"
"4752","12","4","STAN","STEPHENS","standard","simple","alpha","0.5"
"4753","13","4","STAN","STEPHENS","standard","simple","alpha","0.5"
"4754","14","4","STAN","STEPHENS","standard","simple","alpha","0.5"
"4755","15","4","STAN","STEPHENS","standard","simple","alpha","0.5"
"4756","16","4","STAN","STEPHENS","standard","simple","alpha","0.5"
"4757","17","4","STAN","STEPHENS","standard","simple","alpha","0.5"
"4758","18","4","STAN","STEPHENS","standard","simple","alpha","0.5"
"4759","19","4","STAN","STEPHENS","standard","simple","alpha","0.5"
"4760","20","4","STAN","STEPHENS","standard","simple","alpha","0.5"
"4761","1","5","STAN","STEPHENS","standard","simple","alpha","0.5"
"4762","2","5","STAN","STEPHENS","standard","simple","alpha","0.5"
"4763","3","5","STAN","STEPHENS","standard","simple","alpha","0.5"
"4764","4","5","STAN","STEPHENS","standard","simple","alpha","0.5"
"4765","5","5","STAN","STEPHENS","standard","simple","alpha","0.5"
"4766","6","5","STAN","STEPHENS","standard","simple","alpha","0.5"
"4767","7","5","STAN","STEPHENS","standard","simple","alpha","0.5"
"4768","8","5","STAN","STEPHENS","standard","simple","alpha","0.5"
"4769","9","5","STAN","STEPHENS","standard","simple","alpha","0.5"
"4770","10","5","STAN","STEPHENS","standard","simple","alpha","0.5"
"4771","11","5","STAN","STEPHENS","standard","simple","alpha","0.5"
"4772","12","5","STAN","STEPHENS","standard","simple","alpha","0.5"
"4773","13","5","STAN","STEPHENS","standard","simple","alpha","0.5"
"4774","14","5","STAN","STEPHENS","standard","simple","alpha","0.5"
"4775","15","5","STAN","STEPHENS","standard","simple","alpha","0.5"
"4776","16","5","STAN","STEPHENS","standard","simple","alpha","0.5"
"4777","17","5","STAN","STEPHENS","standard","simple","alpha","0.5"
"4778","18","5","STAN","STEPHENS","standard","simple","alpha","0.5"
"4779","19","5","STAN","STEPHENS","standard","simple","alpha","0.5"
"4780","20","5","STAN","STEPHENS","standard","simple","alpha","0.5"
"4781","1","6","STAN","STEPHENS","standard","simple","alpha","0.5"
"4782","2","6","STAN","STEPHENS","standard","simple","alpha","0.5"
"4783","3","6","STAN","STEPHENS","standard","simple","alpha","0.5"
"4784","4","6","STAN","STEPHENS","standard","simple","alpha","0.5"
"4785","5","6","STAN","STEPHENS","standard","simple","alpha","0.5"
"4786","6","6","STAN","STEPHENS","standard","simple","alpha","0.5"
"4787","7","6","STAN","STEPHENS","standard","simple","alpha","0.5"
"4788","8","6","STAN","STEPHENS","standard","simple","alpha","0.5"
"4789","9","6","STAN","STEPHENS","standard","simple","alpha","0.5"
"4790","10","6","STAN","STEPHENS","standard","simple","alpha","0.5"
"4791","11","6","STAN","STEPHENS","standard","simple","alpha","0.5"
"4792","12","6","STAN","STEPHENS","standard","simple","alpha","0.5"
"4793","13","6","STAN","STEPHENS","standard","simple","alpha","0.5"
"4794","14","6","STAN","STEPHENS","standard","simple","alpha","0.5"
"4795","15","6","STAN","STEPHENS","standard","simple","alpha","0.5"
"4796","16","6","STAN","STEPHENS","standard","simple","alpha","0.5"
"4797","17","6","STAN","STEPHENS","standard","simple","alpha","0.5"
"4798","18","6","STAN","STEPHENS","standard","simple","alpha","0.5"
"4799","19","6","STAN","STEPHENS","standard","simple","alpha","0.5"
"4800","20","6","STAN","STEPHENS","standard","simple","alpha","0.5"
