"","sim","G","sampler","relabalg","ellipsealg","thamesalg","estimate","value"
"1","1","3","overfitting_rho0","ECR","standard","simple","upper","0.872305055479764"
"2","2","3","overfitting_rho0","ECR","standard","simple","upper","0.26316287817005"
"3","3","3","overfitting_rho0","ECR","standard","simple","upper","0.18590584336949"
"4","4","3","overfitting_rho0","ECR","standard","simple","upper","0.44890620411234"
"5","5","3","overfitting_rho0","ECR","standard","simple","upper","0.52936453567164"
"6","6","3","overfitting_rho0","ECR","standard","simple","upper","2.03695185118212"
"7","7","3","overfitting_rho0","ECR","standard","simple","upper","1.06366479698016"
"8","8","3","overfitting_rho0","ECR","standard","simple","upper","0.473014460474531"
"9","9","3","overfitting_rho0","ECR","standard","simple","upper","0.366919398386294"
"10","10","3","overfitting_rho0","ECR","standard","simple","upper","0.162920400305275"
"11","11","3","overfitting_rho0","ECR","standard","simple","upper","0.402087497059568"
"12","12","3","overfitting_rho0","ECR","standard","simple","upper","0.447376259950218"
"13","13","3","overfitting_rho0","ECR","standard","simple","upper","1.70753254453068"
"14","14","3","overfitting_rho0","ECR","standard","simple","upper","0.972236103366377"
"15","15","3","overfitting_rho0","ECR","standard","simple","upper","0.33500634101545"
"16","16","3","overfitting_rho0","ECR","standard","simple","upper","1.38742491073226"
"17","17","3","overfitting_rho0","ECR","standard","simple","upper","0.268316268383742"
"18","18","3","overfitting_rho0","ECR","standard","simple","upper","0.219572777613827"
"19","19","3","overfitting_rho0","ECR","standard","simple","upper","0.845972641538886"
"20","20","3","overfitting_rho0","ECR","standard","simple","upper","0.246932563441113"
"21","21","3","overfitting_rho0","ECR","standard","simple","upper","1.51655146778509"
"22","22","3","overfitting_rho0","ECR","standard","simple","upper","2.41899990755082"
"23","23","3","overfitting_rho0","ECR","standard","simple","upper","0.331834254920203"
"24","24","3","overfitting_rho0","ECR","standard","simple","upper","2.19678656407142"
"25","25","3","overfitting_rho0","ECR","standard","simple","upper","2.40189124833044"
"26","26","3","overfitting_rho0","ECR","standard","simple","upper","0.232224088580367"
"27","27","3","overfitting_rho0","ECR","standard","simple","upper","1.03709353388869"
"28","28","3","overfitting_rho0","ECR","standard","simple","upper","0.309850368873015"
"29","29","3","overfitting_rho0","ECR","standard","simple","upper","0.810736761700433"
"30","30","3","overfitting_rho0","ECR","standard","simple","upper","0.515725661050467"
"31","31","3","overfitting_rho0","ECR","standard","simple","upper","0.626578405670593"
"32","32","3","overfitting_rho0","ECR","standard","simple","upper","2.25832597808876"
"33","33","3","overfitting_rho0","ECR","standard","simple","upper","0.409381209947348"
"34","34","3","overfitting_rho0","ECR","standard","simple","upper","0.256798527186277"
"35","35","3","overfitting_rho0","ECR","standard","simple","upper","0.221745177097098"
"36","36","3","overfitting_rho0","ECR","standard","simple","upper","0.545756643254087"
"37","37","3","overfitting_rho0","ECR","standard","simple","upper","0.516164289113881"
"38","38","3","overfitting_rho0","ECR","standard","simple","upper","1.07447808441508"
"39","39","3","overfitting_rho0","ECR","standard","simple","upper","0.752566052551657"
"40","40","3","overfitting_rho0","ECR","standard","simple","upper","0.45216009362845"
"41","41","3","overfitting_rho0","ECR","standard","simple","upper","0.503397021762844"
"42","42","3","overfitting_rho0","ECR","standard","simple","upper","0.435978403268138"
"43","43","3","overfitting_rho0","ECR","standard","simple","upper","0.282772167898678"
"44","44","3","overfitting_rho0","ECR","standard","simple","upper","1.06395380031211"
"45","45","3","overfitting_rho0","ECR","standard","simple","upper","2.20599943332714"
"46","46","3","overfitting_rho0","ECR","standard","simple","upper","2.28755562235494"
"47","47","3","overfitting_rho0","ECR","standard","simple","upper","0.296579853746785"
"48","48","3","overfitting_rho0","ECR","standard","simple","upper","0.251509853934735"
"49","49","3","overfitting_rho0","ECR","standard","simple","upper","1.18108213721781"
"50","50","3","overfitting_rho0","ECR","standard","simple","upper","0.541290773947352"
"51","1","3","overfitting_rho.5","ECR","standard","simple","upper","0.492144886750559"
"52","2","3","overfitting_rho.5","ECR","standard","simple","upper","0.651377322548989"
"53","3","3","overfitting_rho.5","ECR","standard","simple","upper","0.858575225073331"
"54","4","3","overfitting_rho.5","ECR","standard","simple","upper","0.870151238736284"
"55","5","3","overfitting_rho.5","ECR","standard","simple","upper","0.260873573433379"
"56","6","3","overfitting_rho.5","ECR","standard","simple","upper","1.11874875658408"
"57","7","3","overfitting_rho.5","ECR","standard","simple","upper","0.510514362639498"
"58","8","3","overfitting_rho.5","ECR","standard","simple","upper","2.28133583935951"
"59","9","3","overfitting_rho.5","ECR","standard","simple","upper","0.510645555525258"
"60","10","3","overfitting_rho.5","ECR","standard","simple","upper","1.80468631782701"
"61","11","3","overfitting_rho.5","ECR","standard","simple","upper","0.315199141299793"
"62","12","3","overfitting_rho.5","ECR","standard","simple","upper","0.701876182179369"
"63","13","3","overfitting_rho.5","ECR","standard","simple","upper","0.870915084907224"
"64","14","3","overfitting_rho.5","ECR","standard","simple","upper","0.38144213993516"
"65","15","3","overfitting_rho.5","ECR","standard","simple","upper","2.25781490947722"
"66","16","3","overfitting_rho.5","ECR","standard","simple","upper","0.161714318805764"
"67","17","3","overfitting_rho.5","ECR","standard","simple","upper","0.217514842644029"
"68","18","3","overfitting_rho.5","ECR","standard","simple","upper","0.479646912573507"
"69","19","3","overfitting_rho.5","ECR","standard","simple","upper","2.47861120879712"
"70","20","3","overfitting_rho.5","ECR","standard","simple","upper","0.901056704296565"
"71","21","3","overfitting_rho.5","ECR","standard","simple","upper","0.320373563812041"
"72","22","3","overfitting_rho.5","ECR","standard","simple","upper","0.853547350546947"
"73","23","3","overfitting_rho.5","ECR","standard","simple","upper","2.40089638884851"
"74","24","3","overfitting_rho.5","ECR","standard","simple","upper","2.40134725218641"
"75","25","3","overfitting_rho.5","ECR","standard","simple","upper","0.564051503715909"
"76","26","3","overfitting_rho.5","ECR","standard","simple","upper","0.280566191251559"
"77","27","3","overfitting_rho.5","ECR","standard","simple","upper","1.0090949269567"
"78","28","3","overfitting_rho.5","ECR","standard","simple","upper","0.370540982062124"
"79","29","3","overfitting_rho.5","ECR","standard","simple","upper","1.06448275806057"
"80","30","3","overfitting_rho.5","ECR","standard","simple","upper","0.218598099138696"
"81","31","3","overfitting_rho.5","ECR","standard","simple","upper","0.14286192954372"
"82","32","3","overfitting_rho.5","ECR","standard","simple","upper","0.833086498263498"
"83","33","3","overfitting_rho.5","ECR","standard","simple","upper","0.864061045171681"
"84","34","3","overfitting_rho.5","ECR","standard","simple","upper","0.404998603401658"
"85","35","3","overfitting_rho.5","ECR","standard","simple","upper","0.838913196624439"
"86","36","3","overfitting_rho.5","ECR","standard","simple","upper","0.882089687135284"
"87","37","3","overfitting_rho.5","ECR","standard","simple","upper","1.7553704554225"
"88","38","3","overfitting_rho.5","ECR","standard","simple","upper","2.42199633544367"
"89","39","3","overfitting_rho.5","ECR","standard","simple","upper","1.18357795451018"
"90","40","3","overfitting_rho.5","ECR","standard","simple","upper","0.389033981418422"
"91","41","3","overfitting_rho.5","ECR","standard","simple","upper","0.382744580818539"
"92","42","3","overfitting_rho.5","ECR","standard","simple","upper","1.06857494212022"
"93","43","3","overfitting_rho.5","ECR","standard","simple","upper","0.549144898425034"
"94","44","3","overfitting_rho.5","ECR","standard","simple","upper","0.563803024811811"
"95","45","3","overfitting_rho.5","ECR","standard","simple","upper","0.249430851521069"
"96","46","3","overfitting_rho.5","ECR","standard","simple","upper","2.51210151182649"
"97","47","3","overfitting_rho.5","ECR","standard","simple","upper","0.407563875275692"
"98","48","3","overfitting_rho.5","ECR","standard","simple","upper","0.159287171300271"
"99","49","3","overfitting_rho.5","ECR","standard","simple","upper","0.172864524470178"
"100","50","3","overfitting_rho.5","ECR","standard","simple","upper","1.1217068478413"
"101","1","3","overfitting_rho1","ECR","standard","simple","upper","0.708591274184379"
"102","2","3","overfitting_rho1","ECR","standard","simple","upper","0.408353089220036"
"103","3","3","overfitting_rho1","ECR","standard","simple","upper","2.27202083560373"
"104","4","3","overfitting_rho1","ECR","standard","simple","upper","1.63527143951664"
"105","5","3","overfitting_rho1","ECR","standard","simple","upper","2.46665275785502"
"106","6","3","overfitting_rho1","ECR","standard","simple","upper","0.59151358010719"
"107","7","3","overfitting_rho1","ECR","standard","simple","upper","2.33677877084068"
"108","8","3","overfitting_rho1","ECR","standard","simple","upper","0.402490498961829"
"109","9","3","overfitting_rho1","ECR","standard","simple","upper","0.270993845335575"
"110","10","3","overfitting_rho1","ECR","standard","simple","upper","0.24144909000988"
"111","11","3","overfitting_rho1","ECR","standard","simple","upper","0.251107537461678"
"112","12","3","overfitting_rho1","ECR","standard","simple","upper","0.271207391705083"
"113","13","3","overfitting_rho1","ECR","standard","simple","upper","0.515125992706384"
"114","14","3","overfitting_rho1","ECR","standard","simple","upper","0.582516807252645"
"115","15","3","overfitting_rho1","ECR","standard","simple","upper","0.287065143961904"
"116","16","3","overfitting_rho1","ECR","standard","simple","upper","1.73452541355773"
"117","17","3","overfitting_rho1","ECR","standard","simple","upper","0.22330089144738"
"118","18","3","overfitting_rho1","ECR","standard","simple","upper","1.86556876496709"
"119","19","3","overfitting_rho1","ECR","standard","simple","upper","0.255288411841825"
"120","20","3","overfitting_rho1","ECR","standard","simple","upper","0.367496751496329"
"121","21","3","overfitting_rho1","ECR","standard","simple","upper","0.182742651440304"
"122","22","3","overfitting_rho1","ECR","standard","simple","upper","0.383043898075012"
"123","23","3","overfitting_rho1","ECR","standard","simple","upper","0.287128120365121"
"124","24","3","overfitting_rho1","ECR","standard","simple","upper","0.281190507384682"
"125","25","3","overfitting_rho1","ECR","standard","simple","upper","0.138086689417992"
"126","26","3","overfitting_rho1","ECR","standard","simple","upper","1.38635509985843"
"127","27","3","overfitting_rho1","ECR","standard","simple","upper","1.50614866414913"
"128","28","3","overfitting_rho1","ECR","standard","simple","upper","0.580796844050184"
"129","29","3","overfitting_rho1","ECR","standard","simple","upper","0.29976230167798"
"130","30","3","overfitting_rho1","ECR","standard","simple","upper","0.401214827564253"
"131","31","3","overfitting_rho1","ECR","standard","simple","upper","0.358429360719214"
"132","32","3","overfitting_rho1","ECR","standard","simple","upper","0.505191328814472"
"133","33","3","overfitting_rho1","ECR","standard","simple","upper","0.807293687670224"
"134","34","3","overfitting_rho1","ECR","standard","simple","upper","0.593279003908656"
"135","35","3","overfitting_rho1","ECR","standard","simple","upper","0.332105017902389"
"136","36","3","overfitting_rho1","ECR","standard","simple","upper","0.30386627290499"
"137","37","3","overfitting_rho1","ECR","standard","simple","upper","0.120678675680011"
"138","38","3","overfitting_rho1","ECR","standard","simple","upper","1.73342785640234"
"139","39","3","overfitting_rho1","ECR","standard","simple","upper","0.58268514393486"
"140","40","3","overfitting_rho1","ECR","standard","simple","upper","0.519670420700834"
"141","41","3","overfitting_rho1","ECR","standard","simple","upper","0.431971920806852"
"142","42","3","overfitting_rho1","ECR","standard","simple","upper","0.635314675186194"
"143","43","3","overfitting_rho1","ECR","standard","simple","upper","0.246403645380241"
"144","44","3","overfitting_rho1","ECR","standard","simple","upper","0.176308515383248"
"145","45","3","overfitting_rho1","ECR","standard","simple","upper","0.224805315187091"
"146","46","3","overfitting_rho1","ECR","standard","simple","upper","0.253664800216349"
"147","47","3","overfitting_rho1","ECR","standard","simple","upper","0.130981678684659"
"148","48","3","overfitting_rho1","ECR","standard","simple","upper","0.19678657820139"
"149","49","3","overfitting_rho1","ECR","standard","simple","upper","1.71536491208835"
"150","50","3","overfitting_rho1","ECR","standard","simple","upper","0.304872493260206"
"151","1","3","overfitting_rho0","ECR","standard","bridge","upper","-1.13015490895537"
"152","2","3","overfitting_rho0","ECR","standard","bridge","upper","-1.24399291370845"
"153","3","3","overfitting_rho0","ECR","standard","bridge","upper","-1.23394340943393"
"154","4","3","overfitting_rho0","ECR","standard","bridge","upper","-1.1069296242137"
"155","5","3","overfitting_rho0","ECR","standard","bridge","upper","-1.13403051150922"
"156","6","3","overfitting_rho0","ECR","standard","bridge","upper","-1.16289642870304"
"157","7","3","overfitting_rho0","ECR","standard","bridge","upper","-1.14537224509576"
"158","8","3","overfitting_rho0","ECR","standard","bridge","upper","-1.30899686641789"
"159","9","3","overfitting_rho0","ECR","standard","bridge","upper","-1.12729497882125"
"160","10","3","overfitting_rho0","ECR","standard","bridge","upper","-1.29391986831859"
"161","11","3","overfitting_rho0","ECR","standard","bridge","upper","-1.17356755821876"
"162","12","3","overfitting_rho0","ECR","standard","bridge","upper","-1.18424487490989"
"163","13","3","overfitting_rho0","ECR","standard","bridge","upper","-1.23372743573318"
"164","14","3","overfitting_rho0","ECR","standard","bridge","upper","-1.35440094230526"
"165","15","3","overfitting_rho0","ECR","standard","bridge","upper","-1.11592032840618"
"166","16","3","overfitting_rho0","ECR","standard","bridge","upper","-1.17052364938063"
"167","17","3","overfitting_rho0","ECR","standard","bridge","upper","-1.15538496931868"
"168","18","3","overfitting_rho0","ECR","standard","bridge","upper","-1.29104081249054"
"169","19","3","overfitting_rho0","ECR","standard","bridge","upper","-1.31031641209248"
"170","20","3","overfitting_rho0","ECR","standard","bridge","upper","-1.1730244528944"
"171","21","3","overfitting_rho0","ECR","standard","bridge","upper","-1.13136288161765"
"172","22","3","overfitting_rho0","ECR","standard","bridge","upper","-1.22911895055109"
"173","23","3","overfitting_rho0","ECR","standard","bridge","upper","-1.12326406371047"
"174","24","3","overfitting_rho0","ECR","standard","bridge","upper","-1.20364377903656"
"175","25","3","overfitting_rho0","ECR","standard","bridge","upper","-1.33077874481229"
"176","26","3","overfitting_rho0","ECR","standard","bridge","upper","-1.14075490226293"
"177","27","3","overfitting_rho0","ECR","standard","bridge","upper","-1.22347116419964"
"178","28","3","overfitting_rho0","ECR","standard","bridge","upper","-1.12991179695316"
"179","29","3","overfitting_rho0","ECR","standard","bridge","upper","-1.50816130004299"
"180","30","3","overfitting_rho0","ECR","standard","bridge","upper","-1.12783287697737"
"181","31","3","overfitting_rho0","ECR","standard","bridge","upper","-1.16176764241545"
"182","32","3","overfitting_rho0","ECR","standard","bridge","upper","-1.11240799351781"
"183","33","3","overfitting_rho0","ECR","standard","bridge","upper","-1.15218846402438"
"184","34","3","overfitting_rho0","ECR","standard","bridge","upper","-1.18842102372155"
"185","35","3","overfitting_rho0","ECR","standard","bridge","upper","-1.24019497344229"
"186","36","3","overfitting_rho0","ECR","standard","bridge","upper","-1.20691273951784"
"187","37","3","overfitting_rho0","ECR","standard","bridge","upper","-1.18034827420229"
"188","38","3","overfitting_rho0","ECR","standard","bridge","upper","-1.11360765590977"
"189","39","3","overfitting_rho0","ECR","standard","bridge","upper","-1.14995023553008"
"190","40","3","overfitting_rho0","ECR","standard","bridge","upper","-1.40332116921796"
"191","41","3","overfitting_rho0","ECR","standard","bridge","upper","-1.36972334156354"
"192","42","3","overfitting_rho0","ECR","standard","bridge","upper","-1.12137120612"
"193","43","3","overfitting_rho0","ECR","standard","bridge","upper","-1.12213516176797"
"194","44","3","overfitting_rho0","ECR","standard","bridge","upper","-1.16571822898972"
"195","45","3","overfitting_rho0","ECR","standard","bridge","upper","-1.09893791380451"
"196","46","3","overfitting_rho0","ECR","standard","bridge","upper","-1.12669140275495"
"197","47","3","overfitting_rho0","ECR","standard","bridge","upper","-1.14185150246392"
"198","48","3","overfitting_rho0","ECR","standard","bridge","upper","-1.32879047486027"
"199","49","3","overfitting_rho0","ECR","standard","bridge","upper","-1.1766391409349"
"200","50","3","overfitting_rho0","ECR","standard","bridge","upper","-1.17649872724102"
"201","1","3","overfitting_rho.5","ECR","standard","bridge","upper","-1.18614935353332"
"202","2","3","overfitting_rho.5","ECR","standard","bridge","upper","-1.32736828454014"
"203","3","3","overfitting_rho.5","ECR","standard","bridge","upper","-1.38945518169906"
"204","4","3","overfitting_rho.5","ECR","standard","bridge","upper","-1.1381972091738"
"205","5","3","overfitting_rho.5","ECR","standard","bridge","upper","-1.1677821019546"
"206","6","3","overfitting_rho.5","ECR","standard","bridge","upper","-1.13912284666462"
"207","7","3","overfitting_rho.5","ECR","standard","bridge","upper","-1.1806433151306"
"208","8","3","overfitting_rho.5","ECR","standard","bridge","upper","-1.25927700820983"
"209","9","3","overfitting_rho.5","ECR","standard","bridge","upper","-1.18946109555996"
"210","10","3","overfitting_rho.5","ECR","standard","bridge","upper","-1.39407365544286"
"211","11","3","overfitting_rho.5","ECR","standard","bridge","upper","-1.21122323858849"
"212","12","3","overfitting_rho.5","ECR","standard","bridge","upper","-1.30629260553478"
"213","13","3","overfitting_rho.5","ECR","standard","bridge","upper","-1.35111952920431"
"214","14","3","overfitting_rho.5","ECR","standard","bridge","upper","-1.33899412237551"
"215","15","3","overfitting_rho.5","ECR","standard","bridge","upper","-1.16208859062959"
"216","16","3","overfitting_rho.5","ECR","standard","bridge","upper","-1.28655923445871"
"217","17","3","overfitting_rho.5","ECR","standard","bridge","upper","-1.4852225151919"
"218","18","3","overfitting_rho.5","ECR","standard","bridge","upper","-1.16792984981001"
"219","19","3","overfitting_rho.5","ECR","standard","bridge","upper","-1.37211203759995"
"220","20","3","overfitting_rho.5","ECR","standard","bridge","upper","-1.19795889293118"
"221","21","3","overfitting_rho.5","ECR","standard","bridge","upper","-1.20598692475247"
"222","22","3","overfitting_rho.5","ECR","standard","bridge","upper","-1.36151926186322"
"223","23","3","overfitting_rho.5","ECR","standard","bridge","upper","-1.30233524638844"
"224","24","3","overfitting_rho.5","ECR","standard","bridge","upper","-1.26440771943249"
"225","25","3","overfitting_rho.5","ECR","standard","bridge","upper","-1.25000951815831"
"226","26","3","overfitting_rho.5","ECR","standard","bridge","upper","-1.22469454678835"
"227","27","3","overfitting_rho.5","ECR","standard","bridge","upper","-1.36537489760559"
"228","28","3","overfitting_rho.5","ECR","standard","bridge","upper","-1.23690095458415"
"229","29","3","overfitting_rho.5","ECR","standard","bridge","upper","-1.28877938598649"
"230","30","3","overfitting_rho.5","ECR","standard","bridge","upper","-1.3265572692465"
"231","31","3","overfitting_rho.5","ECR","standard","bridge","upper","-1.25228335265918"
"232","32","3","overfitting_rho.5","ECR","standard","bridge","upper","-1.22402522825921"
"233","33","3","overfitting_rho.5","ECR","standard","bridge","upper","-1.29323068021581"
"234","34","3","overfitting_rho.5","ECR","standard","bridge","upper","-1.26425010299263"
"235","35","3","overfitting_rho.5","ECR","standard","bridge","upper","-1.18521890284432"
"236","36","3","overfitting_rho.5","ECR","standard","bridge","upper","-1.2386526991038"
"237","37","3","overfitting_rho.5","ECR","standard","bridge","upper","-1.31949229791272"
"238","38","3","overfitting_rho.5","ECR","standard","bridge","upper","-1.32400151256084"
"239","39","3","overfitting_rho.5","ECR","standard","bridge","upper","-1.25822207229336"
"240","40","3","overfitting_rho.5","ECR","standard","bridge","upper","-1.18611009849986"
"241","41","3","overfitting_rho.5","ECR","standard","bridge","upper","-1.30677583454523"
"242","42","3","overfitting_rho.5","ECR","standard","bridge","upper","-1.20997576958712"
"243","43","3","overfitting_rho.5","ECR","standard","bridge","upper","-1.31618403420917"
"244","44","3","overfitting_rho.5","ECR","standard","bridge","upper","-1.19104841619035"
"245","45","3","overfitting_rho.5","ECR","standard","bridge","upper","-1.10120699713732"
"246","46","3","overfitting_rho.5","ECR","standard","bridge","upper","-1.24153026686969"
"247","47","3","overfitting_rho.5","ECR","standard","bridge","upper","-1.17609552565093"
"248","48","3","overfitting_rho.5","ECR","standard","bridge","upper","-1.50744296147896"
"249","49","3","overfitting_rho.5","ECR","standard","bridge","upper","-1.26950534136819"
"250","50","3","overfitting_rho.5","ECR","standard","bridge","upper","-1.34991189114206"
"251","1","3","overfitting_rho1","ECR","standard","bridge","upper","-1.40228042604887"
"252","2","3","overfitting_rho1","ECR","standard","bridge","upper","-1.30394584055824"
"253","3","3","overfitting_rho1","ECR","standard","bridge","upper","-1.26687720678186"
"254","4","3","overfitting_rho1","ECR","standard","bridge","upper","-1.27082032676292"
"255","5","3","overfitting_rho1","ECR","standard","bridge","upper","-0.942447917304417"
"256","6","3","overfitting_rho1","ECR","standard","bridge","upper","-1.17023591732923"
"257","7","3","overfitting_rho1","ECR","standard","bridge","upper","-1.35474279368417"
"258","8","3","overfitting_rho1","ECR","standard","bridge","upper","-1.1080044096391"
"259","9","3","overfitting_rho1","ECR","standard","bridge","upper","-1.28856148736702"
"260","10","3","overfitting_rho1","ECR","standard","bridge","upper","-1.2568358057358"
"261","11","3","overfitting_rho1","ECR","standard","bridge","upper","-1.13414743925066"
"262","12","3","overfitting_rho1","ECR","standard","bridge","upper","-1.23693231649922"
"263","13","3","overfitting_rho1","ECR","standard","bridge","upper","-0.903269534741845"
"264","14","3","overfitting_rho1","ECR","standard","bridge","upper","-1.25473090005749"
"265","15","3","overfitting_rho1","ECR","standard","bridge","upper","-1.20572923496023"
"266","16","3","overfitting_rho1","ECR","standard","bridge","upper","-1.2862769980081"
"267","17","3","overfitting_rho1","ECR","standard","bridge","upper","-1.30349792604107"
"268","18","3","overfitting_rho1","ECR","standard","bridge","upper","-1.24629968577184"
"269","19","3","overfitting_rho1","ECR","standard","bridge","upper","-1.24346931062838"
"270","20","3","overfitting_rho1","ECR","standard","bridge","upper","-1.09876423851491"
"271","21","3","overfitting_rho1","ECR","standard","bridge","upper","-1.09935019557376"
"272","22","3","overfitting_rho1","ECR","standard","bridge","upper","-1.32352531679864"
"273","23","3","overfitting_rho1","ECR","standard","bridge","upper","-1.03102717089718"
"274","24","3","overfitting_rho1","ECR","standard","bridge","upper","-1.14480282392558"
"275","25","3","overfitting_rho1","ECR","standard","bridge","upper","-1.17966009716491"
"276","26","3","overfitting_rho1","ECR","standard","bridge","upper","-1.33377679712655"
"277","27","3","overfitting_rho1","ECR","standard","bridge","upper","-1.36047317855239"
"278","28","3","overfitting_rho1","ECR","standard","bridge","upper","-1.31686410566219"
"279","29","3","overfitting_rho1","ECR","standard","bridge","upper","-1.33030456147823"
"280","30","3","overfitting_rho1","ECR","standard","bridge","upper","-1.26472679444906"
"281","31","3","overfitting_rho1","ECR","standard","bridge","upper","-0.923839066513043"
"282","32","3","overfitting_rho1","ECR","standard","bridge","upper","-0.955682871483091"
"283","33","3","overfitting_rho1","ECR","standard","bridge","upper","-1.3297264175926"
"284","34","3","overfitting_rho1","ECR","standard","bridge","upper","-1.27745582051323"
"285","35","3","overfitting_rho1","ECR","standard","bridge","upper","-1.21061435182663"
"286","36","3","overfitting_rho1","ECR","standard","bridge","upper","-1.20362763558079"
"287","37","3","overfitting_rho1","ECR","standard","bridge","upper","-1.43683272143284"
"288","38","3","overfitting_rho1","ECR","standard","bridge","upper","-1.19689625545492"
"289","39","3","overfitting_rho1","ECR","standard","bridge","upper","-1.23580497399896"
"290","40","3","overfitting_rho1","ECR","standard","bridge","upper","-1.19569706638134"
"291","41","3","overfitting_rho1","ECR","standard","bridge","upper","-1.19577016411995"
"292","42","3","overfitting_rho1","ECR","standard","bridge","upper","-1.43712872259623"
"293","43","3","overfitting_rho1","ECR","standard","bridge","upper","-1.27795600532426"
"294","44","3","overfitting_rho1","ECR","standard","bridge","upper","-1.17663099006795"
"295","45","3","overfitting_rho1","ECR","standard","bridge","upper","-1.14714090905904"
"296","46","3","overfitting_rho1","ECR","standard","bridge","upper","-1.45979449679061"
"297","47","3","overfitting_rho1","ECR","standard","bridge","upper","-0.711064898911506"
"298","48","3","overfitting_rho1","ECR","standard","bridge","upper","-1.19532968176355"
"299","49","3","overfitting_rho1","ECR","standard","bridge","upper","-1.31307673569541"
"300","50","3","overfitting_rho1","ECR","standard","bridge","upper","-1.04812267003084"
"301","1","3","overfitting_rho0","ECR","standard","standard","upper","-0.212013307990993"
"302","2","3","overfitting_rho0","ECR","standard","standard","upper","-0.845010812994488"
"303","3","3","overfitting_rho0","ECR","standard","standard","upper","-0.913675383459129"
"304","4","3","overfitting_rho0","ECR","standard","standard","upper","-0.641713792247884"
"305","5","3","overfitting_rho0","ECR","standard","standard","upper","-0.557629605944733"
"306","6","3","overfitting_rho0","ECR","standard","standard","upper","0.943460180616505"
"307","7","3","overfitting_rho0","ECR","standard","standard","upper","-0.0155838829879684"
"308","8","3","overfitting_rho0","ECR","standard","standard","upper","-0.653529413478168"
"309","9","3","overfitting_rho0","ECR","standard","standard","upper","-0.725394567119551"
"310","10","3","overfitting_rho0","ECR","standard","standard","upper","-0.967307050418817"
"311","11","3","overfitting_rho0","ECR","standard","standard","upper","-0.684182283593188"
"312","12","3","overfitting_rho0","ECR","standard","standard","upper","-0.641619611970157"
"313","13","3","overfitting_rho0","ECR","standard","standard","upper","0.619371193297326"
"314","14","3","overfitting_rho0","ECR","standard","standard","upper","-0.209953942835405"
"315","15","3","overfitting_rho0","ECR","standard","standard","upper","-0.755666586344084"
"316","16","3","overfitting_rho0","ECR","standard","standard","upper","0.316440024006269"
"317","17","3","overfitting_rho0","ECR","standard","standard","upper","-0.81934776938612"
"318","18","3","overfitting_rho0","ECR","standard","standard","upper","-0.915096853496891"
"319","19","3","overfitting_rho0","ECR","standard","standard","upper","-0.295567507533598"
"320","20","3","overfitting_rho0","ECR","standard","standard","upper","-0.845870702474279"
"321","21","3","overfitting_rho0","ECR","standard","standard","upper","0.437496624719635"
"322","22","3","overfitting_rho0","ECR","standard","standard","upper","1.32003512397759"
"323","23","3","overfitting_rho0","ECR","standard","standard","upper","-0.761025132175234"
"324","24","3","overfitting_rho0","ECR","standard","standard","upper","1.10452708977519"
"325","25","3","overfitting_rho0","ECR","standard","standard","upper","1.2937002217425"
"326","26","3","overfitting_rho0","ECR","standard","standard","upper","-0.859958382041789"
"327","27","3","overfitting_rho0","ECR","standard","standard","upper","-0.0341211822282546"
"328","28","3","overfitting_rho0","ECR","standard","standard","upper","-0.780639171790121"
"329","29","3","overfitting_rho0","ECR","standard","standard","upper","-0.540308864153353"
"330","30","3","overfitting_rho0","ECR","standard","standard","upper","-0.577856569477859"
"331","31","3","overfitting_rho0","ECR","standard","standard","upper","-0.465858680776009"
"332","32","3","overfitting_rho0","ECR","standard","standard","upper","1.16325190897629"
"333","33","3","overfitting_rho0","ECR","standard","standard","upper","-0.682559423112536"
"334","34","3","overfitting_rho0","ECR","standard","standard","upper","-0.834868530080584"
"335","35","3","overfitting_rho0","ECR","standard","standard","upper","-0.876111904635891"
"336","36","3","overfitting_rho0","ECR","standard","standard","upper","-0.544222446978829"
"337","37","3","overfitting_rho0","ECR","standard","standard","upper","-0.574093808262639"
"338","38","3","overfitting_rho0","ECR","standard","standard","upper","-0.00453793470724406"
"339","39","3","overfitting_rho0","ECR","standard","standard","upper","-0.336096014791217"
"340","40","3","overfitting_rho0","ECR","standard","standard","upper","-0.793747714669053"
"341","41","3","overfitting_rho0","ECR","standard","standard","upper","-0.753776901020579"
"342","42","3","overfitting_rho0","ECR","standard","standard","upper","-0.653302131558398"
"343","43","3","overfitting_rho0","ECR","standard","standard","upper","-0.808446217863548"
"344","44","3","overfitting_rho0","ECR","standard","standard","upper","-0.00614696783119939"
"345","45","3","overfitting_rho0","ECR","standard","standard","upper","1.11186474346638"
"346","46","3","overfitting_rho0","ECR","standard","standard","upper","1.19308947572308"
"347","47","3","overfitting_rho0","ECR","standard","standard","upper","-0.795276019296828"
"348","48","3","overfitting_rho0","ECR","standard","standard","upper","-0.859592529980482"
"349","49","3","overfitting_rho0","ECR","standard","standard","upper","0.0924872556644303"
"350","50","3","overfitting_rho0","ECR","standard","standard","upper","-0.547169311923952"
"351","1","3","overfitting_rho.5","ECR","standard","standard","upper","-0.594312332002012"
"352","2","3","overfitting_rho.5","ECR","standard","standard","upper","-0.550597083547558"
"353","3","3","overfitting_rho.5","ECR","standard","standard","upper","-0.343895990427335"
"354","4","3","overfitting_rho.5","ECR","standard","standard","upper","-0.213438483921387"
"355","5","3","overfitting_rho.5","ECR","standard","standard","upper","-0.832460321929183"
"356","6","3","overfitting_rho.5","ECR","standard","standard","upper","0.0419466838329257"
"357","7","3","overfitting_rho.5","ECR","standard","standard","upper","-0.570287751004827"
"358","8","3","overfitting_rho.5","ECR","standard","standard","upper","1.17124410212779"
"359","9","3","overfitting_rho.5","ECR","standard","standard","upper","-0.581580577282921"
"360","10","3","overfitting_rho.5","ECR","standard","standard","upper","0.569586927907423"
"361","11","3","overfitting_rho.5","ECR","standard","standard","upper","-0.778348345891068"
"362","12","3","overfitting_rho.5","ECR","standard","standard","upper","-0.418697740840827"
"363","13","3","overfitting_rho.5","ECR","standard","standard","upper","-0.253740673313771"
"364","14","3","overfitting_rho.5","ECR","standard","standard","upper","-0.829180385637947"
"365","15","3","overfitting_rho.5","ECR","standard","standard","upper","1.16487242718692"
"366","16","3","overfitting_rho.5","ECR","standard","standard","upper","-0.950603666161051"
"367","17","3","overfitting_rho.5","ECR","standard","standard","upper","-1.15169342021207"
"368","18","3","overfitting_rho.5","ECR","standard","standard","upper","-0.611796533744574"
"369","19","3","overfitting_rho.5","ECR","standard","standard","upper","1.26710527537639"
"370","20","3","overfitting_rho.5","ECR","standard","standard","upper","-0.181249758014644"
"371","21","3","overfitting_rho.5","ECR","standard","standard","upper","-0.77234931523828"
"372","22","3","overfitting_rho.5","ECR","standard","standard","upper","-0.329028055719313"
"373","23","3","overfitting_rho.5","ECR","standard","standard","upper","1.25502848956643"
"374","24","3","overfitting_rho.5","ECR","standard","standard","upper","1.28634492707506"
"375","25","3","overfitting_rho.5","ECR","standard","standard","upper","-0.548163909584503"
"376","26","3","overfitting_rho.5","ECR","standard","standard","upper","-0.810570639441735"
"377","27","3","overfitting_rho.5","ECR","standard","standard","upper","-0.21353789438399"
"378","28","3","overfitting_rho.5","ECR","standard","standard","upper","-0.733455764931428"
"379","29","3","overfitting_rho.5","ECR","standard","standard","upper","-0.0437355849484362"
"380","30","3","overfitting_rho.5","ECR","standard","standard","upper","-0.914240270575974"
"381","31","3","overfitting_rho.5","ECR","standard","standard","upper","-0.960909919193185"
"382","32","3","overfitting_rho.5","ECR","standard","standard","upper","-0.251190374662777"
"383","33","3","overfitting_rho.5","ECR","standard","standard","upper","-0.279873002505845"
"384","34","3","overfitting_rho.5","ECR","standard","standard","upper","-0.718679830789164"
"385","35","3","overfitting_rho.5","ECR","standard","standard","upper","-0.243498888941375"
"386","36","3","overfitting_rho.5","ECR","standard","standard","upper","-0.199044979816577"
"387","37","3","overfitting_rho.5","ECR","standard","standard","upper","0.569825094268239"
"388","38","3","overfitting_rho.5","ECR","standard","standard","upper","1.22252563532"
"389","39","3","overfitting_rho.5","ECR","standard","standard","upper","0.0918241927823402"
"390","40","3","overfitting_rho.5","ECR","standard","standard","upper","-0.705939549749168"
"391","41","3","overfitting_rho.5","ECR","standard","standard","upper","-0.821675890645267"
"392","42","3","overfitting_rho.5","ECR","standard","standard","upper","-0.011594974196619"
"393","43","3","overfitting_rho.5","ECR","standard","standard","upper","-0.56040491249567"
"394","44","3","overfitting_rho.5","ECR","standard","standard","upper","-0.525260219133628"
"395","45","3","overfitting_rho.5","ECR","standard","standard","upper","-0.842163119469447"
"396","46","3","overfitting_rho.5","ECR","standard","standard","upper","1.38556217920918"
"397","47","3","overfitting_rho.5","ECR","standard","standard","upper","-0.684141073200955"
"398","48","3","overfitting_rho.5","ECR","standard","standard","upper","-1.28459424348059"
"399","49","3","overfitting_rho.5","ECR","standard","standard","upper","-0.9429681745738"
"400","50","3","overfitting_rho.5","ECR","standard","standard","upper","-0.0382775053857927"
"401","1","3","overfitting_rho1","ECR","standard","standard","upper","-0.608106589068385"
"402","2","3","overfitting_rho1","ECR","standard","standard","upper","-0.836235139989789"
"403","3","3","overfitting_rho1","ECR","standard","standard","upper","0.953577716794129"
"404","4","3","overfitting_rho1","ECR","standard","standard","upper","0.495369028012384"
"405","5","3","overfitting_rho1","ECR","standard","standard","upper","1.45509419631313"
"406","6","3","overfitting_rho1","ECR","standard","standard","upper","-0.484674053412384"
"407","7","3","overfitting_rho1","ECR","standard","standard","upper","1.13139969373466"
"408","8","3","overfitting_rho1","ECR","standard","standard","upper","-0.674199181760716"
"409","9","3","overfitting_rho1","ECR","standard","standard","upper","-0.82938277100736"
"410","10","3","overfitting_rho1","ECR","standard","standard","upper","-0.965907789292373"
"411","11","3","overfitting_rho1","ECR","standard","standard","upper","-0.927939945773279"
"412","12","3","overfitting_rho1","ECR","standard","standard","upper","-1.0026836292942"
"413","13","3","overfitting_rho1","ECR","standard","standard","upper","-0.385884773110714"
"414","14","3","overfitting_rho1","ECR","standard","standard","upper","-0.505961988508481"
"415","15","3","overfitting_rho1","ECR","standard","standard","upper","-0.805848579756827"
"416","16","3","overfitting_rho1","ECR","standard","standard","upper","0.56764094831933"
"417","17","3","overfitting_rho1","ECR","standard","standard","upper","-0.920512561938828"
"418","18","3","overfitting_rho1","ECR","standard","standard","upper","0.759958823206709"
"419","19","3","overfitting_rho1","ECR","standard","standard","upper","-0.853487889317641"
"420","20","3","overfitting_rho1","ECR","standard","standard","upper","-0.721050774383226"
"421","21","3","overfitting_rho1","ECR","standard","standard","upper","-0.909330721816023"
"422","22","3","overfitting_rho1","ECR","standard","standard","upper","-0.985266420044915"
"423","23","3","overfitting_rho1","ECR","standard","standard","upper","-0.775201431717448"
"424","24","3","overfitting_rho1","ECR","standard","standard","upper","-0.921072714103023"
"425","25","3","overfitting_rho1","ECR","standard","standard","upper","-1.1218073297119"
"426","26","3","overfitting_rho1","ECR","standard","standard","upper","0.00142826930031958"
"427","27","3","overfitting_rho1","ECR","standard","standard","upper","0.163581698622139"
"428","28","3","overfitting_rho1","ECR","standard","standard","upper","-0.845061818873312"
"429","29","3","overfitting_rho1","ECR","standard","standard","upper","-0.836900195008518"
"430","30","3","overfitting_rho1","ECR","standard","standard","upper","-0.78281409674381"
"431","31","3","overfitting_rho1","ECR","standard","standard","upper","-0.558660615236715"
"432","32","3","overfitting_rho1","ECR","standard","standard","upper","-0.477458279554856"
"433","33","3","overfitting_rho1","ECR","standard","standard","upper","-0.378497259183035"
"434","34","3","overfitting_rho1","ECR","standard","standard","upper","-0.534116832371097"
"435","35","3","overfitting_rho1","ECR","standard","standard","upper","-0.951798172194586"
"436","36","3","overfitting_rho1","ECR","standard","standard","upper","-0.787695481986198"
"437","37","3","overfitting_rho1","ECR","standard","standard","upper","-1.18389871092069"
"438","38","3","overfitting_rho1","ECR","standard","standard","upper","0.651264985963593"
"439","39","3","overfitting_rho1","ECR","standard","standard","upper","-0.519556609642969"
"440","40","3","overfitting_rho1","ECR","standard","standard","upper","-0.592137501797033"
"441","41","3","overfitting_rho1","ECR","standard","standard","upper","-0.65350554057693"
"442","42","3","overfitting_rho1","ECR","standard","standard","upper","-0.803507035995025"
"443","43","3","overfitting_rho1","ECR","standard","standard","upper","-1.01602163179959"
"444","44","3","overfitting_rho1","ECR","standard","standard","upper","-0.91941984021782"
"445","45","3","overfitting_rho1","ECR","standard","standard","upper","-0.867833280039491"
"446","46","3","overfitting_rho1","ECR","standard","standard","upper","-1.16763150092373"
"447","47","3","overfitting_rho1","ECR","standard","standard","upper","-0.519200874436354"
"448","48","3","overfitting_rho1","ECR","standard","standard","upper","-0.896144329376696"
"449","49","3","overfitting_rho1","ECR","standard","standard","upper","0.56583648869384"
"450","50","3","overfitting_rho1","ECR","standard","standard","upper","-0.783693186161429"
"451","1","3","overfitting_rho0","ECR","standard","simple","estim","-0.0105886465582259"
"452","2","3","overfitting_rho0","ECR","standard","simple","estim","-0.00780484301180451"
"453","3","3","overfitting_rho0","ECR","standard","simple","estim","-0.0267582609895314"
"454","4","3","overfitting_rho0","ECR","standard","simple","estim","-0.0692914554075585"
"455","5","3","overfitting_rho0","ECR","standard","simple","estim","-0.028530979764632"
"456","6","3","overfitting_rho0","ECR","standard","simple","estim","-0.0684399438655063"
"457","7","3","overfitting_rho0","ECR","standard","simple","estim","0.0216907838137388"
"458","8","3","overfitting_rho0","ECR","standard","simple","estim","0.0316794202659594"
"459","9","3","overfitting_rho0","ECR","standard","simple","estim","-0.0145679471264373"
"460","10","3","overfitting_rho0","ECR","standard","simple","estim","-0.0378275930065826"
"461","11","3","overfitting_rho0","ECR","standard","simple","estim","-0.0316362741614498"
"462","12","3","overfitting_rho0","ECR","standard","simple","estim","-0.0351549062707548"
"463","13","3","overfitting_rho0","ECR","standard","simple","estim","-0.0516069592497104"
"464","14","3","overfitting_rho0","ECR","standard","simple","estim","0.0104180424544893"
"465","15","3","overfitting_rho0","ECR","standard","simple","estim","-0.0274852697363599"
"466","16","3","overfitting_rho0","ECR","standard","simple","estim","-0.00933595040765312"
"467","17","3","overfitting_rho0","ECR","standard","simple","estim","0.00318621635481264"
"468","18","3","overfitting_rho0","ECR","standard","simple","estim","-0.010554641194723"
"469","19","3","overfitting_rho0","ECR","standard","simple","estim","-0.00427215034873285"
"470","20","3","overfitting_rho0","ECR","standard","simple","estim","-0.115209171237765"
"471","21","3","overfitting_rho0","ECR","standard","simple","estim","-0.013466587801112"
"472","22","3","overfitting_rho0","ECR","standard","simple","estim","-0.0615589088906603"
"473","23","3","overfitting_rho0","ECR","standard","simple","estim","-0.00371881044996769"
"474","24","3","overfitting_rho0","ECR","standard","simple","estim","-0.0456669535849414"
"475","25","3","overfitting_rho0","ECR","standard","simple","estim","-0.0098059575479752"
"476","26","3","overfitting_rho0","ECR","standard","simple","estim","-0.0271398677804555"
"477","27","3","overfitting_rho0","ECR","standard","simple","estim","-0.0145372738831071"
"478","28","3","overfitting_rho0","ECR","standard","simple","estim","-0.0546127387202873"
"479","29","3","overfitting_rho0","ECR","standard","simple","estim","-0.0309268956685571"
"480","30","3","overfitting_rho0","ECR","standard","simple","estim","-0.030440012782023"
"481","31","3","overfitting_rho0","ECR","standard","simple","estim","-0.00880034133269447"
"482","32","3","overfitting_rho0","ECR","standard","simple","estim","-0.0492698947853825"
"483","33","3","overfitting_rho0","ECR","standard","simple","estim","-0.0600478380362475"
"484","34","3","overfitting_rho0","ECR","standard","simple","estim","-0.026683064347921"
"485","35","3","overfitting_rho0","ECR","standard","simple","estim","0.0104547919146256"
"486","36","3","overfitting_rho0","ECR","standard","simple","estim","-0.0465109027721766"
"487","37","3","overfitting_rho0","ECR","standard","simple","estim","-0.0223357829865662"
"488","38","3","overfitting_rho0","ECR","standard","simple","estim","-0.00475199189918385"
"489","39","3","overfitting_rho0","ECR","standard","simple","estim","-0.0871790079709314"
"490","40","3","overfitting_rho0","ECR","standard","simple","estim","-0.0267473090768249"
"491","41","3","overfitting_rho0","ECR","standard","simple","estim","-0.0369606445017254"
"492","42","3","overfitting_rho0","ECR","standard","simple","estim","-0.0358255411412145"
"493","43","3","overfitting_rho0","ECR","standard","simple","estim","-0.062017466829154"
"494","44","3","overfitting_rho0","ECR","standard","simple","estim","0.0153638500516422"
"495","45","3","overfitting_rho0","ECR","standard","simple","estim","-0.0340180136704902"
"496","46","3","overfitting_rho0","ECR","standard","simple","estim","-0.0508331684310548"
"497","47","3","overfitting_rho0","ECR","standard","simple","estim","-0.0644338598817882"
"498","48","3","overfitting_rho0","ECR","standard","simple","estim","-0.000856972085237828"
"499","49","3","overfitting_rho0","ECR","standard","simple","estim","-0.023503871253773"
"500","50","3","overfitting_rho0","ECR","standard","simple","estim","-0.00867347693159104"
"501","1","3","overfitting_rho.5","ECR","standard","simple","estim","-0.078251075399784"
"502","2","3","overfitting_rho.5","ECR","standard","simple","estim","-0.00273365477373488"
"503","3","3","overfitting_rho.5","ECR","standard","simple","estim","-0.0503804109452659"
"504","4","3","overfitting_rho.5","ECR","standard","simple","estim","-0.0407852362470464"
"505","5","3","overfitting_rho.5","ECR","standard","simple","estim","-0.0301129668803455"
"506","6","3","overfitting_rho.5","ECR","standard","simple","estim","-0.0172123683512169"
"507","7","3","overfitting_rho.5","ECR","standard","simple","estim","-0.0564226956819951"
"508","8","3","overfitting_rho.5","ECR","standard","simple","estim","-0.0675579492626568"
"509","9","3","overfitting_rho.5","ECR","standard","simple","estim","-0.0218188741957874"
"510","10","3","overfitting_rho.5","ECR","standard","simple","estim","0.0205521529528383"
"511","11","3","overfitting_rho.5","ECR","standard","simple","estim","-0.0489945888519117"
"512","12","3","overfitting_rho.5","ECR","standard","simple","estim","-0.0348703219109296"
"513","13","3","overfitting_rho.5","ECR","standard","simple","estim","-0.0405151018393397"
"514","14","3","overfitting_rho.5","ECR","standard","simple","estim","-0.0158809003980878"
"515","15","3","overfitting_rho.5","ECR","standard","simple","estim","-0.0403886686479851"
"516","16","3","overfitting_rho.5","ECR","standard","simple","estim","-0.0359716503169807"
"517","17","3","overfitting_rho.5","ECR","standard","simple","estim","-0.016801214764115"
"518","18","3","overfitting_rho.5","ECR","standard","simple","estim","0.00400016282482341"
"519","19","3","overfitting_rho.5","ECR","standard","simple","estim","-0.00622596039762158"
"520","20","3","overfitting_rho.5","ECR","standard","simple","estim","-0.130775480894336"
"521","21","3","overfitting_rho.5","ECR","standard","simple","estim","-0.0283383707796929"
"522","22","3","overfitting_rho.5","ECR","standard","simple","estim","-0.0373965067041695"
"523","23","3","overfitting_rho.5","ECR","standard","simple","estim","-0.0395837468285123"
"524","24","3","overfitting_rho.5","ECR","standard","simple","estim","-0.000422866079937023"
"525","25","3","overfitting_rho.5","ECR","standard","simple","estim","-0.06067147676481"
"526","26","3","overfitting_rho.5","ECR","standard","simple","estim","0.0242261052457309"
"527","27","3","overfitting_rho.5","ECR","standard","simple","estim","0.0049445954215841"
"528","28","3","overfitting_rho.5","ECR","standard","simple","estim","-0.00668165321337"
"529","29","3","overfitting_rho.5","ECR","standard","simple","estim","-0.0475794502935827"
"530","30","3","overfitting_rho.5","ECR","standard","simple","estim","-0.0200334631618517"
"531","31","3","overfitting_rho.5","ECR","standard","simple","estim","-0.0450807540139593"
"532","32","3","overfitting_rho.5","ECR","standard","simple","estim","-0.0150699540711585"
"533","33","3","overfitting_rho.5","ECR","standard","simple","estim","0.0073221286388403"
"534","34","3","overfitting_rho.5","ECR","standard","simple","estim","-0.0478692800719998"
"535","35","3","overfitting_rho.5","ECR","standard","simple","estim","-0.0177607866075391"
"536","36","3","overfitting_rho.5","ECR","standard","simple","estim","-0.0389403272041164"
"537","37","3","overfitting_rho.5","ECR","standard","simple","estim","-0.0207316448550543"
"538","38","3","overfitting_rho.5","ECR","standard","simple","estim","0.00294950780936176"
"539","39","3","overfitting_rho.5","ECR","standard","simple","estim","-0.051433919665115"
"540","40","3","overfitting_rho.5","ECR","standard","simple","estim","-0.0175477915223183"
"541","41","3","overfitting_rho.5","ECR","standard","simple","estim","-0.0338339193011521"
"542","42","3","overfitting_rho.5","ECR","standard","simple","estim","-0.000995065755361679"
"543","43","3","overfitting_rho.5","ECR","standard","simple","estim","-0.0595158335785797"
"544","44","3","overfitting_rho.5","ECR","standard","simple","estim","-0.0275780380969692"
"545","45","3","overfitting_rho.5","ECR","standard","simple","estim","-0.0414960163675246"
"546","46","3","overfitting_rho.5","ECR","standard","simple","estim","0.0509107694246396"
"547","47","3","overfitting_rho.5","ECR","standard","simple","estim","0.0385313097031599"
"548","48","3","overfitting_rho.5","ECR","standard","simple","estim","-0.0824898227604081"
"549","49","3","overfitting_rho.5","ECR","standard","simple","estim","0.0181267594480374"
"550","50","3","overfitting_rho.5","ECR","standard","simple","estim","-0.0133037615311764"
"551","1","3","overfitting_rho1","ECR","standard","simple","estim","-0.0771815274787215"
"552","2","3","overfitting_rho1","ECR","standard","simple","estim","-0.0405266180904462"
"553","3","3","overfitting_rho1","ECR","standard","simple","estim","-0.02002677680575"
"554","4","3","overfitting_rho1","ECR","standard","simple","estim","0.0133879974564337"
"555","5","3","overfitting_rho1","ECR","standard","simple","estim","-0.00423801039046623"
"556","6","3","overfitting_rho1","ECR","standard","simple","estim","-0.082094055187035"
"557","7","3","overfitting_rho1","ECR","standard","simple","estim","-0.0349954235356336"
"558","8","3","overfitting_rho1","ECR","standard","simple","estim","-0.077202948049802"
"559","9","3","overfitting_rho1","ECR","standard","simple","estim","-0.0459930651939757"
"560","10","3","overfitting_rho1","ECR","standard","simple","estim","-0.0430438112066156"
"561","11","3","overfitting_rho1","ECR","standard","simple","estim","0.00773198080031889"
"562","12","3","overfitting_rho1","ECR","standard","simple","estim","-0.0268214700460554"
"563","13","3","overfitting_rho1","ECR","standard","simple","estim","0.0109229580957972"
"564","14","3","overfitting_rho1","ECR","standard","simple","estim","0.0219363625160014"
"565","15","3","overfitting_rho1","ECR","standard","simple","estim","-0.0472383039990092"
"566","16","3","overfitting_rho1","ECR","standard","simple","estim","-0.0321940818674946"
"567","17","3","overfitting_rho1","ECR","standard","simple","estim","-0.0296585895950514"
"568","18","3","overfitting_rho1","ECR","standard","simple","estim","-0.0456827212840807"
"569","19","3","overfitting_rho1","ECR","standard","simple","estim","0.00224243963061355"
"570","20","3","overfitting_rho1","ECR","standard","simple","estim","-0.0689251292864803"
"571","21","3","overfitting_rho1","ECR","standard","simple","estim","-0.0608610642232037"
"572","22","3","overfitting_rho1","ECR","standard","simple","estim","-0.0466090208632721"
"573","23","3","overfitting_rho1","ECR","standard","simple","estim","-0.0163808082719648"
"574","24","3","overfitting_rho1","ECR","standard","simple","estim","-0.0505963684460013"
"575","25","3","overfitting_rho1","ECR","standard","simple","estim","-0.0201765043255051"
"576","26","3","overfitting_rho1","ECR","standard","simple","estim","-0.0253486783022296"
"577","27","3","overfitting_rho1","ECR","standard","simple","estim","-0.0262376626873717"
"578","28","3","overfitting_rho1","ECR","standard","simple","estim","-0.00771880906556532"
"579","29","3","overfitting_rho1","ECR","standard","simple","estim","-0.0731702744045535"
"580","30","3","overfitting_rho1","ECR","standard","simple","estim","-0.0268110572234512"
"581","31","3","overfitting_rho1","ECR","standard","simple","estim","0.00802957446722274"
"582","32","3","overfitting_rho1","ECR","standard","simple","estim","-0.000713132888900958"
"583","33","3","overfitting_rho1","ECR","standard","simple","estim","0.00710037648939021"
"584","34","3","overfitting_rho1","ECR","standard","simple","estim","-0.0241227866201896"
"585","35","3","overfitting_rho1","ECR","standard","simple","estim","-0.0250037665126897"
"586","36","3","overfitting_rho1","ECR","standard","simple","estim","-0.0513429531076994"
"587","37","3","overfitting_rho1","ECR","standard","simple","estim","-0.0493916396236571"
"588","38","3","overfitting_rho1","ECR","standard","simple","estim","-0.00378220065972812"
"589","39","3","overfitting_rho1","ECR","standard","simple","estim","-0.00463403106657267"
"590","40","3","overfitting_rho1","ECR","standard","simple","estim","-0.0104622863779795"
"591","41","3","overfitting_rho1","ECR","standard","simple","estim","-0.0339058601928315"
"592","42","3","overfitting_rho1","ECR","standard","simple","estim","-0.0437105232376354"
"593","43","3","overfitting_rho1","ECR","standard","simple","estim","-0.0220042474852775"
"594","44","3","overfitting_rho1","ECR","standard","simple","estim","0.0363272952442344"
"595","45","3","overfitting_rho1","ECR","standard","simple","estim","-0.0521702195158369"
"596","46","3","overfitting_rho1","ECR","standard","simple","estim","-0.0227181105051955"
"597","47","3","overfitting_rho1","ECR","standard","simple","estim","-0.0754906951352687"
"598","48","3","overfitting_rho1","ECR","standard","simple","estim","-0.0231429721152097"
"599","49","3","overfitting_rho1","ECR","standard","simple","estim","-0.0186054864327971"
"600","50","3","overfitting_rho1","ECR","standard","simple","estim","-0.0366558775925441"
"601","1","3","overfitting_rho0","ECR","standard","bridge","estim","-1.12527046816622"
"602","2","3","overfitting_rho0","ECR","standard","bridge","estim","-1.23769558694712"
"603","3","3","overfitting_rho0","ECR","standard","bridge","estim","-1.22826358338175"
"604","4","3","overfitting_rho0","ECR","standard","bridge","estim","-1.10230460521068"
"605","5","3","overfitting_rho0","ECR","standard","bridge","estim","-1.12996888216811"
"606","6","3","overfitting_rho0","ECR","standard","bridge","estim","-1.15806885252442"
"607","7","3","overfitting_rho0","ECR","standard","bridge","estim","-1.14015256372446"
"608","8","3","overfitting_rho0","ECR","standard","bridge","estim","-1.30241868985917"
"609","9","3","overfitting_rho0","ECR","standard","bridge","estim","-1.12329266129206"
"610","10","3","overfitting_rho0","ECR","standard","bridge","estim","-1.28804872745429"
"611","11","3","overfitting_rho0","ECR","standard","bridge","estim","-1.1680370026255"
"612","12","3","overfitting_rho0","ECR","standard","bridge","estim","-1.17993788524308"
"613","13","3","overfitting_rho0","ECR","standard","bridge","estim","-1.22737408962692"
"614","14","3","overfitting_rho0","ECR","standard","bridge","estim","-1.34777272838418"
"615","15","3","overfitting_rho0","ECR","standard","bridge","estim","-1.11265437107781"
"616","16","3","overfitting_rho0","ECR","standard","bridge","estim","-1.16591223547677"
"617","17","3","overfitting_rho0","ECR","standard","bridge","estim","-1.14907447365422"
"618","18","3","overfitting_rho0","ECR","standard","bridge","estim","-1.2838929328576"
"619","19","3","overfitting_rho0","ECR","standard","bridge","estim","-1.30392170414682"
"620","20","3","overfitting_rho0","ECR","standard","bridge","estim","-1.16742457095656"
"621","21","3","overfitting_rho0","ECR","standard","bridge","estim","-1.12756806427073"
"622","22","3","overfitting_rho0","ECR","standard","bridge","estim","-1.22333576992255"
"623","23","3","overfitting_rho0","ECR","standard","bridge","estim","-1.11824225452277"
"624","24","3","overfitting_rho0","ECR","standard","bridge","estim","-1.19854447970656"
"625","25","3","overfitting_rho0","ECR","standard","bridge","estim","-1.32401081122982"
"626","26","3","overfitting_rho0","ECR","standard","bridge","estim","-1.1354500588229"
"627","27","3","overfitting_rho0","ECR","standard","bridge","estim","-1.21797706361576"
"628","28","3","overfitting_rho0","ECR","standard","bridge","estim","-1.12534849764189"
"629","29","3","overfitting_rho0","ECR","standard","bridge","estim","-1.50150042519145"
"630","30","3","overfitting_rho0","ECR","standard","bridge","estim","-1.12473481035168"
"631","31","3","overfitting_rho0","ECR","standard","bridge","estim","-1.15694051897263"
"632","32","3","overfitting_rho0","ECR","standard","bridge","estim","-1.10841175771332"
"633","33","3","overfitting_rho0","ECR","standard","bridge","estim","-1.14737685839719"
"634","34","3","overfitting_rho0","ECR","standard","bridge","estim","-1.18330339155052"
"635","35","3","overfitting_rho0","ECR","standard","bridge","estim","-1.2346277171435"
"636","36","3","overfitting_rho0","ECR","standard","bridge","estim","-1.20149599759406"
"637","37","3","overfitting_rho0","ECR","standard","bridge","estim","-1.17576265804073"
"638","38","3","overfitting_rho0","ECR","standard","bridge","estim","-1.11012162910998"
"639","39","3","overfitting_rho0","ECR","standard","bridge","estim","-1.14603888634922"
"640","40","3","overfitting_rho0","ECR","standard","bridge","estim","-1.39649536944998"
"641","41","3","overfitting_rho0","ECR","standard","bridge","estim","-1.3627334373649"
"642","42","3","overfitting_rho0","ECR","standard","bridge","estim","-1.1162738881215"
"643","43","3","overfitting_rho0","ECR","standard","bridge","estim","-1.11823319052565"
"644","44","3","overfitting_rho0","ECR","standard","bridge","estim","-1.16137524547992"
"645","45","3","overfitting_rho0","ECR","standard","bridge","estim","-1.09853381726217"
"646","46","3","overfitting_rho0","ECR","standard","bridge","estim","-1.12214817792583"
"647","47","3","overfitting_rho0","ECR","standard","bridge","estim","-1.137744130725"
"648","48","3","overfitting_rho0","ECR","standard","bridge","estim","-1.32249692443862"
"649","49","3","overfitting_rho0","ECR","standard","bridge","estim","-1.17220810028465"
"650","50","3","overfitting_rho0","ECR","standard","bridge","estim","-1.17175646814701"
"651","1","3","overfitting_rho.5","ECR","standard","bridge","estim","-1.17865848226907"
"652","2","3","overfitting_rho.5","ECR","standard","bridge","estim","-1.32042898532631"
"653","3","3","overfitting_rho.5","ECR","standard","bridge","estim","-1.38300810726935"
"654","4","3","overfitting_rho.5","ECR","standard","bridge","estim","-1.1324882192192"
"655","5","3","overfitting_rho.5","ECR","standard","bridge","estim","-1.16113797922918"
"656","6","3","overfitting_rho.5","ECR","standard","bridge","estim","-1.13208754125618"
"657","7","3","overfitting_rho.5","ECR","standard","bridge","estim","-1.17343117043591"
"658","8","3","overfitting_rho.5","ECR","standard","bridge","estim","-1.25293130536068"
"659","9","3","overfitting_rho.5","ECR","standard","bridge","estim","-1.18366408313173"
"660","10","3","overfitting_rho.5","ECR","standard","bridge","estim","-1.38743344020993"
"661","11","3","overfitting_rho.5","ECR","standard","bridge","estim","-1.20568617975051"
"662","12","3","overfitting_rho.5","ECR","standard","bridge","estim","-1.29980405009115"
"663","13","3","overfitting_rho.5","ECR","standard","bridge","estim","-1.34449657062392"
"664","14","3","overfitting_rho.5","ECR","standard","bridge","estim","-1.33168666683282"
"665","15","3","overfitting_rho.5","ECR","standard","bridge","estim","-1.15638225051044"
"666","16","3","overfitting_rho.5","ECR","standard","bridge","estim","-1.2799236362375"
"667","17","3","overfitting_rho.5","ECR","standard","bridge","estim","-1.4785488787234"
"668","18","3","overfitting_rho.5","ECR","standard","bridge","estim","-1.16341997795487"
"669","19","3","overfitting_rho.5","ECR","standard","bridge","estim","-1.36568264201019"
"670","20","3","overfitting_rho.5","ECR","standard","bridge","estim","-1.19222963083519"
"671","21","3","overfitting_rho.5","ECR","standard","bridge","estim","-1.20046619508393"
"672","22","3","overfitting_rho.5","ECR","standard","bridge","estim","-1.35465853392914"
"673","23","3","overfitting_rho.5","ECR","standard","bridge","estim","-1.2943417234904"
"674","24","3","overfitting_rho.5","ECR","standard","bridge","estim","-1.25817315759732"
"675","25","3","overfitting_rho.5","ECR","standard","bridge","estim","-1.24371751003179"
"676","26","3","overfitting_rho.5","ECR","standard","bridge","estim","-1.21499987184473"
"677","27","3","overfitting_rho.5","ECR","standard","bridge","estim","-1.35892844682255"
"678","28","3","overfitting_rho.5","ECR","standard","bridge","estim","-1.22913289428551"
"679","29","3","overfitting_rho.5","ECR","standard","bridge","estim","-1.28250979564362"
"680","30","3","overfitting_rho.5","ECR","standard","bridge","estim","-1.31928794472984"
"681","31","3","overfitting_rho.5","ECR","standard","bridge","estim","-1.24606327677553"
"682","32","3","overfitting_rho.5","ECR","standard","bridge","estim","-1.2150811693456"
"683","33","3","overfitting_rho.5","ECR","standard","bridge","estim","-1.28671691861499"
"684","34","3","overfitting_rho.5","ECR","standard","bridge","estim","-1.25723819304057"
"685","35","3","overfitting_rho.5","ECR","standard","bridge","estim","-1.17875475563522"
"686","36","3","overfitting_rho.5","ECR","standard","bridge","estim","-1.23214790996768"
"687","37","3","overfitting_rho.5","ECR","standard","bridge","estim","-1.31318378386165"
"688","38","3","overfitting_rho.5","ECR","standard","bridge","estim","-1.31775034794033"
"689","39","3","overfitting_rho.5","ECR","standard","bridge","estim","-1.2522585412594"
"690","40","3","overfitting_rho.5","ECR","standard","bridge","estim","-1.18110348092233"
"691","41","3","overfitting_rho.5","ECR","standard","bridge","estim","-1.29866455716213"
"692","42","3","overfitting_rho.5","ECR","standard","bridge","estim","-1.20344243943308"
"693","43","3","overfitting_rho.5","ECR","standard","bridge","estim","-1.30888276897806"
"694","44","3","overfitting_rho.5","ECR","standard","bridge","estim","-1.18642010520334"
"695","45","3","overfitting_rho.5","ECR","standard","bridge","estim","-1.1000602550894"
"696","46","3","overfitting_rho.5","ECR","standard","bridge","estim","-1.23443086097496"
"697","47","3","overfitting_rho.5","ECR","standard","bridge","estim","-1.17086673087734"
"698","48","3","overfitting_rho.5","ECR","standard","bridge","estim","-1.50122810423049"
"699","49","3","overfitting_rho.5","ECR","standard","bridge","estim","-1.26375173630549"
"700","50","3","overfitting_rho.5","ECR","standard","bridge","estim","-1.34299142661266"
"701","1","3","overfitting_rho1","ECR","standard","bridge","estim","-1.39526149255268"
"702","2","3","overfitting_rho1","ECR","standard","bridge","estim","-1.29534072537083"
"703","3","3","overfitting_rho1","ECR","standard","bridge","estim","-1.25861169679065"
"704","4","3","overfitting_rho1","ECR","standard","bridge","estim","-1.26456333624129"
"705","5","3","overfitting_rho1","ECR","standard","bridge","estim","-0.931046696628648"
"706","6","3","overfitting_rho1","ECR","standard","bridge","estim","-1.16297732956762"
"707","7","3","overfitting_rho1","ECR","standard","bridge","estim","-1.34698431377135"
"708","8","3","overfitting_rho1","ECR","standard","bridge","estim","-1.10045269964415"
"709","9","3","overfitting_rho1","ECR","standard","bridge","estim","-1.2814024449555"
"710","10","3","overfitting_rho1","ECR","standard","bridge","estim","-1.24927894710503"
"711","11","3","overfitting_rho1","ECR","standard","bridge","estim","-1.12384493058762"
"712","12","3","overfitting_rho1","ECR","standard","bridge","estim","-1.22700244647049"
"713","13","3","overfitting_rho1","ECR","standard","bridge","estim","-0.880961536168719"
"714","14","3","overfitting_rho1","ECR","standard","bridge","estim","-1.24711324939182"
"715","15","3","overfitting_rho1","ECR","standard","bridge","estim","-1.19843645028034"
"716","16","3","overfitting_rho1","ECR","standard","bridge","estim","-1.27935580567227"
"717","17","3","overfitting_rho1","ECR","standard","bridge","estim","-1.29672179137098"
"718","18","3","overfitting_rho1","ECR","standard","bridge","estim","-1.23916116360267"
"719","19","3","overfitting_rho1","ECR","standard","bridge","estim","-1.23622097813098"
"720","20","3","overfitting_rho1","ECR","standard","bridge","estim","-1.09197784367187"
"721","21","3","overfitting_rho1","ECR","standard","bridge","estim","-1.09353692639376"
"722","22","3","overfitting_rho1","ECR","standard","bridge","estim","-1.31337689508124"
"723","23","3","overfitting_rho1","ECR","standard","bridge","estim","-1.01513767796311"
"724","24","3","overfitting_rho1","ECR","standard","bridge","estim","-1.13413132921831"
"725","25","3","overfitting_rho1","ECR","standard","bridge","estim","-1.16697200455256"
"726","26","3","overfitting_rho1","ECR","standard","bridge","estim","-1.32230560986554"
"727","27","3","overfitting_rho1","ECR","standard","bridge","estim","-1.35213204827955"
"728","28","3","overfitting_rho1","ECR","standard","bridge","estim","-1.30564076563131"
"729","29","3","overfitting_rho1","ECR","standard","bridge","estim","-1.32302424518922"
"730","30","3","overfitting_rho1","ECR","standard","bridge","estim","-1.25553290211209"
"731","31","3","overfitting_rho1","ECR","standard","bridge","estim","-0.912756644628583"
"732","32","3","overfitting_rho1","ECR","standard","bridge","estim","-0.939286001338218"
"733","33","3","overfitting_rho1","ECR","standard","bridge","estim","-1.32288208695405"
"734","34","3","overfitting_rho1","ECR","standard","bridge","estim","-1.27025024356395"
"735","35","3","overfitting_rho1","ECR","standard","bridge","estim","-1.19897615494197"
"736","36","3","overfitting_rho1","ECR","standard","bridge","estim","-1.19721916230504"
"737","37","3","overfitting_rho1","ECR","standard","bridge","estim","-1.42971905183477"
"738","38","3","overfitting_rho1","ECR","standard","bridge","estim","-1.18990429125251"
"739","39","3","overfitting_rho1","ECR","standard","bridge","estim","-1.22816225158858"
"740","40","3","overfitting_rho1","ECR","standard","bridge","estim","-1.18871157979581"
"741","41","3","overfitting_rho1","ECR","standard","bridge","estim","-1.18943113609199"
"742","42","3","overfitting_rho1","ECR","standard","bridge","estim","-1.42756843316431"
"743","43","3","overfitting_rho1","ECR","standard","bridge","estim","-1.26666771335772"
"744","44","3","overfitting_rho1","ECR","standard","bridge","estim","-1.16839942349544"
"745","45","3","overfitting_rho1","ECR","standard","bridge","estim","-1.140860093265"
"746","46","3","overfitting_rho1","ECR","standard","bridge","estim","-1.45149452116974"
"747","47","3","overfitting_rho1","ECR","standard","bridge","estim","-0.69174907857154"
"748","48","3","overfitting_rho1","ECR","standard","bridge","estim","-1.18913177182832"
"749","49","3","overfitting_rho1","ECR","standard","bridge","estim","-1.30596910744187"
"750","50","3","overfitting_rho1","ECR","standard","bridge","estim","-1.04018821203382"
"751","1","3","overfitting_rho0","ECR","standard","standard","estim","-1.10920093522633"
"752","2","3","overfitting_rho0","ECR","standard","standard","estim","-1.12290802012561"
"753","3","3","overfitting_rho0","ECR","standard","standard","estim","-1.13687777022004"
"754","4","3","overfitting_rho0","ECR","standard","standard","estim","-1.16790374407567"
"755","5","3","overfitting_rho0","ECR","standard","standard","estim","-1.12714326843274"
"756","6","3","overfitting_rho0","ECR","standard","standard","estim","-1.16705223253361"
"757","7","3","overfitting_rho0","ECR","standard","standard","estim","-1.07692150485437"
"758","8","3","overfitting_rho0","ECR","standard","standard","estim","-1.10235891553849"
"759","9","3","overfitting_rho0","ECR","standard","standard","estim","-1.11318023579454"
"760","10","3","overfitting_rho0","ECR","standard","standard","estim","-1.17331609718204"
"761","11","3","overfitting_rho0","ECR","standard","standard","estim","-1.13024856282956"
"762","12","3","overfitting_rho0","ECR","standard","standard","estim","-1.13376719493886"
"763","13","3","overfitting_rho0","ECR","standard","standard","estim","-1.15021924791782"
"764","14","3","overfitting_rho0","ECR","standard","standard","estim","-1.17061880177975"
"765","15","3","overfitting_rho0","ECR","standard","standard","estim","-1.12609755840447"
"766","16","3","overfitting_rho0","ECR","standard","standard","estim","-1.10794823907577"
"767","17","3","overfitting_rho0","ECR","standard","standard","estim","-1.09649965618821"
"768","18","3","overfitting_rho0","ECR","standard","standard","estim","-1.15011897966949"
"769","19","3","overfitting_rho0","ECR","standard","standard","estim","-1.16871023872971"
"770","20","3","overfitting_rho0","ECR","standard","standard","estim","-1.21382145990588"
"771","21","3","overfitting_rho0","ECR","standard","standard","estim","-1.11207887646922"
"772","22","3","overfitting_rho0","ECR","standard","standard","estim","-1.16055742179605"
"773","23","3","overfitting_rho0","ECR","standard","standard","estim","-1.10233109911808"
"774","24","3","overfitting_rho0","ECR","standard","standard","estim","-1.14427924225305"
"775","25","3","overfitting_rho0","ECR","standard","standard","estim","-1.11843722358645"
"776","26","3","overfitting_rho0","ECR","standard","standard","estim","-1.12575215644856"
"777","27","3","overfitting_rho0","ECR","standard","standard","estim","-1.11314956255121"
"778","28","3","overfitting_rho0","ECR","standard","standard","estim","-1.15322502738839"
"779","29","3","overfitting_rho0","ECR","standard","standard","estim","-1.37903244567769"
"780","30","3","overfitting_rho0","ECR","standard","standard","estim","-1.12905230145013"
"781","31","3","overfitting_rho0","ECR","standard","standard","estim","-1.10741263000081"
"782","32","3","overfitting_rho0","ECR","standard","standard","estim","-1.14788218345349"
"783","33","3","overfitting_rho0","ECR","standard","standard","estim","-1.15866012670435"
"784","34","3","overfitting_rho0","ECR","standard","standard","estim","-1.12529535301603"
"785","35","3","overfitting_rho0","ECR","standard","standard","estim","-1.09334250960467"
"786","36","3","overfitting_rho0","ECR","standard","standard","estim","-1.14512319144029"
"787","37","3","overfitting_rho0","ECR","standard","standard","estim","-1.12094807165467"
"788","38","3","overfitting_rho0","ECR","standard","standard","estim","-1.1033642805673"
"789","39","3","overfitting_rho0","ECR","standard","standard","estim","-1.18579129663904"
"790","40","3","overfitting_rho0","ECR","standard","standard","estim","-1.28108308328568"
"791","41","3","overfitting_rho0","ECR","standard","standard","estim","-1.28997276921123"
"792","42","3","overfitting_rho0","ECR","standard","standard","estim","-1.13443782980933"
"793","43","3","overfitting_rho0","ECR","standard","standard","estim","-1.16062975549726"
"794","44","3","overfitting_rho0","ECR","standard","standard","estim","-1.08324843861647"
"795","45","3","overfitting_rho0","ECR","standard","standard","estim","-1.1326303023386"
"796","46","3","overfitting_rho0","ECR","standard","standard","estim","-1.14944545709917"
"797","47","3","overfitting_rho0","ECR","standard","standard","estim","-1.1630461485499"
"798","48","3","overfitting_rho0","ECR","standard","standard","estim","-1.11548135514898"
"799","49","3","overfitting_rho0","ECR","standard","standard","estim","-1.12211615992188"
"800","50","3","overfitting_rho0","ECR","standard","standard","estim","-1.1072857655997"
"801","1","3","overfitting_rho.5","ECR","standard","standard","estim","-1.1768633640679"
"802","2","3","overfitting_rho.5","ECR","standard","standard","estim","-1.20222271517331"
"803","3","3","overfitting_rho.5","ECR","standard","standard","estim","-1.27317424880935"
"804","4","3","overfitting_rho.5","ECR","standard","standard","estim","-1.13939752491515"
"805","5","3","overfitting_rho.5","ECR","standard","standard","estim","-1.12872525554845"
"806","6","3","overfitting_rho.5","ECR","standard","standard","estim","-1.11582465701932"
"807","7","3","overfitting_rho.5","ECR","standard","standard","estim","-1.1550349843501"
"808","8","3","overfitting_rho.5","ECR","standard","standard","estim","-1.17803143225724"
"809","9","3","overfitting_rho.5","ECR","standard","standard","estim","-1.1204311628639"
"810","10","3","overfitting_rho.5","ECR","standard","standard","estim","-1.21526092398205"
"811","11","3","overfitting_rho.5","ECR","standard","standard","estim","-1.14760687752002"
"812","12","3","overfitting_rho.5","ECR","standard","standard","estim","-1.15814395420293"
"813","13","3","overfitting_rho.5","ECR","standard","standard","estim","-1.17972731434987"
"814","14","3","overfitting_rho.5","ECR","standard","standard","estim","-1.23487514687957"
"815","15","3","overfitting_rho.5","ECR","standard","standard","estim","-1.1390009573161"
"816","16","3","overfitting_rho.5","ECR","standard","standard","estim","-1.15351155973612"
"817","17","3","overfitting_rho.5","ECR","standard","standard","estim","-1.38312929421491"
"818","18","3","overfitting_rho.5","ECR","standard","standard","estim","-1.09461212584328"
"819","19","3","overfitting_rho.5","ECR","standard","standard","estim","-1.21461319141667"
"820","20","3","overfitting_rho.5","ECR","standard","standard","estim","-1.22938776956244"
"821","21","3","overfitting_rho.5","ECR","standard","standard","estim","-1.12695065944781"
"822","22","3","overfitting_rho.5","ECR","standard","standard","estim","-1.21387681123385"
"823","23","3","overfitting_rho.5","ECR","standard","standard","estim","-1.18093202500991"
"824","24","3","overfitting_rho.5","ECR","standard","standard","estim","-1.11869132984631"
"825","25","3","overfitting_rho.5","ECR","standard","standard","estim","-1.18381091302035"
"826","26","3","overfitting_rho.5","ECR","standard","standard","estim","-1.0743883453992"
"827","27","3","overfitting_rho.5","ECR","standard","standard","estim","-1.20726565607042"
"828","28","3","overfitting_rho.5","ECR","standard","standard","estim","-1.11863404403339"
"829","29","3","overfitting_rho.5","ECR","standard","standard","estim","-1.18702341569328"
"830","30","3","overfitting_rho.5","ECR","standard","standard","estim","-1.15800219198735"
"831","31","3","overfitting_rho.5","ECR","standard","standard","estim","-1.15374235145995"
"832","32","3","overfitting_rho.5","ECR","standard","standard","estim","-1.11410849228693"
"833","33","3","overfitting_rho.5","ECR","standard","standard","estim","-1.13974447445733"
"834","34","3","overfitting_rho.5","ECR","standard","standard","estim","-1.18036526721411"
"835","35","3","overfitting_rho.5","ECR","standard","standard","estim","-1.11637307527565"
"836","36","3","overfitting_rho.5","ECR","standard","standard","estim","-1.13755261587223"
"837","37","3","overfitting_rho.5","ECR","standard","standard","estim","-1.18171268524405"
"838","38","3","overfitting_rho.5","ECR","standard","standard","estim","-1.18934195451337"
"839","39","3","overfitting_rho.5","ECR","standard","standard","estim","-1.1636990981191"
"840","40","3","overfitting_rho.5","ECR","standard","standard","estim","-1.11616008019043"
"841","41","3","overfitting_rho.5","ECR","standard","standard","estim","-1.23373120414926"
"842","42","3","overfitting_rho.5","ECR","standard","standard","estim","-1.09960735442347"
"843","43","3","overfitting_rho.5","ECR","standard","standard","estim","-1.17201171258315"
"844","44","3","overfitting_rho.5","ECR","standard","standard","estim","-1.12619032676508"
"845","45","3","overfitting_rho.5","ECR","standard","standard","estim","-1.14010830503564"
"846","46","3","overfitting_rho.5","ECR","standard","standard","estim","-1.07572031888366"
"847","47","3","overfitting_rho.5","ECR","standard","standard","estim","-1.06008097896495"
"848","48","3","overfitting_rho.5","ECR","standard","standard","estim","-1.52543359505194"
"849","49","3","overfitting_rho.5","ECR","standard","standard","estim","-1.1027046852973"
"850","50","3","overfitting_rho.5","ECR","standard","standard","estim","-1.17376139780927"
"851","1","3","overfitting_rho1","ECR","standard","standard","estim","-1.38575842063068"
"852","2","3","overfitting_rho1","ECR","standard","standard","estim","-1.29142429827953"
"853","3","3","overfitting_rho1","ECR","standard","standard","estim","-1.26901217972875"
"854","4","3","overfitting_rho1","ECR","standard","standard","estim","-1.14006807889017"
"855","5","3","overfitting_rho1","ECR","standard","standard","estim","-1.01560428738562"
"856","6","3","overfitting_rho1","ECR","standard","standard","estim","-1.17874216598527"
"857","7","3","overfitting_rho1","ECR","standard","standard","estim","-1.22902209012383"
"858","8","3","overfitting_rho1","ECR","standard","standard","estim","-1.17508825347483"
"859","9","3","overfitting_rho1","ECR","standard","standard","estim","-1.15245872612914"
"860","10","3","overfitting_rho1","ECR","standard","standard","estim","-1.24718230825887"
"861","11","3","overfitting_rho1","ECR","standard","standard","estim","-1.18692852627398"
"862","12","3","overfitting_rho1","ECR","standard","standard","estim","-1.30818476730187"
"863","13","3","overfitting_rho1","ECR","standard","standard","estim","-0.95396365484288"
"864","14","3","overfitting_rho1","ECR","standard","standard","estim","-1.07667592615211"
"865","15","3","overfitting_rho1","ECR","standard","standard","estim","-1.14585059266712"
"866","16","3","overfitting_rho1","ECR","standard","standard","estim","-1.19916627250902"
"867","17","3","overfitting_rho1","ECR","standard","standard","estim","-1.17892576292165"
"868","18","3","overfitting_rho1","ECR","standard","standard","estim","-1.16862671919025"
"869","19","3","overfitting_rho1","ECR","standard","standard","estim","-1.11325455243233"
"870","20","3","overfitting_rho1","ECR","standard","standard","estim","-1.16753741795459"
"871","21","3","overfitting_rho1","ECR","standard","standard","estim","-1.15740995709983"
"872","22","3","overfitting_rho1","ECR","standard","standard","estim","-1.42251735835165"
"873","23","3","overfitting_rho1","ECR","standard","standard","estim","-1.10969353580379"
"874","24","3","overfitting_rho1","ECR","standard","standard","estim","-1.26362992810331"
"875","25","3","overfitting_rho1","ECR","standard","standard","estim","-1.29338440784631"
"876","26","3","overfitting_rho1","ECR","standard","standard","estim","-1.42730544579845"
"877","27","3","overfitting_rho1","ECR","standard","standard","estim","-1.36192814485555"
"878","28","3","overfitting_rho1","ECR","standard","standard","estim","-1.43976169895041"
"879","29","3","overfitting_rho1","ECR","standard","standard","estim","-1.21534500464585"
"880","30","3","overfitting_rho1","ECR","standard","standard","estim","-1.21264525323434"
"881","31","3","overfitting_rho1","ECR","standard","standard","estim","-0.925984625852752"
"882","32","3","overfitting_rho1","ECR","standard","standard","estim","-1.02762650909816"
"883","33","3","overfitting_rho1","ECR","standard","standard","estim","-1.19465398196103"
"884","34","3","overfitting_rho1","ECR","standard","standard","estim","-1.15634455988774"
"885","35","3","overfitting_rho1","ECR","standard","standard","estim","-1.30863635669188"
"886","36","3","overfitting_rho1","ECR","standard","standard","estim","-1.14995524177581"
"887","37","3","overfitting_rho1","ECR","standard","standard","estim","-1.35482722764204"
"888","38","3","overfitting_rho1","ECR","standard","standard","estim","-1.10738239004508"
"889","39","3","overfitting_rho1","ECR","standard","standard","estim","-1.11979562000073"
"890","40","3","overfitting_rho1","ECR","standard","standard","estim","-1.14066614713373"
"891","41","3","overfitting_rho1","ECR","standard","standard","estim","-1.13339285127395"
"892","42","3","overfitting_rho1","ECR","standard","standard","estim","-1.47740609775986"
"893","43","3","overfitting_rho1","ECR","standard","standard","estim","-1.28326570658642"
"894","44","3","overfitting_rho1","ECR","standard","standard","estim","-1.06228499342387"
"895","45","3","overfitting_rho1","ECR","standard","standard","estim","-1.15078250818394"
"896","46","3","overfitting_rho1","ECR","standard","standard","estim","-1.4384764361488"
"897","47","3","overfitting_rho1","ECR","standard","standard","estim","-0.752192254781647"
"898","48","3","overfitting_rho1","ECR","standard","standard","estim","-1.12175526078332"
"899","49","3","overfitting_rho1","ECR","standard","standard","estim","-1.17859002360836"
"900","50","3","overfitting_rho1","ECR","standard","standard","estim","-1.13414860810462"
"901","1","3","overfitting_rho0","ECR","standard","simple","lower","-0.473461525200356"
"902","2","3","overfitting_rho0","ECR","standard","simple","lower","-0.220784021132872"
"903","3","3","overfitting_rho0","ECR","standard","simple","lower","-0.202032007767365"
"904","4","3","overfitting_rho0","ECR","standard","simple","lower","-0.40890815417292"
"905","5","3","overfitting_rho0","ECR","standard","simple","lower","-0.384522957891107"
"906","6","3","overfitting_rho0","ECR","standard","simple","lower","-0.85097442500404"
"907","7","3","overfitting_rho0","ECR","standard","simple","lower","-0.482085833051549"
"908","8","3","overfitting_rho0","ECR","standard","simple","lower","-0.273466429854075"
"909","9","3","overfitting_rho0","ECR","standard","simple","lower","-0.290042034818413"
"910","10","3","overfitting_rho0","ECR","standard","simple","lower","-0.204935188065789"
"911","11","3","overfitting_rho0","ECR","standard","simple","lower","-0.333153784283702"
"912","12","3","overfitting_rho0","ECR","standard","simple","lower","-0.359251870456291"
"913","13","3","overfitting_rho0","ECR","standard","simple","lower","-0.72336434206683"
"914","14","3","overfitting_rho0","ECR","standard","simple","lower","-0.473345325553801"
"915","15","3","overfitting_rho0","ECR","standard","simple","lower","-0.292967627957289"
"916","16","3","overfitting_rho0","ECR","standard","simple","lower","-0.594516647191192"
"917","17","3","overfitting_rho0","ECR","standard","simple","lower","-0.206177889136924"
"918","18","3","overfitting_rho0","ECR","standard","simple","lower","-0.197505159108061"
"919","19","3","overfitting_rho0","ECR","standard","simple","lower","-0.458077518716806"
"920","20","3","overfitting_rho0","ECR","standard","simple","lower","-0.380504760302919"
"921","21","3","overfitting_rho0","ECR","standard","simple","lower","-0.628997050630446"
"922","22","3","overfitting_rho0","ECR","standard","simple","lower","-1.16103140851989"
"923","23","3","overfitting_rho0","ECR","standard","simple","lower","-0.254522222735744"
"924","24","3","overfitting_rho0","ECR","standard","simple","lower","-0.892647471392408"
"925","25","3","overfitting_rho0","ECR","standard","simple","lower","-0.987492295796798"
"926","26","3","overfitting_rho0","ECR","standard","simple","lower","-0.232899458429962"
"927","27","3","overfitting_rho0","ECR","standard","simple","lower","-0.520658761764913"
"928","28","3","overfitting_rho0","ECR","standard","simple","lower","-0.3211456410436"
"929","29","3","overfitting_rho0","ECR","standard","simple","lower","-0.482302236241992"
"930","30","3","overfitting_rho0","ECR","standard","simple","lower","-0.381687987896058"
"931","31","3","overfitting_rho0","ECR","standard","simple","lower","-0.394286162077698"
"932","32","3","overfitting_rho0","ECR","standard","simple","lower","-0.936110202120162"
"933","33","3","overfitting_rho0","ECR","standard","simple","lower","-0.378240486609542"
"934","34","3","overfitting_rho0","ECR","standard","simple","lower","-0.247297831800012"
"935","35","3","overfitting_rho0","ECR","standard","simple","lower","-0.163885873260604"
"936","36","3","overfitting_rho0","ECR","standard","simple","lower","-0.415969389332808"
"937","37","3","overfitting_rho0","ECR","standard","simple","lower","-0.370441217364899"
"938","38","3","overfitting_rho0","ECR","standard","simple","lower","-0.517508390416069"
"939","39","3","overfitting_rho0","ECR","standard","simple","lower","-0.538008252284811"
"940","40","3","overfitting_rho0","ECR","standard","simple","lower","-0.349222462872447"
"941","41","3","overfitting_rho0","ECR","standard","simple","lower","-0.385830709206466"
"942","42","3","overfitting_rho0","ECR","standard","simple","lower","-0.355096751256539"
"943","43","3","overfitting_rho0","ECR","standard","simple","lower","-0.317922953544787"
"944","44","3","overfitting_rho0","ECR","standard","simple","lower","-0.490020618234432"
"945","45","3","overfitting_rho0","ECR","standard","simple","lower","-0.879656285431047"
"946","46","3","overfitting_rho0","ECR","standard","simple","lower","-0.959953026227183"
"947","47","3","overfitting_rho0","ECR","standard","simple","lower","-0.329126611095717"
"948","48","3","overfitting_rho0","ECR","standard","simple","lower","-0.202196799005307"
"949","49","3","overfitting_rho0","ECR","standard","simple","lower","-0.565424639728612"
"950","50","3","overfitting_rho0","ECR","standard","simple","lower","-0.361466245910584"
"951","1","3","overfitting_rho.5","ECR","standard","simple","lower","-0.439214386171827"
"952","2","3","overfitting_rho.5","ECR","standard","simple","lower","-0.394903857456164"
"953","3","3","overfitting_rho.5","ECR","standard","simple","lower","-0.520302528361725"
"954","4","3","overfitting_rho.5","ECR","standard","simple","lower","-0.511236704506928"
"955","5","3","overfitting_rho.5","ECR","standard","simple","lower","-0.255233970217084"
"956","6","3","overfitting_rho.5","ECR","standard","simple","lower","-0.543336883926777"
"957","7","3","overfitting_rho.5","ECR","standard","simple","lower","-0.416019014880995"
"958","8","3","overfitting_rho.5","ECR","standard","simple","lower","-0.984958137738623"
"959","9","3","overfitting_rho.5","ECR","standard","simple","lower","-0.367426068620588"
"960","10","3","overfitting_rho.5","ECR","standard","simple","lower","-0.657864836918456"
"961","11","3","overfitting_rho.5","ECR","standard","simple","lower","-0.315384136198489"
"962","12","3","overfitting_rho.5","ECR","standard","simple","lower","-0.454713345901474"
"963","13","3","overfitting_rho.5","ECR","standard","simple","lower","-0.511098370467877"
"964","14","3","overfitting_rho.5","ECR","standard","simple","lower","-0.299466945726309"
"965","15","3","overfitting_rho.5","ECR","standard","simple","lower","-0.920939045104156"
"966","16","3","overfitting_rho.5","ECR","standard","simple","lower","-0.200954154921398"
"967","17","3","overfitting_rho.5","ECR","standard","simple","lower","-0.206502358922464"
"968","18","3","overfitting_rho.5","ECR","standard","simple","lower","-0.317008402321925"
"969","19","3","overfitting_rho.5","ECR","standard","simple","lower","-1.12059018520127"
"970","20","3","overfitting_rho.5","ECR","standard","simple","lower","-0.632075515471705"
"971","21","3","overfitting_rho.5","ECR","standard","simple","lower","-0.286388451088897"
"972","22","3","overfitting_rho.5","ECR","standard","simple","lower","-0.502463932896845"
"973","23","3","overfitting_rho.5","ECR","standard","simple","lower","-1.05525157525421"
"974","24","3","overfitting_rho.5","ECR","standard","simple","lower","-0.966964858272959"
"975","25","3","overfitting_rho.5","ECR","standard","simple","lower","-0.442281089038602"
"976","26","3","overfitting_rho.5","ECR","standard","simple","lower","-0.17962963544808"
"977","27","3","overfitting_rho.5","ECR","standard","simple","lower","-0.489518164324366"
"978","28","3","overfitting_rho.5","ECR","standard","simple","lower","-0.279937632278063"
"979","29","3","overfitting_rho.5","ECR","standard","simple","lower","-0.568112572476515"
"980","30","3","overfitting_rho.5","ECR","standard","simple","lower","-0.212548679988025"
"981","31","3","overfitting_rho.5","ECR","standard","simple","lower","-0.203227266850064"
"982","32","3","overfitting_rho.5","ECR","standard","simple","lower","-0.46828579860184"
"983","33","3","overfitting_rho.5","ECR","standard","simple","lower","-0.448308965592645"
"984","34","3","overfitting_rho.5","ECR","standard","simple","lower","-0.358435982421277"
"985","35","3","overfitting_rho.5","ECR","standard","simple","lower","-0.473373681662501"
"986","36","3","overfitting_rho.5","ECR","standard","simple","lower","-0.512075622435155"
"987","37","3","overfitting_rho.5","ECR","standard","simple","lower","-0.696993690230705"
"988","38","3","overfitting_rho.5","ECR","standard","simple","lower","-0.983541262744637"
"989","39","3","overfitting_rho.5","ECR","standard","simple","lower","-0.600264125296725"
"990","40","3","overfitting_rho.5","ECR","standard","simple","lower","-0.305787733991963"
"991","41","3","overfitting_rho.5","ECR","standard","simple","lower","-0.327026722739078"
"992","42","3","overfitting_rho.5","ECR","standard","simple","lower","-0.511439976896227"
"993","43","3","overfitting_rho.5","ECR","standard","simple","lower","-0.435177982206753"
"994","44","3","overfitting_rho.5","ECR","standard","simple","lower","-0.396697114849687"
"995","45","3","overfitting_rho.5","ECR","standard","simple","lower","-0.266581403164707"
"996","46","3","overfitting_rho.5","ECR","standard","simple","lower","-1.00056115040459"
"997","47","3","overfitting_rho.5","ECR","standard","simple","lower","-0.230424342327431"
"998","48","3","overfitting_rho.5","ECR","standard","simple","lower","-0.277043536361219"
"999","49","3","overfitting_rho.5","ECR","standard","simple","lower","-0.115844720994204"
"1000","50","3","overfitting_rho.5","ECR","standard","simple","lower","-0.539206907603202"
"1001","1","3","overfitting_rho1","ECR","standard","simple","lower","-0.512204270033507"
"1002","2","3","overfitting_rho1","ECR","standard","simple","lower","-0.349229114510528"
"1003","3","3","overfitting_rho1","ECR","standard","simple","lower","-0.896566610935167"
"1004","4","3","overfitting_rho1","ECR","standard","simple","lower","-0.623841819277914"
"1005","5","3","overfitting_rho1","ECR","standard","simple","lower","-1.07701191420943"
"1006","6","3","overfitting_rho1","ECR","standard","simple","lower","-0.481051993152839"
"1007","7","3","overfitting_rho1","ECR","standard","simple","lower","-0.971920785632463"
"1008","8","3","overfitting_rho1","ECR","standard","simple","lower","-0.400030617192627"
"1009","9","3","overfitting_rho1","ECR","standard","simple","lower","-0.286315971796725"
"1010","10","3","overfitting_rho1","ECR","standard","simple","lower","-0.264268966343657"
"1011","11","3","overfitting_rho1","ECR","standard","simple","lower","-0.18785369180765"
"1012","12","3","overfitting_rho1","ECR","standard","simple","lower","-0.256122094868932"
"1013","13","3","overfitting_rho1","ECR","standard","simple","lower","-0.322698467221365"
"1014","14","3","overfitting_rho1","ECR","standard","simple","lower","-0.335130659377157"
"1015","15","3","overfitting_rho1","ECR","standard","simple","lower","-0.29734581415029"
"1016","16","3","overfitting_rho1","ECR","standard","simple","lower","-0.705956832132685"
"1017","17","3","overfitting_rho1","ECR","standard","simple","lower","-0.231374729555739"
"1018","18","3","overfitting_rho1","ECR","standard","simple","lower","-0.760446779676769"
"1019","19","3","overfitting_rho1","ECR","standard","simple","lower","-0.199528588399112"
"1020","20","3","overfitting_rho1","ECR","standard","simple","lower","-0.371733513770121"
"1021","21","3","overfitting_rho1","ECR","standard","simple","lower","-0.256593804663144"
"1022","22","3","overfitting_rho1","ECR","standard","simple","lower","-0.346169107504522"
"1023","23","3","overfitting_rho1","ECR","standard","simple","lower","-0.248901617135978"
"1024","24","3","overfitting_rho1","ECR","standard","simple","lower","-0.299298301436782"
"1025","25","3","overfitting_rho1","ECR","standard","simple","lower","-0.156781221280479"
"1026","26","3","overfitting_rho1","ECR","standard","simple","lower","-0.613893112434759"
"1027","27","3","overfitting_rho1","ECR","standard","simple","lower","-0.642317432987426"
"1028","28","3","overfitting_rho1","ECR","standard","simple","lower","-0.375737997033617"
"1029","29","3","overfitting_rho1","ECR","standard","simple","lower","-0.344180389021759"
"1030","30","3","overfitting_rho1","ECR","standard","simple","lower","-0.325585494721533"
"1031","31","3","overfitting_rho1","ECR","standard","simple","lower","-0.250939377542945"
"1032","32","3","overfitting_rho1","ECR","standard","simple","lower","-0.335069850827416"
"1033","33","3","overfitting_rho1","ECR","standard","simple","lower","-0.432233001514142"
"1034","34","3","overfitting_rho1","ECR","standard","simple","lower","-0.403037331852502"
"1035","35","3","overfitting_rho1","ECR","standard","simple","lower","-0.287601559521811"
"1036","36","3","overfitting_rho1","ECR","standard","simple","lower","-0.312917094157108"
"1037","37","3","overfitting_rho1","ECR","standard","simple","lower","-0.194698617975625"
"1038","38","3","overfitting_rho1","ECR","standard","simple","lower","-0.669804120881743"
"1039","39","3","overfitting_rho1","ECR","standard","simple","lower","-0.37219267905224"
"1040","40","3","overfitting_rho1","ECR","standard","simple","lower","-0.355098647555373"
"1041","41","3","overfitting_rho1","ECR","standard","simple","lower","-0.350478731635036"
"1042","42","3","overfitting_rho1","ECR","standard","simple","lower","-0.444524903145947"
"1043","43","3","overfitting_rho1","ECR","standard","simple","lower","-0.233402415609937"
"1044","44","3","overfitting_rho1","ECR","standard","simple","lower","-0.0864436693381023"
"1045","45","3","overfitting_rho1","ECR","standard","simple","lower","-0.268834390214074"
"1046","46","3","overfitting_rho1","ECR","standard","simple","lower","-0.239020370439292"
"1047","47","3","overfitting_rho1","ECR","standard","simple","lower","-0.246541699163149"
"1048","48","3","overfitting_rho1","ECR","standard","simple","lower","-0.203316108414654"
"1049","49","3","overfitting_rho1","ECR","standard","simple","lower","-0.683788131673005"
"1050","50","3","overfitting_rho1","ECR","standard","simple","lower","-0.290768262119904"
"1051","1","3","overfitting_rho0","ECR","standard","bridge","lower","-1.12040976922024"
"1052","2","3","overfitting_rho0","ECR","standard","bridge","lower","-1.23143766847269"
"1053","3","3","overfitting_rho0","ECR","standard","bridge","lower","-1.22261583564009"
"1054","4","3","overfitting_rho0","ECR","standard","bridge","lower","-1.09770087856864"
"1055","5","3","overfitting_rho0","ECR","standard","bridge","lower","-1.12592368294935"
"1056","6","3","overfitting_rho0","ECR","standard","bridge","lower","-1.15326446991367"
"1057","7","3","overfitting_rho0","ECR","standard","bridge","lower","-1.1349599860155"
"1058","8","3","overfitting_rho0","ECR","standard","bridge","lower","-1.29588350306702"
"1059","9","3","overfitting_rho0","ECR","standard","bridge","lower","-1.11930629847385"
"1060","10","3","overfitting_rho0","ECR","standard","bridge","lower","-1.28221185578364"
"1061","11","3","overfitting_rho0","ECR","standard","bridge","lower","-1.16253686592115"
"1062","12","3","overfitting_rho0","ECR","standard","bridge","lower","-1.17564936621186"
"1063","13","3","overfitting_rho0","ECR","standard","bridge","lower","-1.22106085382682"
"1064","14","3","overfitting_rho0","ECR","standard","bridge","lower","-1.34118815855921"
"1065","15","3","overfitting_rho0","ECR","standard","bridge","lower","-1.10939904551324"
"1066","16","3","overfitting_rho0","ECR","standard","bridge","lower","-1.16132198913606"
"1067","17","3","overfitting_rho0","ECR","standard","bridge","lower","-1.14280355075204"
"1068","18","3","overfitting_rho0","ECR","standard","bridge","lower","-1.27679578301194"
"1069","19","3","overfitting_rho0","ECR","standard","bridge","lower","-1.29756762879489"
"1070","20","3","overfitting_rho0","ECR","standard","bridge","lower","-1.16185587315003"
"1071","21","3","overfitting_rho0","ECR","standard","bridge","lower","-1.12378759313839"
"1072","22","3","overfitting_rho0","ECR","standard","bridge","lower","-1.21758584225645"
"1073","23","3","overfitting_rho0","ECR","standard","bridge","lower","-1.11324553794476"
"1074","24","3","overfitting_rho0","ECR","standard","bridge","lower","-1.1934710513621"
"1075","25","3","overfitting_rho0","ECR","standard","bridge","lower","-1.31728837482297"
"1076","26","3","overfitting_rho0","ECR","standard","bridge","lower","-1.13017320831398"
"1077","27","3","overfitting_rho0","ECR","standard","bridge","lower","-1.21251298331374"
"1078","28","3","overfitting_rho0","ECR","standard","bridge","lower","-1.12080592747375"
"1079","29","3","overfitting_rho0","ECR","standard","bridge","lower","-1.49488362418521"
"1080","30","3","overfitting_rho0","ECR","standard","bridge","lower","-1.12164631210696"
"1081","31","3","overfitting_rho0","ECR","standard","bridge","lower","-1.15213658475809"
"1082","32","3","overfitting_rho0","ECR","standard","bridge","lower","-1.10443142826497"
"1083","33","3","overfitting_rho0","ECR","standard","bridge","lower","-1.14258829350005"
"1084","34","3","overfitting_rho0","ECR","standard","bridge","lower","-1.17821181624566"
"1085","35","3","overfitting_rho0","ECR","standard","bridge","lower","-1.22909128366803"
"1086","36","3","overfitting_rho0","ECR","standard","bridge","lower","-1.19610843875707"
"1087","37","3","overfitting_rho0","ECR","standard","bridge","lower","-1.17119797380549"
"1088","38","3","overfitting_rho0","ECR","standard","bridge","lower","-1.10664771248884"
"1089","39","3","overfitting_rho0","ECR","standard","bridge","lower","-1.14214277623481"
"1090","40","3","overfitting_rho0","ECR","standard","bridge","lower","-1.38971584553323"
"1091","41","3","overfitting_rho0","ECR","standard","bridge","lower","-1.35579205297432"
"1092","42","3","overfitting_rho0","ECR","standard","bridge","lower","-1.11120242105903"
"1093","43","3","overfitting_rho0","ECR","standard","bridge","lower","-1.11434638550392"
"1094","44","3","overfitting_rho0","ECR","standard","bridge","lower","-1.15705104194416"
"1095","45","3","overfitting_rho0","ECR","standard","bridge","lower","-1.09812988394788"
"1096","46","3","overfitting_rho0","ECR","standard","bridge","lower","-1.11762550067149"
"1097","47","3","overfitting_rho0","ECR","standard","bridge","lower","-1.13365356050213"
"1098","48","3","overfitting_rho0","ECR","standard","bridge","lower","-1.3162427352014"
"1099","49","3","overfitting_rho0","ECR","standard","bridge","lower","-1.16779660717156"
"1100","50","3","overfitting_rho0","ECR","standard","bridge","lower","-1.16703659197047"
"1101","1","3","overfitting_rho.5","ECR","standard","bridge","lower","-1.17122330720257"
"1102","2","3","overfitting_rho.5","ECR","standard","bridge","lower","-1.313537508324"
"1103","3","3","overfitting_rho.5","ECR","standard","bridge","lower","-1.37660233149496"
"1104","4","3","overfitting_rho.5","ECR","standard","bridge","lower","-1.12681163690354"
"1105","5","3","overfitting_rho.5","ECR","standard","bridge","lower","-1.15453770966503"
"1106","6","3","overfitting_rho.5","ECR","standard","bridge","lower","-1.1251013857864"
"1107","7","3","overfitting_rho.5","ECR","standard","bridge","lower","-1.16627066853923"
"1108","8","3","overfitting_rho.5","ECR","standard","bridge","lower","-1.24662561667164"
"1109","9","3","overfitting_rho.5","ECR","standard","bridge","lower","-1.17790048246125"
"1110","10","3","overfitting_rho.5","ECR","standard","bridge","lower","-1.38083702674206"
"1111","11","3","overfitting_rho.5","ECR","standard","bridge","lower","-1.20017961118416"
"1112","12","3","overfitting_rho.5","ECR","standard","bridge","lower","-1.29335732472829"
"1113","13","3","overfitting_rho.5","ECR","standard","bridge","lower","-1.33791718718577"
"1114","14","3","overfitting_rho.5","ECR","standard","bridge","lower","-1.32443222304975"
"1115","15","3","overfitting_rho.5","ECR","standard","bridge","lower","-1.15070828803833"
"1116","16","3","overfitting_rho.5","ECR","standard","bridge","lower","-1.27333177909128"
"1117","17","3","overfitting_rho.5","ECR","standard","bridge","lower","-1.47191948458451"
"1118","18","3","overfitting_rho.5","ECR","standard","bridge","lower","-1.15893035376369"
"1119","19","3","overfitting_rho.5","ECR","standard","bridge","lower","-1.35929431961286"
"1120","20","3","overfitting_rho.5","ECR","standard","bridge","lower","-1.18653300628309"
"1121","21","3","overfitting_rho.5","ECR","standard","bridge","lower","-1.19497577660813"
"1122","22","3","overfitting_rho.5","ECR","standard","bridge","lower","-1.34784455503254"
"1123","23","3","overfitting_rho.5","ECR","standard","bridge","lower","-1.28641159062585"
"1124","24","3","overfitting_rho.5","ECR","standard","bridge","lower","-1.25197722481257"
"1125","25","3","overfitting_rho.5","ECR","standard","bridge","lower","-1.23746484386062"
"1126","26","3","overfitting_rho.5","ECR","standard","bridge","lower","-1.20539828191647"
"1127","27","3","overfitting_rho.5","ECR","standard","bridge","lower","-1.35252328673088"
"1128","28","3","overfitting_rho.5","ECR","standard","bridge","lower","-1.22142471191113"
"1129","29","3","overfitting_rho.5","ECR","standard","bridge","lower","-1.27627926828208"
"1130","30","3","overfitting_rho.5","ECR","standard","bridge","lower","-1.31207108215857"
"1131","31","3","overfitting_rho.5","ECR","standard","bridge","lower","-1.23988165119528"
"1132","32","3","overfitting_rho.5","ECR","standard","bridge","lower","-1.2062163979931"
"1133","33","3","overfitting_rho.5","ECR","standard","bridge","lower","-1.28024531166709"
"1134","34","3","overfitting_rho.5","ECR","standard","bridge","lower","-1.25027510781377"
"1135","35","3","overfitting_rho.5","ECR","standard","bridge","lower","-1.17233212539708"
"1136","36","3","overfitting_rho.5","ECR","standard","bridge","lower","-1.22568515980587"
"1137","37","3","overfitting_rho.5","ECR","standard","bridge","lower","-1.30691481780141"
"1138","38","3","overfitting_rho.5","ECR","standard","bridge","lower","-1.31153801774423"
"1139","39","3","overfitting_rho.5","ECR","standard","bridge","lower","-1.24633036320341"
"1140","40","3","overfitting_rho.5","ECR","standard","bridge","lower","-1.17612180474416"
"1141","41","3","overfitting_rho.5","ECR","standard","bridge","lower","-1.29061854358196"
"1142","42","3","overfitting_rho.5","ECR","standard","bridge","lower","-1.19695151676968"
"1143","43","3","overfitting_rho.5","ECR","standard","bridge","lower","-1.30163442605451"
"1144","44","3","overfitting_rho.5","ECR","standard","bridge","lower","-1.18181311682913"
"1145","45","3","overfitting_rho.5","ECR","standard","bridge","lower","-1.09891482655269"
"1146","46","3","overfitting_rho.5","ECR","standard","bridge","lower","-1.22738150155278"
"1147","47","3","overfitting_rho.5","ECR","standard","bridge","lower","-1.16566513424668"
"1148","48","3","overfitting_rho.5","ECR","standard","bridge","lower","-1.49505163299186"
"1149","49","3","overfitting_rho.5","ECR","standard","bridge","lower","-1.25803104592619"
"1150","50","3","overfitting_rho.5","ECR","standard","bridge","lower","-1.33611852593712"
"1151","1","3","overfitting_rho1","ECR","standard","bridge","lower","-1.38829148130137"
"1152","2","3","overfitting_rho1","ECR","standard","bridge","lower","-1.28680902688085"
"1153","3","3","overfitting_rho1","ECR","standard","bridge","lower","-1.25041394577498"
"1154","4","3","overfitting_rho1","ECR","standard","bridge","lower","-1.25834525233785"
"1155","5","3","overfitting_rho1","ECR","standard","bridge","lower","-0.919773999833165"
"1156","6","3","overfitting_rho1","ECR","standard","bridge","lower","-1.15577104945068"
"1157","7","3","overfitting_rho1","ECR","standard","bridge","lower","-1.33928556474552"
"1158","8","3","overfitting_rho1","ECR","standard","bridge","lower","-1.09295759080452"
"1159","9","3","overfitting_rho1","ECR","standard","bridge","lower","-1.27429429034014"
"1160","10","3","overfitting_rho1","ECR","standard","bridge","lower","-1.24177876654616"
"1161","11","3","overfitting_rho1","ECR","standard","bridge","lower","-1.11364748214529"
"1162","12","3","overfitting_rho1","ECR","standard","bridge","lower","-1.21717021006571"
"1163","13","3","overfitting_rho1","ECR","standard","bridge","lower","-0.859140344456303"
"1164","14","3","overfitting_rho1","ECR","standard","bridge","lower","-1.23955318890236"
"1165","15","3","overfitting_rho1","ECR","standard","bridge","lower","-1.19119646548298"
"1166","16","3","overfitting_rho1","ECR","standard","bridge","lower","-1.2724821871608"
"1167","17","3","overfitting_rho1","ECR","standard","bridge","lower","-1.28999126383522"
"1168","18","3","overfitting_rho1","ECR","standard","bridge","lower","-1.23207323895409"
"1169","19","3","overfitting_rho1","ECR","standard","bridge","lower","-1.22902480610784"
"1170","20","3","overfitting_rho1","ECR","standard","bridge","lower","-1.08523719371531"
"1171","21","3","overfitting_rho1","ECR","standard","bridge","lower","-1.08775725608711"
"1172","22","3","overfitting_rho1","ECR","standard","bridge","lower","-1.30333042999455"
"1173","23","3","overfitting_rho1","ECR","standard","bridge","lower","-0.999496717113125"
"1174","24","3","overfitting_rho1","ECR","standard","bridge","lower","-1.12357251391075"
"1175","25","3","overfitting_rho1","ECR","standard","bridge","lower","-1.1544428846795"
"1176","26","3","overfitting_rho1","ECR","standard","bridge","lower","-1.31096451978302"
"1177","27","3","overfitting_rho1","ECR","standard","bridge","lower","-1.34385991732537"
"1178","28","3","overfitting_rho1","ECR","standard","bridge","lower","-1.2945419922016"
"1179","29","3","overfitting_rho1","ECR","standard","bridge","lower","-1.31579654904491"
"1180","30","3","overfitting_rho1","ECR","standard","bridge","lower","-1.24642276795238"
"1181","31","3","overfitting_rho1","ECR","standard","bridge","lower","-0.901795697810673"
"1182","32","3","overfitting_rho1","ECR","standard","bridge","lower","-0.923153656979871"
"1183","33","3","overfitting_rho1","ECR","standard","bridge","lower","-1.31608428291436"
"1184","34","3","overfitting_rho1","ECR","standard","bridge","lower","-1.26309621573414"
"1185","35","3","overfitting_rho1","ECR","standard","bridge","lower","-1.18747184892958"
"1186","36","3","overfitting_rho1","ECR","standard","bridge","lower","-1.19085149618621"
"1187","37","3","overfitting_rho1","ECR","standard","bridge","lower","-1.42265562930122"
"1188","38","3","overfitting_rho1","ECR","standard","bridge","lower","-1.18296087536186"
"1189","39","3","overfitting_rho1","ECR","standard","bridge","lower","-1.2205774976273"
"1190","40","3","overfitting_rho1","ECR","standard","bridge","lower","-1.18177455192114"
"1191","41","3","overfitting_rho1","ECR","standard","bridge","lower","-1.18313203835401"
"1192","42","3","overfitting_rho1","ECR","standard","bridge","lower","-1.4180986780155"
"1193","43","3","overfitting_rho1","ECR","standard","bridge","lower","-1.25550542587438"
"1194","44","3","overfitting_rho1","ECR","standard","bridge","lower","-1.16023506277809"
"1195","45","3","overfitting_rho1","ECR","standard","bridge","lower","-1.13461848002206"
"1196","46","3","overfitting_rho1","ECR","standard","bridge","lower","-1.44326286845471"
"1197","47","3","overfitting_rho1","ECR","standard","bridge","lower","-0.672799299916555"
"1198","48","3","overfitting_rho1","ECR","standard","bridge","lower","-1.18297203948087"
"1199","49","3","overfitting_rho1","ECR","standard","bridge","lower","-1.29891164124415"
"1200","50","3","overfitting_rho1","ECR","standard","bridge","lower","-1.0323162143965"
"1201","1","3","overfitting_rho0","ECR","standard","standard","lower","-1.57595978955552"
"1202","2","3","overfitting_rho0","ECR","standard","standard","lower","-1.34013436305887"
"1203","3","3","overfitting_rho0","ECR","standard","standard","lower","-1.3192385487221"
"1204","4","3","overfitting_rho0","ECR","standard","standard","lower","-1.51089121975113"
"1205","5","3","overfitting_rho0","ECR","standard","standard","lower","-1.48775850548109"
"1206","6","3","overfitting_rho0","ECR","standard","standard","lower","-1.95167241600775"
"1207","7","3","overfitting_rho0","ECR","standard","standard","lower","-1.58538749193092"
"1208","8","3","overfitting_rho0","ECR","standard","standard","lower","-1.41103787475179"
"1209","9","3","overfitting_rho0","ECR","standard","standard","lower","-1.39190398021434"
"1210","10","3","overfitting_rho0","ECR","standard","standard","lower","-1.34404933994495"
"1211","11","3","overfitting_rho0","ECR","standard","standard","lower","-1.43762938815503"
"1212","12","3","overfitting_rho0","ECR","standard","standard","lower","-1.46212707204826"
"1213","13","3","overfitting_rho0","ECR","standard","standard","lower","-1.82474472338961"
"1214","14","3","overfitting_rho0","ECR","standard","standard","lower","-1.65408620324726"
"1215","15","3","overfitting_rho0","ECR","standard","standard","lower","-1.39579127572662"
"1216","16","3","overfitting_rho0","ECR","standard","standard","lower","-1.69935329731086"
"1217","17","3","overfitting_rho0","ECR","standard","standard","lower","-1.31327145704198"
"1218","18","3","overfitting_rho0","ECR","standard","standard","lower","-1.34028191441486"
"1219","19","3","overfitting_rho0","ECR","standard","standard","lower","-1.62890360171561"
"1220","20","3","overfitting_rho0","ECR","standard","standard","lower","-1.4822050610731"
"1221","21","3","overfitting_rho0","ECR","standard","standard","lower","-1.73215970740986"
"1222","22","3","overfitting_rho0","ECR","standard","standard","lower","-2.26013767043697"
"1223","23","3","overfitting_rho0","ECR","standard","standard","lower","-1.35632087140003"
"1224","24","3","overfitting_rho0","ECR","standard","standard","lower","-1.9948037471361"
"1225","25","3","overfitting_rho0","ECR","standard","standard","lower","-2.09663684420898"
"1226","26","3","overfitting_rho0","ECR","standard","standard","lower","-1.33552900760368"
"1227","27","3","overfitting_rho0","ECR","standard","standard","lower","-1.62585781293285"
"1228","28","3","overfitting_rho0","ECR","standard","standard","lower","-1.42405299014499"
"1229","29","3","overfitting_rho0","ECR","standard","standard","lower","-1.82957052352287"
"1230","30","3","overfitting_rho0","ECR","standard","standard","lower","-1.48234412969394"
"1231","31","3","overfitting_rho0","ECR","standard","standard","lower","-1.4951200542652"
"1232","32","3","overfitting_rho0","ECR","standard","standard","lower","-2.03714845176308"
"1233","33","3","overfitting_rho0","ECR","standard","standard","lower","-1.47987328827162"
"1234","34","3","overfitting_rho0","ECR","standard","standard","lower","-1.35008214572928"
"1235","35","3","overfitting_rho0","ECR","standard","standard","lower","-1.27170258855023"
"1236","36","3","overfitting_rho0","ECR","standard","standard","lower","-1.5178658453973"
"1237","37","3","overfitting_rho0","ECR","standard","standard","lower","-1.4724766890166"
"1238","38","3","overfitting_rho0","ECR","standard","standard","lower","-1.62077641375803"
"1239","39","3","overfitting_rho0","ECR","standard","standard","lower","-1.63944165702943"
"1240","40","3","overfitting_rho0","ECR","standard","standard","lower","-1.60731711462903"
"1241","41","3","overfitting_rho0","ECR","standard","standard","lower","-1.63712696194536"
"1242","42","3","overfitting_rho0","ECR","standard","standard","lower","-1.45791126019827"
"1243","43","3","overfitting_rho0","ECR","standard","standard","lower","-1.42056718882213"
"1244","44","3","overfitting_rho0","ECR","standard","standard","lower","-1.59549646133713"
"1245","45","3","overfitting_rho0","ECR","standard","standard","lower","-1.9807427592859"
"1246","46","3","overfitting_rho0","ECR","standard","standard","lower","-2.06178726416853"
"1247","47","3","overfitting_rho0","ECR","standard","standard","lower","-1.43133414286891"
"1248","48","3","overfitting_rho0","ECR","standard","standard","lower","-1.31905217317689"
"1249","49","3","overfitting_rho0","ECR","standard","standard","lower","-1.66631695413985"
"1250","50","3","overfitting_rho0","ECR","standard","standard","lower","-1.46416729193254"
"1251","1","3","overfitting_rho.5","ECR","standard","standard","lower","-1.54257920702653"
"1252","2","3","overfitting_rho.5","ECR","standard","standard","lower","-1.59351538161429"
"1253","3","3","overfitting_rho.5","ECR","standard","standard","lower","-1.74848629525881"
"1254","4","3","overfitting_rho.5","ECR","standard","standard","lower","-1.61383536017106"
"1255","5","3","overfitting_rho.5","ECR","standard","standard","lower","-1.35698338521902"
"1256","6","3","overfitting_rho.5","ECR","standard","standard","lower","-1.64700744897792"
"1257","7","3","overfitting_rho.5","ECR","standard","standard","lower","-1.52160111161338"
"1258","8","3","overfitting_rho.5","ECR","standard","standard","lower","-2.09573997212252"
"1259","9","3","overfitting_rho.5","ECR","standard","standard","lower","-1.46868102965603"
"1260","10","3","overfitting_rho.5","ECR","standard","standard","lower","-1.89387009245812"
"1261","11","3","overfitting_rho.5","ECR","standard","standard","lower","-1.41668189907767"
"1262","12","3","overfitting_rho.5","ECR","standard","standard","lower","-1.57884514140085"
"1263","13","3","overfitting_rho.5","ECR","standard","standard","lower","-1.65417242851233"
"1264","14","3","overfitting_rho.5","ECR","standard","standard","lower","-1.52267203067844"
"1265","15","3","overfitting_rho.5","ECR","standard","standard","lower","-2.02332283533946"
"1266","16","3","overfitting_rho.5","ECR","standard","standard","lower","-1.32211154711061"
"1267","17","3","overfitting_rho.5","ECR","standard","standard","lower","-1.57094110939882"
"1268","18","3","overfitting_rho.5","ECR","standard","standard","lower","-1.41883602521057"
"1269","19","3","overfitting_rho.5","ECR","standard","standard","lower","-2.31786857040717"
"1270","20","3","overfitting_rho.5","ECR","standard","standard","lower","-1.73466259432779"
"1271","21","3","overfitting_rho.5","ECR","standard","standard","lower","-1.38819658671781"
"1272","22","3","overfitting_rho.5","ECR","standard","standard","lower","-1.67728410069337"
"1273","23","3","overfitting_rho.5","ECR","standard","standard","lower","-2.18992956400503"
"1274","24","3","overfitting_rho.5","ECR","standard","standard","lower","-2.08881279755418"
"1275","25","3","overfitting_rho.5","ECR","standard","standard","lower","-1.56939361623051"
"1276","26","3","overfitting_rho.5","ECR","standard","standard","lower","-1.2829350395268"
"1277","27","3","overfitting_rho.5","ECR","standard","standard","lower","-1.69912277794096"
"1278","28","3","overfitting_rho.5","ECR","standard","standard","lower","-1.39601625278089"
"1279","29","3","overfitting_rho.5","ECR","standard","standard","lower","-1.71485161747583"
"1280","30","3","overfitting_rho.5","ECR","standard","standard","lower","-1.35383687706077"
"1281","31","3","overfitting_rho.5","ECR","standard","standard","lower","-1.31533372996831"
"1282","32","3","overfitting_rho.5","ECR","standard","standard","lower","-1.57146636599117"
"1283","33","3","overfitting_rho.5","ECR","standard","standard","lower","-1.59625221850889"
"1284","34","3","overfitting_rho.5","ECR","standard","standard","lower","-1.49501514254749"
"1285","35","3","overfitting_rho.5","ECR","standard","standard","lower","-1.57649230691436"
"1286","36","3","overfitting_rho.5","ECR","standard","standard","lower","-1.61528336205807"
"1287","37","3","overfitting_rho.5","ECR","standard","standard","lower","-1.85147095341474"
"1288","38","3","overfitting_rho.5","ECR","standard","standard","lower","-2.16722674250433"
"1289","39","3","overfitting_rho.5","ECR","standard","standard","lower","-1.71716400321842"
"1290","40","3","overfitting_rho.5","ECR","standard","standard","lower","-1.40621141663097"
"1291","41","3","overfitting_rho.5","ECR","standard","standard","lower","-1.52469217112828"
"1292","42","3","overfitting_rho.5","ECR","standard","standard","lower","-1.61445563900639"
"1293","43","3","overfitting_rho.5","ECR","standard","standard","lower","-1.5487742947818"
"1294","44","3","overfitting_rho.5","ECR","standard","standard","lower","-1.49894408548784"
"1295","45","3","overfitting_rho.5","ECR","standard","standard","lower","-1.36935954265001"
"1296","46","3","overfitting_rho.5","ECR","standard","standard","lower","-2.12737617546799"
"1297","47","3","overfitting_rho.5","ECR","standard","standard","lower","-1.33266698103095"
"1298","48","3","overfitting_rho.5","ECR","standard","standard","lower","-1.7193807447101"
"1299","49","3","overfitting_rho.5","ECR","standard","standard","lower","-1.24040506994799"
"1300","50","3","overfitting_rho.5","ECR","standard","standard","lower","-1.69977477878354"
"1301","1","3","overfitting_rho1","ECR","standard","standard","lower","-1.81832388380392"
"1302","2","3","overfitting_rho1","ECR","standard","standard","lower","-1.60307103406855"
"1303","3","3","overfitting_rho1","ECR","standard","standard","lower","-2.10530416923446"
"1304","4","3","overfitting_rho1","ECR","standard","standard","lower","-1.78057928178991"
"1305","5","3","overfitting_rho1","ECR","standard","standard","lower","-2.08791321011178"
"1306","6","3","overfitting_rho1","ECR","standard","standard","lower","-1.58464572628606"
"1307","7","3","overfitting_rho1","ECR","standard","standard","lower","-2.15598311962131"
"1308","8","3","overfitting_rho1","ECR","standard","standard","lower","-1.507272363105"
"1309","9","3","overfitting_rho1","ECR","standard","standard","lower","-1.39625249293911"
"1310","10","3","overfitting_rho1","ECR","standard","standard","lower","-1.46646152718593"
"1311","11","3","overfitting_rho1","ECR","standard","standard","lower","-1.39245228723702"
"1312","12","3","overfitting_rho1","ECR","standard","standard","lower","-1.54186931349024"
"1313","13","3","overfitting_rho1","ECR","standard","standard","lower","-1.31401195509534"
"1314","14","3","overfitting_rho1","ECR","standard","standard","lower","-1.43776457686521"
"1315","15","3","overfitting_rho1","ECR","standard","standard","lower","-1.39912063746652"
"1316","16","3","overfitting_rho1","ECR","standard","standard","lower","-1.87295230265905"
"1317","17","3","overfitting_rho1","ECR","standard","standard","lower","-1.38408776204579"
"1318","18","3","overfitting_rho1","ECR","standard","standard","lower","-1.8887362861157"
"1319","19","3","overfitting_rho1","ECR","standard","standard","lower","-1.31926698319441"
"1320","20","3","overfitting_rho1","ECR","standard","standard","lower","-1.47511606629584"
"1321","21","3","overfitting_rho1","ECR","standard","standard","lower","-1.35601643050497"
"1322","22","3","overfitting_rho1","ECR","standard","standard","lower","-1.72572136171405"
"1323","23","3","overfitting_rho1","ECR","standard","standard","lower","-1.35990619386846"
"1324","24","3","overfitting_rho1","ECR","standard","standard","lower","-1.51830896829256"
"1325","25","3","overfitting_rho1","ECR","standard","standard","lower","-1.43978915966949"
"1326","26","3","overfitting_rho1","ECR","standard","standard","lower","-2.01969177251395"
"1327","27","3","overfitting_rho1","ECR","standard","standard","lower","-1.9764141993036"
"1328","28","3","overfitting_rho1","ECR","standard","standard","lower","-1.81014936312514"
"1329","29","3","overfitting_rho1","ECR","standard","standard","lower","-1.48923811687047"
"1330","30","3","overfitting_rho1","ECR","standard","standard","lower","-1.51229129067771"
"1331","31","3","overfitting_rho1","ECR","standard","standard","lower","-1.19403637549885"
"1332","32","3","overfitting_rho1","ECR","standard","standard","lower","-1.380501999938"
"1333","33","3","overfitting_rho1","ECR","standard","standard","lower","-1.63868322072344"
"1334","34","3","overfitting_rho1","ECR","standard","standard","lower","-1.53703856600325"
"1335","35","3","overfitting_rho1","ECR","standard","standard","lower","-1.57108850895145"
"1336","36","3","overfitting_rho1","ECR","standard","standard","lower","-1.41531384563865"
"1337","37","3","overfitting_rho1","ECR","standard","standard","lower","-1.500759811282"
"1338","38","3","overfitting_rho1","ECR","standard","standard","lower","-1.77900999175517"
"1339","39","3","overfitting_rho1","ECR","standard","standard","lower","-1.49228789800659"
"1340","40","3","overfitting_rho1","ECR","standard","standard","lower","-1.49287605157681"
"1341","41","3","overfitting_rho1","ECR","standard","standard","lower","-1.45630740036506"
"1342","42","3","overfitting_rho1","ECR","standard","standard","lower","-1.87646422256576"
"1343","43","3","overfitting_rho1","ECR","standard","standard","lower","-1.49394290459094"
"1344","44","3","overfitting_rho1","ECR","standard","standard","lower","-1.18726786502684"
"1345","45","3","overfitting_rho1","ECR","standard","standard","lower","-1.37107556354903"
"1346","46","3","overfitting_rho1","ECR","standard","standard","lower","-1.65137992813477"
"1347","47","3","overfitting_rho1","ECR","standard","standard","lower","-0.941025562659956"
"1348","48","3","overfitting_rho1","ECR","standard","standard","lower","-1.30571836191395"
"1349","49","3","overfitting_rho1","ECR","standard","standard","lower","-1.8464887627448"
"1350","50","3","overfitting_rho1","ECR","standard","standard","lower","-1.39314780760613"
"1351","1","3","overfitting_rho0","ECR","standard","simple","logcor","-1.53665224270845"
"1352","2","3","overfitting_rho0","ECR","standard","simple","logcor","-1.21435989721242"
"1353","3","3","overfitting_rho0","ECR","standard","simple","logcor","-0.973655049263726"
"1354","4","3","overfitting_rho0","ECR","standard","simple","logcor","-1.83383224564996"
"1355","5","3","overfitting_rho0","ECR","standard","simple","logcor","-1.34476861429139"
"1356","6","3","overfitting_rho0","ECR","standard","simple","logcor","-1.72092828846746"
"1357","7","3","overfitting_rho0","ECR","standard","simple","logcor","-1.56829596910293"
"1358","8","3","overfitting_rho0","ECR","standard","simple","logcor","-1.45972563920577"
"1359","9","3","overfitting_rho0","ECR","standard","simple","logcor","-1.76609172247948"
"1360","10","3","overfitting_rho0","ECR","standard","simple","logcor","-1.02861991684807"
"1361","11","3","overfitting_rho0","ECR","standard","simple","logcor","-1.34246888157986"
"1362","12","3","overfitting_rho0","ECR","standard","simple","logcor","-1.29718518604811"
"1363","13","3","overfitting_rho0","ECR","standard","simple","logcor","-1.79215954924939"
"1364","14","3","overfitting_rho0","ECR","standard","simple","logcor","-1.06189470573295"
"1365","15","3","overfitting_rho0","ECR","standard","simple","logcor","-1.32802545299591"
"1366","16","3","overfitting_rho0","ECR","standard","simple","logcor","-1.25913321550321"
"1367","17","3","overfitting_rho0","ECR","standard","simple","logcor","-0.936493439191674"
"1368","18","3","overfitting_rho0","ECR","standard","simple","logcor","-1.32125596494067"
"1369","19","3","overfitting_rho0","ECR","standard","simple","logcor","-0.954511944694353"
"1370","20","3","overfitting_rho0","ECR","standard","simple","logcor","-1.99069833184545"
"1371","21","3","overfitting_rho0","ECR","standard","simple","logcor","-1.60893803739245"
"1372","22","3","overfitting_rho0","ECR","standard","simple","logcor","-1.28663003800695"
"1373","23","3","overfitting_rho0","ECR","standard","simple","logcor","-1.75735804251072"
"1374","24","3","overfitting_rho0","ECR","standard","simple","logcor","-1.54084512096849"
"1375","25","3","overfitting_rho0","ECR","standard","simple","logcor","-1.86626752140312"
"1376","26","3","overfitting_rho0","ECR","standard","simple","logcor","-1.50597920406587"
"1377","27","3","overfitting_rho0","ECR","standard","simple","logcor","-1.37199705641907"
"1378","28","3","overfitting_rho0","ECR","standard","simple","logcor","-1.38031228944234"
"1379","29","3","overfitting_rho0","ECR","standard","simple","logcor","-1.92072985052502"
"1380","30","3","overfitting_rho0","ECR","standard","simple","logcor","-2.05572501506252"
"1381","31","3","overfitting_rho0","ECR","standard","simple","logcor","-2.03103240247215"
"1382","32","3","overfitting_rho0","ECR","standard","simple","logcor","-1.68956395691339"
"1383","33","3","overfitting_rho0","ECR","standard","simple","logcor","-1.54224666289378"
"1384","34","3","overfitting_rho0","ECR","standard","simple","logcor","-1.39392338828438"
"1385","35","3","overfitting_rho0","ECR","standard","simple","logcor","-1.17376696226887"
"1386","36","3","overfitting_rho0","ECR","standard","simple","logcor","-1.50823603192513"
"1387","37","3","overfitting_rho0","ECR","standard","simple","logcor","-1.66547930331773"
"1388","38","3","overfitting_rho0","ECR","standard","simple","logcor","-1.47185224948154"
"1389","39","3","overfitting_rho0","ECR","standard","simple","logcor","-1.77313400510489"
"1390","40","3","overfitting_rho0","ECR","standard","simple","logcor","-1.74812543220799"
"1391","41","3","overfitting_rho0","ECR","standard","simple","logcor","-1.53293994146138"
"1392","42","3","overfitting_rho0","ECR","standard","simple","logcor","-1.52371903703156"
"1393","43","3","overfitting_rho0","ECR","standard","simple","logcor","-1.54271428039119"
"1394","44","3","overfitting_rho0","ECR","standard","simple","logcor","-1.12546974283799"
"1395","45","3","overfitting_rho0","ECR","standard","simple","logcor","-1.7321706778164"
"1396","46","3","overfitting_rho0","ECR","standard","simple","logcor","-1.38389723652017"
"1397","47","3","overfitting_rho0","ECR","standard","simple","logcor","-1.3708147902715"
"1398","48","3","overfitting_rho0","ECR","standard","simple","logcor","-1.62658407126907"
"1399","49","3","overfitting_rho0","ECR","standard","simple","logcor","-1.6357818877737"
"1400","50","3","overfitting_rho0","ECR","standard","simple","logcor","-1.61394806791199"
"1401","1","3","overfitting_rho.5","ECR","standard","simple","logcor","-1.57939379108572"
"1402","2","3","overfitting_rho.5","ECR","standard","simple","logcor","-0.994522580143729"
"1403","3","3","overfitting_rho.5","ECR","standard","simple","logcor","-1.24688030533721"
"1404","4","3","overfitting_rho.5","ECR","standard","simple","logcor","-1.59159799430577"
"1405","5","3","overfitting_rho.5","ECR","standard","simple","logcor","-1.60694103223551"
"1406","6","3","overfitting_rho.5","ECR","standard","simple","logcor","-1.34745833733469"
"1407","7","3","overfitting_rho.5","ECR","standard","simple","logcor","-1.28880473984263"
"1408","8","3","overfitting_rho.5","ECR","standard","simple","logcor","-1.79878408416502"
"1409","9","3","overfitting_rho.5","ECR","standard","simple","logcor","-1.69390706906055"
"1410","10","3","overfitting_rho.5","ECR","standard","simple","logcor","-1.49121053106945"
"1411","11","3","overfitting_rho.5","ECR","standard","simple","logcor","-1.90246759121248"
"1412","12","3","overfitting_rho.5","ECR","standard","simple","logcor","-1.31826195072806"
"1413","13","3","overfitting_rho.5","ECR","standard","simple","logcor","-1.63270653937345"
"1414","14","3","overfitting_rho.5","ECR","standard","simple","logcor","-1.24098262995984"
"1415","15","3","overfitting_rho.5","ECR","standard","simple","logcor","-1.61445045425764"
"1416","16","3","overfitting_rho.5","ECR","standard","simple","logcor","-1.34055646944604"
"1417","17","3","overfitting_rho.5","ECR","standard","simple","logcor","-1.72260661053974"
"1418","18","3","overfitting_rho.5","ECR","standard","simple","logcor","-1.61344593383164"
"1419","19","3","overfitting_rho.5","ECR","standard","simple","logcor","-1.33446121247987"
"1420","20","3","overfitting_rho.5","ECR","standard","simple","logcor","-1.89645354034272"
"1421","21","3","overfitting_rho.5","ECR","standard","simple","logcor","-1.97256218005274"
"1422","22","3","overfitting_rho.5","ECR","standard","simple","logcor","-1.1864603792413"
"1423","23","3","overfitting_rho.5","ECR","standard","simple","logcor","-1.48899175935823"
"1424","24","3","overfitting_rho.5","ECR","standard","simple","logcor","-1.16251101451834"
"1425","25","3","overfitting_rho.5","ECR","standard","simple","logcor","-1.45328922994417"
"1426","26","3","overfitting_rho.5","ECR","standard","simple","logcor","-1.30970375895818"
"1427","27","3","overfitting_rho.5","ECR","standard","simple","logcor","-1.05641523996832"
"1428","28","3","overfitting_rho.5","ECR","standard","simple","logcor","-1.17603343563669"
"1429","29","3","overfitting_rho.5","ECR","standard","simple","logcor","-1.07822159902038"
"1430","30","3","overfitting_rho.5","ECR","standard","simple","logcor","-1.27332288246073"
"1431","31","3","overfitting_rho.5","ECR","standard","simple","logcor","-1.28916765038917"
"1432","32","3","overfitting_rho.5","ECR","standard","simple","logcor","-1.44859538731727"
"1433","33","3","overfitting_rho.5","ECR","standard","simple","logcor","-1.05383014589622"
"1434","34","3","overfitting_rho.5","ECR","standard","simple","logcor","-1.11535161267241"
"1435","35","3","overfitting_rho.5","ECR","standard","simple","logcor","-1.64351189276785"
"1436","36","3","overfitting_rho.5","ECR","standard","simple","logcor","-1.44987334276276"
"1437","37","3","overfitting_rho.5","ECR","standard","simple","logcor","-1.07060809225851"
"1438","38","3","overfitting_rho.5","ECR","standard","simple","logcor","-1.02026332225713"
"1439","39","3","overfitting_rho.5","ECR","standard","simple","logcor","-1.32200587123753"
"1440","40","3","overfitting_rho.5","ECR","standard","simple","logcor","-1.97760723579857"
"1441","41","3","overfitting_rho.5","ECR","standard","simple","logcor","-1.39070406960859"
"1442","42","3","overfitting_rho.5","ECR","standard","simple","logcor","-1.4810446976657"
"1443","43","3","overfitting_rho.5","ECR","standard","simple","logcor","-1.50148077092901"
"1444","44","3","overfitting_rho.5","ECR","standard","simple","logcor","-1.83696606206613"
"1445","45","3","overfitting_rho.5","ECR","standard","simple","logcor","-1.59750934156883"
"1446","46","3","overfitting_rho.5","ECR","standard","simple","logcor","-1.24098262995984"
"1447","47","3","overfitting_rho.5","ECR","standard","simple","logcor","-1.5506974174115"
"1448","48","3","overfitting_rho.5","ECR","standard","simple","logcor","-1.63424303135307"
"1449","49","3","overfitting_rho.5","ECR","standard","simple","logcor","-1.20197480166326"
"1450","50","3","overfitting_rho.5","ECR","standard","simple","logcor","-1.22417551164346"
"1451","1","3","overfitting_rho1","ECR","standard","simple","logcor","-1.65443527836484"
"1452","2","3","overfitting_rho1","ECR","standard","simple","logcor","-1.92004748952959"
"1453","3","3","overfitting_rho1","ECR","standard","simple","logcor","-0.827593277112868"
"1454","4","3","overfitting_rho1","ECR","standard","simple","logcor","-1.34822816031343"
"1455","5","3","overfitting_rho1","ECR","standard","simple","logcor","-0.978964326402214"
"1456","6","3","overfitting_rho1","ECR","standard","simple","logcor","-1.84452753476671"
"1457","7","3","overfitting_rho1","ECR","standard","simple","logcor","-1.89645354034272"
"1458","8","3","overfitting_rho1","ECR","standard","simple","logcor","-1.37991475415585"
"1459","9","3","overfitting_rho1","ECR","standard","simple","logcor","-1.78736912092676"
"1460","10","3","overfitting_rho1","ECR","standard","simple","logcor","-0.813959800776693"
"1461","11","3","overfitting_rho1","ECR","standard","simple","logcor","-0.83586348276154"
"1462","12","3","overfitting_rho1","ECR","standard","simple","logcor","-1.42920186213117"
"1463","13","3","overfitting_rho1","ECR","standard","simple","logcor","-1.37357558871212"
"1464","14","3","overfitting_rho1","ECR","standard","simple","logcor","-1.88981340970344"
"1465","15","3","overfitting_rho1","ECR","standard","simple","logcor","-2.06751297081456"
"1466","16","3","overfitting_rho1","ECR","standard","simple","logcor","-1.44307637521888"
"1467","17","3","overfitting_rho1","ECR","standard","simple","logcor","-1.51777072390828"
"1468","18","3","overfitting_rho1","ECR","standard","simple","logcor","-1.62100454880557"
"1469","19","3","overfitting_rho1","ECR","standard","simple","logcor","-1.42378856554747"
"1470","20","3","overfitting_rho1","ECR","standard","simple","logcor","-2.05572501506252"
"1471","21","3","overfitting_rho1","ECR","standard","simple","logcor","-2.12779180262088"
"1472","22","3","overfitting_rho1","ECR","standard","simple","logcor","-1.60295894633639"
"1473","23","3","overfitting_rho1","ECR","standard","simple","logcor","-1.11413210032615"
"1474","24","3","overfitting_rho1","ECR","standard","simple","logcor","-1.90313805721144"
"1475","25","3","overfitting_rho1","ECR","standard","simple","logcor","-0.997771973742038"
"1476","26","3","overfitting_rho1","ECR","standard","simple","logcor","-1.36062661437131"
"1477","27","3","overfitting_rho1","ECR","standard","simple","logcor","-1.66495062236436"
"1478","28","3","overfitting_rho1","ECR","standard","simple","logcor","-1.63989711991881"
"1479","29","3","overfitting_rho1","ECR","standard","simple","logcor","-1.92072985052502"
"1480","30","3","overfitting_rho1","ECR","standard","simple","logcor","-1.52142703511139"
"1481","31","3","overfitting_rho1","ECR","standard","simple","logcor","-1.63526867246862"
"1482","32","3","overfitting_rho1","ECR","standard","simple","logcor","-1.15963699050588"
"1483","33","3","overfitting_rho1","ECR","standard","simple","logcor","-1.43716669149365"
"1484","34","3","overfitting_rho1","ECR","standard","simple","logcor","-1.92620556578098"
"1485","35","3","overfitting_rho1","ECR","standard","simple","logcor","-1.61646252737106"
"1486","36","3","overfitting_rho1","ECR","standard","simple","logcor","-1.96112531486179"
"1487","37","3","overfitting_rho1","ECR","standard","simple","logcor","-1.97040778065571"
"1488","38","3","overfitting_rho1","ECR","standard","simple","logcor","-1.40405108270915"
"1489","39","3","overfitting_rho1","ECR","standard","simple","logcor","-1.59208927409949"
"1490","40","3","overfitting_rho1","ECR","standard","simple","logcor","-0.893551244904666"
"1491","41","3","overfitting_rho1","ECR","standard","simple","logcor","-1.49700248310431"
"1492","42","3","overfitting_rho1","ECR","standard","simple","logcor","-1.81954185024051"
"1493","43","3","overfitting_rho1","ECR","standard","simple","logcor","-1.50058350752202"
"1494","44","3","overfitting_rho1","ECR","standard","simple","logcor","-2.00544786177151"
"1495","45","3","overfitting_rho1","ECR","standard","simple","logcor","-1.74869997976761"
"1496","46","3","overfitting_rho1","ECR","standard","simple","logcor","-1.97040778065571"
"1497","47","3","overfitting_rho1","ECR","standard","simple","logcor","-1.55447635436013"
"1498","48","3","overfitting_rho1","ECR","standard","simple","logcor","-1.66442222076686"
"1499","49","3","overfitting_rho1","ECR","standard","simple","logcor","-1.66073120682165"
"1500","50","3","overfitting_rho1","ECR","standard","simple","logcor","-2.10784101620153"
"1501","1","3","overfitting_rho0","ECR","standard","bridge","logcor","Inf"
"1502","2","3","overfitting_rho0","ECR","standard","bridge","logcor","Inf"
"1503","3","3","overfitting_rho0","ECR","standard","bridge","logcor","Inf"
"1504","4","3","overfitting_rho0","ECR","standard","bridge","logcor","Inf"
"1505","5","3","overfitting_rho0","ECR","standard","bridge","logcor","Inf"
"1506","6","3","overfitting_rho0","ECR","standard","bridge","logcor","Inf"
"1507","7","3","overfitting_rho0","ECR","standard","bridge","logcor","Inf"
"1508","8","3","overfitting_rho0","ECR","standard","bridge","logcor","Inf"
"1509","9","3","overfitting_rho0","ECR","standard","bridge","logcor","Inf"
"1510","10","3","overfitting_rho0","ECR","standard","bridge","logcor","Inf"
"1511","11","3","overfitting_rho0","ECR","standard","bridge","logcor","Inf"
"1512","12","3","overfitting_rho0","ECR","standard","bridge","logcor","Inf"
"1513","13","3","overfitting_rho0","ECR","standard","bridge","logcor","Inf"
"1514","14","3","overfitting_rho0","ECR","standard","bridge","logcor","Inf"
"1515","15","3","overfitting_rho0","ECR","standard","bridge","logcor","Inf"
"1516","16","3","overfitting_rho0","ECR","standard","bridge","logcor","Inf"
"1517","17","3","overfitting_rho0","ECR","standard","bridge","logcor","Inf"
"1518","18","3","overfitting_rho0","ECR","standard","bridge","logcor","Inf"
"1519","19","3","overfitting_rho0","ECR","standard","bridge","logcor","Inf"
"1520","20","3","overfitting_rho0","ECR","standard","bridge","logcor","Inf"
"1521","21","3","overfitting_rho0","ECR","standard","bridge","logcor","Inf"
"1522","22","3","overfitting_rho0","ECR","standard","bridge","logcor","Inf"
"1523","23","3","overfitting_rho0","ECR","standard","bridge","logcor","Inf"
"1524","24","3","overfitting_rho0","ECR","standard","bridge","logcor","Inf"
"1525","25","3","overfitting_rho0","ECR","standard","bridge","logcor","Inf"
"1526","26","3","overfitting_rho0","ECR","standard","bridge","logcor","Inf"
"1527","27","3","overfitting_rho0","ECR","standard","bridge","logcor","Inf"
"1528","28","3","overfitting_rho0","ECR","standard","bridge","logcor","Inf"
"1529","29","3","overfitting_rho0","ECR","standard","bridge","logcor","Inf"
"1530","30","3","overfitting_rho0","ECR","standard","bridge","logcor","Inf"
"1531","31","3","overfitting_rho0","ECR","standard","bridge","logcor","Inf"
"1532","32","3","overfitting_rho0","ECR","standard","bridge","logcor","Inf"
"1533","33","3","overfitting_rho0","ECR","standard","bridge","logcor","Inf"
"1534","34","3","overfitting_rho0","ECR","standard","bridge","logcor","Inf"
"1535","35","3","overfitting_rho0","ECR","standard","bridge","logcor","Inf"
"1536","36","3","overfitting_rho0","ECR","standard","bridge","logcor","Inf"
"1537","37","3","overfitting_rho0","ECR","standard","bridge","logcor","Inf"
"1538","38","3","overfitting_rho0","ECR","standard","bridge","logcor","Inf"
"1539","39","3","overfitting_rho0","ECR","standard","bridge","logcor","Inf"
"1540","40","3","overfitting_rho0","ECR","standard","bridge","logcor","Inf"
"1541","41","3","overfitting_rho0","ECR","standard","bridge","logcor","Inf"
"1542","42","3","overfitting_rho0","ECR","standard","bridge","logcor","Inf"
"1543","43","3","overfitting_rho0","ECR","standard","bridge","logcor","Inf"
"1544","44","3","overfitting_rho0","ECR","standard","bridge","logcor","Inf"
"1545","45","3","overfitting_rho0","ECR","standard","bridge","logcor","Inf"
"1546","46","3","overfitting_rho0","ECR","standard","bridge","logcor","Inf"
"1547","47","3","overfitting_rho0","ECR","standard","bridge","logcor","Inf"
"1548","48","3","overfitting_rho0","ECR","standard","bridge","logcor","Inf"
"1549","49","3","overfitting_rho0","ECR","standard","bridge","logcor","Inf"
"1550","50","3","overfitting_rho0","ECR","standard","bridge","logcor","Inf"
"1551","1","3","overfitting_rho.5","ECR","standard","bridge","logcor","Inf"
"1552","2","3","overfitting_rho.5","ECR","standard","bridge","logcor","Inf"
"1553","3","3","overfitting_rho.5","ECR","standard","bridge","logcor","Inf"
"1554","4","3","overfitting_rho.5","ECR","standard","bridge","logcor","Inf"
"1555","5","3","overfitting_rho.5","ECR","standard","bridge","logcor","Inf"
"1556","6","3","overfitting_rho.5","ECR","standard","bridge","logcor","Inf"
"1557","7","3","overfitting_rho.5","ECR","standard","bridge","logcor","Inf"
"1558","8","3","overfitting_rho.5","ECR","standard","bridge","logcor","Inf"
"1559","9","3","overfitting_rho.5","ECR","standard","bridge","logcor","Inf"
"1560","10","3","overfitting_rho.5","ECR","standard","bridge","logcor","Inf"
"1561","11","3","overfitting_rho.5","ECR","standard","bridge","logcor","Inf"
"1562","12","3","overfitting_rho.5","ECR","standard","bridge","logcor","Inf"
"1563","13","3","overfitting_rho.5","ECR","standard","bridge","logcor","Inf"
"1564","14","3","overfitting_rho.5","ECR","standard","bridge","logcor","Inf"
"1565","15","3","overfitting_rho.5","ECR","standard","bridge","logcor","Inf"
"1566","16","3","overfitting_rho.5","ECR","standard","bridge","logcor","Inf"
"1567","17","3","overfitting_rho.5","ECR","standard","bridge","logcor","Inf"
"1568","18","3","overfitting_rho.5","ECR","standard","bridge","logcor","Inf"
"1569","19","3","overfitting_rho.5","ECR","standard","bridge","logcor","Inf"
"1570","20","3","overfitting_rho.5","ECR","standard","bridge","logcor","Inf"
"1571","21","3","overfitting_rho.5","ECR","standard","bridge","logcor","Inf"
"1572","22","3","overfitting_rho.5","ECR","standard","bridge","logcor","Inf"
"1573","23","3","overfitting_rho.5","ECR","standard","bridge","logcor","Inf"
"1574","24","3","overfitting_rho.5","ECR","standard","bridge","logcor","Inf"
"1575","25","3","overfitting_rho.5","ECR","standard","bridge","logcor","Inf"
"1576","26","3","overfitting_rho.5","ECR","standard","bridge","logcor","Inf"
"1577","27","3","overfitting_rho.5","ECR","standard","bridge","logcor","Inf"
"1578","28","3","overfitting_rho.5","ECR","standard","bridge","logcor","Inf"
"1579","29","3","overfitting_rho.5","ECR","standard","bridge","logcor","Inf"
"1580","30","3","overfitting_rho.5","ECR","standard","bridge","logcor","Inf"
"1581","31","3","overfitting_rho.5","ECR","standard","bridge","logcor","Inf"
"1582","32","3","overfitting_rho.5","ECR","standard","bridge","logcor","Inf"
"1583","33","3","overfitting_rho.5","ECR","standard","bridge","logcor","Inf"
"1584","34","3","overfitting_rho.5","ECR","standard","bridge","logcor","Inf"
"1585","35","3","overfitting_rho.5","ECR","standard","bridge","logcor","Inf"
"1586","36","3","overfitting_rho.5","ECR","standard","bridge","logcor","Inf"
"1587","37","3","overfitting_rho.5","ECR","standard","bridge","logcor","Inf"
"1588","38","3","overfitting_rho.5","ECR","standard","bridge","logcor","Inf"
"1589","39","3","overfitting_rho.5","ECR","standard","bridge","logcor","Inf"
"1590","40","3","overfitting_rho.5","ECR","standard","bridge","logcor","Inf"
"1591","41","3","overfitting_rho.5","ECR","standard","bridge","logcor","Inf"
"1592","42","3","overfitting_rho.5","ECR","standard","bridge","logcor","Inf"
"1593","43","3","overfitting_rho.5","ECR","standard","bridge","logcor","Inf"
"1594","44","3","overfitting_rho.5","ECR","standard","bridge","logcor","Inf"
"1595","45","3","overfitting_rho.5","ECR","standard","bridge","logcor","Inf"
"1596","46","3","overfitting_rho.5","ECR","standard","bridge","logcor","Inf"
"1597","47","3","overfitting_rho.5","ECR","standard","bridge","logcor","Inf"
"1598","48","3","overfitting_rho.5","ECR","standard","bridge","logcor","Inf"
"1599","49","3","overfitting_rho.5","ECR","standard","bridge","logcor","Inf"
"1600","50","3","overfitting_rho.5","ECR","standard","bridge","logcor","Inf"
"1601","1","3","overfitting_rho1","ECR","standard","bridge","logcor","Inf"
"1602","2","3","overfitting_rho1","ECR","standard","bridge","logcor","Inf"
"1603","3","3","overfitting_rho1","ECR","standard","bridge","logcor","Inf"
"1604","4","3","overfitting_rho1","ECR","standard","bridge","logcor","Inf"
"1605","5","3","overfitting_rho1","ECR","standard","bridge","logcor","Inf"
"1606","6","3","overfitting_rho1","ECR","standard","bridge","logcor","Inf"
"1607","7","3","overfitting_rho1","ECR","standard","bridge","logcor","Inf"
"1608","8","3","overfitting_rho1","ECR","standard","bridge","logcor","Inf"
"1609","9","3","overfitting_rho1","ECR","standard","bridge","logcor","Inf"
"1610","10","3","overfitting_rho1","ECR","standard","bridge","logcor","Inf"
"1611","11","3","overfitting_rho1","ECR","standard","bridge","logcor","Inf"
"1612","12","3","overfitting_rho1","ECR","standard","bridge","logcor","Inf"
"1613","13","3","overfitting_rho1","ECR","standard","bridge","logcor","Inf"
"1614","14","3","overfitting_rho1","ECR","standard","bridge","logcor","Inf"
"1615","15","3","overfitting_rho1","ECR","standard","bridge","logcor","Inf"
"1616","16","3","overfitting_rho1","ECR","standard","bridge","logcor","Inf"
"1617","17","3","overfitting_rho1","ECR","standard","bridge","logcor","Inf"
"1618","18","3","overfitting_rho1","ECR","standard","bridge","logcor","Inf"
"1619","19","3","overfitting_rho1","ECR","standard","bridge","logcor","Inf"
"1620","20","3","overfitting_rho1","ECR","standard","bridge","logcor","Inf"
"1621","21","3","overfitting_rho1","ECR","standard","bridge","logcor","Inf"
"1622","22","3","overfitting_rho1","ECR","standard","bridge","logcor","Inf"
"1623","23","3","overfitting_rho1","ECR","standard","bridge","logcor","Inf"
"1624","24","3","overfitting_rho1","ECR","standard","bridge","logcor","Inf"
"1625","25","3","overfitting_rho1","ECR","standard","bridge","logcor","Inf"
"1626","26","3","overfitting_rho1","ECR","standard","bridge","logcor","Inf"
"1627","27","3","overfitting_rho1","ECR","standard","bridge","logcor","Inf"
"1628","28","3","overfitting_rho1","ECR","standard","bridge","logcor","Inf"
"1629","29","3","overfitting_rho1","ECR","standard","bridge","logcor","Inf"
"1630","30","3","overfitting_rho1","ECR","standard","bridge","logcor","Inf"
"1631","31","3","overfitting_rho1","ECR","standard","bridge","logcor","Inf"
"1632","32","3","overfitting_rho1","ECR","standard","bridge","logcor","Inf"
"1633","33","3","overfitting_rho1","ECR","standard","bridge","logcor","Inf"
"1634","34","3","overfitting_rho1","ECR","standard","bridge","logcor","Inf"
"1635","35","3","overfitting_rho1","ECR","standard","bridge","logcor","Inf"
"1636","36","3","overfitting_rho1","ECR","standard","bridge","logcor","Inf"
"1637","37","3","overfitting_rho1","ECR","standard","bridge","logcor","Inf"
"1638","38","3","overfitting_rho1","ECR","standard","bridge","logcor","Inf"
"1639","39","3","overfitting_rho1","ECR","standard","bridge","logcor","Inf"
"1640","40","3","overfitting_rho1","ECR","standard","bridge","logcor","Inf"
"1641","41","3","overfitting_rho1","ECR","standard","bridge","logcor","Inf"
"1642","42","3","overfitting_rho1","ECR","standard","bridge","logcor","Inf"
"1643","43","3","overfitting_rho1","ECR","standard","bridge","logcor","Inf"
"1644","44","3","overfitting_rho1","ECR","standard","bridge","logcor","Inf"
"1645","45","3","overfitting_rho1","ECR","standard","bridge","logcor","Inf"
"1646","46","3","overfitting_rho1","ECR","standard","bridge","logcor","Inf"
"1647","47","3","overfitting_rho1","ECR","standard","bridge","logcor","Inf"
"1648","48","3","overfitting_rho1","ECR","standard","bridge","logcor","Inf"
"1649","49","3","overfitting_rho1","ECR","standard","bridge","logcor","Inf"
"1650","50","3","overfitting_rho1","ECR","standard","bridge","logcor","Inf"
"1651","1","3","overfitting_rho0","ECR","standard","standard","logcor","-1.53665224270845"
"1652","2","3","overfitting_rho0","ECR","standard","standard","logcor","-1.21435989721242"
"1653","3","3","overfitting_rho0","ECR","standard","standard","logcor","-0.973655049263726"
"1654","4","3","overfitting_rho0","ECR","standard","standard","logcor","-1.83383224564996"
"1655","5","3","overfitting_rho0","ECR","standard","standard","logcor","-1.34476861429139"
"1656","6","3","overfitting_rho0","ECR","standard","standard","logcor","-1.72092828846746"
"1657","7","3","overfitting_rho0","ECR","standard","standard","logcor","-1.56829596910293"
"1658","8","3","overfitting_rho0","ECR","standard","standard","logcor","-1.45972563920577"
"1659","9","3","overfitting_rho0","ECR","standard","standard","logcor","-1.76609172247948"
"1660","10","3","overfitting_rho0","ECR","standard","standard","logcor","-1.02861991684807"
"1661","11","3","overfitting_rho0","ECR","standard","standard","logcor","-1.34246888157986"
"1662","12","3","overfitting_rho0","ECR","standard","standard","logcor","-1.29718518604811"
"1663","13","3","overfitting_rho0","ECR","standard","standard","logcor","-1.79215954924939"
"1664","14","3","overfitting_rho0","ECR","standard","standard","logcor","-1.06189470573295"
"1665","15","3","overfitting_rho0","ECR","standard","standard","logcor","-1.32802545299591"
"1666","16","3","overfitting_rho0","ECR","standard","standard","logcor","-1.25913321550321"
"1667","17","3","overfitting_rho0","ECR","standard","standard","logcor","-0.936493439191674"
"1668","18","3","overfitting_rho0","ECR","standard","standard","logcor","-1.32125596494067"
"1669","19","3","overfitting_rho0","ECR","standard","standard","logcor","-0.954511944694353"
"1670","20","3","overfitting_rho0","ECR","standard","standard","logcor","-1.99069833184545"
"1671","21","3","overfitting_rho0","ECR","standard","standard","logcor","-1.60893803739245"
"1672","22","3","overfitting_rho0","ECR","standard","standard","logcor","-1.28663003800695"
"1673","23","3","overfitting_rho0","ECR","standard","standard","logcor","-1.75735804251072"
"1674","24","3","overfitting_rho0","ECR","standard","standard","logcor","-1.54084512096849"
"1675","25","3","overfitting_rho0","ECR","standard","standard","logcor","-1.86626752140312"
"1676","26","3","overfitting_rho0","ECR","standard","standard","logcor","-1.50597920406587"
"1677","27","3","overfitting_rho0","ECR","standard","standard","logcor","-1.37199705641907"
"1678","28","3","overfitting_rho0","ECR","standard","standard","logcor","-1.38031228944234"
"1679","29","3","overfitting_rho0","ECR","standard","standard","logcor","-1.92072985052502"
"1680","30","3","overfitting_rho0","ECR","standard","standard","logcor","-2.05572501506252"
"1681","31","3","overfitting_rho0","ECR","standard","standard","logcor","-2.03103240247215"
"1682","32","3","overfitting_rho0","ECR","standard","standard","logcor","-1.68956395691339"
"1683","33","3","overfitting_rho0","ECR","standard","standard","logcor","-1.54224666289378"
"1684","34","3","overfitting_rho0","ECR","standard","standard","logcor","-1.39392338828438"
"1685","35","3","overfitting_rho0","ECR","standard","standard","logcor","-1.17376696226887"
"1686","36","3","overfitting_rho0","ECR","standard","standard","logcor","-1.50823603192513"
"1687","37","3","overfitting_rho0","ECR","standard","standard","logcor","-1.66547930331773"
"1688","38","3","overfitting_rho0","ECR","standard","standard","logcor","-1.47185224948154"
"1689","39","3","overfitting_rho0","ECR","standard","standard","logcor","-1.77313400510489"
"1690","40","3","overfitting_rho0","ECR","standard","standard","logcor","-1.74812543220799"
"1691","41","3","overfitting_rho0","ECR","standard","standard","logcor","-1.53293994146138"
"1692","42","3","overfitting_rho0","ECR","standard","standard","logcor","-1.52371903703156"
"1693","43","3","overfitting_rho0","ECR","standard","standard","logcor","-1.54271428039119"
"1694","44","3","overfitting_rho0","ECR","standard","standard","logcor","-1.12546974283799"
"1695","45","3","overfitting_rho0","ECR","standard","standard","logcor","-1.7321706778164"
"1696","46","3","overfitting_rho0","ECR","standard","standard","logcor","-1.38389723652017"
"1697","47","3","overfitting_rho0","ECR","standard","standard","logcor","-1.3708147902715"
"1698","48","3","overfitting_rho0","ECR","standard","standard","logcor","-1.62658407126907"
"1699","49","3","overfitting_rho0","ECR","standard","standard","logcor","-1.6357818877737"
"1700","50","3","overfitting_rho0","ECR","standard","standard","logcor","-1.61394806791199"
"1701","1","3","overfitting_rho.5","ECR","standard","standard","logcor","-1.57939379108572"
"1702","2","3","overfitting_rho.5","ECR","standard","standard","logcor","-0.994522580143729"
"1703","3","3","overfitting_rho.5","ECR","standard","standard","logcor","-1.24688030533721"
"1704","4","3","overfitting_rho.5","ECR","standard","standard","logcor","-1.59159799430577"
"1705","5","3","overfitting_rho.5","ECR","standard","standard","logcor","-1.60694103223551"
"1706","6","3","overfitting_rho.5","ECR","standard","standard","logcor","-1.34745833733469"
"1707","7","3","overfitting_rho.5","ECR","standard","standard","logcor","-1.28880473984263"
"1708","8","3","overfitting_rho.5","ECR","standard","standard","logcor","-1.79878408416502"
"1709","9","3","overfitting_rho.5","ECR","standard","standard","logcor","-1.69390706906055"
"1710","10","3","overfitting_rho.5","ECR","standard","standard","logcor","-1.49121053106945"
"1711","11","3","overfitting_rho.5","ECR","standard","standard","logcor","-1.90246759121248"
"1712","12","3","overfitting_rho.5","ECR","standard","standard","logcor","-1.31826195072806"
"1713","13","3","overfitting_rho.5","ECR","standard","standard","logcor","-1.63270653937345"
"1714","14","3","overfitting_rho.5","ECR","standard","standard","logcor","-1.24098262995984"
"1715","15","3","overfitting_rho.5","ECR","standard","standard","logcor","-1.61445045425764"
"1716","16","3","overfitting_rho.5","ECR","standard","standard","logcor","-1.34055646944604"
"1717","17","3","overfitting_rho.5","ECR","standard","standard","logcor","-1.72260661053974"
"1718","18","3","overfitting_rho.5","ECR","standard","standard","logcor","-1.61344593383164"
"1719","19","3","overfitting_rho.5","ECR","standard","standard","logcor","-1.33446121247987"
"1720","20","3","overfitting_rho.5","ECR","standard","standard","logcor","-1.89645354034272"
"1721","21","3","overfitting_rho.5","ECR","standard","standard","logcor","-1.97256218005274"
"1722","22","3","overfitting_rho.5","ECR","standard","standard","logcor","-1.1864603792413"
"1723","23","3","overfitting_rho.5","ECR","standard","standard","logcor","-1.48899175935823"
"1724","24","3","overfitting_rho.5","ECR","standard","standard","logcor","-1.16251101451834"
"1725","25","3","overfitting_rho.5","ECR","standard","standard","logcor","-1.45328922994417"
"1726","26","3","overfitting_rho.5","ECR","standard","standard","logcor","-1.30970375895818"
"1727","27","3","overfitting_rho.5","ECR","standard","standard","logcor","-1.05641523996832"
"1728","28","3","overfitting_rho.5","ECR","standard","standard","logcor","-1.17603343563669"
"1729","29","3","overfitting_rho.5","ECR","standard","standard","logcor","-1.07822159902038"
"1730","30","3","overfitting_rho.5","ECR","standard","standard","logcor","-1.27332288246073"
"1731","31","3","overfitting_rho.5","ECR","standard","standard","logcor","-1.28916765038917"
"1732","32","3","overfitting_rho.5","ECR","standard","standard","logcor","-1.44859538731727"
"1733","33","3","overfitting_rho.5","ECR","standard","standard","logcor","-1.05383014589622"
"1734","34","3","overfitting_rho.5","ECR","standard","standard","logcor","-1.11535161267241"
"1735","35","3","overfitting_rho.5","ECR","standard","standard","logcor","-1.64351189276785"
"1736","36","3","overfitting_rho.5","ECR","standard","standard","logcor","-1.44987334276276"
"1737","37","3","overfitting_rho.5","ECR","standard","standard","logcor","-1.07060809225851"
"1738","38","3","overfitting_rho.5","ECR","standard","standard","logcor","-1.02026332225713"
"1739","39","3","overfitting_rho.5","ECR","standard","standard","logcor","-1.32200587123753"
"1740","40","3","overfitting_rho.5","ECR","standard","standard","logcor","-1.97760723579857"
"1741","41","3","overfitting_rho.5","ECR","standard","standard","logcor","-1.39070406960859"
"1742","42","3","overfitting_rho.5","ECR","standard","standard","logcor","-1.4810446976657"
"1743","43","3","overfitting_rho.5","ECR","standard","standard","logcor","-1.50148077092901"
"1744","44","3","overfitting_rho.5","ECR","standard","standard","logcor","-1.83696606206613"
"1745","45","3","overfitting_rho.5","ECR","standard","standard","logcor","-1.59750934156883"
"1746","46","3","overfitting_rho.5","ECR","standard","standard","logcor","-1.24098262995984"
"1747","47","3","overfitting_rho.5","ECR","standard","standard","logcor","-1.5506974174115"
"1748","48","3","overfitting_rho.5","ECR","standard","standard","logcor","-1.63424303135307"
"1749","49","3","overfitting_rho.5","ECR","standard","standard","logcor","-1.20197480166326"
"1750","50","3","overfitting_rho.5","ECR","standard","standard","logcor","-1.22417551164346"
"1751","1","3","overfitting_rho1","ECR","standard","standard","logcor","-1.65443527836484"
"1752","2","3","overfitting_rho1","ECR","standard","standard","logcor","-1.92004748952959"
"1753","3","3","overfitting_rho1","ECR","standard","standard","logcor","-0.827593277112868"
"1754","4","3","overfitting_rho1","ECR","standard","standard","logcor","-1.34822816031343"
"1755","5","3","overfitting_rho1","ECR","standard","standard","logcor","-0.978964326402214"
"1756","6","3","overfitting_rho1","ECR","standard","standard","logcor","-1.84452753476671"
"1757","7","3","overfitting_rho1","ECR","standard","standard","logcor","-1.89645354034272"
"1758","8","3","overfitting_rho1","ECR","standard","standard","logcor","-1.37991475415585"
"1759","9","3","overfitting_rho1","ECR","standard","standard","logcor","-1.78736912092676"
"1760","10","3","overfitting_rho1","ECR","standard","standard","logcor","-0.813959800776693"
"1761","11","3","overfitting_rho1","ECR","standard","standard","logcor","-0.83586348276154"
"1762","12","3","overfitting_rho1","ECR","standard","standard","logcor","-1.42920186213117"
"1763","13","3","overfitting_rho1","ECR","standard","standard","logcor","-1.37357558871212"
"1764","14","3","overfitting_rho1","ECR","standard","standard","logcor","-1.88981340970344"
"1765","15","3","overfitting_rho1","ECR","standard","standard","logcor","-2.06751297081456"
"1766","16","3","overfitting_rho1","ECR","standard","standard","logcor","-1.44307637521888"
"1767","17","3","overfitting_rho1","ECR","standard","standard","logcor","-1.51777072390828"
"1768","18","3","overfitting_rho1","ECR","standard","standard","logcor","-1.62100454880557"
"1769","19","3","overfitting_rho1","ECR","standard","standard","logcor","-1.42378856554747"
"1770","20","3","overfitting_rho1","ECR","standard","standard","logcor","-2.05572501506252"
"1771","21","3","overfitting_rho1","ECR","standard","standard","logcor","-2.12779180262088"
"1772","22","3","overfitting_rho1","ECR","standard","standard","logcor","-1.60295894633639"
"1773","23","3","overfitting_rho1","ECR","standard","standard","logcor","-1.11413210032615"
"1774","24","3","overfitting_rho1","ECR","standard","standard","logcor","-1.90313805721144"
"1775","25","3","overfitting_rho1","ECR","standard","standard","logcor","-0.997771973742038"
"1776","26","3","overfitting_rho1","ECR","standard","standard","logcor","-1.36062661437131"
"1777","27","3","overfitting_rho1","ECR","standard","standard","logcor","-1.66495062236436"
"1778","28","3","overfitting_rho1","ECR","standard","standard","logcor","-1.63989711991881"
"1779","29","3","overfitting_rho1","ECR","standard","standard","logcor","-1.92072985052502"
"1780","30","3","overfitting_rho1","ECR","standard","standard","logcor","-1.52142703511139"
"1781","31","3","overfitting_rho1","ECR","standard","standard","logcor","-1.63526867246862"
"1782","32","3","overfitting_rho1","ECR","standard","standard","logcor","-1.15963699050588"
"1783","33","3","overfitting_rho1","ECR","standard","standard","logcor","-1.43716669149365"
"1784","34","3","overfitting_rho1","ECR","standard","standard","logcor","-1.92620556578098"
"1785","35","3","overfitting_rho1","ECR","standard","standard","logcor","-1.61646252737106"
"1786","36","3","overfitting_rho1","ECR","standard","standard","logcor","-1.96112531486179"
"1787","37","3","overfitting_rho1","ECR","standard","standard","logcor","-1.97040778065571"
"1788","38","3","overfitting_rho1","ECR","standard","standard","logcor","-1.40405108270915"
"1789","39","3","overfitting_rho1","ECR","standard","standard","logcor","-1.59208927409949"
"1790","40","3","overfitting_rho1","ECR","standard","standard","logcor","-0.893551244904666"
"1791","41","3","overfitting_rho1","ECR","standard","standard","logcor","-1.49700248310431"
"1792","42","3","overfitting_rho1","ECR","standard","standard","logcor","-1.81954185024051"
"1793","43","3","overfitting_rho1","ECR","standard","standard","logcor","-1.50058350752202"
"1794","44","3","overfitting_rho1","ECR","standard","standard","logcor","-2.00544786177151"
"1795","45","3","overfitting_rho1","ECR","standard","standard","logcor","-1.74869997976761"
"1796","46","3","overfitting_rho1","ECR","standard","standard","logcor","-1.97040778065571"
"1797","47","3","overfitting_rho1","ECR","standard","standard","logcor","-1.55447635436013"
"1798","48","3","overfitting_rho1","ECR","standard","standard","logcor","-1.66442222076686"
"1799","49","3","overfitting_rho1","ECR","standard","standard","logcor","-1.66073120682165"
"1800","50","3","overfitting_rho1","ECR","standard","standard","logcor","-2.10784101620153"
"1801","1","3","overfitting_rho0","ECR","standard","simple","permlen","2"
"1802","2","3","overfitting_rho0","ECR","standard","simple","permlen","2"
"1803","3","3","overfitting_rho0","ECR","standard","simple","permlen","2"
"1804","4","3","overfitting_rho0","ECR","standard","simple","permlen","2"
"1805","5","3","overfitting_rho0","ECR","standard","simple","permlen","2"
"1806","6","3","overfitting_rho0","ECR","standard","simple","permlen","2"
"1807","7","3","overfitting_rho0","ECR","standard","simple","permlen","2"
"1808","8","3","overfitting_rho0","ECR","standard","simple","permlen","2"
"1809","9","3","overfitting_rho0","ECR","standard","simple","permlen","2"
"1810","10","3","overfitting_rho0","ECR","standard","simple","permlen","2"
"1811","11","3","overfitting_rho0","ECR","standard","simple","permlen","2"
"1812","12","3","overfitting_rho0","ECR","standard","simple","permlen","2"
"1813","13","3","overfitting_rho0","ECR","standard","simple","permlen","2"
"1814","14","3","overfitting_rho0","ECR","standard","simple","permlen","2"
"1815","15","3","overfitting_rho0","ECR","standard","simple","permlen","2"
"1816","16","3","overfitting_rho0","ECR","standard","simple","permlen","2"
"1817","17","3","overfitting_rho0","ECR","standard","simple","permlen","2"
"1818","18","3","overfitting_rho0","ECR","standard","simple","permlen","2"
"1819","19","3","overfitting_rho0","ECR","standard","simple","permlen","2"
"1820","20","3","overfitting_rho0","ECR","standard","simple","permlen","2"
"1821","21","3","overfitting_rho0","ECR","standard","simple","permlen","2"
"1822","22","3","overfitting_rho0","ECR","standard","simple","permlen","2"
"1823","23","3","overfitting_rho0","ECR","standard","simple","permlen","2"
"1824","24","3","overfitting_rho0","ECR","standard","simple","permlen","2"
"1825","25","3","overfitting_rho0","ECR","standard","simple","permlen","2"
"1826","26","3","overfitting_rho0","ECR","standard","simple","permlen","2"
"1827","27","3","overfitting_rho0","ECR","standard","simple","permlen","2"
"1828","28","3","overfitting_rho0","ECR","standard","simple","permlen","2"
"1829","29","3","overfitting_rho0","ECR","standard","simple","permlen","2"
"1830","30","3","overfitting_rho0","ECR","standard","simple","permlen","2"
"1831","31","3","overfitting_rho0","ECR","standard","simple","permlen","2"
"1832","32","3","overfitting_rho0","ECR","standard","simple","permlen","2"
"1833","33","3","overfitting_rho0","ECR","standard","simple","permlen","2"
"1834","34","3","overfitting_rho0","ECR","standard","simple","permlen","2"
"1835","35","3","overfitting_rho0","ECR","standard","simple","permlen","2"
"1836","36","3","overfitting_rho0","ECR","standard","simple","permlen","2"
"1837","37","3","overfitting_rho0","ECR","standard","simple","permlen","2"
"1838","38","3","overfitting_rho0","ECR","standard","simple","permlen","2"
"1839","39","3","overfitting_rho0","ECR","standard","simple","permlen","2"
"1840","40","3","overfitting_rho0","ECR","standard","simple","permlen","2"
"1841","41","3","overfitting_rho0","ECR","standard","simple","permlen","2"
"1842","42","3","overfitting_rho0","ECR","standard","simple","permlen","2"
"1843","43","3","overfitting_rho0","ECR","standard","simple","permlen","2"
"1844","44","3","overfitting_rho0","ECR","standard","simple","permlen","2"
"1845","45","3","overfitting_rho0","ECR","standard","simple","permlen","2"
"1846","46","3","overfitting_rho0","ECR","standard","simple","permlen","2"
"1847","47","3","overfitting_rho0","ECR","standard","simple","permlen","2"
"1848","48","3","overfitting_rho0","ECR","standard","simple","permlen","2"
"1849","49","3","overfitting_rho0","ECR","standard","simple","permlen","2"
"1850","50","3","overfitting_rho0","ECR","standard","simple","permlen","2"
"1851","1","3","overfitting_rho.5","ECR","standard","simple","permlen","2"
"1852","2","3","overfitting_rho.5","ECR","standard","simple","permlen","2"
"1853","3","3","overfitting_rho.5","ECR","standard","simple","permlen","2"
"1854","4","3","overfitting_rho.5","ECR","standard","simple","permlen","2"
"1855","5","3","overfitting_rho.5","ECR","standard","simple","permlen","2"
"1856","6","3","overfitting_rho.5","ECR","standard","simple","permlen","2"
"1857","7","3","overfitting_rho.5","ECR","standard","simple","permlen","2"
"1858","8","3","overfitting_rho.5","ECR","standard","simple","permlen","2"
"1859","9","3","overfitting_rho.5","ECR","standard","simple","permlen","2"
"1860","10","3","overfitting_rho.5","ECR","standard","simple","permlen","2"
"1861","11","3","overfitting_rho.5","ECR","standard","simple","permlen","2"
"1862","12","3","overfitting_rho.5","ECR","standard","simple","permlen","2"
"1863","13","3","overfitting_rho.5","ECR","standard","simple","permlen","2"
"1864","14","3","overfitting_rho.5","ECR","standard","simple","permlen","2"
"1865","15","3","overfitting_rho.5","ECR","standard","simple","permlen","2"
"1866","16","3","overfitting_rho.5","ECR","standard","simple","permlen","2"
"1867","17","3","overfitting_rho.5","ECR","standard","simple","permlen","2"
"1868","18","3","overfitting_rho.5","ECR","standard","simple","permlen","2"
"1869","19","3","overfitting_rho.5","ECR","standard","simple","permlen","2"
"1870","20","3","overfitting_rho.5","ECR","standard","simple","permlen","2"
"1871","21","3","overfitting_rho.5","ECR","standard","simple","permlen","2"
"1872","22","3","overfitting_rho.5","ECR","standard","simple","permlen","2"
"1873","23","3","overfitting_rho.5","ECR","standard","simple","permlen","2"
"1874","24","3","overfitting_rho.5","ECR","standard","simple","permlen","2"
"1875","25","3","overfitting_rho.5","ECR","standard","simple","permlen","2"
"1876","26","3","overfitting_rho.5","ECR","standard","simple","permlen","2"
"1877","27","3","overfitting_rho.5","ECR","standard","simple","permlen","2"
"1878","28","3","overfitting_rho.5","ECR","standard","simple","permlen","2"
"1879","29","3","overfitting_rho.5","ECR","standard","simple","permlen","2"
"1880","30","3","overfitting_rho.5","ECR","standard","simple","permlen","2"
"1881","31","3","overfitting_rho.5","ECR","standard","simple","permlen","2"
"1882","32","3","overfitting_rho.5","ECR","standard","simple","permlen","2"
"1883","33","3","overfitting_rho.5","ECR","standard","simple","permlen","2"
"1884","34","3","overfitting_rho.5","ECR","standard","simple","permlen","2"
"1885","35","3","overfitting_rho.5","ECR","standard","simple","permlen","2"
"1886","36","3","overfitting_rho.5","ECR","standard","simple","permlen","2"
"1887","37","3","overfitting_rho.5","ECR","standard","simple","permlen","2"
"1888","38","3","overfitting_rho.5","ECR","standard","simple","permlen","2"
"1889","39","3","overfitting_rho.5","ECR","standard","simple","permlen","2"
"1890","40","3","overfitting_rho.5","ECR","standard","simple","permlen","2"
"1891","41","3","overfitting_rho.5","ECR","standard","simple","permlen","2"
"1892","42","3","overfitting_rho.5","ECR","standard","simple","permlen","2"
"1893","43","3","overfitting_rho.5","ECR","standard","simple","permlen","2"
"1894","44","3","overfitting_rho.5","ECR","standard","simple","permlen","2"
"1895","45","3","overfitting_rho.5","ECR","standard","simple","permlen","2"
"1896","46","3","overfitting_rho.5","ECR","standard","simple","permlen","2"
"1897","47","3","overfitting_rho.5","ECR","standard","simple","permlen","2"
"1898","48","3","overfitting_rho.5","ECR","standard","simple","permlen","2"
"1899","49","3","overfitting_rho.5","ECR","standard","simple","permlen","2"
"1900","50","3","overfitting_rho.5","ECR","standard","simple","permlen","2"
"1901","1","3","overfitting_rho1","ECR","standard","simple","permlen","2"
"1902","2","3","overfitting_rho1","ECR","standard","simple","permlen","2"
"1903","3","3","overfitting_rho1","ECR","standard","simple","permlen","3"
"1904","4","3","overfitting_rho1","ECR","standard","simple","permlen","2"
"1905","5","3","overfitting_rho1","ECR","standard","simple","permlen","6"
"1906","6","3","overfitting_rho1","ECR","standard","simple","permlen","2"
"1907","7","3","overfitting_rho1","ECR","standard","simple","permlen","2"
"1908","8","3","overfitting_rho1","ECR","standard","simple","permlen","6"
"1909","9","3","overfitting_rho1","ECR","standard","simple","permlen","2"
"1910","10","3","overfitting_rho1","ECR","standard","simple","permlen","2"
"1911","11","3","overfitting_rho1","ECR","standard","simple","permlen","6"
"1912","12","3","overfitting_rho1","ECR","standard","simple","permlen","3"
"1913","13","3","overfitting_rho1","ECR","standard","simple","permlen","6"
"1914","14","3","overfitting_rho1","ECR","standard","simple","permlen","2"
"1915","15","3","overfitting_rho1","ECR","standard","simple","permlen","2"
"1916","16","3","overfitting_rho1","ECR","standard","simple","permlen","2"
"1917","17","3","overfitting_rho1","ECR","standard","simple","permlen","2"
"1918","18","3","overfitting_rho1","ECR","standard","simple","permlen","2"
"1919","19","3","overfitting_rho1","ECR","standard","simple","permlen","2"
"1920","20","3","overfitting_rho1","ECR","standard","simple","permlen","2"
"1921","21","3","overfitting_rho1","ECR","standard","simple","permlen","3"
"1922","22","3","overfitting_rho1","ECR","standard","simple","permlen","3"
"1923","23","3","overfitting_rho1","ECR","standard","simple","permlen","3"
"1924","24","3","overfitting_rho1","ECR","standard","simple","permlen","6"
"1925","25","3","overfitting_rho1","ECR","standard","simple","permlen","3"
"1926","26","3","overfitting_rho1","ECR","standard","simple","permlen","6"
"1927","27","3","overfitting_rho1","ECR","standard","simple","permlen","2"
"1928","28","3","overfitting_rho1","ECR","standard","simple","permlen","3"
"1929","29","3","overfitting_rho1","ECR","standard","simple","permlen","2"
"1930","30","3","overfitting_rho1","ECR","standard","simple","permlen","3"
"1931","31","3","overfitting_rho1","ECR","standard","simple","permlen","3"
"1932","32","3","overfitting_rho1","ECR","standard","simple","permlen","6"
"1933","33","3","overfitting_rho1","ECR","standard","simple","permlen","2"
"1934","34","3","overfitting_rho1","ECR","standard","simple","permlen","3"
"1935","35","3","overfitting_rho1","ECR","standard","simple","permlen","3"
"1936","36","3","overfitting_rho1","ECR","standard","simple","permlen","2"
"1937","37","3","overfitting_rho1","ECR","standard","simple","permlen","2"
"1938","38","3","overfitting_rho1","ECR","standard","simple","permlen","2"
"1939","39","3","overfitting_rho1","ECR","standard","simple","permlen","2"
"1940","40","3","overfitting_rho1","ECR","standard","simple","permlen","2"
"1941","41","3","overfitting_rho1","ECR","standard","simple","permlen","2"
"1942","42","3","overfitting_rho1","ECR","standard","simple","permlen","3"
"1943","43","3","overfitting_rho1","ECR","standard","simple","permlen","6"
"1944","44","3","overfitting_rho1","ECR","standard","simple","permlen","2"
"1945","45","3","overfitting_rho1","ECR","standard","simple","permlen","2"
"1946","46","3","overfitting_rho1","ECR","standard","simple","permlen","3"
"1947","47","3","overfitting_rho1","ECR","standard","simple","permlen","6"
"1948","48","3","overfitting_rho1","ECR","standard","simple","permlen","2"
"1949","49","3","overfitting_rho1","ECR","standard","simple","permlen","2"
"1950","50","3","overfitting_rho1","ECR","standard","simple","permlen","3"
"1951","1","3","overfitting_rho0","ECR","standard","bridge","permlen","1"
"1952","2","3","overfitting_rho0","ECR","standard","bridge","permlen","1"
"1953","3","3","overfitting_rho0","ECR","standard","bridge","permlen","1"
"1954","4","3","overfitting_rho0","ECR","standard","bridge","permlen","1"
"1955","5","3","overfitting_rho0","ECR","standard","bridge","permlen","1"
"1956","6","3","overfitting_rho0","ECR","standard","bridge","permlen","1"
"1957","7","3","overfitting_rho0","ECR","standard","bridge","permlen","1"
"1958","8","3","overfitting_rho0","ECR","standard","bridge","permlen","1"
"1959","9","3","overfitting_rho0","ECR","standard","bridge","permlen","1"
"1960","10","3","overfitting_rho0","ECR","standard","bridge","permlen","1"
"1961","11","3","overfitting_rho0","ECR","standard","bridge","permlen","1"
"1962","12","3","overfitting_rho0","ECR","standard","bridge","permlen","1"
"1963","13","3","overfitting_rho0","ECR","standard","bridge","permlen","1"
"1964","14","3","overfitting_rho0","ECR","standard","bridge","permlen","1"
"1965","15","3","overfitting_rho0","ECR","standard","bridge","permlen","1"
"1966","16","3","overfitting_rho0","ECR","standard","bridge","permlen","1"
"1967","17","3","overfitting_rho0","ECR","standard","bridge","permlen","1"
"1968","18","3","overfitting_rho0","ECR","standard","bridge","permlen","1"
"1969","19","3","overfitting_rho0","ECR","standard","bridge","permlen","1"
"1970","20","3","overfitting_rho0","ECR","standard","bridge","permlen","1"
"1971","21","3","overfitting_rho0","ECR","standard","bridge","permlen","1"
"1972","22","3","overfitting_rho0","ECR","standard","bridge","permlen","1"
"1973","23","3","overfitting_rho0","ECR","standard","bridge","permlen","1"
"1974","24","3","overfitting_rho0","ECR","standard","bridge","permlen","1"
"1975","25","3","overfitting_rho0","ECR","standard","bridge","permlen","1"
"1976","26","3","overfitting_rho0","ECR","standard","bridge","permlen","1"
"1977","27","3","overfitting_rho0","ECR","standard","bridge","permlen","1"
"1978","28","3","overfitting_rho0","ECR","standard","bridge","permlen","1"
"1979","29","3","overfitting_rho0","ECR","standard","bridge","permlen","1"
"1980","30","3","overfitting_rho0","ECR","standard","bridge","permlen","1"
"1981","31","3","overfitting_rho0","ECR","standard","bridge","permlen","1"
"1982","32","3","overfitting_rho0","ECR","standard","bridge","permlen","1"
"1983","33","3","overfitting_rho0","ECR","standard","bridge","permlen","1"
"1984","34","3","overfitting_rho0","ECR","standard","bridge","permlen","1"
"1985","35","3","overfitting_rho0","ECR","standard","bridge","permlen","1"
"1986","36","3","overfitting_rho0","ECR","standard","bridge","permlen","1"
"1987","37","3","overfitting_rho0","ECR","standard","bridge","permlen","1"
"1988","38","3","overfitting_rho0","ECR","standard","bridge","permlen","1"
"1989","39","3","overfitting_rho0","ECR","standard","bridge","permlen","1"
"1990","40","3","overfitting_rho0","ECR","standard","bridge","permlen","1"
"1991","41","3","overfitting_rho0","ECR","standard","bridge","permlen","1"
"1992","42","3","overfitting_rho0","ECR","standard","bridge","permlen","1"
"1993","43","3","overfitting_rho0","ECR","standard","bridge","permlen","1"
"1994","44","3","overfitting_rho0","ECR","standard","bridge","permlen","1"
"1995","45","3","overfitting_rho0","ECR","standard","bridge","permlen","1"
"1996","46","3","overfitting_rho0","ECR","standard","bridge","permlen","1"
"1997","47","3","overfitting_rho0","ECR","standard","bridge","permlen","1"
"1998","48","3","overfitting_rho0","ECR","standard","bridge","permlen","1"
"1999","49","3","overfitting_rho0","ECR","standard","bridge","permlen","1"
"2000","50","3","overfitting_rho0","ECR","standard","bridge","permlen","1"
"2001","1","3","overfitting_rho.5","ECR","standard","bridge","permlen","1"
"2002","2","3","overfitting_rho.5","ECR","standard","bridge","permlen","1"
"2003","3","3","overfitting_rho.5","ECR","standard","bridge","permlen","1"
"2004","4","3","overfitting_rho.5","ECR","standard","bridge","permlen","1"
"2005","5","3","overfitting_rho.5","ECR","standard","bridge","permlen","1"
"2006","6","3","overfitting_rho.5","ECR","standard","bridge","permlen","1"
"2007","7","3","overfitting_rho.5","ECR","standard","bridge","permlen","1"
"2008","8","3","overfitting_rho.5","ECR","standard","bridge","permlen","1"
"2009","9","3","overfitting_rho.5","ECR","standard","bridge","permlen","1"
"2010","10","3","overfitting_rho.5","ECR","standard","bridge","permlen","1"
"2011","11","3","overfitting_rho.5","ECR","standard","bridge","permlen","1"
"2012","12","3","overfitting_rho.5","ECR","standard","bridge","permlen","1"
"2013","13","3","overfitting_rho.5","ECR","standard","bridge","permlen","1"
"2014","14","3","overfitting_rho.5","ECR","standard","bridge","permlen","1"
"2015","15","3","overfitting_rho.5","ECR","standard","bridge","permlen","1"
"2016","16","3","overfitting_rho.5","ECR","standard","bridge","permlen","1"
"2017","17","3","overfitting_rho.5","ECR","standard","bridge","permlen","1"
"2018","18","3","overfitting_rho.5","ECR","standard","bridge","permlen","1"
"2019","19","3","overfitting_rho.5","ECR","standard","bridge","permlen","1"
"2020","20","3","overfitting_rho.5","ECR","standard","bridge","permlen","1"
"2021","21","3","overfitting_rho.5","ECR","standard","bridge","permlen","1"
"2022","22","3","overfitting_rho.5","ECR","standard","bridge","permlen","1"
"2023","23","3","overfitting_rho.5","ECR","standard","bridge","permlen","1"
"2024","24","3","overfitting_rho.5","ECR","standard","bridge","permlen","1"
"2025","25","3","overfitting_rho.5","ECR","standard","bridge","permlen","1"
"2026","26","3","overfitting_rho.5","ECR","standard","bridge","permlen","1"
"2027","27","3","overfitting_rho.5","ECR","standard","bridge","permlen","1"
"2028","28","3","overfitting_rho.5","ECR","standard","bridge","permlen","1"
"2029","29","3","overfitting_rho.5","ECR","standard","bridge","permlen","1"
"2030","30","3","overfitting_rho.5","ECR","standard","bridge","permlen","1"
"2031","31","3","overfitting_rho.5","ECR","standard","bridge","permlen","1"
"2032","32","3","overfitting_rho.5","ECR","standard","bridge","permlen","1"
"2033","33","3","overfitting_rho.5","ECR","standard","bridge","permlen","1"
"2034","34","3","overfitting_rho.5","ECR","standard","bridge","permlen","1"
"2035","35","3","overfitting_rho.5","ECR","standard","bridge","permlen","1"
"2036","36","3","overfitting_rho.5","ECR","standard","bridge","permlen","1"
"2037","37","3","overfitting_rho.5","ECR","standard","bridge","permlen","1"
"2038","38","3","overfitting_rho.5","ECR","standard","bridge","permlen","1"
"2039","39","3","overfitting_rho.5","ECR","standard","bridge","permlen","1"
"2040","40","3","overfitting_rho.5","ECR","standard","bridge","permlen","1"
"2041","41","3","overfitting_rho.5","ECR","standard","bridge","permlen","1"
"2042","42","3","overfitting_rho.5","ECR","standard","bridge","permlen","1"
"2043","43","3","overfitting_rho.5","ECR","standard","bridge","permlen","1"
"2044","44","3","overfitting_rho.5","ECR","standard","bridge","permlen","1"
"2045","45","3","overfitting_rho.5","ECR","standard","bridge","permlen","1"
"2046","46","3","overfitting_rho.5","ECR","standard","bridge","permlen","1"
"2047","47","3","overfitting_rho.5","ECR","standard","bridge","permlen","1"
"2048","48","3","overfitting_rho.5","ECR","standard","bridge","permlen","1"
"2049","49","3","overfitting_rho.5","ECR","standard","bridge","permlen","1"
"2050","50","3","overfitting_rho.5","ECR","standard","bridge","permlen","1"
"2051","1","3","overfitting_rho1","ECR","standard","bridge","permlen","1"
"2052","2","3","overfitting_rho1","ECR","standard","bridge","permlen","1"
"2053","3","3","overfitting_rho1","ECR","standard","bridge","permlen","1"
"2054","4","3","overfitting_rho1","ECR","standard","bridge","permlen","1"
"2055","5","3","overfitting_rho1","ECR","standard","bridge","permlen","1"
"2056","6","3","overfitting_rho1","ECR","standard","bridge","permlen","1"
"2057","7","3","overfitting_rho1","ECR","standard","bridge","permlen","1"
"2058","8","3","overfitting_rho1","ECR","standard","bridge","permlen","1"
"2059","9","3","overfitting_rho1","ECR","standard","bridge","permlen","1"
"2060","10","3","overfitting_rho1","ECR","standard","bridge","permlen","1"
"2061","11","3","overfitting_rho1","ECR","standard","bridge","permlen","1"
"2062","12","3","overfitting_rho1","ECR","standard","bridge","permlen","1"
"2063","13","3","overfitting_rho1","ECR","standard","bridge","permlen","1"
"2064","14","3","overfitting_rho1","ECR","standard","bridge","permlen","1"
"2065","15","3","overfitting_rho1","ECR","standard","bridge","permlen","1"
"2066","16","3","overfitting_rho1","ECR","standard","bridge","permlen","1"
"2067","17","3","overfitting_rho1","ECR","standard","bridge","permlen","1"
"2068","18","3","overfitting_rho1","ECR","standard","bridge","permlen","1"
"2069","19","3","overfitting_rho1","ECR","standard","bridge","permlen","1"
"2070","20","3","overfitting_rho1","ECR","standard","bridge","permlen","1"
"2071","21","3","overfitting_rho1","ECR","standard","bridge","permlen","1"
"2072","22","3","overfitting_rho1","ECR","standard","bridge","permlen","1"
"2073","23","3","overfitting_rho1","ECR","standard","bridge","permlen","1"
"2074","24","3","overfitting_rho1","ECR","standard","bridge","permlen","1"
"2075","25","3","overfitting_rho1","ECR","standard","bridge","permlen","1"
"2076","26","3","overfitting_rho1","ECR","standard","bridge","permlen","1"
"2077","27","3","overfitting_rho1","ECR","standard","bridge","permlen","1"
"2078","28","3","overfitting_rho1","ECR","standard","bridge","permlen","1"
"2079","29","3","overfitting_rho1","ECR","standard","bridge","permlen","1"
"2080","30","3","overfitting_rho1","ECR","standard","bridge","permlen","1"
"2081","31","3","overfitting_rho1","ECR","standard","bridge","permlen","1"
"2082","32","3","overfitting_rho1","ECR","standard","bridge","permlen","1"
"2083","33","3","overfitting_rho1","ECR","standard","bridge","permlen","1"
"2084","34","3","overfitting_rho1","ECR","standard","bridge","permlen","1"
"2085","35","3","overfitting_rho1","ECR","standard","bridge","permlen","1"
"2086","36","3","overfitting_rho1","ECR","standard","bridge","permlen","1"
"2087","37","3","overfitting_rho1","ECR","standard","bridge","permlen","1"
"2088","38","3","overfitting_rho1","ECR","standard","bridge","permlen","1"
"2089","39","3","overfitting_rho1","ECR","standard","bridge","permlen","1"
"2090","40","3","overfitting_rho1","ECR","standard","bridge","permlen","1"
"2091","41","3","overfitting_rho1","ECR","standard","bridge","permlen","1"
"2092","42","3","overfitting_rho1","ECR","standard","bridge","permlen","1"
"2093","43","3","overfitting_rho1","ECR","standard","bridge","permlen","1"
"2094","44","3","overfitting_rho1","ECR","standard","bridge","permlen","1"
"2095","45","3","overfitting_rho1","ECR","standard","bridge","permlen","1"
"2096","46","3","overfitting_rho1","ECR","standard","bridge","permlen","1"
"2097","47","3","overfitting_rho1","ECR","standard","bridge","permlen","1"
"2098","48","3","overfitting_rho1","ECR","standard","bridge","permlen","1"
"2099","49","3","overfitting_rho1","ECR","standard","bridge","permlen","1"
"2100","50","3","overfitting_rho1","ECR","standard","bridge","permlen","1"
"2101","1","3","overfitting_rho0","ECR","standard","standard","permlen","1"
"2102","2","3","overfitting_rho0","ECR","standard","standard","permlen","1"
"2103","3","3","overfitting_rho0","ECR","standard","standard","permlen","1"
"2104","4","3","overfitting_rho0","ECR","standard","standard","permlen","1"
"2105","5","3","overfitting_rho0","ECR","standard","standard","permlen","1"
"2106","6","3","overfitting_rho0","ECR","standard","standard","permlen","1"
"2107","7","3","overfitting_rho0","ECR","standard","standard","permlen","1"
"2108","8","3","overfitting_rho0","ECR","standard","standard","permlen","1"
"2109","9","3","overfitting_rho0","ECR","standard","standard","permlen","1"
"2110","10","3","overfitting_rho0","ECR","standard","standard","permlen","1"
"2111","11","3","overfitting_rho0","ECR","standard","standard","permlen","1"
"2112","12","3","overfitting_rho0","ECR","standard","standard","permlen","1"
"2113","13","3","overfitting_rho0","ECR","standard","standard","permlen","1"
"2114","14","3","overfitting_rho0","ECR","standard","standard","permlen","1"
"2115","15","3","overfitting_rho0","ECR","standard","standard","permlen","1"
"2116","16","3","overfitting_rho0","ECR","standard","standard","permlen","1"
"2117","17","3","overfitting_rho0","ECR","standard","standard","permlen","1"
"2118","18","3","overfitting_rho0","ECR","standard","standard","permlen","1"
"2119","19","3","overfitting_rho0","ECR","standard","standard","permlen","1"
"2120","20","3","overfitting_rho0","ECR","standard","standard","permlen","1"
"2121","21","3","overfitting_rho0","ECR","standard","standard","permlen","1"
"2122","22","3","overfitting_rho0","ECR","standard","standard","permlen","1"
"2123","23","3","overfitting_rho0","ECR","standard","standard","permlen","1"
"2124","24","3","overfitting_rho0","ECR","standard","standard","permlen","1"
"2125","25","3","overfitting_rho0","ECR","standard","standard","permlen","1"
"2126","26","3","overfitting_rho0","ECR","standard","standard","permlen","1"
"2127","27","3","overfitting_rho0","ECR","standard","standard","permlen","1"
"2128","28","3","overfitting_rho0","ECR","standard","standard","permlen","1"
"2129","29","3","overfitting_rho0","ECR","standard","standard","permlen","1"
"2130","30","3","overfitting_rho0","ECR","standard","standard","permlen","1"
"2131","31","3","overfitting_rho0","ECR","standard","standard","permlen","1"
"2132","32","3","overfitting_rho0","ECR","standard","standard","permlen","1"
"2133","33","3","overfitting_rho0","ECR","standard","standard","permlen","1"
"2134","34","3","overfitting_rho0","ECR","standard","standard","permlen","1"
"2135","35","3","overfitting_rho0","ECR","standard","standard","permlen","1"
"2136","36","3","overfitting_rho0","ECR","standard","standard","permlen","1"
"2137","37","3","overfitting_rho0","ECR","standard","standard","permlen","1"
"2138","38","3","overfitting_rho0","ECR","standard","standard","permlen","1"
"2139","39","3","overfitting_rho0","ECR","standard","standard","permlen","1"
"2140","40","3","overfitting_rho0","ECR","standard","standard","permlen","1"
"2141","41","3","overfitting_rho0","ECR","standard","standard","permlen","1"
"2142","42","3","overfitting_rho0","ECR","standard","standard","permlen","1"
"2143","43","3","overfitting_rho0","ECR","standard","standard","permlen","1"
"2144","44","3","overfitting_rho0","ECR","standard","standard","permlen","1"
"2145","45","3","overfitting_rho0","ECR","standard","standard","permlen","1"
"2146","46","3","overfitting_rho0","ECR","standard","standard","permlen","1"
"2147","47","3","overfitting_rho0","ECR","standard","standard","permlen","1"
"2148","48","3","overfitting_rho0","ECR","standard","standard","permlen","1"
"2149","49","3","overfitting_rho0","ECR","standard","standard","permlen","1"
"2150","50","3","overfitting_rho0","ECR","standard","standard","permlen","1"
"2151","1","3","overfitting_rho.5","ECR","standard","standard","permlen","1"
"2152","2","3","overfitting_rho.5","ECR","standard","standard","permlen","1"
"2153","3","3","overfitting_rho.5","ECR","standard","standard","permlen","1"
"2154","4","3","overfitting_rho.5","ECR","standard","standard","permlen","1"
"2155","5","3","overfitting_rho.5","ECR","standard","standard","permlen","1"
"2156","6","3","overfitting_rho.5","ECR","standard","standard","permlen","1"
"2157","7","3","overfitting_rho.5","ECR","standard","standard","permlen","1"
"2158","8","3","overfitting_rho.5","ECR","standard","standard","permlen","1"
"2159","9","3","overfitting_rho.5","ECR","standard","standard","permlen","1"
"2160","10","3","overfitting_rho.5","ECR","standard","standard","permlen","1"
"2161","11","3","overfitting_rho.5","ECR","standard","standard","permlen","1"
"2162","12","3","overfitting_rho.5","ECR","standard","standard","permlen","1"
"2163","13","3","overfitting_rho.5","ECR","standard","standard","permlen","1"
"2164","14","3","overfitting_rho.5","ECR","standard","standard","permlen","1"
"2165","15","3","overfitting_rho.5","ECR","standard","standard","permlen","1"
"2166","16","3","overfitting_rho.5","ECR","standard","standard","permlen","1"
"2167","17","3","overfitting_rho.5","ECR","standard","standard","permlen","1"
"2168","18","3","overfitting_rho.5","ECR","standard","standard","permlen","1"
"2169","19","3","overfitting_rho.5","ECR","standard","standard","permlen","1"
"2170","20","3","overfitting_rho.5","ECR","standard","standard","permlen","1"
"2171","21","3","overfitting_rho.5","ECR","standard","standard","permlen","1"
"2172","22","3","overfitting_rho.5","ECR","standard","standard","permlen","1"
"2173","23","3","overfitting_rho.5","ECR","standard","standard","permlen","1"
"2174","24","3","overfitting_rho.5","ECR","standard","standard","permlen","1"
"2175","25","3","overfitting_rho.5","ECR","standard","standard","permlen","1"
"2176","26","3","overfitting_rho.5","ECR","standard","standard","permlen","1"
"2177","27","3","overfitting_rho.5","ECR","standard","standard","permlen","1"
"2178","28","3","overfitting_rho.5","ECR","standard","standard","permlen","1"
"2179","29","3","overfitting_rho.5","ECR","standard","standard","permlen","1"
"2180","30","3","overfitting_rho.5","ECR","standard","standard","permlen","1"
"2181","31","3","overfitting_rho.5","ECR","standard","standard","permlen","1"
"2182","32","3","overfitting_rho.5","ECR","standard","standard","permlen","1"
"2183","33","3","overfitting_rho.5","ECR","standard","standard","permlen","1"
"2184","34","3","overfitting_rho.5","ECR","standard","standard","permlen","1"
"2185","35","3","overfitting_rho.5","ECR","standard","standard","permlen","1"
"2186","36","3","overfitting_rho.5","ECR","standard","standard","permlen","1"
"2187","37","3","overfitting_rho.5","ECR","standard","standard","permlen","1"
"2188","38","3","overfitting_rho.5","ECR","standard","standard","permlen","1"
"2189","39","3","overfitting_rho.5","ECR","standard","standard","permlen","1"
"2190","40","3","overfitting_rho.5","ECR","standard","standard","permlen","1"
"2191","41","3","overfitting_rho.5","ECR","standard","standard","permlen","1"
"2192","42","3","overfitting_rho.5","ECR","standard","standard","permlen","1"
"2193","43","3","overfitting_rho.5","ECR","standard","standard","permlen","1"
"2194","44","3","overfitting_rho.5","ECR","standard","standard","permlen","1"
"2195","45","3","overfitting_rho.5","ECR","standard","standard","permlen","1"
"2196","46","3","overfitting_rho.5","ECR","standard","standard","permlen","1"
"2197","47","3","overfitting_rho.5","ECR","standard","standard","permlen","1"
"2198","48","3","overfitting_rho.5","ECR","standard","standard","permlen","1"
"2199","49","3","overfitting_rho.5","ECR","standard","standard","permlen","1"
"2200","50","3","overfitting_rho.5","ECR","standard","standard","permlen","1"
"2201","1","3","overfitting_rho1","ECR","standard","standard","permlen","1"
"2202","2","3","overfitting_rho1","ECR","standard","standard","permlen","1"
"2203","3","3","overfitting_rho1","ECR","standard","standard","permlen","1"
"2204","4","3","overfitting_rho1","ECR","standard","standard","permlen","1"
"2205","5","3","overfitting_rho1","ECR","standard","standard","permlen","1"
"2206","6","3","overfitting_rho1","ECR","standard","standard","permlen","1"
"2207","7","3","overfitting_rho1","ECR","standard","standard","permlen","1"
"2208","8","3","overfitting_rho1","ECR","standard","standard","permlen","1"
"2209","9","3","overfitting_rho1","ECR","standard","standard","permlen","1"
"2210","10","3","overfitting_rho1","ECR","standard","standard","permlen","1"
"2211","11","3","overfitting_rho1","ECR","standard","standard","permlen","1"
"2212","12","3","overfitting_rho1","ECR","standard","standard","permlen","1"
"2213","13","3","overfitting_rho1","ECR","standard","standard","permlen","1"
"2214","14","3","overfitting_rho1","ECR","standard","standard","permlen","1"
"2215","15","3","overfitting_rho1","ECR","standard","standard","permlen","1"
"2216","16","3","overfitting_rho1","ECR","standard","standard","permlen","1"
"2217","17","3","overfitting_rho1","ECR","standard","standard","permlen","1"
"2218","18","3","overfitting_rho1","ECR","standard","standard","permlen","1"
"2219","19","3","overfitting_rho1","ECR","standard","standard","permlen","1"
"2220","20","3","overfitting_rho1","ECR","standard","standard","permlen","1"
"2221","21","3","overfitting_rho1","ECR","standard","standard","permlen","1"
"2222","22","3","overfitting_rho1","ECR","standard","standard","permlen","1"
"2223","23","3","overfitting_rho1","ECR","standard","standard","permlen","1"
"2224","24","3","overfitting_rho1","ECR","standard","standard","permlen","1"
"2225","25","3","overfitting_rho1","ECR","standard","standard","permlen","1"
"2226","26","3","overfitting_rho1","ECR","standard","standard","permlen","1"
"2227","27","3","overfitting_rho1","ECR","standard","standard","permlen","1"
"2228","28","3","overfitting_rho1","ECR","standard","standard","permlen","1"
"2229","29","3","overfitting_rho1","ECR","standard","standard","permlen","1"
"2230","30","3","overfitting_rho1","ECR","standard","standard","permlen","1"
"2231","31","3","overfitting_rho1","ECR","standard","standard","permlen","1"
"2232","32","3","overfitting_rho1","ECR","standard","standard","permlen","1"
"2233","33","3","overfitting_rho1","ECR","standard","standard","permlen","1"
"2234","34","3","overfitting_rho1","ECR","standard","standard","permlen","1"
"2235","35","3","overfitting_rho1","ECR","standard","standard","permlen","1"
"2236","36","3","overfitting_rho1","ECR","standard","standard","permlen","1"
"2237","37","3","overfitting_rho1","ECR","standard","standard","permlen","1"
"2238","38","3","overfitting_rho1","ECR","standard","standard","permlen","1"
"2239","39","3","overfitting_rho1","ECR","standard","standard","permlen","1"
"2240","40","3","overfitting_rho1","ECR","standard","standard","permlen","1"
"2241","41","3","overfitting_rho1","ECR","standard","standard","permlen","1"
"2242","42","3","overfitting_rho1","ECR","standard","standard","permlen","1"
"2243","43","3","overfitting_rho1","ECR","standard","standard","permlen","1"
"2244","44","3","overfitting_rho1","ECR","standard","standard","permlen","1"
"2245","45","3","overfitting_rho1","ECR","standard","standard","permlen","1"
"2246","46","3","overfitting_rho1","ECR","standard","standard","permlen","1"
"2247","47","3","overfitting_rho1","ECR","standard","standard","permlen","1"
"2248","48","3","overfitting_rho1","ECR","standard","standard","permlen","1"
"2249","49","3","overfitting_rho1","ECR","standard","standard","permlen","1"
"2250","50","3","overfitting_rho1","ECR","standard","standard","permlen","1"
"2251","1","3","overfitting_rho0","ECR","standard","simple","alpha","0.3198"
"2252","2","3","overfitting_rho0","ECR","standard","simple","alpha","0.3598"
"2253","3","3","overfitting_rho0","ECR","standard","simple","alpha","0.4298"
"2254","4","3","overfitting_rho0","ECR","standard","simple","alpha","0.2498"
"2255","5","3","overfitting_rho0","ECR","standard","simple","alpha","0.3698"
"2256","6","3","overfitting_rho0","ECR","standard","simple","alpha","0.2798"
"2257","7","3","overfitting_rho0","ECR","standard","simple","alpha","0.2998"
"2258","8","3","overfitting_rho0","ECR","standard","simple","alpha","0.2798"
"2259","9","3","overfitting_rho0","ECR","standard","simple","alpha","0.2498"
"2260","10","3","overfitting_rho0","ECR","standard","simple","alpha","0.4098"
"2261","11","3","overfitting_rho0","ECR","standard","simple","alpha","0.3398"
"2262","12","3","overfitting_rho0","ECR","standard","simple","alpha","0.3598"
"2263","13","3","overfitting_rho0","ECR","standard","simple","alpha","0.2598"
"2264","14","3","overfitting_rho0","ECR","standard","simple","alpha","0.3898"
"2265","15","3","overfitting_rho0","ECR","standard","simple","alpha","0.3598"
"2266","16","3","overfitting_rho0","ECR","standard","simple","alpha","0.3698"
"2267","17","3","overfitting_rho0","ECR","standard","simple","alpha","0.4598"
"2268","18","3","overfitting_rho0","ECR","standard","simple","alpha","0.3098"
"2269","19","3","overfitting_rho0","ECR","standard","simple","alpha","0.4298"
"2270","20","3","overfitting_rho0","ECR","standard","simple","alpha","0.2098"
"2271","21","3","overfitting_rho0","ECR","standard","simple","alpha","0.2898"
"2272","22","3","overfitting_rho0","ECR","standard","simple","alpha","0.3598"
"2273","23","3","overfitting_rho0","ECR","standard","simple","alpha","0.2898"
"2274","24","3","overfitting_rho0","ECR","standard","simple","alpha","0.3098"
"2275","25","3","overfitting_rho0","ECR","standard","simple","alpha","0.2098"
"2276","26","3","overfitting_rho0","ECR","standard","simple","alpha","0.3498"
"2277","27","3","overfitting_rho0","ECR","standard","simple","alpha","0.3298"
"2278","28","3","overfitting_rho0","ECR","standard","simple","alpha","0.3698"
"2279","29","3","overfitting_rho0","ECR","standard","simple","alpha","0.2098"
"2280","30","3","overfitting_rho0","ECR","standard","simple","alpha","0.2098"
"2281","31","3","overfitting_rho0","ECR","standard","simple","alpha","0.2098"
"2282","32","3","overfitting_rho0","ECR","standard","simple","alpha","0.3098"
"2283","33","3","overfitting_rho0","ECR","standard","simple","alpha","0.3098"
"2284","34","3","overfitting_rho0","ECR","standard","simple","alpha","0.3398"
"2285","35","3","overfitting_rho0","ECR","standard","simple","alpha","0.3698"
"2286","36","3","overfitting_rho0","ECR","standard","simple","alpha","0.3098"
"2287","37","3","overfitting_rho0","ECR","standard","simple","alpha","0.2798"
"2288","38","3","overfitting_rho0","ECR","standard","simple","alpha","0.3198"
"2289","39","3","overfitting_rho0","ECR","standard","simple","alpha","0.2698"
"2290","40","3","overfitting_rho0","ECR","standard","simple","alpha","0.2298"
"2291","41","3","overfitting_rho0","ECR","standard","simple","alpha","0.2798"
"2292","42","3","overfitting_rho0","ECR","standard","simple","alpha","0.3298"
"2293","43","3","overfitting_rho0","ECR","standard","simple","alpha","0.3298"
"2294","44","3","overfitting_rho0","ECR","standard","simple","alpha","0.3898"
"2295","45","3","overfitting_rho0","ECR","standard","simple","alpha","0.2698"
"2296","46","3","overfitting_rho0","ECR","standard","simple","alpha","0.3698"
"2297","47","3","overfitting_rho0","ECR","standard","simple","alpha","0.3598"
"2298","48","3","overfitting_rho0","ECR","standard","simple","alpha","0.2598"
"2299","49","3","overfitting_rho0","ECR","standard","simple","alpha","0.2798"
"2300","50","3","overfitting_rho0","ECR","standard","simple","alpha","0.2898"
"2301","1","3","overfitting_rho.5","ECR","standard","simple","alpha","0.3098"
"2302","2","3","overfitting_rho.5","ECR","standard","simple","alpha","0.4198"
"2303","3","3","overfitting_rho.5","ECR","standard","simple","alpha","0.3498"
"2304","4","3","overfitting_rho.5","ECR","standard","simple","alpha","0.2998"
"2305","5","3","overfitting_rho.5","ECR","standard","simple","alpha","0.3298"
"2306","6","3","overfitting_rho.5","ECR","standard","simple","alpha","0.3698"
"2307","7","3","overfitting_rho.5","ECR","standard","simple","alpha","0.3798"
"2308","8","3","overfitting_rho.5","ECR","standard","simple","alpha","0.2298"
"2309","9","3","overfitting_rho.5","ECR","standard","simple","alpha","0.2498"
"2310","10","3","overfitting_rho.5","ECR","standard","simple","alpha","0.2798"
"2311","11","3","overfitting_rho.5","ECR","standard","simple","alpha","0.2298"
"2312","12","3","overfitting_rho.5","ECR","standard","simple","alpha","0.3398"
"2313","13","3","overfitting_rho.5","ECR","standard","simple","alpha","0.2598"
"2314","14","3","overfitting_rho.5","ECR","standard","simple","alpha","0.3598"
"2315","15","3","overfitting_rho.5","ECR","standard","simple","alpha","0.2998"
"2316","16","3","overfitting_rho.5","ECR","standard","simple","alpha","0.3398"
"2317","17","3","overfitting_rho.5","ECR","standard","simple","alpha","0.2398"
"2318","18","3","overfitting_rho.5","ECR","standard","simple","alpha","0.2798"
"2319","19","3","overfitting_rho.5","ECR","standard","simple","alpha","0.3298"
"2320","20","3","overfitting_rho.5","ECR","standard","simple","alpha","0.2198"
"2321","21","3","overfitting_rho.5","ECR","standard","simple","alpha","0.2098"
"2322","22","3","overfitting_rho.5","ECR","standard","simple","alpha","0.3698"
"2323","23","3","overfitting_rho.5","ECR","standard","simple","alpha","0.3198"
"2324","24","3","overfitting_rho.5","ECR","standard","simple","alpha","0.3898"
"2325","25","3","overfitting_rho.5","ECR","standard","simple","alpha","0.3198"
"2326","26","3","overfitting_rho.5","ECR","standard","simple","alpha","0.3898"
"2327","27","3","overfitting_rho.5","ECR","standard","simple","alpha","0.3998"
"2328","28","3","overfitting_rho.5","ECR","standard","simple","alpha","0.4098"
"2329","29","3","overfitting_rho.5","ECR","standard","simple","alpha","0.3998"
"2330","30","3","overfitting_rho.5","ECR","standard","simple","alpha","0.3498"
"2331","31","3","overfitting_rho.5","ECR","standard","simple","alpha","0.3598"
"2332","32","3","overfitting_rho.5","ECR","standard","simple","alpha","0.3698"
"2333","33","3","overfitting_rho.5","ECR","standard","simple","alpha","0.3998"
"2334","34","3","overfitting_rho.5","ECR","standard","simple","alpha","0.4098"
"2335","35","3","overfitting_rho.5","ECR","standard","simple","alpha","0.2898"
"2336","36","3","overfitting_rho.5","ECR","standard","simple","alpha","0.3198"
"2337","37","3","overfitting_rho.5","ECR","standard","simple","alpha","0.3998"
"2338","38","3","overfitting_rho.5","ECR","standard","simple","alpha","0.4098"
"2339","39","3","overfitting_rho.5","ECR","standard","simple","alpha","0.3398"
"2340","40","3","overfitting_rho.5","ECR","standard","simple","alpha","0.2298"
"2341","41","3","overfitting_rho.5","ECR","standard","simple","alpha","0.3298"
"2342","42","3","overfitting_rho.5","ECR","standard","simple","alpha","0.3098"
"2343","43","3","overfitting_rho.5","ECR","standard","simple","alpha","0.3098"
"2344","44","3","overfitting_rho.5","ECR","standard","simple","alpha","0.2398"
"2345","45","3","overfitting_rho.5","ECR","standard","simple","alpha","0.3098"
"2346","46","3","overfitting_rho.5","ECR","standard","simple","alpha","0.3598"
"2347","47","3","overfitting_rho.5","ECR","standard","simple","alpha","0.3098"
"2348","48","3","overfitting_rho.5","ECR","standard","simple","alpha","0.2798"
"2349","49","3","overfitting_rho.5","ECR","standard","simple","alpha","0.3498"
"2350","50","3","overfitting_rho.5","ECR","standard","simple","alpha","0.3598"
"2351","1","3","overfitting_rho1","ECR","standard","simple","alpha","0.2598"
"2352","2","3","overfitting_rho1","ECR","standard","simple","alpha","0.2098"
"2353","3","3","overfitting_rho1","ECR","standard","simple","alpha","0.5"
"2354","4","3","overfitting_rho1","ECR","standard","simple","alpha","0.3198"
"2355","5","3","overfitting_rho1","ECR","standard","simple","alpha","0.5"
"2356","6","3","overfitting_rho1","ECR","standard","simple","alpha","0.2398"
"2357","7","3","overfitting_rho1","ECR","standard","simple","alpha","0.2098"
"2358","8","3","overfitting_rho1","ECR","standard","simple","alpha","0.3498"
"2359","9","3","overfitting_rho1","ECR","standard","simple","alpha","0.2598"
"2360","10","3","overfitting_rho1","ECR","standard","simple","alpha","0.5"
"2361","11","3","overfitting_rho1","ECR","standard","simple","alpha","0.5"
"2362","12","3","overfitting_rho1","ECR","standard","simple","alpha","0.3198"
"2363","13","3","overfitting_rho1","ECR","standard","simple","alpha","0.5"
"2364","14","3","overfitting_rho1","ECR","standard","simple","alpha","0.2198"
"2365","15","3","overfitting_rho1","ECR","standard","simple","alpha","0.2098"
"2366","16","3","overfitting_rho1","ECR","standard","simple","alpha","0.3098"
"2367","17","3","overfitting_rho1","ECR","standard","simple","alpha","0.2798"
"2368","18","3","overfitting_rho1","ECR","standard","simple","alpha","0.2598"
"2369","19","3","overfitting_rho1","ECR","standard","simple","alpha","0.2998"
"2370","20","3","overfitting_rho1","ECR","standard","simple","alpha","0.2198"
"2371","21","3","overfitting_rho1","ECR","standard","simple","alpha","0.2298"
"2372","22","3","overfitting_rho1","ECR","standard","simple","alpha","0.2998"
"2373","23","3","overfitting_rho1","ECR","standard","simple","alpha","0.5"
"2374","24","3","overfitting_rho1","ECR","standard","simple","alpha","0.2298"
"2375","25","3","overfitting_rho1","ECR","standard","simple","alpha","0.5"
"2376","26","3","overfitting_rho1","ECR","standard","simple","alpha","0.4198"
"2377","27","3","overfitting_rho1","ECR","standard","simple","alpha","0.2598"
"2378","28","3","overfitting_rho1","ECR","standard","simple","alpha","0.3198"
"2379","29","3","overfitting_rho1","ECR","standard","simple","alpha","0.2098"
"2380","30","3","overfitting_rho1","ECR","standard","simple","alpha","0.2898"
"2381","31","3","overfitting_rho1","ECR","standard","simple","alpha","0.2598"
"2382","32","3","overfitting_rho1","ECR","standard","simple","alpha","0.5"
"2383","33","3","overfitting_rho1","ECR","standard","simple","alpha","0.2998"
"2384","34","3","overfitting_rho1","ECR","standard","simple","alpha","0.2098"
"2385","35","3","overfitting_rho1","ECR","standard","simple","alpha","0.3298"
"2386","36","3","overfitting_rho1","ECR","standard","simple","alpha","0.2098"
"2387","37","3","overfitting_rho1","ECR","standard","simple","alpha","0.2098"
"2388","38","3","overfitting_rho1","ECR","standard","simple","alpha","0.3098"
"2389","39","3","overfitting_rho1","ECR","standard","simple","alpha","0.2798"
"2390","40","3","overfitting_rho1","ECR","standard","simple","alpha","0.4798"
"2391","41","3","overfitting_rho1","ECR","standard","simple","alpha","0.3298"
"2392","42","3","overfitting_rho1","ECR","standard","simple","alpha","0.2498"
"2393","43","3","overfitting_rho1","ECR","standard","simple","alpha","0.3698"
"2394","44","3","overfitting_rho1","ECR","standard","simple","alpha","0.2098"
"2395","45","3","overfitting_rho1","ECR","standard","simple","alpha","0.3098"
"2396","46","3","overfitting_rho1","ECR","standard","simple","alpha","0.2098"
"2397","47","3","overfitting_rho1","ECR","standard","simple","alpha","0.4498"
"2398","48","3","overfitting_rho1","ECR","standard","simple","alpha","0.2998"
"2399","49","3","overfitting_rho1","ECR","standard","simple","alpha","0.2498"
"2400","50","3","overfitting_rho1","ECR","standard","simple","alpha","0.2098"
"2401","1","3","overfitting_rho0","ECR","standard","bridge","alpha","Inf"
"2402","2","3","overfitting_rho0","ECR","standard","bridge","alpha","Inf"
"2403","3","3","overfitting_rho0","ECR","standard","bridge","alpha","Inf"
"2404","4","3","overfitting_rho0","ECR","standard","bridge","alpha","Inf"
"2405","5","3","overfitting_rho0","ECR","standard","bridge","alpha","Inf"
"2406","6","3","overfitting_rho0","ECR","standard","bridge","alpha","Inf"
"2407","7","3","overfitting_rho0","ECR","standard","bridge","alpha","Inf"
"2408","8","3","overfitting_rho0","ECR","standard","bridge","alpha","Inf"
"2409","9","3","overfitting_rho0","ECR","standard","bridge","alpha","Inf"
"2410","10","3","overfitting_rho0","ECR","standard","bridge","alpha","Inf"
"2411","11","3","overfitting_rho0","ECR","standard","bridge","alpha","Inf"
"2412","12","3","overfitting_rho0","ECR","standard","bridge","alpha","Inf"
"2413","13","3","overfitting_rho0","ECR","standard","bridge","alpha","Inf"
"2414","14","3","overfitting_rho0","ECR","standard","bridge","alpha","Inf"
"2415","15","3","overfitting_rho0","ECR","standard","bridge","alpha","Inf"
"2416","16","3","overfitting_rho0","ECR","standard","bridge","alpha","Inf"
"2417","17","3","overfitting_rho0","ECR","standard","bridge","alpha","Inf"
"2418","18","3","overfitting_rho0","ECR","standard","bridge","alpha","Inf"
"2419","19","3","overfitting_rho0","ECR","standard","bridge","alpha","Inf"
"2420","20","3","overfitting_rho0","ECR","standard","bridge","alpha","Inf"
"2421","21","3","overfitting_rho0","ECR","standard","bridge","alpha","Inf"
"2422","22","3","overfitting_rho0","ECR","standard","bridge","alpha","Inf"
"2423","23","3","overfitting_rho0","ECR","standard","bridge","alpha","Inf"
"2424","24","3","overfitting_rho0","ECR","standard","bridge","alpha","Inf"
"2425","25","3","overfitting_rho0","ECR","standard","bridge","alpha","Inf"
"2426","26","3","overfitting_rho0","ECR","standard","bridge","alpha","Inf"
"2427","27","3","overfitting_rho0","ECR","standard","bridge","alpha","Inf"
"2428","28","3","overfitting_rho0","ECR","standard","bridge","alpha","Inf"
"2429","29","3","overfitting_rho0","ECR","standard","bridge","alpha","Inf"
"2430","30","3","overfitting_rho0","ECR","standard","bridge","alpha","Inf"
"2431","31","3","overfitting_rho0","ECR","standard","bridge","alpha","Inf"
"2432","32","3","overfitting_rho0","ECR","standard","bridge","alpha","Inf"
"2433","33","3","overfitting_rho0","ECR","standard","bridge","alpha","Inf"
"2434","34","3","overfitting_rho0","ECR","standard","bridge","alpha","Inf"
"2435","35","3","overfitting_rho0","ECR","standard","bridge","alpha","Inf"
"2436","36","3","overfitting_rho0","ECR","standard","bridge","alpha","Inf"
"2437","37","3","overfitting_rho0","ECR","standard","bridge","alpha","Inf"
"2438","38","3","overfitting_rho0","ECR","standard","bridge","alpha","Inf"
"2439","39","3","overfitting_rho0","ECR","standard","bridge","alpha","Inf"
"2440","40","3","overfitting_rho0","ECR","standard","bridge","alpha","Inf"
"2441","41","3","overfitting_rho0","ECR","standard","bridge","alpha","Inf"
"2442","42","3","overfitting_rho0","ECR","standard","bridge","alpha","Inf"
"2443","43","3","overfitting_rho0","ECR","standard","bridge","alpha","Inf"
"2444","44","3","overfitting_rho0","ECR","standard","bridge","alpha","Inf"
"2445","45","3","overfitting_rho0","ECR","standard","bridge","alpha","Inf"
"2446","46","3","overfitting_rho0","ECR","standard","bridge","alpha","Inf"
"2447","47","3","overfitting_rho0","ECR","standard","bridge","alpha","Inf"
"2448","48","3","overfitting_rho0","ECR","standard","bridge","alpha","Inf"
"2449","49","3","overfitting_rho0","ECR","standard","bridge","alpha","Inf"
"2450","50","3","overfitting_rho0","ECR","standard","bridge","alpha","Inf"
"2451","1","3","overfitting_rho.5","ECR","standard","bridge","alpha","Inf"
"2452","2","3","overfitting_rho.5","ECR","standard","bridge","alpha","Inf"
"2453","3","3","overfitting_rho.5","ECR","standard","bridge","alpha","Inf"
"2454","4","3","overfitting_rho.5","ECR","standard","bridge","alpha","Inf"
"2455","5","3","overfitting_rho.5","ECR","standard","bridge","alpha","Inf"
"2456","6","3","overfitting_rho.5","ECR","standard","bridge","alpha","Inf"
"2457","7","3","overfitting_rho.5","ECR","standard","bridge","alpha","Inf"
"2458","8","3","overfitting_rho.5","ECR","standard","bridge","alpha","Inf"
"2459","9","3","overfitting_rho.5","ECR","standard","bridge","alpha","Inf"
"2460","10","3","overfitting_rho.5","ECR","standard","bridge","alpha","Inf"
"2461","11","3","overfitting_rho.5","ECR","standard","bridge","alpha","Inf"
"2462","12","3","overfitting_rho.5","ECR","standard","bridge","alpha","Inf"
"2463","13","3","overfitting_rho.5","ECR","standard","bridge","alpha","Inf"
"2464","14","3","overfitting_rho.5","ECR","standard","bridge","alpha","Inf"
"2465","15","3","overfitting_rho.5","ECR","standard","bridge","alpha","Inf"
"2466","16","3","overfitting_rho.5","ECR","standard","bridge","alpha","Inf"
"2467","17","3","overfitting_rho.5","ECR","standard","bridge","alpha","Inf"
"2468","18","3","overfitting_rho.5","ECR","standard","bridge","alpha","Inf"
"2469","19","3","overfitting_rho.5","ECR","standard","bridge","alpha","Inf"
"2470","20","3","overfitting_rho.5","ECR","standard","bridge","alpha","Inf"
"2471","21","3","overfitting_rho.5","ECR","standard","bridge","alpha","Inf"
"2472","22","3","overfitting_rho.5","ECR","standard","bridge","alpha","Inf"
"2473","23","3","overfitting_rho.5","ECR","standard","bridge","alpha","Inf"
"2474","24","3","overfitting_rho.5","ECR","standard","bridge","alpha","Inf"
"2475","25","3","overfitting_rho.5","ECR","standard","bridge","alpha","Inf"
"2476","26","3","overfitting_rho.5","ECR","standard","bridge","alpha","Inf"
"2477","27","3","overfitting_rho.5","ECR","standard","bridge","alpha","Inf"
"2478","28","3","overfitting_rho.5","ECR","standard","bridge","alpha","Inf"
"2479","29","3","overfitting_rho.5","ECR","standard","bridge","alpha","Inf"
"2480","30","3","overfitting_rho.5","ECR","standard","bridge","alpha","Inf"
"2481","31","3","overfitting_rho.5","ECR","standard","bridge","alpha","Inf"
"2482","32","3","overfitting_rho.5","ECR","standard","bridge","alpha","Inf"
"2483","33","3","overfitting_rho.5","ECR","standard","bridge","alpha","Inf"
"2484","34","3","overfitting_rho.5","ECR","standard","bridge","alpha","Inf"
"2485","35","3","overfitting_rho.5","ECR","standard","bridge","alpha","Inf"
"2486","36","3","overfitting_rho.5","ECR","standard","bridge","alpha","Inf"
"2487","37","3","overfitting_rho.5","ECR","standard","bridge","alpha","Inf"
"2488","38","3","overfitting_rho.5","ECR","standard","bridge","alpha","Inf"
"2489","39","3","overfitting_rho.5","ECR","standard","bridge","alpha","Inf"
"2490","40","3","overfitting_rho.5","ECR","standard","bridge","alpha","Inf"
"2491","41","3","overfitting_rho.5","ECR","standard","bridge","alpha","Inf"
"2492","42","3","overfitting_rho.5","ECR","standard","bridge","alpha","Inf"
"2493","43","3","overfitting_rho.5","ECR","standard","bridge","alpha","Inf"
"2494","44","3","overfitting_rho.5","ECR","standard","bridge","alpha","Inf"
"2495","45","3","overfitting_rho.5","ECR","standard","bridge","alpha","Inf"
"2496","46","3","overfitting_rho.5","ECR","standard","bridge","alpha","Inf"
"2497","47","3","overfitting_rho.5","ECR","standard","bridge","alpha","Inf"
"2498","48","3","overfitting_rho.5","ECR","standard","bridge","alpha","Inf"
"2499","49","3","overfitting_rho.5","ECR","standard","bridge","alpha","Inf"
"2500","50","3","overfitting_rho.5","ECR","standard","bridge","alpha","Inf"
"2501","1","3","overfitting_rho1","ECR","standard","bridge","alpha","Inf"
"2502","2","3","overfitting_rho1","ECR","standard","bridge","alpha","Inf"
"2503","3","3","overfitting_rho1","ECR","standard","bridge","alpha","Inf"
"2504","4","3","overfitting_rho1","ECR","standard","bridge","alpha","Inf"
"2505","5","3","overfitting_rho1","ECR","standard","bridge","alpha","Inf"
"2506","6","3","overfitting_rho1","ECR","standard","bridge","alpha","Inf"
"2507","7","3","overfitting_rho1","ECR","standard","bridge","alpha","Inf"
"2508","8","3","overfitting_rho1","ECR","standard","bridge","alpha","Inf"
"2509","9","3","overfitting_rho1","ECR","standard","bridge","alpha","Inf"
"2510","10","3","overfitting_rho1","ECR","standard","bridge","alpha","Inf"
"2511","11","3","overfitting_rho1","ECR","standard","bridge","alpha","Inf"
"2512","12","3","overfitting_rho1","ECR","standard","bridge","alpha","Inf"
"2513","13","3","overfitting_rho1","ECR","standard","bridge","alpha","Inf"
"2514","14","3","overfitting_rho1","ECR","standard","bridge","alpha","Inf"
"2515","15","3","overfitting_rho1","ECR","standard","bridge","alpha","Inf"
"2516","16","3","overfitting_rho1","ECR","standard","bridge","alpha","Inf"
"2517","17","3","overfitting_rho1","ECR","standard","bridge","alpha","Inf"
"2518","18","3","overfitting_rho1","ECR","standard","bridge","alpha","Inf"
"2519","19","3","overfitting_rho1","ECR","standard","bridge","alpha","Inf"
"2520","20","3","overfitting_rho1","ECR","standard","bridge","alpha","Inf"
"2521","21","3","overfitting_rho1","ECR","standard","bridge","alpha","Inf"
"2522","22","3","overfitting_rho1","ECR","standard","bridge","alpha","Inf"
"2523","23","3","overfitting_rho1","ECR","standard","bridge","alpha","Inf"
"2524","24","3","overfitting_rho1","ECR","standard","bridge","alpha","Inf"
"2525","25","3","overfitting_rho1","ECR","standard","bridge","alpha","Inf"
"2526","26","3","overfitting_rho1","ECR","standard","bridge","alpha","Inf"
"2527","27","3","overfitting_rho1","ECR","standard","bridge","alpha","Inf"
"2528","28","3","overfitting_rho1","ECR","standard","bridge","alpha","Inf"
"2529","29","3","overfitting_rho1","ECR","standard","bridge","alpha","Inf"
"2530","30","3","overfitting_rho1","ECR","standard","bridge","alpha","Inf"
"2531","31","3","overfitting_rho1","ECR","standard","bridge","alpha","Inf"
"2532","32","3","overfitting_rho1","ECR","standard","bridge","alpha","Inf"
"2533","33","3","overfitting_rho1","ECR","standard","bridge","alpha","Inf"
"2534","34","3","overfitting_rho1","ECR","standard","bridge","alpha","Inf"
"2535","35","3","overfitting_rho1","ECR","standard","bridge","alpha","Inf"
"2536","36","3","overfitting_rho1","ECR","standard","bridge","alpha","Inf"
"2537","37","3","overfitting_rho1","ECR","standard","bridge","alpha","Inf"
"2538","38","3","overfitting_rho1","ECR","standard","bridge","alpha","Inf"
"2539","39","3","overfitting_rho1","ECR","standard","bridge","alpha","Inf"
"2540","40","3","overfitting_rho1","ECR","standard","bridge","alpha","Inf"
"2541","41","3","overfitting_rho1","ECR","standard","bridge","alpha","Inf"
"2542","42","3","overfitting_rho1","ECR","standard","bridge","alpha","Inf"
"2543","43","3","overfitting_rho1","ECR","standard","bridge","alpha","Inf"
"2544","44","3","overfitting_rho1","ECR","standard","bridge","alpha","Inf"
"2545","45","3","overfitting_rho1","ECR","standard","bridge","alpha","Inf"
"2546","46","3","overfitting_rho1","ECR","standard","bridge","alpha","Inf"
"2547","47","3","overfitting_rho1","ECR","standard","bridge","alpha","Inf"
"2548","48","3","overfitting_rho1","ECR","standard","bridge","alpha","Inf"
"2549","49","3","overfitting_rho1","ECR","standard","bridge","alpha","Inf"
"2550","50","3","overfitting_rho1","ECR","standard","bridge","alpha","Inf"
"2551","1","3","overfitting_rho0","ECR","standard","standard","alpha","0.3198"
"2552","2","3","overfitting_rho0","ECR","standard","standard","alpha","0.3598"
"2553","3","3","overfitting_rho0","ECR","standard","standard","alpha","0.4298"
"2554","4","3","overfitting_rho0","ECR","standard","standard","alpha","0.2498"
"2555","5","3","overfitting_rho0","ECR","standard","standard","alpha","0.3698"
"2556","6","3","overfitting_rho0","ECR","standard","standard","alpha","0.2798"
"2557","7","3","overfitting_rho0","ECR","standard","standard","alpha","0.2998"
"2558","8","3","overfitting_rho0","ECR","standard","standard","alpha","0.2798"
"2559","9","3","overfitting_rho0","ECR","standard","standard","alpha","0.2498"
"2560","10","3","overfitting_rho0","ECR","standard","standard","alpha","0.4098"
"2561","11","3","overfitting_rho0","ECR","standard","standard","alpha","0.3398"
"2562","12","3","overfitting_rho0","ECR","standard","standard","alpha","0.3598"
"2563","13","3","overfitting_rho0","ECR","standard","standard","alpha","0.2598"
"2564","14","3","overfitting_rho0","ECR","standard","standard","alpha","0.3898"
"2565","15","3","overfitting_rho0","ECR","standard","standard","alpha","0.3598"
"2566","16","3","overfitting_rho0","ECR","standard","standard","alpha","0.3698"
"2567","17","3","overfitting_rho0","ECR","standard","standard","alpha","0.4598"
"2568","18","3","overfitting_rho0","ECR","standard","standard","alpha","0.3098"
"2569","19","3","overfitting_rho0","ECR","standard","standard","alpha","0.4298"
"2570","20","3","overfitting_rho0","ECR","standard","standard","alpha","0.2098"
"2571","21","3","overfitting_rho0","ECR","standard","standard","alpha","0.2898"
"2572","22","3","overfitting_rho0","ECR","standard","standard","alpha","0.3598"
"2573","23","3","overfitting_rho0","ECR","standard","standard","alpha","0.2898"
"2574","24","3","overfitting_rho0","ECR","standard","standard","alpha","0.3098"
"2575","25","3","overfitting_rho0","ECR","standard","standard","alpha","0.2098"
"2576","26","3","overfitting_rho0","ECR","standard","standard","alpha","0.3498"
"2577","27","3","overfitting_rho0","ECR","standard","standard","alpha","0.3298"
"2578","28","3","overfitting_rho0","ECR","standard","standard","alpha","0.3698"
"2579","29","3","overfitting_rho0","ECR","standard","standard","alpha","0.2098"
"2580","30","3","overfitting_rho0","ECR","standard","standard","alpha","0.2098"
"2581","31","3","overfitting_rho0","ECR","standard","standard","alpha","0.2098"
"2582","32","3","overfitting_rho0","ECR","standard","standard","alpha","0.3098"
"2583","33","3","overfitting_rho0","ECR","standard","standard","alpha","0.3098"
"2584","34","3","overfitting_rho0","ECR","standard","standard","alpha","0.3398"
"2585","35","3","overfitting_rho0","ECR","standard","standard","alpha","0.3698"
"2586","36","3","overfitting_rho0","ECR","standard","standard","alpha","0.3098"
"2587","37","3","overfitting_rho0","ECR","standard","standard","alpha","0.2798"
"2588","38","3","overfitting_rho0","ECR","standard","standard","alpha","0.3198"
"2589","39","3","overfitting_rho0","ECR","standard","standard","alpha","0.2698"
"2590","40","3","overfitting_rho0","ECR","standard","standard","alpha","0.2298"
"2591","41","3","overfitting_rho0","ECR","standard","standard","alpha","0.2798"
"2592","42","3","overfitting_rho0","ECR","standard","standard","alpha","0.3298"
"2593","43","3","overfitting_rho0","ECR","standard","standard","alpha","0.3298"
"2594","44","3","overfitting_rho0","ECR","standard","standard","alpha","0.3898"
"2595","45","3","overfitting_rho0","ECR","standard","standard","alpha","0.2698"
"2596","46","3","overfitting_rho0","ECR","standard","standard","alpha","0.3698"
"2597","47","3","overfitting_rho0","ECR","standard","standard","alpha","0.3598"
"2598","48","3","overfitting_rho0","ECR","standard","standard","alpha","0.2598"
"2599","49","3","overfitting_rho0","ECR","standard","standard","alpha","0.2798"
"2600","50","3","overfitting_rho0","ECR","standard","standard","alpha","0.2898"
"2601","1","3","overfitting_rho.5","ECR","standard","standard","alpha","0.3098"
"2602","2","3","overfitting_rho.5","ECR","standard","standard","alpha","0.4198"
"2603","3","3","overfitting_rho.5","ECR","standard","standard","alpha","0.3498"
"2604","4","3","overfitting_rho.5","ECR","standard","standard","alpha","0.2998"
"2605","5","3","overfitting_rho.5","ECR","standard","standard","alpha","0.3298"
"2606","6","3","overfitting_rho.5","ECR","standard","standard","alpha","0.3698"
"2607","7","3","overfitting_rho.5","ECR","standard","standard","alpha","0.3798"
"2608","8","3","overfitting_rho.5","ECR","standard","standard","alpha","0.2298"
"2609","9","3","overfitting_rho.5","ECR","standard","standard","alpha","0.2498"
"2610","10","3","overfitting_rho.5","ECR","standard","standard","alpha","0.2798"
"2611","11","3","overfitting_rho.5","ECR","standard","standard","alpha","0.2298"
"2612","12","3","overfitting_rho.5","ECR","standard","standard","alpha","0.3398"
"2613","13","3","overfitting_rho.5","ECR","standard","standard","alpha","0.2598"
"2614","14","3","overfitting_rho.5","ECR","standard","standard","alpha","0.3598"
"2615","15","3","overfitting_rho.5","ECR","standard","standard","alpha","0.2998"
"2616","16","3","overfitting_rho.5","ECR","standard","standard","alpha","0.3398"
"2617","17","3","overfitting_rho.5","ECR","standard","standard","alpha","0.2398"
"2618","18","3","overfitting_rho.5","ECR","standard","standard","alpha","0.2798"
"2619","19","3","overfitting_rho.5","ECR","standard","standard","alpha","0.3298"
"2620","20","3","overfitting_rho.5","ECR","standard","standard","alpha","0.2198"
"2621","21","3","overfitting_rho.5","ECR","standard","standard","alpha","0.2098"
"2622","22","3","overfitting_rho.5","ECR","standard","standard","alpha","0.3698"
"2623","23","3","overfitting_rho.5","ECR","standard","standard","alpha","0.3198"
"2624","24","3","overfitting_rho.5","ECR","standard","standard","alpha","0.3898"
"2625","25","3","overfitting_rho.5","ECR","standard","standard","alpha","0.3198"
"2626","26","3","overfitting_rho.5","ECR","standard","standard","alpha","0.3898"
"2627","27","3","overfitting_rho.5","ECR","standard","standard","alpha","0.3998"
"2628","28","3","overfitting_rho.5","ECR","standard","standard","alpha","0.4098"
"2629","29","3","overfitting_rho.5","ECR","standard","standard","alpha","0.3998"
"2630","30","3","overfitting_rho.5","ECR","standard","standard","alpha","0.3498"
"2631","31","3","overfitting_rho.5","ECR","standard","standard","alpha","0.3598"
"2632","32","3","overfitting_rho.5","ECR","standard","standard","alpha","0.3698"
"2633","33","3","overfitting_rho.5","ECR","standard","standard","alpha","0.3998"
"2634","34","3","overfitting_rho.5","ECR","standard","standard","alpha","0.4098"
"2635","35","3","overfitting_rho.5","ECR","standard","standard","alpha","0.2898"
"2636","36","3","overfitting_rho.5","ECR","standard","standard","alpha","0.3198"
"2637","37","3","overfitting_rho.5","ECR","standard","standard","alpha","0.3998"
"2638","38","3","overfitting_rho.5","ECR","standard","standard","alpha","0.4098"
"2639","39","3","overfitting_rho.5","ECR","standard","standard","alpha","0.3398"
"2640","40","3","overfitting_rho.5","ECR","standard","standard","alpha","0.2298"
"2641","41","3","overfitting_rho.5","ECR","standard","standard","alpha","0.3298"
"2642","42","3","overfitting_rho.5","ECR","standard","standard","alpha","0.3098"
"2643","43","3","overfitting_rho.5","ECR","standard","standard","alpha","0.3098"
"2644","44","3","overfitting_rho.5","ECR","standard","standard","alpha","0.2398"
"2645","45","3","overfitting_rho.5","ECR","standard","standard","alpha","0.3098"
"2646","46","3","overfitting_rho.5","ECR","standard","standard","alpha","0.3598"
"2647","47","3","overfitting_rho.5","ECR","standard","standard","alpha","0.3098"
"2648","48","3","overfitting_rho.5","ECR","standard","standard","alpha","0.2798"
"2649","49","3","overfitting_rho.5","ECR","standard","standard","alpha","0.3498"
"2650","50","3","overfitting_rho.5","ECR","standard","standard","alpha","0.3598"
"2651","1","3","overfitting_rho1","ECR","standard","standard","alpha","0.2598"
"2652","2","3","overfitting_rho1","ECR","standard","standard","alpha","0.2098"
"2653","3","3","overfitting_rho1","ECR","standard","standard","alpha","0.5"
"2654","4","3","overfitting_rho1","ECR","standard","standard","alpha","0.3198"
"2655","5","3","overfitting_rho1","ECR","standard","standard","alpha","0.5"
"2656","6","3","overfitting_rho1","ECR","standard","standard","alpha","0.2398"
"2657","7","3","overfitting_rho1","ECR","standard","standard","alpha","0.2098"
"2658","8","3","overfitting_rho1","ECR","standard","standard","alpha","0.3498"
"2659","9","3","overfitting_rho1","ECR","standard","standard","alpha","0.2598"
"2660","10","3","overfitting_rho1","ECR","standard","standard","alpha","0.5"
"2661","11","3","overfitting_rho1","ECR","standard","standard","alpha","0.5"
"2662","12","3","overfitting_rho1","ECR","standard","standard","alpha","0.3198"
"2663","13","3","overfitting_rho1","ECR","standard","standard","alpha","0.5"
"2664","14","3","overfitting_rho1","ECR","standard","standard","alpha","0.2198"
"2665","15","3","overfitting_rho1","ECR","standard","standard","alpha","0.2098"
"2666","16","3","overfitting_rho1","ECR","standard","standard","alpha","0.3098"
"2667","17","3","overfitting_rho1","ECR","standard","standard","alpha","0.2798"
"2668","18","3","overfitting_rho1","ECR","standard","standard","alpha","0.2598"
"2669","19","3","overfitting_rho1","ECR","standard","standard","alpha","0.2998"
"2670","20","3","overfitting_rho1","ECR","standard","standard","alpha","0.2198"
"2671","21","3","overfitting_rho1","ECR","standard","standard","alpha","0.2298"
"2672","22","3","overfitting_rho1","ECR","standard","standard","alpha","0.2998"
"2673","23","3","overfitting_rho1","ECR","standard","standard","alpha","0.5"
"2674","24","3","overfitting_rho1","ECR","standard","standard","alpha","0.2298"
"2675","25","3","overfitting_rho1","ECR","standard","standard","alpha","0.5"
"2676","26","3","overfitting_rho1","ECR","standard","standard","alpha","0.4198"
"2677","27","3","overfitting_rho1","ECR","standard","standard","alpha","0.2598"
"2678","28","3","overfitting_rho1","ECR","standard","standard","alpha","0.3198"
"2679","29","3","overfitting_rho1","ECR","standard","standard","alpha","0.2098"
"2680","30","3","overfitting_rho1","ECR","standard","standard","alpha","0.2898"
"2681","31","3","overfitting_rho1","ECR","standard","standard","alpha","0.2598"
"2682","32","3","overfitting_rho1","ECR","standard","standard","alpha","0.5"
"2683","33","3","overfitting_rho1","ECR","standard","standard","alpha","0.2998"
"2684","34","3","overfitting_rho1","ECR","standard","standard","alpha","0.2098"
"2685","35","3","overfitting_rho1","ECR","standard","standard","alpha","0.3298"
"2686","36","3","overfitting_rho1","ECR","standard","standard","alpha","0.2098"
"2687","37","3","overfitting_rho1","ECR","standard","standard","alpha","0.2098"
"2688","38","3","overfitting_rho1","ECR","standard","standard","alpha","0.3098"
"2689","39","3","overfitting_rho1","ECR","standard","standard","alpha","0.2798"
"2690","40","3","overfitting_rho1","ECR","standard","standard","alpha","0.4798"
"2691","41","3","overfitting_rho1","ECR","standard","standard","alpha","0.3298"
"2692","42","3","overfitting_rho1","ECR","standard","standard","alpha","0.2498"
"2693","43","3","overfitting_rho1","ECR","standard","standard","alpha","0.3698"
"2694","44","3","overfitting_rho1","ECR","standard","standard","alpha","0.2098"
"2695","45","3","overfitting_rho1","ECR","standard","standard","alpha","0.3098"
"2696","46","3","overfitting_rho1","ECR","standard","standard","alpha","0.2098"
"2697","47","3","overfitting_rho1","ECR","standard","standard","alpha","0.4498"
"2698","48","3","overfitting_rho1","ECR","standard","standard","alpha","0.2998"
"2699","49","3","overfitting_rho1","ECR","standard","standard","alpha","0.2498"
"2700","50","3","overfitting_rho1","ECR","standard","standard","alpha","0.2098"
"2701","1","3","overfitting_rho0","ECR","standard","simple","co","1"
"2702","2","3","overfitting_rho0","ECR","standard","simple","co","1"
"2703","3","3","overfitting_rho0","ECR","standard","simple","co","1"
"2704","4","3","overfitting_rho0","ECR","standard","simple","co","1"
"2705","5","3","overfitting_rho0","ECR","standard","simple","co","1"
"2706","6","3","overfitting_rho0","ECR","standard","simple","co","1"
"2707","7","3","overfitting_rho0","ECR","standard","simple","co","1"
"2708","8","3","overfitting_rho0","ECR","standard","simple","co","1"
"2709","9","3","overfitting_rho0","ECR","standard","simple","co","1"
"2710","10","3","overfitting_rho0","ECR","standard","simple","co","1"
"2711","11","3","overfitting_rho0","ECR","standard","simple","co","1"
"2712","12","3","overfitting_rho0","ECR","standard","simple","co","1"
"2713","13","3","overfitting_rho0","ECR","standard","simple","co","1"
"2714","14","3","overfitting_rho0","ECR","standard","simple","co","1"
"2715","15","3","overfitting_rho0","ECR","standard","simple","co","1"
"2716","16","3","overfitting_rho0","ECR","standard","simple","co","1"
"2717","17","3","overfitting_rho0","ECR","standard","simple","co","1"
"2718","18","3","overfitting_rho0","ECR","standard","simple","co","1"
"2719","19","3","overfitting_rho0","ECR","standard","simple","co","1"
"2720","20","3","overfitting_rho0","ECR","standard","simple","co","1"
"2721","21","3","overfitting_rho0","ECR","standard","simple","co","1"
"2722","22","3","overfitting_rho0","ECR","standard","simple","co","1"
"2723","23","3","overfitting_rho0","ECR","standard","simple","co","1"
"2724","24","3","overfitting_rho0","ECR","standard","simple","co","1"
"2725","25","3","overfitting_rho0","ECR","standard","simple","co","1"
"2726","26","3","overfitting_rho0","ECR","standard","simple","co","1"
"2727","27","3","overfitting_rho0","ECR","standard","simple","co","1"
"2728","28","3","overfitting_rho0","ECR","standard","simple","co","1"
"2729","29","3","overfitting_rho0","ECR","standard","simple","co","1"
"2730","30","3","overfitting_rho0","ECR","standard","simple","co","1"
"2731","31","3","overfitting_rho0","ECR","standard","simple","co","1"
"2732","32","3","overfitting_rho0","ECR","standard","simple","co","1"
"2733","33","3","overfitting_rho0","ECR","standard","simple","co","1"
"2734","34","3","overfitting_rho0","ECR","standard","simple","co","1"
"2735","35","3","overfitting_rho0","ECR","standard","simple","co","1"
"2736","36","3","overfitting_rho0","ECR","standard","simple","co","1"
"2737","37","3","overfitting_rho0","ECR","standard","simple","co","1"
"2738","38","3","overfitting_rho0","ECR","standard","simple","co","1"
"2739","39","3","overfitting_rho0","ECR","standard","simple","co","1"
"2740","40","3","overfitting_rho0","ECR","standard","simple","co","1"
"2741","41","3","overfitting_rho0","ECR","standard","simple","co","1"
"2742","42","3","overfitting_rho0","ECR","standard","simple","co","1"
"2743","43","3","overfitting_rho0","ECR","standard","simple","co","1"
"2744","44","3","overfitting_rho0","ECR","standard","simple","co","1"
"2745","45","3","overfitting_rho0","ECR","standard","simple","co","1"
"2746","46","3","overfitting_rho0","ECR","standard","simple","co","1"
"2747","47","3","overfitting_rho0","ECR","standard","simple","co","1"
"2748","48","3","overfitting_rho0","ECR","standard","simple","co","1"
"2749","49","3","overfitting_rho0","ECR","standard","simple","co","1"
"2750","50","3","overfitting_rho0","ECR","standard","simple","co","1"
"2751","1","3","overfitting_rho.5","ECR","standard","simple","co","1"
"2752","2","3","overfitting_rho.5","ECR","standard","simple","co","1"
"2753","3","3","overfitting_rho.5","ECR","standard","simple","co","1"
"2754","4","3","overfitting_rho.5","ECR","standard","simple","co","1"
"2755","5","3","overfitting_rho.5","ECR","standard","simple","co","1"
"2756","6","3","overfitting_rho.5","ECR","standard","simple","co","1"
"2757","7","3","overfitting_rho.5","ECR","standard","simple","co","1"
"2758","8","3","overfitting_rho.5","ECR","standard","simple","co","1"
"2759","9","3","overfitting_rho.5","ECR","standard","simple","co","1"
"2760","10","3","overfitting_rho.5","ECR","standard","simple","co","1"
"2761","11","3","overfitting_rho.5","ECR","standard","simple","co","1"
"2762","12","3","overfitting_rho.5","ECR","standard","simple","co","1"
"2763","13","3","overfitting_rho.5","ECR","standard","simple","co","1"
"2764","14","3","overfitting_rho.5","ECR","standard","simple","co","1"
"2765","15","3","overfitting_rho.5","ECR","standard","simple","co","1"
"2766","16","3","overfitting_rho.5","ECR","standard","simple","co","1"
"2767","17","3","overfitting_rho.5","ECR","standard","simple","co","1"
"2768","18","3","overfitting_rho.5","ECR","standard","simple","co","1"
"2769","19","3","overfitting_rho.5","ECR","standard","simple","co","1"
"2770","20","3","overfitting_rho.5","ECR","standard","simple","co","1"
"2771","21","3","overfitting_rho.5","ECR","standard","simple","co","1"
"2772","22","3","overfitting_rho.5","ECR","standard","simple","co","1"
"2773","23","3","overfitting_rho.5","ECR","standard","simple","co","1"
"2774","24","3","overfitting_rho.5","ECR","standard","simple","co","1"
"2775","25","3","overfitting_rho.5","ECR","standard","simple","co","1"
"2776","26","3","overfitting_rho.5","ECR","standard","simple","co","1"
"2777","27","3","overfitting_rho.5","ECR","standard","simple","co","1"
"2778","28","3","overfitting_rho.5","ECR","standard","simple","co","1"
"2779","29","3","overfitting_rho.5","ECR","standard","simple","co","1"
"2780","30","3","overfitting_rho.5","ECR","standard","simple","co","1"
"2781","31","3","overfitting_rho.5","ECR","standard","simple","co","1"
"2782","32","3","overfitting_rho.5","ECR","standard","simple","co","1"
"2783","33","3","overfitting_rho.5","ECR","standard","simple","co","1"
"2784","34","3","overfitting_rho.5","ECR","standard","simple","co","1"
"2785","35","3","overfitting_rho.5","ECR","standard","simple","co","1"
"2786","36","3","overfitting_rho.5","ECR","standard","simple","co","1"
"2787","37","3","overfitting_rho.5","ECR","standard","simple","co","1"
"2788","38","3","overfitting_rho.5","ECR","standard","simple","co","1"
"2789","39","3","overfitting_rho.5","ECR","standard","simple","co","1"
"2790","40","3","overfitting_rho.5","ECR","standard","simple","co","1"
"2791","41","3","overfitting_rho.5","ECR","standard","simple","co","1"
"2792","42","3","overfitting_rho.5","ECR","standard","simple","co","1"
"2793","43","3","overfitting_rho.5","ECR","standard","simple","co","1"
"2794","44","3","overfitting_rho.5","ECR","standard","simple","co","1"
"2795","45","3","overfitting_rho.5","ECR","standard","simple","co","1"
"2796","46","3","overfitting_rho.5","ECR","standard","simple","co","1"
"2797","47","3","overfitting_rho.5","ECR","standard","simple","co","1"
"2798","48","3","overfitting_rho.5","ECR","standard","simple","co","1"
"2799","49","3","overfitting_rho.5","ECR","standard","simple","co","1"
"2800","50","3","overfitting_rho.5","ECR","standard","simple","co","1"
"2801","1","3","overfitting_rho1","ECR","standard","simple","co","1"
"2802","2","3","overfitting_rho1","ECR","standard","simple","co","1"
"2803","3","3","overfitting_rho1","ECR","standard","simple","co","1"
"2804","4","3","overfitting_rho1","ECR","standard","simple","co","1"
"2805","5","3","overfitting_rho1","ECR","standard","simple","co","1"
"2806","6","3","overfitting_rho1","ECR","standard","simple","co","1"
"2807","7","3","overfitting_rho1","ECR","standard","simple","co","1"
"2808","8","3","overfitting_rho1","ECR","standard","simple","co","1"
"2809","9","3","overfitting_rho1","ECR","standard","simple","co","1"
"2810","10","3","overfitting_rho1","ECR","standard","simple","co","1"
"2811","11","3","overfitting_rho1","ECR","standard","simple","co","1"
"2812","12","3","overfitting_rho1","ECR","standard","simple","co","1"
"2813","13","3","overfitting_rho1","ECR","standard","simple","co","-1"
"2814","14","3","overfitting_rho1","ECR","standard","simple","co","1"
"2815","15","3","overfitting_rho1","ECR","standard","simple","co","1"
"2816","16","3","overfitting_rho1","ECR","standard","simple","co","1"
"2817","17","3","overfitting_rho1","ECR","standard","simple","co","1"
"2818","18","3","overfitting_rho1","ECR","standard","simple","co","1"
"2819","19","3","overfitting_rho1","ECR","standard","simple","co","1"
"2820","20","3","overfitting_rho1","ECR","standard","simple","co","1"
"2821","21","3","overfitting_rho1","ECR","standard","simple","co","1"
"2822","22","3","overfitting_rho1","ECR","standard","simple","co","1"
"2823","23","3","overfitting_rho1","ECR","standard","simple","co","1"
"2824","24","3","overfitting_rho1","ECR","standard","simple","co","1"
"2825","25","3","overfitting_rho1","ECR","standard","simple","co","1"
"2826","26","3","overfitting_rho1","ECR","standard","simple","co","1"
"2827","27","3","overfitting_rho1","ECR","standard","simple","co","1"
"2828","28","3","overfitting_rho1","ECR","standard","simple","co","1"
"2829","29","3","overfitting_rho1","ECR","standard","simple","co","1"
"2830","30","3","overfitting_rho1","ECR","standard","simple","co","1"
"2831","31","3","overfitting_rho1","ECR","standard","simple","co","1"
"2832","32","3","overfitting_rho1","ECR","standard","simple","co","1"
"2833","33","3","overfitting_rho1","ECR","standard","simple","co","1"
"2834","34","3","overfitting_rho1","ECR","standard","simple","co","1"
"2835","35","3","overfitting_rho1","ECR","standard","simple","co","1"
"2836","36","3","overfitting_rho1","ECR","standard","simple","co","1"
"2837","37","3","overfitting_rho1","ECR","standard","simple","co","1"
"2838","38","3","overfitting_rho1","ECR","standard","simple","co","1"
"2839","39","3","overfitting_rho1","ECR","standard","simple","co","1"
"2840","40","3","overfitting_rho1","ECR","standard","simple","co","1"
"2841","41","3","overfitting_rho1","ECR","standard","simple","co","1"
"2842","42","3","overfitting_rho1","ECR","standard","simple","co","1"
"2843","43","3","overfitting_rho1","ECR","standard","simple","co","1"
"2844","44","3","overfitting_rho1","ECR","standard","simple","co","1"
"2845","45","3","overfitting_rho1","ECR","standard","simple","co","1"
"2846","46","3","overfitting_rho1","ECR","standard","simple","co","1"
"2847","47","3","overfitting_rho1","ECR","standard","simple","co","-1"
"2848","48","3","overfitting_rho1","ECR","standard","simple","co","1"
"2849","49","3","overfitting_rho1","ECR","standard","simple","co","1"
"2850","50","3","overfitting_rho1","ECR","standard","simple","co","1"
"2851","1","3","overfitting_rho0","ECR","standard","bridge","co","1"
"2852","2","3","overfitting_rho0","ECR","standard","bridge","co","1"
"2853","3","3","overfitting_rho0","ECR","standard","bridge","co","1"
"2854","4","3","overfitting_rho0","ECR","standard","bridge","co","1"
"2855","5","3","overfitting_rho0","ECR","standard","bridge","co","1"
"2856","6","3","overfitting_rho0","ECR","standard","bridge","co","1"
"2857","7","3","overfitting_rho0","ECR","standard","bridge","co","1"
"2858","8","3","overfitting_rho0","ECR","standard","bridge","co","1"
"2859","9","3","overfitting_rho0","ECR","standard","bridge","co","1"
"2860","10","3","overfitting_rho0","ECR","standard","bridge","co","1"
"2861","11","3","overfitting_rho0","ECR","standard","bridge","co","1"
"2862","12","3","overfitting_rho0","ECR","standard","bridge","co","1"
"2863","13","3","overfitting_rho0","ECR","standard","bridge","co","1"
"2864","14","3","overfitting_rho0","ECR","standard","bridge","co","1"
"2865","15","3","overfitting_rho0","ECR","standard","bridge","co","1"
"2866","16","3","overfitting_rho0","ECR","standard","bridge","co","1"
"2867","17","3","overfitting_rho0","ECR","standard","bridge","co","1"
"2868","18","3","overfitting_rho0","ECR","standard","bridge","co","1"
"2869","19","3","overfitting_rho0","ECR","standard","bridge","co","1"
"2870","20","3","overfitting_rho0","ECR","standard","bridge","co","1"
"2871","21","3","overfitting_rho0","ECR","standard","bridge","co","1"
"2872","22","3","overfitting_rho0","ECR","standard","bridge","co","1"
"2873","23","3","overfitting_rho0","ECR","standard","bridge","co","1"
"2874","24","3","overfitting_rho0","ECR","standard","bridge","co","1"
"2875","25","3","overfitting_rho0","ECR","standard","bridge","co","1"
"2876","26","3","overfitting_rho0","ECR","standard","bridge","co","1"
"2877","27","3","overfitting_rho0","ECR","standard","bridge","co","1"
"2878","28","3","overfitting_rho0","ECR","standard","bridge","co","1"
"2879","29","3","overfitting_rho0","ECR","standard","bridge","co","1"
"2880","30","3","overfitting_rho0","ECR","standard","bridge","co","1"
"2881","31","3","overfitting_rho0","ECR","standard","bridge","co","1"
"2882","32","3","overfitting_rho0","ECR","standard","bridge","co","1"
"2883","33","3","overfitting_rho0","ECR","standard","bridge","co","1"
"2884","34","3","overfitting_rho0","ECR","standard","bridge","co","1"
"2885","35","3","overfitting_rho0","ECR","standard","bridge","co","1"
"2886","36","3","overfitting_rho0","ECR","standard","bridge","co","1"
"2887","37","3","overfitting_rho0","ECR","standard","bridge","co","1"
"2888","38","3","overfitting_rho0","ECR","standard","bridge","co","1"
"2889","39","3","overfitting_rho0","ECR","standard","bridge","co","1"
"2890","40","3","overfitting_rho0","ECR","standard","bridge","co","1"
"2891","41","3","overfitting_rho0","ECR","standard","bridge","co","1"
"2892","42","3","overfitting_rho0","ECR","standard","bridge","co","1"
"2893","43","3","overfitting_rho0","ECR","standard","bridge","co","1"
"2894","44","3","overfitting_rho0","ECR","standard","bridge","co","1"
"2895","45","3","overfitting_rho0","ECR","standard","bridge","co","1"
"2896","46","3","overfitting_rho0","ECR","standard","bridge","co","1"
"2897","47","3","overfitting_rho0","ECR","standard","bridge","co","1"
"2898","48","3","overfitting_rho0","ECR","standard","bridge","co","1"
"2899","49","3","overfitting_rho0","ECR","standard","bridge","co","1"
"2900","50","3","overfitting_rho0","ECR","standard","bridge","co","1"
"2901","1","3","overfitting_rho.5","ECR","standard","bridge","co","1"
"2902","2","3","overfitting_rho.5","ECR","standard","bridge","co","1"
"2903","3","3","overfitting_rho.5","ECR","standard","bridge","co","1"
"2904","4","3","overfitting_rho.5","ECR","standard","bridge","co","1"
"2905","5","3","overfitting_rho.5","ECR","standard","bridge","co","1"
"2906","6","3","overfitting_rho.5","ECR","standard","bridge","co","1"
"2907","7","3","overfitting_rho.5","ECR","standard","bridge","co","1"
"2908","8","3","overfitting_rho.5","ECR","standard","bridge","co","1"
"2909","9","3","overfitting_rho.5","ECR","standard","bridge","co","1"
"2910","10","3","overfitting_rho.5","ECR","standard","bridge","co","1"
"2911","11","3","overfitting_rho.5","ECR","standard","bridge","co","1"
"2912","12","3","overfitting_rho.5","ECR","standard","bridge","co","1"
"2913","13","3","overfitting_rho.5","ECR","standard","bridge","co","1"
"2914","14","3","overfitting_rho.5","ECR","standard","bridge","co","1"
"2915","15","3","overfitting_rho.5","ECR","standard","bridge","co","1"
"2916","16","3","overfitting_rho.5","ECR","standard","bridge","co","1"
"2917","17","3","overfitting_rho.5","ECR","standard","bridge","co","1"
"2918","18","3","overfitting_rho.5","ECR","standard","bridge","co","1"
"2919","19","3","overfitting_rho.5","ECR","standard","bridge","co","1"
"2920","20","3","overfitting_rho.5","ECR","standard","bridge","co","1"
"2921","21","3","overfitting_rho.5","ECR","standard","bridge","co","1"
"2922","22","3","overfitting_rho.5","ECR","standard","bridge","co","1"
"2923","23","3","overfitting_rho.5","ECR","standard","bridge","co","1"
"2924","24","3","overfitting_rho.5","ECR","standard","bridge","co","1"
"2925","25","3","overfitting_rho.5","ECR","standard","bridge","co","1"
"2926","26","3","overfitting_rho.5","ECR","standard","bridge","co","1"
"2927","27","3","overfitting_rho.5","ECR","standard","bridge","co","1"
"2928","28","3","overfitting_rho.5","ECR","standard","bridge","co","1"
"2929","29","3","overfitting_rho.5","ECR","standard","bridge","co","1"
"2930","30","3","overfitting_rho.5","ECR","standard","bridge","co","1"
"2931","31","3","overfitting_rho.5","ECR","standard","bridge","co","1"
"2932","32","3","overfitting_rho.5","ECR","standard","bridge","co","1"
"2933","33","3","overfitting_rho.5","ECR","standard","bridge","co","1"
"2934","34","3","overfitting_rho.5","ECR","standard","bridge","co","1"
"2935","35","3","overfitting_rho.5","ECR","standard","bridge","co","1"
"2936","36","3","overfitting_rho.5","ECR","standard","bridge","co","1"
"2937","37","3","overfitting_rho.5","ECR","standard","bridge","co","1"
"2938","38","3","overfitting_rho.5","ECR","standard","bridge","co","1"
"2939","39","3","overfitting_rho.5","ECR","standard","bridge","co","1"
"2940","40","3","overfitting_rho.5","ECR","standard","bridge","co","1"
"2941","41","3","overfitting_rho.5","ECR","standard","bridge","co","1"
"2942","42","3","overfitting_rho.5","ECR","standard","bridge","co","1"
"2943","43","3","overfitting_rho.5","ECR","standard","bridge","co","1"
"2944","44","3","overfitting_rho.5","ECR","standard","bridge","co","1"
"2945","45","3","overfitting_rho.5","ECR","standard","bridge","co","1"
"2946","46","3","overfitting_rho.5","ECR","standard","bridge","co","1"
"2947","47","3","overfitting_rho.5","ECR","standard","bridge","co","1"
"2948","48","3","overfitting_rho.5","ECR","standard","bridge","co","1"
"2949","49","3","overfitting_rho.5","ECR","standard","bridge","co","1"
"2950","50","3","overfitting_rho.5","ECR","standard","bridge","co","1"
"2951","1","3","overfitting_rho1","ECR","standard","bridge","co","1"
"2952","2","3","overfitting_rho1","ECR","standard","bridge","co","1"
"2953","3","3","overfitting_rho1","ECR","standard","bridge","co","1"
"2954","4","3","overfitting_rho1","ECR","standard","bridge","co","1"
"2955","5","3","overfitting_rho1","ECR","standard","bridge","co","1"
"2956","6","3","overfitting_rho1","ECR","standard","bridge","co","1"
"2957","7","3","overfitting_rho1","ECR","standard","bridge","co","1"
"2958","8","3","overfitting_rho1","ECR","standard","bridge","co","1"
"2959","9","3","overfitting_rho1","ECR","standard","bridge","co","1"
"2960","10","3","overfitting_rho1","ECR","standard","bridge","co","1"
"2961","11","3","overfitting_rho1","ECR","standard","bridge","co","1"
"2962","12","3","overfitting_rho1","ECR","standard","bridge","co","1"
"2963","13","3","overfitting_rho1","ECR","standard","bridge","co","-1"
"2964","14","3","overfitting_rho1","ECR","standard","bridge","co","1"
"2965","15","3","overfitting_rho1","ECR","standard","bridge","co","1"
"2966","16","3","overfitting_rho1","ECR","standard","bridge","co","1"
"2967","17","3","overfitting_rho1","ECR","standard","bridge","co","1"
"2968","18","3","overfitting_rho1","ECR","standard","bridge","co","1"
"2969","19","3","overfitting_rho1","ECR","standard","bridge","co","1"
"2970","20","3","overfitting_rho1","ECR","standard","bridge","co","1"
"2971","21","3","overfitting_rho1","ECR","standard","bridge","co","1"
"2972","22","3","overfitting_rho1","ECR","standard","bridge","co","1"
"2973","23","3","overfitting_rho1","ECR","standard","bridge","co","1"
"2974","24","3","overfitting_rho1","ECR","standard","bridge","co","1"
"2975","25","3","overfitting_rho1","ECR","standard","bridge","co","1"
"2976","26","3","overfitting_rho1","ECR","standard","bridge","co","1"
"2977","27","3","overfitting_rho1","ECR","standard","bridge","co","1"
"2978","28","3","overfitting_rho1","ECR","standard","bridge","co","1"
"2979","29","3","overfitting_rho1","ECR","standard","bridge","co","1"
"2980","30","3","overfitting_rho1","ECR","standard","bridge","co","1"
"2981","31","3","overfitting_rho1","ECR","standard","bridge","co","1"
"2982","32","3","overfitting_rho1","ECR","standard","bridge","co","1"
"2983","33","3","overfitting_rho1","ECR","standard","bridge","co","1"
"2984","34","3","overfitting_rho1","ECR","standard","bridge","co","1"
"2985","35","3","overfitting_rho1","ECR","standard","bridge","co","1"
"2986","36","3","overfitting_rho1","ECR","standard","bridge","co","1"
"2987","37","3","overfitting_rho1","ECR","standard","bridge","co","1"
"2988","38","3","overfitting_rho1","ECR","standard","bridge","co","1"
"2989","39","3","overfitting_rho1","ECR","standard","bridge","co","1"
"2990","40","3","overfitting_rho1","ECR","standard","bridge","co","1"
"2991","41","3","overfitting_rho1","ECR","standard","bridge","co","1"
"2992","42","3","overfitting_rho1","ECR","standard","bridge","co","1"
"2993","43","3","overfitting_rho1","ECR","standard","bridge","co","1"
"2994","44","3","overfitting_rho1","ECR","standard","bridge","co","1"
"2995","45","3","overfitting_rho1","ECR","standard","bridge","co","1"
"2996","46","3","overfitting_rho1","ECR","standard","bridge","co","1"
"2997","47","3","overfitting_rho1","ECR","standard","bridge","co","-1"
"2998","48","3","overfitting_rho1","ECR","standard","bridge","co","1"
"2999","49","3","overfitting_rho1","ECR","standard","bridge","co","1"
"3000","50","3","overfitting_rho1","ECR","standard","bridge","co","1"
"3001","1","3","overfitting_rho0","ECR","standard","standard","co","1"
"3002","2","3","overfitting_rho0","ECR","standard","standard","co","1"
"3003","3","3","overfitting_rho0","ECR","standard","standard","co","1"
"3004","4","3","overfitting_rho0","ECR","standard","standard","co","1"
"3005","5","3","overfitting_rho0","ECR","standard","standard","co","1"
"3006","6","3","overfitting_rho0","ECR","standard","standard","co","1"
"3007","7","3","overfitting_rho0","ECR","standard","standard","co","1"
"3008","8","3","overfitting_rho0","ECR","standard","standard","co","1"
"3009","9","3","overfitting_rho0","ECR","standard","standard","co","1"
"3010","10","3","overfitting_rho0","ECR","standard","standard","co","1"
"3011","11","3","overfitting_rho0","ECR","standard","standard","co","1"
"3012","12","3","overfitting_rho0","ECR","standard","standard","co","1"
"3013","13","3","overfitting_rho0","ECR","standard","standard","co","1"
"3014","14","3","overfitting_rho0","ECR","standard","standard","co","1"
"3015","15","3","overfitting_rho0","ECR","standard","standard","co","1"
"3016","16","3","overfitting_rho0","ECR","standard","standard","co","1"
"3017","17","3","overfitting_rho0","ECR","standard","standard","co","1"
"3018","18","3","overfitting_rho0","ECR","standard","standard","co","1"
"3019","19","3","overfitting_rho0","ECR","standard","standard","co","1"
"3020","20","3","overfitting_rho0","ECR","standard","standard","co","1"
"3021","21","3","overfitting_rho0","ECR","standard","standard","co","1"
"3022","22","3","overfitting_rho0","ECR","standard","standard","co","1"
"3023","23","3","overfitting_rho0","ECR","standard","standard","co","1"
"3024","24","3","overfitting_rho0","ECR","standard","standard","co","1"
"3025","25","3","overfitting_rho0","ECR","standard","standard","co","1"
"3026","26","3","overfitting_rho0","ECR","standard","standard","co","1"
"3027","27","3","overfitting_rho0","ECR","standard","standard","co","1"
"3028","28","3","overfitting_rho0","ECR","standard","standard","co","1"
"3029","29","3","overfitting_rho0","ECR","standard","standard","co","1"
"3030","30","3","overfitting_rho0","ECR","standard","standard","co","1"
"3031","31","3","overfitting_rho0","ECR","standard","standard","co","1"
"3032","32","3","overfitting_rho0","ECR","standard","standard","co","1"
"3033","33","3","overfitting_rho0","ECR","standard","standard","co","1"
"3034","34","3","overfitting_rho0","ECR","standard","standard","co","1"
"3035","35","3","overfitting_rho0","ECR","standard","standard","co","1"
"3036","36","3","overfitting_rho0","ECR","standard","standard","co","1"
"3037","37","3","overfitting_rho0","ECR","standard","standard","co","1"
"3038","38","3","overfitting_rho0","ECR","standard","standard","co","1"
"3039","39","3","overfitting_rho0","ECR","standard","standard","co","1"
"3040","40","3","overfitting_rho0","ECR","standard","standard","co","1"
"3041","41","3","overfitting_rho0","ECR","standard","standard","co","1"
"3042","42","3","overfitting_rho0","ECR","standard","standard","co","1"
"3043","43","3","overfitting_rho0","ECR","standard","standard","co","1"
"3044","44","3","overfitting_rho0","ECR","standard","standard","co","1"
"3045","45","3","overfitting_rho0","ECR","standard","standard","co","1"
"3046","46","3","overfitting_rho0","ECR","standard","standard","co","1"
"3047","47","3","overfitting_rho0","ECR","standard","standard","co","1"
"3048","48","3","overfitting_rho0","ECR","standard","standard","co","1"
"3049","49","3","overfitting_rho0","ECR","standard","standard","co","1"
"3050","50","3","overfitting_rho0","ECR","standard","standard","co","1"
"3051","1","3","overfitting_rho.5","ECR","standard","standard","co","1"
"3052","2","3","overfitting_rho.5","ECR","standard","standard","co","1"
"3053","3","3","overfitting_rho.5","ECR","standard","standard","co","1"
"3054","4","3","overfitting_rho.5","ECR","standard","standard","co","1"
"3055","5","3","overfitting_rho.5","ECR","standard","standard","co","1"
"3056","6","3","overfitting_rho.5","ECR","standard","standard","co","1"
"3057","7","3","overfitting_rho.5","ECR","standard","standard","co","1"
"3058","8","3","overfitting_rho.5","ECR","standard","standard","co","1"
"3059","9","3","overfitting_rho.5","ECR","standard","standard","co","1"
"3060","10","3","overfitting_rho.5","ECR","standard","standard","co","1"
"3061","11","3","overfitting_rho.5","ECR","standard","standard","co","1"
"3062","12","3","overfitting_rho.5","ECR","standard","standard","co","1"
"3063","13","3","overfitting_rho.5","ECR","standard","standard","co","1"
"3064","14","3","overfitting_rho.5","ECR","standard","standard","co","1"
"3065","15","3","overfitting_rho.5","ECR","standard","standard","co","1"
"3066","16","3","overfitting_rho.5","ECR","standard","standard","co","1"
"3067","17","3","overfitting_rho.5","ECR","standard","standard","co","1"
"3068","18","3","overfitting_rho.5","ECR","standard","standard","co","1"
"3069","19","3","overfitting_rho.5","ECR","standard","standard","co","1"
"3070","20","3","overfitting_rho.5","ECR","standard","standard","co","1"
"3071","21","3","overfitting_rho.5","ECR","standard","standard","co","1"
"3072","22","3","overfitting_rho.5","ECR","standard","standard","co","1"
"3073","23","3","overfitting_rho.5","ECR","standard","standard","co","1"
"3074","24","3","overfitting_rho.5","ECR","standard","standard","co","1"
"3075","25","3","overfitting_rho.5","ECR","standard","standard","co","1"
"3076","26","3","overfitting_rho.5","ECR","standard","standard","co","1"
"3077","27","3","overfitting_rho.5","ECR","standard","standard","co","1"
"3078","28","3","overfitting_rho.5","ECR","standard","standard","co","1"
"3079","29","3","overfitting_rho.5","ECR","standard","standard","co","1"
"3080","30","3","overfitting_rho.5","ECR","standard","standard","co","1"
"3081","31","3","overfitting_rho.5","ECR","standard","standard","co","1"
"3082","32","3","overfitting_rho.5","ECR","standard","standard","co","1"
"3083","33","3","overfitting_rho.5","ECR","standard","standard","co","1"
"3084","34","3","overfitting_rho.5","ECR","standard","standard","co","1"
"3085","35","3","overfitting_rho.5","ECR","standard","standard","co","1"
"3086","36","3","overfitting_rho.5","ECR","standard","standard","co","1"
"3087","37","3","overfitting_rho.5","ECR","standard","standard","co","1"
"3088","38","3","overfitting_rho.5","ECR","standard","standard","co","1"
"3089","39","3","overfitting_rho.5","ECR","standard","standard","co","1"
"3090","40","3","overfitting_rho.5","ECR","standard","standard","co","1"
"3091","41","3","overfitting_rho.5","ECR","standard","standard","co","1"
"3092","42","3","overfitting_rho.5","ECR","standard","standard","co","1"
"3093","43","3","overfitting_rho.5","ECR","standard","standard","co","1"
"3094","44","3","overfitting_rho.5","ECR","standard","standard","co","1"
"3095","45","3","overfitting_rho.5","ECR","standard","standard","co","1"
"3096","46","3","overfitting_rho.5","ECR","standard","standard","co","1"
"3097","47","3","overfitting_rho.5","ECR","standard","standard","co","1"
"3098","48","3","overfitting_rho.5","ECR","standard","standard","co","1"
"3099","49","3","overfitting_rho.5","ECR","standard","standard","co","1"
"3100","50","3","overfitting_rho.5","ECR","standard","standard","co","1"
"3101","1","3","overfitting_rho1","ECR","standard","standard","co","1"
"3102","2","3","overfitting_rho1","ECR","standard","standard","co","1"
"3103","3","3","overfitting_rho1","ECR","standard","standard","co","1"
"3104","4","3","overfitting_rho1","ECR","standard","standard","co","1"
"3105","5","3","overfitting_rho1","ECR","standard","standard","co","1"
"3106","6","3","overfitting_rho1","ECR","standard","standard","co","1"
"3107","7","3","overfitting_rho1","ECR","standard","standard","co","1"
"3108","8","3","overfitting_rho1","ECR","standard","standard","co","1"
"3109","9","3","overfitting_rho1","ECR","standard","standard","co","1"
"3110","10","3","overfitting_rho1","ECR","standard","standard","co","1"
"3111","11","3","overfitting_rho1","ECR","standard","standard","co","1"
"3112","12","3","overfitting_rho1","ECR","standard","standard","co","1"
"3113","13","3","overfitting_rho1","ECR","standard","standard","co","-1"
"3114","14","3","overfitting_rho1","ECR","standard","standard","co","1"
"3115","15","3","overfitting_rho1","ECR","standard","standard","co","1"
"3116","16","3","overfitting_rho1","ECR","standard","standard","co","1"
"3117","17","3","overfitting_rho1","ECR","standard","standard","co","1"
"3118","18","3","overfitting_rho1","ECR","standard","standard","co","1"
"3119","19","3","overfitting_rho1","ECR","standard","standard","co","1"
"3120","20","3","overfitting_rho1","ECR","standard","standard","co","1"
"3121","21","3","overfitting_rho1","ECR","standard","standard","co","1"
"3122","22","3","overfitting_rho1","ECR","standard","standard","co","1"
"3123","23","3","overfitting_rho1","ECR","standard","standard","co","1"
"3124","24","3","overfitting_rho1","ECR","standard","standard","co","1"
"3125","25","3","overfitting_rho1","ECR","standard","standard","co","1"
"3126","26","3","overfitting_rho1","ECR","standard","standard","co","1"
"3127","27","3","overfitting_rho1","ECR","standard","standard","co","1"
"3128","28","3","overfitting_rho1","ECR","standard","standard","co","1"
"3129","29","3","overfitting_rho1","ECR","standard","standard","co","1"
"3130","30","3","overfitting_rho1","ECR","standard","standard","co","1"
"3131","31","3","overfitting_rho1","ECR","standard","standard","co","1"
"3132","32","3","overfitting_rho1","ECR","standard","standard","co","1"
"3133","33","3","overfitting_rho1","ECR","standard","standard","co","1"
"3134","34","3","overfitting_rho1","ECR","standard","standard","co","1"
"3135","35","3","overfitting_rho1","ECR","standard","standard","co","1"
"3136","36","3","overfitting_rho1","ECR","standard","standard","co","1"
"3137","37","3","overfitting_rho1","ECR","standard","standard","co","1"
"3138","38","3","overfitting_rho1","ECR","standard","standard","co","1"
"3139","39","3","overfitting_rho1","ECR","standard","standard","co","1"
"3140","40","3","overfitting_rho1","ECR","standard","standard","co","1"
"3141","41","3","overfitting_rho1","ECR","standard","standard","co","1"
"3142","42","3","overfitting_rho1","ECR","standard","standard","co","1"
"3143","43","3","overfitting_rho1","ECR","standard","standard","co","1"
"3144","44","3","overfitting_rho1","ECR","standard","standard","co","1"
"3145","45","3","overfitting_rho1","ECR","standard","standard","co","1"
"3146","46","3","overfitting_rho1","ECR","standard","standard","co","1"
"3147","47","3","overfitting_rho1","ECR","standard","standard","co","-1"
"3148","48","3","overfitting_rho1","ECR","standard","standard","co","1"
"3149","49","3","overfitting_rho1","ECR","standard","standard","co","1"
"3150","50","3","overfitting_rho1","ECR","standard","standard","co","1"
