"","sim","G","sampler","relabalg","ellipsealg","thamesalg","estimate","value"
"1","1","2","JAGS","ECR","standard","simple","upper","-198.694195599047"
"2","2","2","JAGS","ECR","standard","simple","upper","-197.687994315154"
"3","3","2","JAGS","ECR","standard","simple","upper","-198.936541069321"
"4","4","2","JAGS","ECR","standard","simple","upper","-197.1175745234"
"5","5","2","JAGS","ECR","standard","simple","upper","-197.069459596423"
"6","6","2","JAGS","ECR","standard","simple","upper","-198.199610605771"
"7","7","2","JAGS","ECR","standard","simple","upper","-198.229596957274"
"8","8","2","JAGS","ECR","standard","simple","upper","-198.683115581189"
"9","9","2","JAGS","ECR","standard","simple","upper","-199.115489150034"
"10","10","2","JAGS","ECR","standard","simple","upper","-197.428809097527"
"11","11","2","JAGS","ECR","standard","simple","upper","-197.682085000213"
"12","12","2","JAGS","ECR","standard","simple","upper","-197.02889594587"
"13","13","2","JAGS","ECR","standard","simple","upper","-198.759764564004"
"14","14","2","JAGS","ECR","standard","simple","upper","-197.491592540069"
"15","15","2","JAGS","ECR","standard","simple","upper","-199.102975108018"
"16","16","2","JAGS","ECR","standard","simple","upper","-198.839121661962"
"17","17","2","JAGS","ECR","standard","simple","upper","-198.418842269678"
"18","18","2","JAGS","ECR","standard","simple","upper","-199.041274802486"
"19","19","2","JAGS","ECR","standard","simple","upper","-196.901850975856"
"20","20","2","JAGS","ECR","standard","simple","upper","-196.996500967532"
"21","1","3","JAGS","ECR","standard","simple","upper","-197.360621779119"
"22","2","3","JAGS","ECR","standard","simple","upper","-197.440423486262"
"23","3","3","JAGS","ECR","standard","simple","upper","-197.444411687375"
"24","4","3","JAGS","ECR","standard","simple","upper","-195.595755354584"
"25","5","3","JAGS","ECR","standard","simple","upper","-195.687642364944"
"26","6","3","JAGS","ECR","standard","simple","upper","-197.20802677915"
"27","7","3","JAGS","ECR","standard","simple","upper","-195.712812990822"
"28","8","3","JAGS","ECR","standard","simple","upper","-195.661691370724"
"29","9","3","JAGS","ECR","standard","simple","upper","-196.379478195601"
"30","10","3","JAGS","ECR","standard","simple","upper","-196.15454942161"
"31","11","3","JAGS","ECR","standard","simple","upper","-195.557262927804"
"32","12","3","JAGS","ECR","standard","simple","upper","-197.041782600096"
"33","13","3","JAGS","ECR","standard","simple","upper","-196.585884650816"
"34","14","3","JAGS","ECR","standard","simple","upper","-196.446287809697"
"35","15","3","JAGS","ECR","standard","simple","upper","-196.749614756851"
"36","16","3","JAGS","ECR","standard","simple","upper","-197.066463660361"
"37","17","3","JAGS","ECR","standard","simple","upper","-197.681974692316"
"38","18","3","JAGS","ECR","standard","simple","upper","-196.88208203717"
"39","19","3","JAGS","ECR","standard","simple","upper","-197.073812033349"
"40","20","3","JAGS","ECR","standard","simple","upper","-195.668336588481"
"41","1","4","JAGS","ECR","standard","simple","upper","-197.539735886651"
"42","2","4","JAGS","ECR","standard","simple","upper","-196.440001692609"
"43","3","4","JAGS","ECR","standard","simple","upper","-197.041659136381"
"44","4","4","JAGS","ECR","standard","simple","upper","-196.761250731406"
"45","5","4","JAGS","ECR","standard","simple","upper","-196.247380674827"
"46","6","4","JAGS","ECR","standard","simple","upper","-197.72672087399"
"47","7","4","JAGS","ECR","standard","simple","upper","-196.734266453235"
"48","8","4","JAGS","ECR","standard","simple","upper","-196.58653530356"
"49","9","4","JAGS","ECR","standard","simple","upper","-197.910588792939"
"50","10","4","JAGS","ECR","standard","simple","upper","-196.04640793524"
"51","11","4","JAGS","ECR","standard","simple","upper","-197.205082726038"
"52","12","4","JAGS","ECR","standard","simple","upper","-197.498044608252"
"53","13","4","JAGS","ECR","standard","simple","upper","-197.439274262347"
"54","14","4","JAGS","ECR","standard","simple","upper","-196.931878257167"
"55","15","4","JAGS","ECR","standard","simple","upper","-195.933855488744"
"56","16","4","JAGS","ECR","standard","simple","upper","-197.298192844399"
"57","17","4","JAGS","ECR","standard","simple","upper","-197.792970962141"
"58","18","4","JAGS","ECR","standard","simple","upper","-195.306317301955"
"59","19","4","JAGS","ECR","standard","simple","upper","-196.112542440967"
"60","20","4","JAGS","ECR","standard","simple","upper","-197.590407412522"
"61","1","5","JAGS","ECR","standard","simple","upper","-197.060488912797"
"62","2","5","JAGS","ECR","standard","simple","upper","-197.646543454916"
"63","3","5","JAGS","ECR","standard","simple","upper","-195.95997885179"
"64","4","5","JAGS","ECR","standard","simple","upper","-198.010633253851"
"65","5","5","JAGS","ECR","standard","simple","upper","-197.489348451016"
"66","6","5","JAGS","ECR","standard","simple","upper","-196.476062784968"
"67","7","5","JAGS","ECR","standard","simple","upper","-196.554348378055"
"68","8","5","JAGS","ECR","standard","simple","upper","-196.796548783694"
"69","9","5","JAGS","ECR","standard","simple","upper","-197.652141635159"
"70","10","5","JAGS","ECR","standard","simple","upper","-196.211677197166"
"71","11","5","JAGS","ECR","standard","simple","upper","-197.604999479314"
"72","12","5","JAGS","ECR","standard","simple","upper","-196.18662121521"
"73","13","5","JAGS","ECR","standard","simple","upper","-196.947142928591"
"74","14","5","JAGS","ECR","standard","simple","upper","-196.107920304844"
"75","15","5","JAGS","ECR","standard","simple","upper","-197.264364952699"
"76","16","5","JAGS","ECR","standard","simple","upper","-197.097877909321"
"77","17","5","JAGS","ECR","standard","simple","upper","-197.657214868723"
"78","18","5","JAGS","ECR","standard","simple","upper","-197.133851693074"
"79","19","5","JAGS","ECR","standard","simple","upper","-196.462440527764"
"80","20","5","JAGS","ECR","standard","simple","upper","-196.592820142693"
"81","1","6","JAGS","ECR","standard","simple","upper","-196.119298955461"
"82","2","6","JAGS","ECR","standard","simple","upper","-196.69335392431"
"83","3","6","JAGS","ECR","standard","simple","upper","-196.72612023179"
"84","4","6","JAGS","ECR","standard","simple","upper","-197.535121969272"
"85","5","6","JAGS","ECR","standard","simple","upper","-197.030437484349"
"86","6","6","JAGS","ECR","standard","simple","upper","-197.971537794978"
"87","7","6","JAGS","ECR","standard","simple","upper","-197.398494093687"
"88","8","6","JAGS","ECR","standard","simple","upper","-196.979273665155"
"89","9","6","JAGS","ECR","standard","simple","upper","-198.06365526175"
"90","10","6","JAGS","ECR","standard","simple","upper","-196.792336597345"
"91","11","6","JAGS","ECR","standard","simple","upper","-196.070689694781"
"92","12","6","JAGS","ECR","standard","simple","upper","-196.44768462781"
"93","13","6","JAGS","ECR","standard","simple","upper","-197.406851402651"
"94","14","6","JAGS","ECR","standard","simple","upper","-197.936670392485"
"95","15","6","JAGS","ECR","standard","simple","upper","-197.269049188271"
"96","16","6","JAGS","ECR","standard","simple","upper","-197.56247691986"
"97","17","6","JAGS","ECR","standard","simple","upper","-196.432961245187"
"98","18","6","JAGS","ECR","standard","simple","upper","-198.535966678225"
"99","19","6","JAGS","ECR","standard","simple","upper","-198.205299872553"
"100","20","6","JAGS","ECR","standard","simple","upper","-196.358149725536"
"101","1","2","STAN","ECR","standard","simple","upper",NA
"102","2","2","STAN","ECR","standard","simple","upper",NA
"103","3","2","STAN","ECR","standard","simple","upper",NA
"104","4","2","STAN","ECR","standard","simple","upper",NA
"105","5","2","STAN","ECR","standard","simple","upper",NA
"106","6","2","STAN","ECR","standard","simple","upper",NA
"107","7","2","STAN","ECR","standard","simple","upper",NA
"108","8","2","STAN","ECR","standard","simple","upper",NA
"109","9","2","STAN","ECR","standard","simple","upper",NA
"110","10","2","STAN","ECR","standard","simple","upper",NA
"111","11","2","STAN","ECR","standard","simple","upper",NA
"112","12","2","STAN","ECR","standard","simple","upper",NA
"113","13","2","STAN","ECR","standard","simple","upper",NA
"114","14","2","STAN","ECR","standard","simple","upper",NA
"115","15","2","STAN","ECR","standard","simple","upper",NA
"116","16","2","STAN","ECR","standard","simple","upper",NA
"117","17","2","STAN","ECR","standard","simple","upper",NA
"118","18","2","STAN","ECR","standard","simple","upper",NA
"119","19","2","STAN","ECR","standard","simple","upper",NA
"120","20","2","STAN","ECR","standard","simple","upper",NA
"121","1","3","STAN","ECR","standard","simple","upper",NA
"122","2","3","STAN","ECR","standard","simple","upper",NA
"123","3","3","STAN","ECR","standard","simple","upper",NA
"124","4","3","STAN","ECR","standard","simple","upper",NA
"125","5","3","STAN","ECR","standard","simple","upper",NA
"126","6","3","STAN","ECR","standard","simple","upper",NA
"127","7","3","STAN","ECR","standard","simple","upper",NA
"128","8","3","STAN","ECR","standard","simple","upper",NA
"129","9","3","STAN","ECR","standard","simple","upper",NA
"130","10","3","STAN","ECR","standard","simple","upper",NA
"131","11","3","STAN","ECR","standard","simple","upper",NA
"132","12","3","STAN","ECR","standard","simple","upper",NA
"133","13","3","STAN","ECR","standard","simple","upper",NA
"134","14","3","STAN","ECR","standard","simple","upper",NA
"135","15","3","STAN","ECR","standard","simple","upper",NA
"136","16","3","STAN","ECR","standard","simple","upper",NA
"137","17","3","STAN","ECR","standard","simple","upper",NA
"138","18","3","STAN","ECR","standard","simple","upper",NA
"139","19","3","STAN","ECR","standard","simple","upper",NA
"140","20","3","STAN","ECR","standard","simple","upper",NA
"141","1","4","STAN","ECR","standard","simple","upper",NA
"142","2","4","STAN","ECR","standard","simple","upper",NA
"143","3","4","STAN","ECR","standard","simple","upper",NA
"144","4","4","STAN","ECR","standard","simple","upper",NA
"145","5","4","STAN","ECR","standard","simple","upper",NA
"146","6","4","STAN","ECR","standard","simple","upper",NA
"147","7","4","STAN","ECR","standard","simple","upper",NA
"148","8","4","STAN","ECR","standard","simple","upper",NA
"149","9","4","STAN","ECR","standard","simple","upper",NA
"150","10","4","STAN","ECR","standard","simple","upper",NA
"151","11","4","STAN","ECR","standard","simple","upper",NA
"152","12","4","STAN","ECR","standard","simple","upper",NA
"153","13","4","STAN","ECR","standard","simple","upper",NA
"154","14","4","STAN","ECR","standard","simple","upper",NA
"155","15","4","STAN","ECR","standard","simple","upper",NA
"156","16","4","STAN","ECR","standard","simple","upper",NA
"157","17","4","STAN","ECR","standard","simple","upper",NA
"158","18","4","STAN","ECR","standard","simple","upper",NA
"159","19","4","STAN","ECR","standard","simple","upper",NA
"160","20","4","STAN","ECR","standard","simple","upper",NA
"161","1","5","STAN","ECR","standard","simple","upper",NA
"162","2","5","STAN","ECR","standard","simple","upper",NA
"163","3","5","STAN","ECR","standard","simple","upper",NA
"164","4","5","STAN","ECR","standard","simple","upper",NA
"165","5","5","STAN","ECR","standard","simple","upper",NA
"166","6","5","STAN","ECR","standard","simple","upper",NA
"167","7","5","STAN","ECR","standard","simple","upper",NA
"168","8","5","STAN","ECR","standard","simple","upper",NA
"169","9","5","STAN","ECR","standard","simple","upper",NA
"170","10","5","STAN","ECR","standard","simple","upper",NA
"171","11","5","STAN","ECR","standard","simple","upper",NA
"172","12","5","STAN","ECR","standard","simple","upper",NA
"173","13","5","STAN","ECR","standard","simple","upper",NA
"174","14","5","STAN","ECR","standard","simple","upper",NA
"175","15","5","STAN","ECR","standard","simple","upper",NA
"176","16","5","STAN","ECR","standard","simple","upper",NA
"177","17","5","STAN","ECR","standard","simple","upper",NA
"178","18","5","STAN","ECR","standard","simple","upper",NA
"179","19","5","STAN","ECR","standard","simple","upper",NA
"180","20","5","STAN","ECR","standard","simple","upper",NA
"181","1","6","STAN","ECR","standard","simple","upper",NA
"182","2","6","STAN","ECR","standard","simple","upper",NA
"183","3","6","STAN","ECR","standard","simple","upper",NA
"184","4","6","STAN","ECR","standard","simple","upper",NA
"185","5","6","STAN","ECR","standard","simple","upper",NA
"186","6","6","STAN","ECR","standard","simple","upper",NA
"187","7","6","STAN","ECR","standard","simple","upper",NA
"188","8","6","STAN","ECR","standard","simple","upper",NA
"189","9","6","STAN","ECR","standard","simple","upper",NA
"190","10","6","STAN","ECR","standard","simple","upper",NA
"191","11","6","STAN","ECR","standard","simple","upper",NA
"192","12","6","STAN","ECR","standard","simple","upper",NA
"193","13","6","STAN","ECR","standard","simple","upper",NA
"194","14","6","STAN","ECR","standard","simple","upper",NA
"195","15","6","STAN","ECR","standard","simple","upper",NA
"196","16","6","STAN","ECR","standard","simple","upper",NA
"197","17","6","STAN","ECR","standard","simple","upper",NA
"198","18","6","STAN","ECR","standard","simple","upper",NA
"199","19","6","STAN","ECR","standard","simple","upper",NA
"200","20","6","STAN","ECR","standard","simple","upper",NA
"201","1","2","JAGS","STEPHENS","standard","simple","upper","-198.694195599047"
"202","2","2","JAGS","STEPHENS","standard","simple","upper","-197.687994315154"
"203","3","2","JAGS","STEPHENS","standard","simple","upper","-198.936541069321"
"204","4","2","JAGS","STEPHENS","standard","simple","upper","-197.1175745234"
"205","5","2","JAGS","STEPHENS","standard","simple","upper","-197.069459596423"
"206","6","2","JAGS","STEPHENS","standard","simple","upper","-198.199610605771"
"207","7","2","JAGS","STEPHENS","standard","simple","upper","-198.229596957274"
"208","8","2","JAGS","STEPHENS","standard","simple","upper","-198.683115581189"
"209","9","2","JAGS","STEPHENS","standard","simple","upper","-199.115489150034"
"210","10","2","JAGS","STEPHENS","standard","simple","upper","-197.428809097527"
"211","11","2","JAGS","STEPHENS","standard","simple","upper","-197.682085000213"
"212","12","2","JAGS","STEPHENS","standard","simple","upper","-197.02889594587"
"213","13","2","JAGS","STEPHENS","standard","simple","upper","-198.759764564004"
"214","14","2","JAGS","STEPHENS","standard","simple","upper","-197.491592540069"
"215","15","2","JAGS","STEPHENS","standard","simple","upper","-199.102975108018"
"216","16","2","JAGS","STEPHENS","standard","simple","upper","-198.839121661962"
"217","17","2","JAGS","STEPHENS","standard","simple","upper","-198.418842269678"
"218","18","2","JAGS","STEPHENS","standard","simple","upper","-199.041274802486"
"219","19","2","JAGS","STEPHENS","standard","simple","upper","-196.901850975856"
"220","20","2","JAGS","STEPHENS","standard","simple","upper","-196.996500967532"
"221","1","3","JAGS","STEPHENS","standard","simple","upper","-197.373963869112"
"222","2","3","JAGS","STEPHENS","standard","simple","upper","-197.423723505684"
"223","3","3","JAGS","STEPHENS","standard","simple","upper","-197.460016786724"
"224","4","3","JAGS","STEPHENS","standard","simple","upper","-195.608573022047"
"225","5","3","JAGS","STEPHENS","standard","simple","upper","-195.673956911213"
"226","6","3","JAGS","STEPHENS","standard","simple","upper","-197.204978829669"
"227","7","3","JAGS","STEPHENS","standard","simple","upper","-195.679875194662"
"228","8","3","JAGS","STEPHENS","standard","simple","upper","-195.618119988169"
"229","9","3","JAGS","STEPHENS","standard","simple","upper","-196.391551554725"
"230","10","3","JAGS","STEPHENS","standard","simple","upper","-196.153750890059"
"231","11","3","JAGS","STEPHENS","standard","simple","upper","-195.567780196513"
"232","12","3","JAGS","STEPHENS","standard","simple","upper","-197.048183749784"
"233","13","3","JAGS","STEPHENS","standard","simple","upper","-196.581607030212"
"234","14","3","JAGS","STEPHENS","standard","simple","upper","-196.439780529677"
"235","15","3","JAGS","STEPHENS","standard","simple","upper","-196.756364281695"
"236","16","3","JAGS","STEPHENS","standard","simple","upper","-197.07032466372"
"237","17","3","JAGS","STEPHENS","standard","simple","upper","-197.66957424818"
"238","18","3","JAGS","STEPHENS","standard","simple","upper","-196.888299408031"
"239","19","3","JAGS","STEPHENS","standard","simple","upper","-197.067512430332"
"240","20","3","JAGS","STEPHENS","standard","simple","upper","-195.678942950471"
"241","1","4","JAGS","STEPHENS","standard","simple","upper","-197.50679176812"
"242","2","4","JAGS","STEPHENS","standard","simple","upper","-196.03495575766"
"243","3","4","JAGS","STEPHENS","standard","simple","upper","-197.094462164231"
"244","4","4","JAGS","STEPHENS","standard","simple","upper","-196.373360194928"
"245","5","4","JAGS","STEPHENS","standard","simple","upper","-196.044538886857"
"246","6","4","JAGS","STEPHENS","standard","simple","upper","-197.865645781644"
"247","7","4","JAGS","STEPHENS","standard","simple","upper","-196.591694429007"
"248","8","4","JAGS","STEPHENS","standard","simple","upper","-196.895265545804"
"249","9","4","JAGS","STEPHENS","standard","simple","upper","-197.407777902034"
"250","10","4","JAGS","STEPHENS","standard","simple","upper","-195.940613549704"
"251","11","4","JAGS","STEPHENS","standard","simple","upper","-197.181974337736"
"252","12","4","JAGS","STEPHENS","standard","simple","upper","-197.538384525582"
"253","13","4","JAGS","STEPHENS","standard","simple","upper","-197.089197085005"
"254","14","4","JAGS","STEPHENS","standard","simple","upper","-196.835695108927"
"255","15","4","JAGS","STEPHENS","standard","simple","upper","-195.995649906075"
"256","16","4","JAGS","STEPHENS","standard","simple","upper","-196.946366722694"
"257","17","4","JAGS","STEPHENS","standard","simple","upper","-197.70236867892"
"258","18","4","JAGS","STEPHENS","standard","simple","upper","-195.762609564642"
"259","19","4","JAGS","STEPHENS","standard","simple","upper","-196.272480905993"
"260","20","4","JAGS","STEPHENS","standard","simple","upper","-197.748136171891"
"261","1","5","JAGS","STEPHENS","standard","simple","upper","-196.931510293812"
"262","2","5","JAGS","STEPHENS","standard","simple","upper","-197.353208141632"
"263","3","5","JAGS","STEPHENS","standard","simple","upper","-195.847587894005"
"264","4","5","JAGS","STEPHENS","standard","simple","upper","-198.072151830889"
"265","5","5","JAGS","STEPHENS","standard","simple","upper","-197.291710625128"
"266","6","5","JAGS","STEPHENS","standard","simple","upper","-196.766289977017"
"267","7","5","JAGS","STEPHENS","standard","simple","upper","-196.502941476505"
"268","8","5","JAGS","STEPHENS","standard","simple","upper","-196.439802134742"
"269","9","5","JAGS","STEPHENS","standard","simple","upper","-198.003314305622"
"270","10","5","JAGS","STEPHENS","standard","simple","upper","-196.306926987214"
"271","11","5","JAGS","STEPHENS","standard","simple","upper","-197.315151910172"
"272","12","5","JAGS","STEPHENS","standard","simple","upper","-196.396396431321"
"273","13","5","JAGS","STEPHENS","standard","simple","upper","-195.993951392775"
"274","14","5","JAGS","STEPHENS","standard","simple","upper","-195.789768764302"
"275","15","5","JAGS","STEPHENS","standard","simple","upper","-197.356361627171"
"276","16","5","JAGS","STEPHENS","standard","simple","upper","-197.077361359867"
"277","17","5","JAGS","STEPHENS","standard","simple","upper","-197.607003128162"
"278","18","5","JAGS","STEPHENS","standard","simple","upper","-196.957583083761"
"279","19","5","JAGS","STEPHENS","standard","simple","upper","-196.676545938989"
"280","20","5","JAGS","STEPHENS","standard","simple","upper","-196.813389134689"
"281","1","6","JAGS","STEPHENS","standard","simple","upper","-197.132041440991"
"282","2","6","JAGS","STEPHENS","standard","simple","upper","-197.153023303796"
"283","3","6","JAGS","STEPHENS","standard","simple","upper","-196.65442947268"
"284","4","6","JAGS","STEPHENS","standard","simple","upper","-198.122618540977"
"285","5","6","JAGS","STEPHENS","standard","simple","upper","-196.31330343404"
"286","6","6","JAGS","STEPHENS","standard","simple","upper","-197.866129005633"
"287","7","6","JAGS","STEPHENS","standard","simple","upper","-197.315896454073"
"288","8","6","JAGS","STEPHENS","standard","simple","upper","-196.64700364076"
"289","9","6","JAGS","STEPHENS","standard","simple","upper","-197.027102283522"
"290","10","6","JAGS","STEPHENS","standard","simple","upper","-197.044893378479"
"291","11","6","JAGS","STEPHENS","standard","simple","upper","-196.429118689262"
"292","12","6","JAGS","STEPHENS","standard","simple","upper","-196.115902383637"
"293","13","6","JAGS","STEPHENS","standard","simple","upper","-197.310337518576"
"294","14","6","JAGS","STEPHENS","standard","simple","upper","-197.125490093096"
"295","15","6","JAGS","STEPHENS","standard","simple","upper","-197.251295965265"
"296","16","6","JAGS","STEPHENS","standard","simple","upper","-197.37171808354"
"297","17","6","JAGS","STEPHENS","standard","simple","upper","-196.671489332374"
"298","18","6","JAGS","STEPHENS","standard","simple","upper","-198.31340855042"
"299","19","6","JAGS","STEPHENS","standard","simple","upper","-198.411699973672"
"300","20","6","JAGS","STEPHENS","standard","simple","upper","-196.456858986413"
"301","1","2","STAN","STEPHENS","standard","simple","upper","-198.884323394257"
"302","2","2","STAN","STEPHENS","standard","simple","upper","-198.445445297117"
"303","3","2","STAN","STEPHENS","standard","simple","upper","-197.459534759833"
"304","4","2","STAN","STEPHENS","standard","simple","upper","-198.085045312579"
"305","5","2","STAN","STEPHENS","standard","simple","upper","-197.743979084126"
"306","6","2","STAN","STEPHENS","standard","simple","upper","-197.551902732925"
"307","7","2","STAN","STEPHENS","standard","simple","upper","-198.271411675725"
"308","8","2","STAN","STEPHENS","standard","simple","upper","-198.832832540566"
"309","9","2","STAN","STEPHENS","standard","simple","upper","-197.792486455735"
"310","10","2","STAN","STEPHENS","standard","simple","upper","-198.293768362711"
"311","11","2","STAN","STEPHENS","standard","simple","upper","-198.881454018306"
"312","12","2","STAN","STEPHENS","standard","simple","upper","-196.913917804371"
"313","13","2","STAN","STEPHENS","standard","simple","upper","-196.97083040647"
"314","14","2","STAN","STEPHENS","standard","simple","upper","-198.823259718106"
"315","15","2","STAN","STEPHENS","standard","simple","upper","-197.0376003976"
"316","16","2","STAN","STEPHENS","standard","simple","upper","-198.632579115043"
"317","17","2","STAN","STEPHENS","standard","simple","upper","-197.278314471237"
"318","18","2","STAN","STEPHENS","standard","simple","upper","-197.815295027104"
"319","19","2","STAN","STEPHENS","standard","simple","upper","-198.902261922356"
"320","20","2","STAN","STEPHENS","standard","simple","upper","-198.540540272101"
"321","1","3","STAN","STEPHENS","standard","simple","upper","-196.618098266731"
"322","2","3","STAN","STEPHENS","standard","simple","upper","-195.913292305976"
"323","3","3","STAN","STEPHENS","standard","simple","upper","-196.882372041557"
"324","4","3","STAN","STEPHENS","standard","simple","upper","-195.857332379398"
"325","5","3","STAN","STEPHENS","standard","simple","upper","-196.973752874271"
"326","6","3","STAN","STEPHENS","standard","simple","upper","-197.524449542714"
"327","7","3","STAN","STEPHENS","standard","simple","upper","-196.714541043107"
"328","8","3","STAN","STEPHENS","standard","simple","upper","-195.967715088158"
"329","9","3","STAN","STEPHENS","standard","simple","upper","-197.180850727672"
"330","10","3","STAN","STEPHENS","standard","simple","upper","-197.573682820989"
"331","11","3","STAN","STEPHENS","standard","simple","upper","-196.455092735297"
"332","12","3","STAN","STEPHENS","standard","simple","upper","-197.259314906018"
"333","13","3","STAN","STEPHENS","standard","simple","upper","-196.567664582854"
"334","14","3","STAN","STEPHENS","standard","simple","upper","-195.677604356583"
"335","15","3","STAN","STEPHENS","standard","simple","upper","-195.899112617873"
"336","16","3","STAN","STEPHENS","standard","simple","upper","-196.240309668552"
"337","17","3","STAN","STEPHENS","standard","simple","upper","-197.312216160354"
"338","18","3","STAN","STEPHENS","standard","simple","upper","-195.864233707557"
"339","19","3","STAN","STEPHENS","standard","simple","upper","-196.142416928878"
"340","20","3","STAN","STEPHENS","standard","simple","upper","-195.77137355335"
"341","1","4","STAN","STEPHENS","standard","simple","upper","-197.000598778124"
"342","2","4","STAN","STEPHENS","standard","simple","upper","-195.693779537578"
"343","3","4","STAN","STEPHENS","standard","simple","upper","-197.296120431011"
"344","4","4","STAN","STEPHENS","standard","simple","upper","-195.832554324817"
"345","5","4","STAN","STEPHENS","standard","simple","upper","-197.136338469017"
"346","6","4","STAN","STEPHENS","standard","simple","upper","-197.629297487495"
"347","7","4","STAN","STEPHENS","standard","simple","upper","-197.031357558462"
"348","8","4","STAN","STEPHENS","standard","simple","upper","-196.15134445983"
"349","9","4","STAN","STEPHENS","standard","simple","upper","-197.556143544228"
"350","10","4","STAN","STEPHENS","standard","simple","upper","-197.517544746754"
"351","11","4","STAN","STEPHENS","standard","simple","upper","-196.305026408544"
"352","12","4","STAN","STEPHENS","standard","simple","upper","-197.358389350109"
"353","13","4","STAN","STEPHENS","standard","simple","upper","-196.211258253624"
"354","14","4","STAN","STEPHENS","standard","simple","upper","-197.054792014918"
"355","15","4","STAN","STEPHENS","standard","simple","upper","-197.390043613331"
"356","16","4","STAN","STEPHENS","standard","simple","upper","-197.384046699318"
"357","17","4","STAN","STEPHENS","standard","simple","upper","-197.290808273792"
"358","18","4","STAN","STEPHENS","standard","simple","upper","-196.256863006779"
"359","19","4","STAN","STEPHENS","standard","simple","upper","-195.894040109957"
"360","20","4","STAN","STEPHENS","standard","simple","upper","-197.020668643146"
"361","1","5","STAN","STEPHENS","standard","simple","upper","-197.554229650643"
"362","2","5","STAN","STEPHENS","standard","simple","upper","-196.755747991717"
"363","3","5","STAN","STEPHENS","standard","simple","upper","-196.564241104034"
"364","4","5","STAN","STEPHENS","standard","simple","upper","-196.359312981896"
"365","5","5","STAN","STEPHENS","standard","simple","upper","-196.774669083874"
"366","6","5","STAN","STEPHENS","standard","simple","upper","-197.321572507104"
"367","7","5","STAN","STEPHENS","standard","simple","upper","-196.452592044552"
"368","8","5","STAN","STEPHENS","standard","simple","upper","-195.828655793524"
"369","9","5","STAN","STEPHENS","standard","simple","upper","-197.989674351224"
"370","10","5","STAN","STEPHENS","standard","simple","upper","-196.696297558572"
"371","11","5","STAN","STEPHENS","standard","simple","upper","-197.150074853267"
"372","12","5","STAN","STEPHENS","standard","simple","upper","-196.397233872839"
"373","13","5","STAN","STEPHENS","standard","simple","upper","-196.368563696968"
"374","14","5","STAN","STEPHENS","standard","simple","upper","-196.50348899656"
"375","15","5","STAN","STEPHENS","standard","simple","upper","-196.765032792569"
"376","16","5","STAN","STEPHENS","standard","simple","upper","-196.280965748836"
"377","17","5","STAN","STEPHENS","standard","simple","upper","-197.67549410407"
"378","18","5","STAN","STEPHENS","standard","simple","upper","-197.56425327006"
"379","19","5","STAN","STEPHENS","standard","simple","upper","-197.21267889309"
"380","20","5","STAN","STEPHENS","standard","simple","upper","-196.054604171956"
"381","1","6","STAN","STEPHENS","standard","simple","upper","-196.439559547884"
"382","2","6","STAN","STEPHENS","standard","simple","upper","-197.944076083678"
"383","3","6","STAN","STEPHENS","standard","simple","upper","-197.817174890598"
"384","4","6","STAN","STEPHENS","standard","simple","upper","-196.594953938513"
"385","5","6","STAN","STEPHENS","standard","simple","upper","-196.938761155457"
"386","6","6","STAN","STEPHENS","standard","simple","upper","-196.470880663149"
"387","7","6","STAN","STEPHENS","standard","simple","upper","-196.806452851588"
"388","8","6","STAN","STEPHENS","standard","simple","upper","-198.010772710837"
"389","9","6","STAN","STEPHENS","standard","simple","upper","-197.262753201587"
"390","10","6","STAN","STEPHENS","standard","simple","upper","-197.958480679006"
"391","11","6","STAN","STEPHENS","standard","simple","upper","-197.528902107295"
"392","12","6","STAN","STEPHENS","standard","simple","upper","-197.024939430626"
"393","13","6","STAN","STEPHENS","standard","simple","upper","-196.596390216425"
"394","14","6","STAN","STEPHENS","standard","simple","upper","-197.696417982069"
"395","15","6","STAN","STEPHENS","standard","simple","upper","-196.390955938614"
"396","16","6","STAN","STEPHENS","standard","simple","upper","-197.062575516232"
"397","17","6","STAN","STEPHENS","standard","simple","upper","-197.40740355827"
"398","18","6","STAN","STEPHENS","standard","simple","upper","-197.183830867343"
"399","19","6","STAN","STEPHENS","standard","simple","upper","-196.801933110737"
"400","20","6","STAN","STEPHENS","standard","simple","upper","-196.914108496785"
"401","1","2","JAGS","ECR","standard","permutations","upper","-198.694195599047"
"402","2","2","JAGS","ECR","standard","permutations","upper","-197.687994315154"
"403","3","2","JAGS","ECR","standard","permutations","upper","-198.936541069321"
"404","4","2","JAGS","ECR","standard","permutations","upper","-197.1175745234"
"405","5","2","JAGS","ECR","standard","permutations","upper","-197.069459596423"
"406","6","2","JAGS","ECR","standard","permutations","upper","-198.199610605771"
"407","7","2","JAGS","ECR","standard","permutations","upper","-198.229596957274"
"408","8","2","JAGS","ECR","standard","permutations","upper","-198.683115581189"
"409","9","2","JAGS","ECR","standard","permutations","upper","-199.115489150034"
"410","10","2","JAGS","ECR","standard","permutations","upper","-197.428809097527"
"411","11","2","JAGS","ECR","standard","permutations","upper","-197.682085000213"
"412","12","2","JAGS","ECR","standard","permutations","upper","-197.02889594587"
"413","13","2","JAGS","ECR","standard","permutations","upper","-198.759764564004"
"414","14","2","JAGS","ECR","standard","permutations","upper","-197.491592540069"
"415","15","2","JAGS","ECR","standard","permutations","upper","-199.102975108018"
"416","16","2","JAGS","ECR","standard","permutations","upper","-198.839121661962"
"417","17","2","JAGS","ECR","standard","permutations","upper","-198.418842269678"
"418","18","2","JAGS","ECR","standard","permutations","upper","-199.041274802486"
"419","19","2","JAGS","ECR","standard","permutations","upper","-196.901850975856"
"420","20","2","JAGS","ECR","standard","permutations","upper","-196.996500967532"
"421","1","3","JAGS","ECR","standard","permutations","upper","-197.360621779119"
"422","2","3","JAGS","ECR","standard","permutations","upper","-197.440423486262"
"423","3","3","JAGS","ECR","standard","permutations","upper","-197.444411687375"
"424","4","3","JAGS","ECR","standard","permutations","upper","-195.595755354584"
"425","5","3","JAGS","ECR","standard","permutations","upper","-195.687642364944"
"426","6","3","JAGS","ECR","standard","permutations","upper","-197.20802677915"
"427","7","3","JAGS","ECR","standard","permutations","upper","-195.712812990822"
"428","8","3","JAGS","ECR","standard","permutations","upper","-195.661691370724"
"429","9","3","JAGS","ECR","standard","permutations","upper","-196.379478195601"
"430","10","3","JAGS","ECR","standard","permutations","upper","-196.15454942161"
"431","11","3","JAGS","ECR","standard","permutations","upper","-195.557262927804"
"432","12","3","JAGS","ECR","standard","permutations","upper","-197.041782600096"
"433","13","3","JAGS","ECR","standard","permutations","upper","-196.585884650816"
"434","14","3","JAGS","ECR","standard","permutations","upper","-196.446287809697"
"435","15","3","JAGS","ECR","standard","permutations","upper","-196.749614756851"
"436","16","3","JAGS","ECR","standard","permutations","upper","-197.066463660361"
"437","17","3","JAGS","ECR","standard","permutations","upper","-197.681974692316"
"438","18","3","JAGS","ECR","standard","permutations","upper","-196.88208203717"
"439","19","3","JAGS","ECR","standard","permutations","upper","-197.073812033349"
"440","20","3","JAGS","ECR","standard","permutations","upper","-195.668336588481"
"441","1","4","JAGS","ECR","standard","permutations","upper","-197.539735886651"
"442","2","4","JAGS","ECR","standard","permutations","upper","-196.440001692609"
"443","3","4","JAGS","ECR","standard","permutations","upper","-197.041659136381"
"444","4","4","JAGS","ECR","standard","permutations","upper","-196.761250731406"
"445","5","4","JAGS","ECR","standard","permutations","upper","-196.247380674827"
"446","6","4","JAGS","ECR","standard","permutations","upper","-197.72672087399"
"447","7","4","JAGS","ECR","standard","permutations","upper","-196.734266453235"
"448","8","4","JAGS","ECR","standard","permutations","upper","-196.58653530356"
"449","9","4","JAGS","ECR","standard","permutations","upper","-197.910588792939"
"450","10","4","JAGS","ECR","standard","permutations","upper","-196.04640793524"
"451","11","4","JAGS","ECR","standard","permutations","upper","-197.205082726038"
"452","12","4","JAGS","ECR","standard","permutations","upper","-197.498044608252"
"453","13","4","JAGS","ECR","standard","permutations","upper","-197.439274262347"
"454","14","4","JAGS","ECR","standard","permutations","upper","-196.931878257167"
"455","15","4","JAGS","ECR","standard","permutations","upper","-195.933855488744"
"456","16","4","JAGS","ECR","standard","permutations","upper","-197.298192844399"
"457","17","4","JAGS","ECR","standard","permutations","upper","-197.792970962141"
"458","18","4","JAGS","ECR","standard","permutations","upper","-195.306317301955"
"459","19","4","JAGS","ECR","standard","permutations","upper","-196.112542440967"
"460","20","4","JAGS","ECR","standard","permutations","upper","-197.570604785226"
"461","1","5","JAGS","ECR","standard","permutations","upper","-197.060488912797"
"462","2","5","JAGS","ECR","standard","permutations","upper","-197.646543454916"
"463","3","5","JAGS","ECR","standard","permutations","upper","-195.95997885179"
"464","4","5","JAGS","ECR","standard","permutations","upper","-198.010633253851"
"465","5","5","JAGS","ECR","standard","permutations","upper","-197.489348451016"
"466","6","5","JAGS","ECR","standard","permutations","upper","-196.476062784968"
"467","7","5","JAGS","ECR","standard","permutations","upper","-196.554348378055"
"468","8","5","JAGS","ECR","standard","permutations","upper","-196.796548783694"
"469","9","5","JAGS","ECR","standard","permutations","upper","-197.652141635159"
"470","10","5","JAGS","ECR","standard","permutations","upper","-196.211677197166"
"471","11","5","JAGS","ECR","standard","permutations","upper","-197.604999479314"
"472","12","5","JAGS","ECR","standard","permutations","upper","-196.18662121521"
"473","13","5","JAGS","ECR","standard","permutations","upper","-196.947142928591"
"474","14","5","JAGS","ECR","standard","permutations","upper","-196.107920304844"
"475","15","5","JAGS","ECR","standard","permutations","upper","-197.264364952699"
"476","16","5","JAGS","ECR","standard","permutations","upper","-197.097877909321"
"477","17","5","JAGS","ECR","standard","permutations","upper","-197.657214868723"
"478","18","5","JAGS","ECR","standard","permutations","upper","-197.133851693074"
"479","19","5","JAGS","ECR","standard","permutations","upper","-196.462440527764"
"480","20","5","JAGS","ECR","standard","permutations","upper","-196.592820142693"
"481","1","6","JAGS","ECR","standard","permutations","upper","-196.119298955461"
"482","2","6","JAGS","ECR","standard","permutations","upper","-196.69335392431"
"483","3","6","JAGS","ECR","standard","permutations","upper","-196.72612023179"
"484","4","6","JAGS","ECR","standard","permutations","upper","-197.535121969272"
"485","5","6","JAGS","ECR","standard","permutations","upper","-197.030437484349"
"486","6","6","JAGS","ECR","standard","permutations","upper","-197.971537794978"
"487","7","6","JAGS","ECR","standard","permutations","upper","-197.439009762581"
"488","8","6","JAGS","ECR","standard","permutations","upper","-196.925927684449"
"489","9","6","JAGS","ECR","standard","permutations","upper","-198.06365526175"
"490","10","6","JAGS","ECR","standard","permutations","upper","-196.792336597345"
"491","11","6","JAGS","ECR","standard","permutations","upper","-196.070689694781"
"492","12","6","JAGS","ECR","standard","permutations","upper","-196.44768462781"
"493","13","6","JAGS","ECR","standard","permutations","upper","-197.406851402651"
"494","14","6","JAGS","ECR","standard","permutations","upper","-197.936670392485"
"495","15","6","JAGS","ECR","standard","permutations","upper","-197.269049188271"
"496","16","6","JAGS","ECR","standard","permutations","upper","-197.56247691986"
"497","17","6","JAGS","ECR","standard","permutations","upper","-196.452379331044"
"498","18","6","JAGS","ECR","standard","permutations","upper","-198.535966678225"
"499","19","6","JAGS","ECR","standard","permutations","upper","-198.205299872553"
"500","20","6","JAGS","ECR","standard","permutations","upper","-196.358149725536"
"501","1","2","STAN","ECR","standard","permutations","upper",NA
"502","2","2","STAN","ECR","standard","permutations","upper",NA
"503","3","2","STAN","ECR","standard","permutations","upper",NA
"504","4","2","STAN","ECR","standard","permutations","upper",NA
"505","5","2","STAN","ECR","standard","permutations","upper",NA
"506","6","2","STAN","ECR","standard","permutations","upper",NA
"507","7","2","STAN","ECR","standard","permutations","upper",NA
"508","8","2","STAN","ECR","standard","permutations","upper",NA
"509","9","2","STAN","ECR","standard","permutations","upper",NA
"510","10","2","STAN","ECR","standard","permutations","upper",NA
"511","11","2","STAN","ECR","standard","permutations","upper",NA
"512","12","2","STAN","ECR","standard","permutations","upper",NA
"513","13","2","STAN","ECR","standard","permutations","upper",NA
"514","14","2","STAN","ECR","standard","permutations","upper",NA
"515","15","2","STAN","ECR","standard","permutations","upper",NA
"516","16","2","STAN","ECR","standard","permutations","upper",NA
"517","17","2","STAN","ECR","standard","permutations","upper",NA
"518","18","2","STAN","ECR","standard","permutations","upper",NA
"519","19","2","STAN","ECR","standard","permutations","upper",NA
"520","20","2","STAN","ECR","standard","permutations","upper",NA
"521","1","3","STAN","ECR","standard","permutations","upper",NA
"522","2","3","STAN","ECR","standard","permutations","upper",NA
"523","3","3","STAN","ECR","standard","permutations","upper",NA
"524","4","3","STAN","ECR","standard","permutations","upper",NA
"525","5","3","STAN","ECR","standard","permutations","upper",NA
"526","6","3","STAN","ECR","standard","permutations","upper",NA
"527","7","3","STAN","ECR","standard","permutations","upper",NA
"528","8","3","STAN","ECR","standard","permutations","upper",NA
"529","9","3","STAN","ECR","standard","permutations","upper",NA
"530","10","3","STAN","ECR","standard","permutations","upper",NA
"531","11","3","STAN","ECR","standard","permutations","upper",NA
"532","12","3","STAN","ECR","standard","permutations","upper",NA
"533","13","3","STAN","ECR","standard","permutations","upper",NA
"534","14","3","STAN","ECR","standard","permutations","upper",NA
"535","15","3","STAN","ECR","standard","permutations","upper",NA
"536","16","3","STAN","ECR","standard","permutations","upper",NA
"537","17","3","STAN","ECR","standard","permutations","upper",NA
"538","18","3","STAN","ECR","standard","permutations","upper",NA
"539","19","3","STAN","ECR","standard","permutations","upper",NA
"540","20","3","STAN","ECR","standard","permutations","upper",NA
"541","1","4","STAN","ECR","standard","permutations","upper",NA
"542","2","4","STAN","ECR","standard","permutations","upper",NA
"543","3","4","STAN","ECR","standard","permutations","upper",NA
"544","4","4","STAN","ECR","standard","permutations","upper",NA
"545","5","4","STAN","ECR","standard","permutations","upper",NA
"546","6","4","STAN","ECR","standard","permutations","upper",NA
"547","7","4","STAN","ECR","standard","permutations","upper",NA
"548","8","4","STAN","ECR","standard","permutations","upper",NA
"549","9","4","STAN","ECR","standard","permutations","upper",NA
"550","10","4","STAN","ECR","standard","permutations","upper",NA
"551","11","4","STAN","ECR","standard","permutations","upper",NA
"552","12","4","STAN","ECR","standard","permutations","upper",NA
"553","13","4","STAN","ECR","standard","permutations","upper",NA
"554","14","4","STAN","ECR","standard","permutations","upper",NA
"555","15","4","STAN","ECR","standard","permutations","upper",NA
"556","16","4","STAN","ECR","standard","permutations","upper",NA
"557","17","4","STAN","ECR","standard","permutations","upper",NA
"558","18","4","STAN","ECR","standard","permutations","upper",NA
"559","19","4","STAN","ECR","standard","permutations","upper",NA
"560","20","4","STAN","ECR","standard","permutations","upper",NA
"561","1","5","STAN","ECR","standard","permutations","upper",NA
"562","2","5","STAN","ECR","standard","permutations","upper",NA
"563","3","5","STAN","ECR","standard","permutations","upper",NA
"564","4","5","STAN","ECR","standard","permutations","upper",NA
"565","5","5","STAN","ECR","standard","permutations","upper",NA
"566","6","5","STAN","ECR","standard","permutations","upper",NA
"567","7","5","STAN","ECR","standard","permutations","upper",NA
"568","8","5","STAN","ECR","standard","permutations","upper",NA
"569","9","5","STAN","ECR","standard","permutations","upper",NA
"570","10","5","STAN","ECR","standard","permutations","upper",NA
"571","11","5","STAN","ECR","standard","permutations","upper",NA
"572","12","5","STAN","ECR","standard","permutations","upper",NA
"573","13","5","STAN","ECR","standard","permutations","upper",NA
"574","14","5","STAN","ECR","standard","permutations","upper",NA
"575","15","5","STAN","ECR","standard","permutations","upper",NA
"576","16","5","STAN","ECR","standard","permutations","upper",NA
"577","17","5","STAN","ECR","standard","permutations","upper",NA
"578","18","5","STAN","ECR","standard","permutations","upper",NA
"579","19","5","STAN","ECR","standard","permutations","upper",NA
"580","20","5","STAN","ECR","standard","permutations","upper",NA
"581","1","6","STAN","ECR","standard","permutations","upper",NA
"582","2","6","STAN","ECR","standard","permutations","upper",NA
"583","3","6","STAN","ECR","standard","permutations","upper",NA
"584","4","6","STAN","ECR","standard","permutations","upper",NA
"585","5","6","STAN","ECR","standard","permutations","upper",NA
"586","6","6","STAN","ECR","standard","permutations","upper",NA
"587","7","6","STAN","ECR","standard","permutations","upper",NA
"588","8","6","STAN","ECR","standard","permutations","upper",NA
"589","9","6","STAN","ECR","standard","permutations","upper",NA
"590","10","6","STAN","ECR","standard","permutations","upper",NA
"591","11","6","STAN","ECR","standard","permutations","upper",NA
"592","12","6","STAN","ECR","standard","permutations","upper",NA
"593","13","6","STAN","ECR","standard","permutations","upper",NA
"594","14","6","STAN","ECR","standard","permutations","upper",NA
"595","15","6","STAN","ECR","standard","permutations","upper",NA
"596","16","6","STAN","ECR","standard","permutations","upper",NA
"597","17","6","STAN","ECR","standard","permutations","upper",NA
"598","18","6","STAN","ECR","standard","permutations","upper",NA
"599","19","6","STAN","ECR","standard","permutations","upper",NA
"600","20","6","STAN","ECR","standard","permutations","upper",NA
"601","1","2","JAGS","STEPHENS","standard","permutations","upper","-198.694195599047"
"602","2","2","JAGS","STEPHENS","standard","permutations","upper","-197.687994315154"
"603","3","2","JAGS","STEPHENS","standard","permutations","upper","-198.936541069321"
"604","4","2","JAGS","STEPHENS","standard","permutations","upper","-197.1175745234"
"605","5","2","JAGS","STEPHENS","standard","permutations","upper","-197.069459596423"
"606","6","2","JAGS","STEPHENS","standard","permutations","upper","-198.199610605771"
"607","7","2","JAGS","STEPHENS","standard","permutations","upper","-198.229596957274"
"608","8","2","JAGS","STEPHENS","standard","permutations","upper","-198.683115581189"
"609","9","2","JAGS","STEPHENS","standard","permutations","upper","-199.115489150034"
"610","10","2","JAGS","STEPHENS","standard","permutations","upper","-197.428809097527"
"611","11","2","JAGS","STEPHENS","standard","permutations","upper","-197.682085000213"
"612","12","2","JAGS","STEPHENS","standard","permutations","upper","-197.02889594587"
"613","13","2","JAGS","STEPHENS","standard","permutations","upper","-198.759764564004"
"614","14","2","JAGS","STEPHENS","standard","permutations","upper","-197.491592540069"
"615","15","2","JAGS","STEPHENS","standard","permutations","upper","-199.102975108018"
"616","16","2","JAGS","STEPHENS","standard","permutations","upper","-198.839121661962"
"617","17","2","JAGS","STEPHENS","standard","permutations","upper","-198.418842269678"
"618","18","2","JAGS","STEPHENS","standard","permutations","upper","-199.041274802486"
"619","19","2","JAGS","STEPHENS","standard","permutations","upper","-196.901850975856"
"620","20","2","JAGS","STEPHENS","standard","permutations","upper","-196.996500967532"
"621","1","3","JAGS","STEPHENS","standard","permutations","upper","-197.373963869112"
"622","2","3","JAGS","STEPHENS","standard","permutations","upper","-197.423723505684"
"623","3","3","JAGS","STEPHENS","standard","permutations","upper","-197.460016786724"
"624","4","3","JAGS","STEPHENS","standard","permutations","upper","-195.608573022047"
"625","5","3","JAGS","STEPHENS","standard","permutations","upper","-195.673956911213"
"626","6","3","JAGS","STEPHENS","standard","permutations","upper","-197.204978829669"
"627","7","3","JAGS","STEPHENS","standard","permutations","upper","-195.679875194662"
"628","8","3","JAGS","STEPHENS","standard","permutations","upper","-195.618119988169"
"629","9","3","JAGS","STEPHENS","standard","permutations","upper","-196.391551554725"
"630","10","3","JAGS","STEPHENS","standard","permutations","upper","-196.153750890059"
"631","11","3","JAGS","STEPHENS","standard","permutations","upper","-195.567780196513"
"632","12","3","JAGS","STEPHENS","standard","permutations","upper","-197.048183749784"
"633","13","3","JAGS","STEPHENS","standard","permutations","upper","-196.581607030212"
"634","14","3","JAGS","STEPHENS","standard","permutations","upper","-196.439780529677"
"635","15","3","JAGS","STEPHENS","standard","permutations","upper","-196.756364281695"
"636","16","3","JAGS","STEPHENS","standard","permutations","upper","-197.07032466372"
"637","17","3","JAGS","STEPHENS","standard","permutations","upper","-197.66957424818"
"638","18","3","JAGS","STEPHENS","standard","permutations","upper","-196.888299408031"
"639","19","3","JAGS","STEPHENS","standard","permutations","upper","-197.067512430332"
"640","20","3","JAGS","STEPHENS","standard","permutations","upper","-195.678942950471"
"641","1","4","JAGS","STEPHENS","standard","permutations","upper","-197.50679176812"
"642","2","4","JAGS","STEPHENS","standard","permutations","upper","-196.03495575766"
"643","3","4","JAGS","STEPHENS","standard","permutations","upper","-197.094462164231"
"644","4","4","JAGS","STEPHENS","standard","permutations","upper","-196.373360194928"
"645","5","4","JAGS","STEPHENS","standard","permutations","upper","-196.044538886857"
"646","6","4","JAGS","STEPHENS","standard","permutations","upper","-197.865645781644"
"647","7","4","JAGS","STEPHENS","standard","permutations","upper","-196.591694429007"
"648","8","4","JAGS","STEPHENS","standard","permutations","upper","-196.895265545804"
"649","9","4","JAGS","STEPHENS","standard","permutations","upper","-197.407777902034"
"650","10","4","JAGS","STEPHENS","standard","permutations","upper","-195.940613549704"
"651","11","4","JAGS","STEPHENS","standard","permutations","upper","-197.181974337736"
"652","12","4","JAGS","STEPHENS","standard","permutations","upper","-197.538384525582"
"653","13","4","JAGS","STEPHENS","standard","permutations","upper","-197.089197085005"
"654","14","4","JAGS","STEPHENS","standard","permutations","upper","-196.835695108927"
"655","15","4","JAGS","STEPHENS","standard","permutations","upper","-195.995649906075"
"656","16","4","JAGS","STEPHENS","standard","permutations","upper","-196.946366722694"
"657","17","4","JAGS","STEPHENS","standard","permutations","upper","-197.70236867892"
"658","18","4","JAGS","STEPHENS","standard","permutations","upper","-195.762609564642"
"659","19","4","JAGS","STEPHENS","standard","permutations","upper","-196.272480905993"
"660","20","4","JAGS","STEPHENS","standard","permutations","upper","-197.748136171891"
"661","1","5","JAGS","STEPHENS","standard","permutations","upper","-196.931510293812"
"662","2","5","JAGS","STEPHENS","standard","permutations","upper","-197.353208141632"
"663","3","5","JAGS","STEPHENS","standard","permutations","upper","-195.847587894005"
"664","4","5","JAGS","STEPHENS","standard","permutations","upper","-198.072151830889"
"665","5","5","JAGS","STEPHENS","standard","permutations","upper","-197.291710625128"
"666","6","5","JAGS","STEPHENS","standard","permutations","upper","-196.766289977017"
"667","7","5","JAGS","STEPHENS","standard","permutations","upper","-196.502941476505"
"668","8","5","JAGS","STEPHENS","standard","permutations","upper","-196.439802134742"
"669","9","5","JAGS","STEPHENS","standard","permutations","upper","-198.003314305622"
"670","10","5","JAGS","STEPHENS","standard","permutations","upper","-196.306926987214"
"671","11","5","JAGS","STEPHENS","standard","permutations","upper","-197.315151910172"
"672","12","5","JAGS","STEPHENS","standard","permutations","upper","-196.396396431321"
"673","13","5","JAGS","STEPHENS","standard","permutations","upper","-195.993951392775"
"674","14","5","JAGS","STEPHENS","standard","permutations","upper","-195.789768764302"
"675","15","5","JAGS","STEPHENS","standard","permutations","upper","-197.356361627171"
"676","16","5","JAGS","STEPHENS","standard","permutations","upper","-197.077361359867"
"677","17","5","JAGS","STEPHENS","standard","permutations","upper","-197.607003128162"
"678","18","5","JAGS","STEPHENS","standard","permutations","upper","-196.957583083761"
"679","19","5","JAGS","STEPHENS","standard","permutations","upper","-196.676545938989"
"680","20","5","JAGS","STEPHENS","standard","permutations","upper","-196.813389134689"
"681","1","6","JAGS","STEPHENS","standard","permutations","upper","-197.132041440991"
"682","2","6","JAGS","STEPHENS","standard","permutations","upper","-197.153023303796"
"683","3","6","JAGS","STEPHENS","standard","permutations","upper","-196.65442947268"
"684","4","6","JAGS","STEPHENS","standard","permutations","upper","-198.122618540977"
"685","5","6","JAGS","STEPHENS","standard","permutations","upper","-196.31330343404"
"686","6","6","JAGS","STEPHENS","standard","permutations","upper","-197.866129005633"
"687","7","6","JAGS","STEPHENS","standard","permutations","upper","-197.315896454073"
"688","8","6","JAGS","STEPHENS","standard","permutations","upper","-196.64700364076"
"689","9","6","JAGS","STEPHENS","standard","permutations","upper","-197.027102283522"
"690","10","6","JAGS","STEPHENS","standard","permutations","upper","-197.044893378479"
"691","11","6","JAGS","STEPHENS","standard","permutations","upper","-196.429118689262"
"692","12","6","JAGS","STEPHENS","standard","permutations","upper","-196.115902383637"
"693","13","6","JAGS","STEPHENS","standard","permutations","upper","-197.310337518576"
"694","14","6","JAGS","STEPHENS","standard","permutations","upper","-197.125490093096"
"695","15","6","JAGS","STEPHENS","standard","permutations","upper","-197.251295965265"
"696","16","6","JAGS","STEPHENS","standard","permutations","upper","-197.37171808354"
"697","17","6","JAGS","STEPHENS","standard","permutations","upper","-196.671489332374"
"698","18","6","JAGS","STEPHENS","standard","permutations","upper","-198.31340855042"
"699","19","6","JAGS","STEPHENS","standard","permutations","upper","-198.411699973672"
"700","20","6","JAGS","STEPHENS","standard","permutations","upper","-196.456858986413"
"701","1","2","STAN","STEPHENS","standard","permutations","upper","-198.884323394257"
"702","2","2","STAN","STEPHENS","standard","permutations","upper","-198.445445297117"
"703","3","2","STAN","STEPHENS","standard","permutations","upper","-197.459534759833"
"704","4","2","STAN","STEPHENS","standard","permutations","upper","-198.085045312579"
"705","5","2","STAN","STEPHENS","standard","permutations","upper","-197.743979084126"
"706","6","2","STAN","STEPHENS","standard","permutations","upper","-197.551902732925"
"707","7","2","STAN","STEPHENS","standard","permutations","upper","-198.271411675725"
"708","8","2","STAN","STEPHENS","standard","permutations","upper","-198.832832540566"
"709","9","2","STAN","STEPHENS","standard","permutations","upper","-197.792486455735"
"710","10","2","STAN","STEPHENS","standard","permutations","upper","-198.293768362711"
"711","11","2","STAN","STEPHENS","standard","permutations","upper","-198.881454018306"
"712","12","2","STAN","STEPHENS","standard","permutations","upper","-196.913917804371"
"713","13","2","STAN","STEPHENS","standard","permutations","upper","-196.97083040647"
"714","14","2","STAN","STEPHENS","standard","permutations","upper","-198.823259718106"
"715","15","2","STAN","STEPHENS","standard","permutations","upper","-197.0376003976"
"716","16","2","STAN","STEPHENS","standard","permutations","upper","-198.632579115043"
"717","17","2","STAN","STEPHENS","standard","permutations","upper","-197.278314471237"
"718","18","2","STAN","STEPHENS","standard","permutations","upper","-197.815295027104"
"719","19","2","STAN","STEPHENS","standard","permutations","upper","-198.902261922356"
"720","20","2","STAN","STEPHENS","standard","permutations","upper","-198.540540272101"
"721","1","3","STAN","STEPHENS","standard","permutations","upper","-196.618098266731"
"722","2","3","STAN","STEPHENS","standard","permutations","upper","-195.913292305976"
"723","3","3","STAN","STEPHENS","standard","permutations","upper","-196.882372041557"
"724","4","3","STAN","STEPHENS","standard","permutations","upper","-195.857332379398"
"725","5","3","STAN","STEPHENS","standard","permutations","upper","-196.973752874271"
"726","6","3","STAN","STEPHENS","standard","permutations","upper","-197.524449542714"
"727","7","3","STAN","STEPHENS","standard","permutations","upper","-196.714541043107"
"728","8","3","STAN","STEPHENS","standard","permutations","upper","-195.967715088158"
"729","9","3","STAN","STEPHENS","standard","permutations","upper","-197.180850727672"
"730","10","3","STAN","STEPHENS","standard","permutations","upper","-197.573682820989"
"731","11","3","STAN","STEPHENS","standard","permutations","upper","-196.455092735297"
"732","12","3","STAN","STEPHENS","standard","permutations","upper","-197.259314906018"
"733","13","3","STAN","STEPHENS","standard","permutations","upper","-196.567664582854"
"734","14","3","STAN","STEPHENS","standard","permutations","upper","-195.677604356583"
"735","15","3","STAN","STEPHENS","standard","permutations","upper","-195.899112617873"
"736","16","3","STAN","STEPHENS","standard","permutations","upper","-196.240309668552"
"737","17","3","STAN","STEPHENS","standard","permutations","upper","-197.312216160354"
"738","18","3","STAN","STEPHENS","standard","permutations","upper","-195.864233707557"
"739","19","3","STAN","STEPHENS","standard","permutations","upper","-196.142416928878"
"740","20","3","STAN","STEPHENS","standard","permutations","upper","-195.77137355335"
"741","1","4","STAN","STEPHENS","standard","permutations","upper","-197.000598778124"
"742","2","4","STAN","STEPHENS","standard","permutations","upper","-195.693779537578"
"743","3","4","STAN","STEPHENS","standard","permutations","upper","-197.296120431011"
"744","4","4","STAN","STEPHENS","standard","permutations","upper","-195.832554324817"
"745","5","4","STAN","STEPHENS","standard","permutations","upper","-197.136338469017"
"746","6","4","STAN","STEPHENS","standard","permutations","upper","-197.629297487495"
"747","7","4","STAN","STEPHENS","standard","permutations","upper","-197.031357558462"
"748","8","4","STAN","STEPHENS","standard","permutations","upper","-196.15134445983"
"749","9","4","STAN","STEPHENS","standard","permutations","upper","-197.556143544228"
"750","10","4","STAN","STEPHENS","standard","permutations","upper","-197.517544746754"
"751","11","4","STAN","STEPHENS","standard","permutations","upper","-196.305026408544"
"752","12","4","STAN","STEPHENS","standard","permutations","upper","-197.358389350109"
"753","13","4","STAN","STEPHENS","standard","permutations","upper","-196.211258253624"
"754","14","4","STAN","STEPHENS","standard","permutations","upper","-197.054792014918"
"755","15","4","STAN","STEPHENS","standard","permutations","upper","-197.390043613331"
"756","16","4","STAN","STEPHENS","standard","permutations","upper","-197.384046699318"
"757","17","4","STAN","STEPHENS","standard","permutations","upper","-197.290808273792"
"758","18","4","STAN","STEPHENS","standard","permutations","upper","-196.256863006779"
"759","19","4","STAN","STEPHENS","standard","permutations","upper","-195.894040109957"
"760","20","4","STAN","STEPHENS","standard","permutations","upper","-197.020668643146"
"761","1","5","STAN","STEPHENS","standard","permutations","upper","-197.554229650643"
"762","2","5","STAN","STEPHENS","standard","permutations","upper","-196.755747991717"
"763","3","5","STAN","STEPHENS","standard","permutations","upper","-196.564241104034"
"764","4","5","STAN","STEPHENS","standard","permutations","upper","-196.359312981896"
"765","5","5","STAN","STEPHENS","standard","permutations","upper","-196.774669083874"
"766","6","5","STAN","STEPHENS","standard","permutations","upper","-197.321572507104"
"767","7","5","STAN","STEPHENS","standard","permutations","upper","-196.452592044552"
"768","8","5","STAN","STEPHENS","standard","permutations","upper","-195.828655793524"
"769","9","5","STAN","STEPHENS","standard","permutations","upper","-197.989674351224"
"770","10","5","STAN","STEPHENS","standard","permutations","upper","-196.696297558572"
"771","11","5","STAN","STEPHENS","standard","permutations","upper","-197.150074853267"
"772","12","5","STAN","STEPHENS","standard","permutations","upper","-196.397233872839"
"773","13","5","STAN","STEPHENS","standard","permutations","upper","-196.368563696968"
"774","14","5","STAN","STEPHENS","standard","permutations","upper","-196.50348899656"
"775","15","5","STAN","STEPHENS","standard","permutations","upper","-196.765032792569"
"776","16","5","STAN","STEPHENS","standard","permutations","upper","-196.280965748836"
"777","17","5","STAN","STEPHENS","standard","permutations","upper","-197.67549410407"
"778","18","5","STAN","STEPHENS","standard","permutations","upper","-197.56425327006"
"779","19","5","STAN","STEPHENS","standard","permutations","upper","-197.21267889309"
"780","20","5","STAN","STEPHENS","standard","permutations","upper","-196.054604171956"
"781","1","6","STAN","STEPHENS","standard","permutations","upper","-196.439559547884"
"782","2","6","STAN","STEPHENS","standard","permutations","upper","-197.944076083678"
"783","3","6","STAN","STEPHENS","standard","permutations","upper","-197.817174890598"
"784","4","6","STAN","STEPHENS","standard","permutations","upper","-196.594953938513"
"785","5","6","STAN","STEPHENS","standard","permutations","upper","-196.938761155457"
"786","6","6","STAN","STEPHENS","standard","permutations","upper","-196.470880663149"
"787","7","6","STAN","STEPHENS","standard","permutations","upper","-196.806452851588"
"788","8","6","STAN","STEPHENS","standard","permutations","upper","-198.010772710837"
"789","9","6","STAN","STEPHENS","standard","permutations","upper","-197.262753201587"
"790","10","6","STAN","STEPHENS","standard","permutations","upper","-197.958480679006"
"791","11","6","STAN","STEPHENS","standard","permutations","upper","-197.528902107295"
"792","12","6","STAN","STEPHENS","standard","permutations","upper","-197.024939430626"
"793","13","6","STAN","STEPHENS","standard","permutations","upper","-196.596390216425"
"794","14","6","STAN","STEPHENS","standard","permutations","upper","-197.696417982069"
"795","15","6","STAN","STEPHENS","standard","permutations","upper","-196.390955938614"
"796","16","6","STAN","STEPHENS","standard","permutations","upper","-197.062575516232"
"797","17","6","STAN","STEPHENS","standard","permutations","upper","-197.40740355827"
"798","18","6","STAN","STEPHENS","standard","permutations","upper","-197.183830867343"
"799","19","6","STAN","STEPHENS","standard","permutations","upper","-196.801933110737"
"800","20","6","STAN","STEPHENS","standard","permutations","upper","-196.914108496785"
"801","1","2","JAGS","ECR","standard","simple","estim","-199.435632213501"
"802","2","2","JAGS","ECR","standard","simple","estim","-199.347499873901"
"803","3","2","JAGS","ECR","standard","simple","estim","-199.396234828598"
"804","4","2","JAGS","ECR","standard","simple","estim","-199.38420167427"
"805","5","2","JAGS","ECR","standard","simple","estim","-199.434648440337"
"806","6","2","JAGS","ECR","standard","simple","estim","-199.401461208458"
"807","7","2","JAGS","ECR","standard","simple","estim","-199.393319386025"
"808","8","2","JAGS","ECR","standard","simple","estim","-199.394495343907"
"809","9","2","JAGS","ECR","standard","simple","estim","-199.411803547985"
"810","10","2","JAGS","ECR","standard","simple","estim","-199.436947691145"
"811","11","2","JAGS","ECR","standard","simple","estim","-199.373890621562"
"812","12","2","JAGS","ECR","standard","simple","estim","-199.375012679067"
"813","13","2","JAGS","ECR","standard","simple","estim","-199.380160245088"
"814","14","2","JAGS","ECR","standard","simple","estim","-199.39376705763"
"815","15","2","JAGS","ECR","standard","simple","estim","-199.389968104663"
"816","16","2","JAGS","ECR","standard","simple","estim","-199.38978803645"
"817","17","2","JAGS","ECR","standard","simple","estim","-199.388726594688"
"818","18","2","JAGS","ECR","standard","simple","estim","-199.375849983931"
"819","19","2","JAGS","ECR","standard","simple","estim","-199.339717644051"
"820","20","2","JAGS","ECR","standard","simple","estim","-199.394479824062"
"821","1","3","JAGS","ECR","standard","simple","estim","-198.146009209852"
"822","2","3","JAGS","ECR","standard","simple","estim","-198.090052481949"
"823","3","3","JAGS","ECR","standard","simple","estim","-198.125536532009"
"824","4","3","JAGS","ECR","standard","simple","estim","-198.084423622121"
"825","5","3","JAGS","ECR","standard","simple","estim","-198.179558701526"
"826","6","3","JAGS","ECR","standard","simple","estim","-198.119810056977"
"827","7","3","JAGS","ECR","standard","simple","estim","-198.173106828105"
"828","8","3","JAGS","ECR","standard","simple","estim","-198.139460310176"
"829","9","3","JAGS","ECR","standard","simple","estim","-198.0753937333"
"830","10","3","JAGS","ECR","standard","simple","estim","-198.089303699269"
"831","11","3","JAGS","ECR","standard","simple","estim","-198.053191724606"
"832","12","3","JAGS","ECR","standard","simple","estim","-198.059461005181"
"833","13","3","JAGS","ECR","standard","simple","estim","-198.12751221321"
"834","14","3","JAGS","ECR","standard","simple","estim","-198.072700203384"
"835","15","3","JAGS","ECR","standard","simple","estim","-198.050938165029"
"836","16","3","JAGS","ECR","standard","simple","estim","-197.977284833109"
"837","17","3","JAGS","ECR","standard","simple","estim","-198.177123287268"
"838","18","3","JAGS","ECR","standard","simple","estim","-198.099726674879"
"839","19","3","JAGS","ECR","standard","simple","estim","-198.09656132709"
"840","20","3","JAGS","ECR","standard","simple","estim","-198.039129420625"
"841","1","4","JAGS","ECR","standard","simple","estim","-198.18815950244"
"842","2","4","JAGS","ECR","standard","simple","estim","-198.549156422715"
"843","3","4","JAGS","ECR","standard","simple","estim","-198.192683156103"
"844","4","4","JAGS","ECR","standard","simple","estim","-198.5994604582"
"845","5","4","JAGS","ECR","standard","simple","estim","-198.397357423291"
"846","6","4","JAGS","ECR","standard","simple","estim","-198.09107003614"
"847","7","4","JAGS","ECR","standard","simple","estim","-198.431925921577"
"848","8","4","JAGS","ECR","standard","simple","estim","-197.928323240881"
"849","9","4","JAGS","ECR","standard","simple","estim","-198.759115561318"
"850","10","4","JAGS","ECR","standard","simple","estim","-198.465059268796"
"851","11","4","JAGS","ECR","standard","simple","estim","-198.187547985124"
"852","12","4","JAGS","ECR","standard","simple","estim","-198.425086573693"
"853","13","4","JAGS","ECR","standard","simple","estim","-198.519175145913"
"854","14","4","JAGS","ECR","standard","simple","estim","-198.449520153503"
"855","15","4","JAGS","ECR","standard","simple","estim","-198.139450613351"
"856","16","4","JAGS","ECR","standard","simple","estim","-198.627044094368"
"857","17","4","JAGS","ECR","standard","simple","estim","-198.426376317789"
"858","18","4","JAGS","ECR","standard","simple","estim","-197.797812819769"
"859","19","4","JAGS","ECR","standard","simple","estim","-198.062764537839"
"860","20","4","JAGS","ECR","standard","simple","estim","-198.08080481314"
"861","1","5","JAGS","ECR","standard","simple","estim","-198.775012363139"
"862","2","5","JAGS","ECR","standard","simple","estim","-198.697614007325"
"863","3","5","JAGS","ECR","standard","simple","estim","-198.456010964579"
"864","4","5","JAGS","ECR","standard","simple","estim","-198.666397042568"
"865","5","5","JAGS","ECR","standard","simple","estim","-198.465168355126"
"866","6","5","JAGS","ECR","standard","simple","estim","-198.533044825112"
"867","7","5","JAGS","ECR","standard","simple","estim","-198.507790021718"
"868","8","5","JAGS","ECR","standard","simple","estim","-198.942884529528"
"869","9","5","JAGS","ECR","standard","simple","estim","-198.454908789173"
"870","10","5","JAGS","ECR","standard","simple","estim","-198.402124268446"
"871","11","5","JAGS","ECR","standard","simple","estim","-198.666278615671"
"872","12","5","JAGS","ECR","standard","simple","estim","-198.059415199479"
"873","13","5","JAGS","ECR","standard","simple","estim","-199.188489564124"
"874","14","5","JAGS","ECR","standard","simple","estim","-198.586160575021"
"875","15","5","JAGS","ECR","standard","simple","estim","-198.238233104544"
"876","16","5","JAGS","ECR","standard","simple","estim","-198.499414584151"
"877","17","5","JAGS","ECR","standard","simple","estim","-198.648781849875"
"878","18","5","JAGS","ECR","standard","simple","estim","-198.580433449132"
"879","19","5","JAGS","ECR","standard","simple","estim","-198.378252627755"
"880","20","5","JAGS","ECR","standard","simple","estim","-198.561148723557"
"881","1","6","JAGS","ECR","standard","simple","estim","-198.417458401092"
"882","2","6","JAGS","ECR","standard","simple","estim","-198.742732105486"
"883","3","6","JAGS","ECR","standard","simple","estim","-199.144199180831"
"884","4","6","JAGS","ECR","standard","simple","estim","-198.944063676036"
"885","5","6","JAGS","ECR","standard","simple","estim","-199.424984010198"
"886","6","6","JAGS","ECR","standard","simple","estim","-198.691223051947"
"887","7","6","JAGS","ECR","standard","simple","estim","-198.515651995675"
"888","8","6","JAGS","ECR","standard","simple","estim","-198.916193523441"
"889","9","6","JAGS","ECR","standard","simple","estim","-199.759894833609"
"890","10","6","JAGS","ECR","standard","simple","estim","-198.980526310837"
"891","11","6","JAGS","ECR","standard","simple","estim","-198.558156129806"
"892","12","6","JAGS","ECR","standard","simple","estim","-198.886313558153"
"893","13","6","JAGS","ECR","standard","simple","estim","-198.858283658344"
"894","14","6","JAGS","ECR","standard","simple","estim","-199.76700339714"
"895","15","6","JAGS","ECR","standard","simple","estim","-198.739119693357"
"896","16","6","JAGS","ECR","standard","simple","estim","-198.913102298043"
"897","17","6","JAGS","ECR","standard","simple","estim","-198.369302212262"
"898","18","6","JAGS","ECR","standard","simple","estim","-199.238335786486"
"899","19","6","JAGS","ECR","standard","simple","estim","-199.158141715806"
"900","20","6","JAGS","ECR","standard","simple","estim","-198.718435129563"
"901","1","2","STAN","ECR","standard","simple","estim",NA
"902","2","2","STAN","ECR","standard","simple","estim",NA
"903","3","2","STAN","ECR","standard","simple","estim",NA
"904","4","2","STAN","ECR","standard","simple","estim",NA
"905","5","2","STAN","ECR","standard","simple","estim",NA
"906","6","2","STAN","ECR","standard","simple","estim",NA
"907","7","2","STAN","ECR","standard","simple","estim",NA
"908","8","2","STAN","ECR","standard","simple","estim",NA
"909","9","2","STAN","ECR","standard","simple","estim",NA
"910","10","2","STAN","ECR","standard","simple","estim",NA
"911","11","2","STAN","ECR","standard","simple","estim",NA
"912","12","2","STAN","ECR","standard","simple","estim",NA
"913","13","2","STAN","ECR","standard","simple","estim",NA
"914","14","2","STAN","ECR","standard","simple","estim",NA
"915","15","2","STAN","ECR","standard","simple","estim",NA
"916","16","2","STAN","ECR","standard","simple","estim",NA
"917","17","2","STAN","ECR","standard","simple","estim",NA
"918","18","2","STAN","ECR","standard","simple","estim",NA
"919","19","2","STAN","ECR","standard","simple","estim",NA
"920","20","2","STAN","ECR","standard","simple","estim",NA
"921","1","3","STAN","ECR","standard","simple","estim",NA
"922","2","3","STAN","ECR","standard","simple","estim",NA
"923","3","3","STAN","ECR","standard","simple","estim",NA
"924","4","3","STAN","ECR","standard","simple","estim",NA
"925","5","3","STAN","ECR","standard","simple","estim",NA
"926","6","3","STAN","ECR","standard","simple","estim",NA
"927","7","3","STAN","ECR","standard","simple","estim",NA
"928","8","3","STAN","ECR","standard","simple","estim",NA
"929","9","3","STAN","ECR","standard","simple","estim",NA
"930","10","3","STAN","ECR","standard","simple","estim",NA
"931","11","3","STAN","ECR","standard","simple","estim",NA
"932","12","3","STAN","ECR","standard","simple","estim",NA
"933","13","3","STAN","ECR","standard","simple","estim",NA
"934","14","3","STAN","ECR","standard","simple","estim",NA
"935","15","3","STAN","ECR","standard","simple","estim",NA
"936","16","3","STAN","ECR","standard","simple","estim",NA
"937","17","3","STAN","ECR","standard","simple","estim",NA
"938","18","3","STAN","ECR","standard","simple","estim",NA
"939","19","3","STAN","ECR","standard","simple","estim",NA
"940","20","3","STAN","ECR","standard","simple","estim",NA
"941","1","4","STAN","ECR","standard","simple","estim",NA
"942","2","4","STAN","ECR","standard","simple","estim",NA
"943","3","4","STAN","ECR","standard","simple","estim",NA
"944","4","4","STAN","ECR","standard","simple","estim",NA
"945","5","4","STAN","ECR","standard","simple","estim",NA
"946","6","4","STAN","ECR","standard","simple","estim",NA
"947","7","4","STAN","ECR","standard","simple","estim",NA
"948","8","4","STAN","ECR","standard","simple","estim",NA
"949","9","4","STAN","ECR","standard","simple","estim",NA
"950","10","4","STAN","ECR","standard","simple","estim",NA
"951","11","4","STAN","ECR","standard","simple","estim",NA
"952","12","4","STAN","ECR","standard","simple","estim",NA
"953","13","4","STAN","ECR","standard","simple","estim",NA
"954","14","4","STAN","ECR","standard","simple","estim",NA
"955","15","4","STAN","ECR","standard","simple","estim",NA
"956","16","4","STAN","ECR","standard","simple","estim",NA
"957","17","4","STAN","ECR","standard","simple","estim",NA
"958","18","4","STAN","ECR","standard","simple","estim",NA
"959","19","4","STAN","ECR","standard","simple","estim",NA
"960","20","4","STAN","ECR","standard","simple","estim",NA
"961","1","5","STAN","ECR","standard","simple","estim",NA
"962","2","5","STAN","ECR","standard","simple","estim",NA
"963","3","5","STAN","ECR","standard","simple","estim",NA
"964","4","5","STAN","ECR","standard","simple","estim",NA
"965","5","5","STAN","ECR","standard","simple","estim",NA
"966","6","5","STAN","ECR","standard","simple","estim",NA
"967","7","5","STAN","ECR","standard","simple","estim",NA
"968","8","5","STAN","ECR","standard","simple","estim",NA
"969","9","5","STAN","ECR","standard","simple","estim",NA
"970","10","5","STAN","ECR","standard","simple","estim",NA
"971","11","5","STAN","ECR","standard","simple","estim",NA
"972","12","5","STAN","ECR","standard","simple","estim",NA
"973","13","5","STAN","ECR","standard","simple","estim",NA
"974","14","5","STAN","ECR","standard","simple","estim",NA
"975","15","5","STAN","ECR","standard","simple","estim",NA
"976","16","5","STAN","ECR","standard","simple","estim",NA
"977","17","5","STAN","ECR","standard","simple","estim",NA
"978","18","5","STAN","ECR","standard","simple","estim",NA
"979","19","5","STAN","ECR","standard","simple","estim",NA
"980","20","5","STAN","ECR","standard","simple","estim",NA
"981","1","6","STAN","ECR","standard","simple","estim",NA
"982","2","6","STAN","ECR","standard","simple","estim",NA
"983","3","6","STAN","ECR","standard","simple","estim",NA
"984","4","6","STAN","ECR","standard","simple","estim",NA
"985","5","6","STAN","ECR","standard","simple","estim",NA
"986","6","6","STAN","ECR","standard","simple","estim",NA
"987","7","6","STAN","ECR","standard","simple","estim",NA
"988","8","6","STAN","ECR","standard","simple","estim",NA
"989","9","6","STAN","ECR","standard","simple","estim",NA
"990","10","6","STAN","ECR","standard","simple","estim",NA
"991","11","6","STAN","ECR","standard","simple","estim",NA
"992","12","6","STAN","ECR","standard","simple","estim",NA
"993","13","6","STAN","ECR","standard","simple","estim",NA
"994","14","6","STAN","ECR","standard","simple","estim",NA
"995","15","6","STAN","ECR","standard","simple","estim",NA
"996","16","6","STAN","ECR","standard","simple","estim",NA
"997","17","6","STAN","ECR","standard","simple","estim",NA
"998","18","6","STAN","ECR","standard","simple","estim",NA
"999","19","6","STAN","ECR","standard","simple","estim",NA
"1000","20","6","STAN","ECR","standard","simple","estim",NA
"1001","1","2","JAGS","STEPHENS","standard","simple","estim","-199.435632213501"
"1002","2","2","JAGS","STEPHENS","standard","simple","estim","-199.347499873901"
"1003","3","2","JAGS","STEPHENS","standard","simple","estim","-199.396234828598"
"1004","4","2","JAGS","STEPHENS","standard","simple","estim","-199.38420167427"
"1005","5","2","JAGS","STEPHENS","standard","simple","estim","-199.434648440337"
"1006","6","2","JAGS","STEPHENS","standard","simple","estim","-199.401461208458"
"1007","7","2","JAGS","STEPHENS","standard","simple","estim","-199.393319386025"
"1008","8","2","JAGS","STEPHENS","standard","simple","estim","-199.394495343907"
"1009","9","2","JAGS","STEPHENS","standard","simple","estim","-199.411803547985"
"1010","10","2","JAGS","STEPHENS","standard","simple","estim","-199.436947691145"
"1011","11","2","JAGS","STEPHENS","standard","simple","estim","-199.373890621562"
"1012","12","2","JAGS","STEPHENS","standard","simple","estim","-199.375012679067"
"1013","13","2","JAGS","STEPHENS","standard","simple","estim","-199.380160245088"
"1014","14","2","JAGS","STEPHENS","standard","simple","estim","-199.39376705763"
"1015","15","2","JAGS","STEPHENS","standard","simple","estim","-199.389968104663"
"1016","16","2","JAGS","STEPHENS","standard","simple","estim","-199.38978803645"
"1017","17","2","JAGS","STEPHENS","standard","simple","estim","-199.388726594688"
"1018","18","2","JAGS","STEPHENS","standard","simple","estim","-199.375849983931"
"1019","19","2","JAGS","STEPHENS","standard","simple","estim","-199.339717644051"
"1020","20","2","JAGS","STEPHENS","standard","simple","estim","-199.394479824062"
"1021","1","3","JAGS","STEPHENS","standard","simple","estim","-198.158823308877"
"1022","2","3","JAGS","STEPHENS","standard","simple","estim","-198.075952139227"
"1023","3","3","JAGS","STEPHENS","standard","simple","estim","-198.139573071613"
"1024","4","3","JAGS","STEPHENS","standard","simple","estim","-198.097050957265"
"1025","5","3","JAGS","STEPHENS","standard","simple","estim","-198.165555443713"
"1026","6","3","JAGS","STEPHENS","standard","simple","estim","-198.121783951677"
"1027","7","3","JAGS","STEPHENS","standard","simple","estim","-198.140412604659"
"1028","8","3","JAGS","STEPHENS","standard","simple","estim","-198.096360100064"
"1029","9","3","JAGS","STEPHENS","standard","simple","estim","-198.082245101761"
"1030","10","3","JAGS","STEPHENS","standard","simple","estim","-198.084196371904"
"1031","11","3","JAGS","STEPHENS","standard","simple","estim","-198.063716619181"
"1032","12","3","JAGS","STEPHENS","standard","simple","estim","-198.061519825709"
"1033","13","3","JAGS","STEPHENS","standard","simple","estim","-198.117308037894"
"1034","14","3","JAGS","STEPHENS","standard","simple","estim","-198.07472261276"
"1035","15","3","JAGS","STEPHENS","standard","simple","estim","-198.052153761825"
"1036","16","3","JAGS","STEPHENS","standard","simple","estim","-197.978230012191"
"1037","17","3","JAGS","STEPHENS","standard","simple","estim","-198.170780494816"
"1038","18","3","JAGS","STEPHENS","standard","simple","estim","-198.110951754355"
"1039","19","3","JAGS","STEPHENS","standard","simple","estim","-198.092002910254"
"1040","20","3","JAGS","STEPHENS","standard","simple","estim","-198.049634714329"
"1041","1","4","JAGS","STEPHENS","standard","simple","estim","-198.148589683392"
"1042","2","4","JAGS","STEPHENS","standard","simple","estim","-198.186523418726"
"1043","3","4","JAGS","STEPHENS","standard","simple","estim","-198.268509761783"
"1044","4","4","JAGS","STEPHENS","standard","simple","estim","-198.186740554133"
"1045","5","4","JAGS","STEPHENS","standard","simple","estim","-198.204387426318"
"1046","6","4","JAGS","STEPHENS","standard","simple","estim","-198.219345746273"
"1047","7","4","JAGS","STEPHENS","standard","simple","estim","-198.328990218353"
"1048","8","4","JAGS","STEPHENS","standard","simple","estim","-198.206479143929"
"1049","9","4","JAGS","STEPHENS","standard","simple","estim","-198.249371938533"
"1050","10","4","JAGS","STEPHENS","standard","simple","estim","-198.363007853967"
"1051","11","4","JAGS","STEPHENS","standard","simple","estim","-198.177520221891"
"1052","12","4","JAGS","STEPHENS","standard","simple","estim","-198.432292135234"
"1053","13","4","JAGS","STEPHENS","standard","simple","estim","-198.165863271584"
"1054","14","4","JAGS","STEPHENS","standard","simple","estim","-198.282150096897"
"1055","15","4","JAGS","STEPHENS","standard","simple","estim","-198.217987939356"
"1056","16","4","JAGS","STEPHENS","standard","simple","estim","-198.282667628748"
"1057","17","4","JAGS","STEPHENS","standard","simple","estim","-198.32716552859"
"1058","18","4","JAGS","STEPHENS","standard","simple","estim","-198.253934939234"
"1059","19","4","JAGS","STEPHENS","standard","simple","estim","-198.246793606037"
"1060","20","4","JAGS","STEPHENS","standard","simple","estim","-198.249632832009"
"1061","1","5","JAGS","STEPHENS","standard","simple","estim","-198.666820187753"
"1062","2","5","JAGS","STEPHENS","standard","simple","estim","-198.386729539946"
"1063","3","5","JAGS","STEPHENS","standard","simple","estim","-198.343598046626"
"1064","4","5","JAGS","STEPHENS","standard","simple","estim","-198.723284979356"
"1065","5","5","JAGS","STEPHENS","standard","simple","estim","-198.286533533311"
"1066","6","5","JAGS","STEPHENS","standard","simple","estim","-198.826938163495"
"1067","7","5","JAGS","STEPHENS","standard","simple","estim","-198.507317206354"
"1068","8","5","JAGS","STEPHENS","standard","simple","estim","-198.615900567521"
"1069","9","5","JAGS","STEPHENS","standard","simple","estim","-198.803260257767"
"1070","10","5","JAGS","STEPHENS","standard","simple","estim","-198.499598964001"
"1071","11","5","JAGS","STEPHENS","standard","simple","estim","-198.366268305485"
"1072","12","5","JAGS","STEPHENS","standard","simple","estim","-198.249008469761"
"1073","13","5","JAGS","STEPHENS","standard","simple","estim","-198.226660147428"
"1074","14","5","JAGS","STEPHENS","standard","simple","estim","-198.275670122362"
"1075","15","5","JAGS","STEPHENS","standard","simple","estim","-198.334559502946"
"1076","16","5","JAGS","STEPHENS","standard","simple","estim","-198.471636071377"
"1077","17","5","JAGS","STEPHENS","standard","simple","estim","-198.650691002385"
"1078","18","5","JAGS","STEPHENS","standard","simple","estim","-198.3504880213"
"1079","19","5","JAGS","STEPHENS","standard","simple","estim","-198.564781194321"
"1080","20","5","JAGS","STEPHENS","standard","simple","estim","-198.77900753914"
"1081","1","6","JAGS","STEPHENS","standard","simple","estim","-199.438105023604"
"1082","2","6","JAGS","STEPHENS","standard","simple","estim","-199.242468330207"
"1083","3","6","JAGS","STEPHENS","standard","simple","estim","-199.068803376305"
"1084","4","6","JAGS","STEPHENS","standard","simple","estim","-199.543342587375"
"1085","5","6","JAGS","STEPHENS","standard","simple","estim","-198.710299658706"
"1086","6","6","JAGS","STEPHENS","standard","simple","estim","-198.616526206612"
"1087","7","6","JAGS","STEPHENS","standard","simple","estim","-198.710044404599"
"1088","8","6","JAGS","STEPHENS","standard","simple","estim","-198.774218772849"
"1089","9","6","JAGS","STEPHENS","standard","simple","estim","-198.751518026359"
"1090","10","6","JAGS","STEPHENS","standard","simple","estim","-199.254369747687"
"1091","11","6","JAGS","STEPHENS","standard","simple","estim","-198.917798387218"
"1092","12","6","JAGS","STEPHENS","standard","simple","estim","-198.560989740542"
"1093","13","6","JAGS","STEPHENS","standard","simple","estim","-198.676630237738"
"1094","14","6","JAGS","STEPHENS","standard","simple","estim","-198.99071261651"
"1095","15","6","JAGS","STEPHENS","standard","simple","estim","-198.782537676852"
"1096","16","6","JAGS","STEPHENS","standard","simple","estim","-199.034032798149"
"1097","17","6","JAGS","STEPHENS","standard","simple","estim","-198.735147145267"
"1098","18","6","JAGS","STEPHENS","standard","simple","estim","-198.996851926258"
"1099","19","6","JAGS","STEPHENS","standard","simple","estim","-199.373723931154"
"1100","20","6","JAGS","STEPHENS","standard","simple","estim","-198.78489290025"
"1101","1","2","STAN","STEPHENS","standard","simple","estim","-199.373054205386"
"1102","2","2","STAN","STEPHENS","standard","simple","estim","-199.390829847553"
"1103","3","2","STAN","STEPHENS","standard","simple","estim","-199.344742677977"
"1104","4","2","STAN","STEPHENS","standard","simple","estim","-199.380824040825"
"1105","5","2","STAN","STEPHENS","standard","simple","estim","-199.367635786688"
"1106","6","2","STAN","STEPHENS","standard","simple","estim","-199.389130129656"
"1107","7","2","STAN","STEPHENS","standard","simple","estim","-199.372189326973"
"1108","8","2","STAN","STEPHENS","standard","simple","estim","-199.37755935213"
"1109","9","2","STAN","STEPHENS","standard","simple","estim","-199.361066345"
"1110","10","2","STAN","STEPHENS","standard","simple","estim","-199.39416201695"
"1111","11","2","STAN","STEPHENS","standard","simple","estim","-199.405243786183"
"1112","12","2","STAN","STEPHENS","standard","simple","estim","-199.377687762387"
"1113","13","2","STAN","STEPHENS","standard","simple","estim","-199.386977745234"
"1114","14","2","STAN","STEPHENS","standard","simple","estim","-199.392254519539"
"1115","15","2","STAN","STEPHENS","standard","simple","estim","-199.40076452597"
"1116","16","2","STAN","STEPHENS","standard","simple","estim","-199.364237420129"
"1117","17","2","STAN","STEPHENS","standard","simple","estim","-199.36419365396"
"1118","18","2","STAN","STEPHENS","standard","simple","estim","-199.386166205178"
"1119","19","2","STAN","STEPHENS","standard","simple","estim","-199.394967607253"
"1120","20","2","STAN","STEPHENS","standard","simple","estim","-199.426648787143"
"1121","1","3","STAN","STEPHENS","standard","simple","estim","-198.144725344412"
"1122","2","3","STAN","STEPHENS","standard","simple","estim","-198.08022357698"
"1123","3","3","STAN","STEPHENS","standard","simple","estim","-198.103056511534"
"1124","4","3","STAN","STEPHENS","standard","simple","estim","-198.179865042737"
"1125","5","3","STAN","STEPHENS","standard","simple","estim","-198.183466444558"
"1126","6","3","STAN","STEPHENS","standard","simple","estim","-198.129537491858"
"1127","7","3","STAN","STEPHENS","standard","simple","estim","-198.074937678512"
"1128","8","3","STAN","STEPHENS","standard","simple","estim","-198.15088690445"
"1129","9","3","STAN","STEPHENS","standard","simple","estim","-198.091405616471"
"1130","10","3","STAN","STEPHENS","standard","simple","estim","-198.186761451134"
"1131","11","3","STAN","STEPHENS","standard","simple","estim","-198.183485642336"
"1132","12","3","STAN","STEPHENS","standard","simple","estim","-198.12888680818"
"1133","13","3","STAN","STEPHENS","standard","simple","estim","-198.152330594413"
"1134","14","3","STAN","STEPHENS","standard","simple","estim","-198.080127638628"
"1135","15","3","STAN","STEPHENS","standard","simple","estim","-198.184176552748"
"1136","16","3","STAN","STEPHENS","standard","simple","estim","-198.096274276301"
"1137","17","3","STAN","STEPHENS","standard","simple","estim","-198.076633743542"
"1138","18","3","STAN","STEPHENS","standard","simple","estim","-198.116828498128"
"1139","19","3","STAN","STEPHENS","standard","simple","estim","-198.132578543931"
"1140","20","3","STAN","STEPHENS","standard","simple","estim","-198.101026419605"
"1141","1","4","STAN","STEPHENS","standard","simple","estim","-198.170549297158"
"1142","2","4","STAN","STEPHENS","standard","simple","estim","-198.162101859253"
"1143","3","4","STAN","STEPHENS","standard","simple","estim","-198.233091753274"
"1144","4","4","STAN","STEPHENS","standard","simple","estim","-198.299038243855"
"1145","5","4","STAN","STEPHENS","standard","simple","estim","-198.27000912052"
"1146","6","4","STAN","STEPHENS","standard","simple","estim","-198.219687411218"
"1147","7","4","STAN","STEPHENS","standard","simple","estim","-198.342316875709"
"1148","8","4","STAN","STEPHENS","standard","simple","estim","-198.188857175548"
"1149","9","4","STAN","STEPHENS","standard","simple","estim","-198.141966493833"
"1150","10","4","STAN","STEPHENS","standard","simple","estim","-198.129334128022"
"1151","11","4","STAN","STEPHENS","standard","simple","estim","-198.317441080203"
"1152","12","4","STAN","STEPHENS","standard","simple","estim","-198.285767082538"
"1153","13","4","STAN","STEPHENS","standard","simple","estim","-198.024590607466"
"1154","14","4","STAN","STEPHENS","standard","simple","estim","-198.237436032516"
"1155","15","4","STAN","STEPHENS","standard","simple","estim","-198.251515328727"
"1156","16","4","STAN","STEPHENS","standard","simple","estim","-198.140685253348"
"1157","17","4","STAN","STEPHENS","standard","simple","estim","-198.019070262646"
"1158","18","4","STAN","STEPHENS","standard","simple","estim","-198.270260301012"
"1159","19","4","STAN","STEPHENS","standard","simple","estim","-198.387519724031"
"1160","20","4","STAN","STEPHENS","standard","simple","estim","-198.289654002457"
"1161","1","5","STAN","STEPHENS","standard","simple","estim","-198.276393016153"
"1162","2","5","STAN","STEPHENS","standard","simple","estim","-198.598135731054"
"1163","3","5","STAN","STEPHENS","standard","simple","estim","-198.457846541757"
"1164","4","5","STAN","STEPHENS","standard","simple","estim","-198.437498258449"
"1165","5","5","STAN","STEPHENS","standard","simple","estim","-198.430248656546"
"1166","6","5","STAN","STEPHENS","standard","simple","estim","-198.59533462056"
"1167","7","5","STAN","STEPHENS","standard","simple","estim","-198.798337309953"
"1168","8","5","STAN","STEPHENS","standard","simple","estim","-197.980966140683"
"1169","9","5","STAN","STEPHENS","standard","simple","estim","-198.547548908939"
"1170","10","5","STAN","STEPHENS","standard","simple","estim","-198.674365144852"
"1171","11","5","STAN","STEPHENS","standard","simple","estim","-198.254314707204"
"1172","12","5","STAN","STEPHENS","standard","simple","estim","-198.459113124725"
"1173","13","5","STAN","STEPHENS","standard","simple","estim","-198.341748543261"
"1174","14","5","STAN","STEPHENS","standard","simple","estim","-198.679871818365"
"1175","15","5","STAN","STEPHENS","standard","simple","estim","-198.388683191887"
"1176","16","5","STAN","STEPHENS","standard","simple","estim","-198.306725972442"
"1177","17","5","STAN","STEPHENS","standard","simple","estim","-198.488205214366"
"1178","18","5","STAN","STEPHENS","standard","simple","estim","-198.399518850285"
"1179","19","5","STAN","STEPHENS","standard","simple","estim","-198.484085931603"
"1180","20","5","STAN","STEPHENS","standard","simple","estim","-198.398018406505"
"1181","1","6","STAN","STEPHENS","standard","simple","estim","-198.905381698403"
"1182","2","6","STAN","STEPHENS","standard","simple","estim","-198.957560510532"
"1183","3","6","STAN","STEPHENS","standard","simple","estim","-198.857961171989"
"1184","4","6","STAN","STEPHENS","standard","simple","estim","-198.904207395607"
"1185","5","6","STAN","STEPHENS","standard","simple","estim","-198.962237832809"
"1186","6","6","STAN","STEPHENS","standard","simple","estim","-198.91698181698"
"1187","7","6","STAN","STEPHENS","standard","simple","estim","-198.927695275967"
"1188","8","6","STAN","STEPHENS","standard","simple","estim","-198.847522262355"
"1189","9","6","STAN","STEPHENS","standard","simple","estim","-199.090265560404"
"1190","10","6","STAN","STEPHENS","standard","simple","estim","-198.67903791268"
"1191","11","6","STAN","STEPHENS","standard","simple","estim","-198.877713856219"
"1192","12","6","STAN","STEPHENS","standard","simple","estim","-199.041973058527"
"1193","13","6","STAN","STEPHENS","standard","simple","estim","-199.047136111477"
"1194","14","6","STAN","STEPHENS","standard","simple","estim","-198.787370756525"
"1195","15","6","STAN","STEPHENS","standard","simple","estim","-198.749790510876"
"1196","16","6","STAN","STEPHENS","standard","simple","estim","-198.955224102777"
"1197","17","6","STAN","STEPHENS","standard","simple","estim","-198.605643513471"
"1198","18","6","STAN","STEPHENS","standard","simple","estim","-199.222453426366"
"1199","19","6","STAN","STEPHENS","standard","simple","estim","-199.048577191569"
"1200","20","6","STAN","STEPHENS","standard","simple","estim","-198.470334988786"
"1201","1","2","JAGS","ECR","standard","permutations","estim","-199.435632213501"
"1202","2","2","JAGS","ECR","standard","permutations","estim","-199.347499873901"
"1203","3","2","JAGS","ECR","standard","permutations","estim","-199.396234828598"
"1204","4","2","JAGS","ECR","standard","permutations","estim","-199.38420167427"
"1205","5","2","JAGS","ECR","standard","permutations","estim","-199.434648440337"
"1206","6","2","JAGS","ECR","standard","permutations","estim","-199.401461208458"
"1207","7","2","JAGS","ECR","standard","permutations","estim","-199.393319386025"
"1208","8","2","JAGS","ECR","standard","permutations","estim","-199.394495343907"
"1209","9","2","JAGS","ECR","standard","permutations","estim","-199.411803547985"
"1210","10","2","JAGS","ECR","standard","permutations","estim","-199.436947691145"
"1211","11","2","JAGS","ECR","standard","permutations","estim","-199.373890621562"
"1212","12","2","JAGS","ECR","standard","permutations","estim","-199.375012679067"
"1213","13","2","JAGS","ECR","standard","permutations","estim","-199.380160245088"
"1214","14","2","JAGS","ECR","standard","permutations","estim","-199.39376705763"
"1215","15","2","JAGS","ECR","standard","permutations","estim","-199.389968104663"
"1216","16","2","JAGS","ECR","standard","permutations","estim","-199.38978803645"
"1217","17","2","JAGS","ECR","standard","permutations","estim","-199.388726594688"
"1218","18","2","JAGS","ECR","standard","permutations","estim","-199.375849983931"
"1219","19","2","JAGS","ECR","standard","permutations","estim","-199.339717644051"
"1220","20","2","JAGS","ECR","standard","permutations","estim","-199.394479824062"
"1221","1","3","JAGS","ECR","standard","permutations","estim","-198.146009209852"
"1222","2","3","JAGS","ECR","standard","permutations","estim","-198.090052481949"
"1223","3","3","JAGS","ECR","standard","permutations","estim","-198.125536532009"
"1224","4","3","JAGS","ECR","standard","permutations","estim","-198.084423622121"
"1225","5","3","JAGS","ECR","standard","permutations","estim","-198.179558701526"
"1226","6","3","JAGS","ECR","standard","permutations","estim","-198.119810056977"
"1227","7","3","JAGS","ECR","standard","permutations","estim","-198.173106828105"
"1228","8","3","JAGS","ECR","standard","permutations","estim","-198.139460310176"
"1229","9","3","JAGS","ECR","standard","permutations","estim","-198.0753937333"
"1230","10","3","JAGS","ECR","standard","permutations","estim","-198.089303699269"
"1231","11","3","JAGS","ECR","standard","permutations","estim","-198.053191724606"
"1232","12","3","JAGS","ECR","standard","permutations","estim","-198.059461005181"
"1233","13","3","JAGS","ECR","standard","permutations","estim","-198.12751221321"
"1234","14","3","JAGS","ECR","standard","permutations","estim","-198.072700203384"
"1235","15","3","JAGS","ECR","standard","permutations","estim","-198.050938165029"
"1236","16","3","JAGS","ECR","standard","permutations","estim","-197.977284833109"
"1237","17","3","JAGS","ECR","standard","permutations","estim","-198.177123287268"
"1238","18","3","JAGS","ECR","standard","permutations","estim","-198.099726674879"
"1239","19","3","JAGS","ECR","standard","permutations","estim","-198.09656132709"
"1240","20","3","JAGS","ECR","standard","permutations","estim","-198.039129420625"
"1241","1","4","JAGS","ECR","standard","permutations","estim","-198.18815950244"
"1242","2","4","JAGS","ECR","standard","permutations","estim","-198.549156422715"
"1243","3","4","JAGS","ECR","standard","permutations","estim","-198.192683156103"
"1244","4","4","JAGS","ECR","standard","permutations","estim","-198.5994604582"
"1245","5","4","JAGS","ECR","standard","permutations","estim","-198.397357423291"
"1246","6","4","JAGS","ECR","standard","permutations","estim","-198.09107003614"
"1247","7","4","JAGS","ECR","standard","permutations","estim","-198.431925921577"
"1248","8","4","JAGS","ECR","standard","permutations","estim","-197.928323240881"
"1249","9","4","JAGS","ECR","standard","permutations","estim","-198.759115561318"
"1250","10","4","JAGS","ECR","standard","permutations","estim","-198.465059268796"
"1251","11","4","JAGS","ECR","standard","permutations","estim","-198.187547985124"
"1252","12","4","JAGS","ECR","standard","permutations","estim","-198.425086573693"
"1253","13","4","JAGS","ECR","standard","permutations","estim","-198.519175145913"
"1254","14","4","JAGS","ECR","standard","permutations","estim","-198.449520153503"
"1255","15","4","JAGS","ECR","standard","permutations","estim","-198.139450613351"
"1256","16","4","JAGS","ECR","standard","permutations","estim","-198.627044094368"
"1257","17","4","JAGS","ECR","standard","permutations","estim","-198.426376317789"
"1258","18","4","JAGS","ECR","standard","permutations","estim","-197.797812819769"
"1259","19","4","JAGS","ECR","standard","permutations","estim","-198.062764537839"
"1260","20","4","JAGS","ECR","standard","permutations","estim","-198.061002185844"
"1261","1","5","JAGS","ECR","standard","permutations","estim","-198.775012363139"
"1262","2","5","JAGS","ECR","standard","permutations","estim","-198.697614007325"
"1263","3","5","JAGS","ECR","standard","permutations","estim","-198.456010964579"
"1264","4","5","JAGS","ECR","standard","permutations","estim","-198.666397042568"
"1265","5","5","JAGS","ECR","standard","permutations","estim","-198.465168355126"
"1266","6","5","JAGS","ECR","standard","permutations","estim","-198.533044825112"
"1267","7","5","JAGS","ECR","standard","permutations","estim","-198.507790021718"
"1268","8","5","JAGS","ECR","standard","permutations","estim","-198.942884529528"
"1269","9","5","JAGS","ECR","standard","permutations","estim","-198.454908789173"
"1270","10","5","JAGS","ECR","standard","permutations","estim","-198.402124268446"
"1271","11","5","JAGS","ECR","standard","permutations","estim","-198.666278615671"
"1272","12","5","JAGS","ECR","standard","permutations","estim","-198.059415199479"
"1273","13","5","JAGS","ECR","standard","permutations","estim","-199.188489564124"
"1274","14","5","JAGS","ECR","standard","permutations","estim","-198.586160575021"
"1275","15","5","JAGS","ECR","standard","permutations","estim","-198.238233104544"
"1276","16","5","JAGS","ECR","standard","permutations","estim","-198.499414584151"
"1277","17","5","JAGS","ECR","standard","permutations","estim","-198.648781849875"
"1278","18","5","JAGS","ECR","standard","permutations","estim","-198.580433449132"
"1279","19","5","JAGS","ECR","standard","permutations","estim","-198.378252627755"
"1280","20","5","JAGS","ECR","standard","permutations","estim","-198.561148723557"
"1281","1","6","JAGS","ECR","standard","permutations","estim","-198.417458401092"
"1282","2","6","JAGS","ECR","standard","permutations","estim","-198.742732105486"
"1283","3","6","JAGS","ECR","standard","permutations","estim","-199.144199180831"
"1284","4","6","JAGS","ECR","standard","permutations","estim","-198.944063676036"
"1285","5","6","JAGS","ECR","standard","permutations","estim","-199.424984010198"
"1286","6","6","JAGS","ECR","standard","permutations","estim","-198.691223051947"
"1287","7","6","JAGS","ECR","standard","permutations","estim","-198.556167664569"
"1288","8","6","JAGS","ECR","standard","permutations","estim","-198.862847542736"
"1289","9","6","JAGS","ECR","standard","permutations","estim","-199.759894833609"
"1290","10","6","JAGS","ECR","standard","permutations","estim","-198.980526310837"
"1291","11","6","JAGS","ECR","standard","permutations","estim","-198.558156129806"
"1292","12","6","JAGS","ECR","standard","permutations","estim","-198.886313558153"
"1293","13","6","JAGS","ECR","standard","permutations","estim","-198.858283658344"
"1294","14","6","JAGS","ECR","standard","permutations","estim","-199.76700339714"
"1295","15","6","JAGS","ECR","standard","permutations","estim","-198.739119693357"
"1296","16","6","JAGS","ECR","standard","permutations","estim","-198.913102298043"
"1297","17","6","JAGS","ECR","standard","permutations","estim","-198.388720298119"
"1298","18","6","JAGS","ECR","standard","permutations","estim","-199.238335786486"
"1299","19","6","JAGS","ECR","standard","permutations","estim","-199.158141715806"
"1300","20","6","JAGS","ECR","standard","permutations","estim","-198.718435129563"
"1301","1","2","STAN","ECR","standard","permutations","estim",NA
"1302","2","2","STAN","ECR","standard","permutations","estim",NA
"1303","3","2","STAN","ECR","standard","permutations","estim",NA
"1304","4","2","STAN","ECR","standard","permutations","estim",NA
"1305","5","2","STAN","ECR","standard","permutations","estim",NA
"1306","6","2","STAN","ECR","standard","permutations","estim",NA
"1307","7","2","STAN","ECR","standard","permutations","estim",NA
"1308","8","2","STAN","ECR","standard","permutations","estim",NA
"1309","9","2","STAN","ECR","standard","permutations","estim",NA
"1310","10","2","STAN","ECR","standard","permutations","estim",NA
"1311","11","2","STAN","ECR","standard","permutations","estim",NA
"1312","12","2","STAN","ECR","standard","permutations","estim",NA
"1313","13","2","STAN","ECR","standard","permutations","estim",NA
"1314","14","2","STAN","ECR","standard","permutations","estim",NA
"1315","15","2","STAN","ECR","standard","permutations","estim",NA
"1316","16","2","STAN","ECR","standard","permutations","estim",NA
"1317","17","2","STAN","ECR","standard","permutations","estim",NA
"1318","18","2","STAN","ECR","standard","permutations","estim",NA
"1319","19","2","STAN","ECR","standard","permutations","estim",NA
"1320","20","2","STAN","ECR","standard","permutations","estim",NA
"1321","1","3","STAN","ECR","standard","permutations","estim",NA
"1322","2","3","STAN","ECR","standard","permutations","estim",NA
"1323","3","3","STAN","ECR","standard","permutations","estim",NA
"1324","4","3","STAN","ECR","standard","permutations","estim",NA
"1325","5","3","STAN","ECR","standard","permutations","estim",NA
"1326","6","3","STAN","ECR","standard","permutations","estim",NA
"1327","7","3","STAN","ECR","standard","permutations","estim",NA
"1328","8","3","STAN","ECR","standard","permutations","estim",NA
"1329","9","3","STAN","ECR","standard","permutations","estim",NA
"1330","10","3","STAN","ECR","standard","permutations","estim",NA
"1331","11","3","STAN","ECR","standard","permutations","estim",NA
"1332","12","3","STAN","ECR","standard","permutations","estim",NA
"1333","13","3","STAN","ECR","standard","permutations","estim",NA
"1334","14","3","STAN","ECR","standard","permutations","estim",NA
"1335","15","3","STAN","ECR","standard","permutations","estim",NA
"1336","16","3","STAN","ECR","standard","permutations","estim",NA
"1337","17","3","STAN","ECR","standard","permutations","estim",NA
"1338","18","3","STAN","ECR","standard","permutations","estim",NA
"1339","19","3","STAN","ECR","standard","permutations","estim",NA
"1340","20","3","STAN","ECR","standard","permutations","estim",NA
"1341","1","4","STAN","ECR","standard","permutations","estim",NA
"1342","2","4","STAN","ECR","standard","permutations","estim",NA
"1343","3","4","STAN","ECR","standard","permutations","estim",NA
"1344","4","4","STAN","ECR","standard","permutations","estim",NA
"1345","5","4","STAN","ECR","standard","permutations","estim",NA
"1346","6","4","STAN","ECR","standard","permutations","estim",NA
"1347","7","4","STAN","ECR","standard","permutations","estim",NA
"1348","8","4","STAN","ECR","standard","permutations","estim",NA
"1349","9","4","STAN","ECR","standard","permutations","estim",NA
"1350","10","4","STAN","ECR","standard","permutations","estim",NA
"1351","11","4","STAN","ECR","standard","permutations","estim",NA
"1352","12","4","STAN","ECR","standard","permutations","estim",NA
"1353","13","4","STAN","ECR","standard","permutations","estim",NA
"1354","14","4","STAN","ECR","standard","permutations","estim",NA
"1355","15","4","STAN","ECR","standard","permutations","estim",NA
"1356","16","4","STAN","ECR","standard","permutations","estim",NA
"1357","17","4","STAN","ECR","standard","permutations","estim",NA
"1358","18","4","STAN","ECR","standard","permutations","estim",NA
"1359","19","4","STAN","ECR","standard","permutations","estim",NA
"1360","20","4","STAN","ECR","standard","permutations","estim",NA
"1361","1","5","STAN","ECR","standard","permutations","estim",NA
"1362","2","5","STAN","ECR","standard","permutations","estim",NA
"1363","3","5","STAN","ECR","standard","permutations","estim",NA
"1364","4","5","STAN","ECR","standard","permutations","estim",NA
"1365","5","5","STAN","ECR","standard","permutations","estim",NA
"1366","6","5","STAN","ECR","standard","permutations","estim",NA
"1367","7","5","STAN","ECR","standard","permutations","estim",NA
"1368","8","5","STAN","ECR","standard","permutations","estim",NA
"1369","9","5","STAN","ECR","standard","permutations","estim",NA
"1370","10","5","STAN","ECR","standard","permutations","estim",NA
"1371","11","5","STAN","ECR","standard","permutations","estim",NA
"1372","12","5","STAN","ECR","standard","permutations","estim",NA
"1373","13","5","STAN","ECR","standard","permutations","estim",NA
"1374","14","5","STAN","ECR","standard","permutations","estim",NA
"1375","15","5","STAN","ECR","standard","permutations","estim",NA
"1376","16","5","STAN","ECR","standard","permutations","estim",NA
"1377","17","5","STAN","ECR","standard","permutations","estim",NA
"1378","18","5","STAN","ECR","standard","permutations","estim",NA
"1379","19","5","STAN","ECR","standard","permutations","estim",NA
"1380","20","5","STAN","ECR","standard","permutations","estim",NA
"1381","1","6","STAN","ECR","standard","permutations","estim",NA
"1382","2","6","STAN","ECR","standard","permutations","estim",NA
"1383","3","6","STAN","ECR","standard","permutations","estim",NA
"1384","4","6","STAN","ECR","standard","permutations","estim",NA
"1385","5","6","STAN","ECR","standard","permutations","estim",NA
"1386","6","6","STAN","ECR","standard","permutations","estim",NA
"1387","7","6","STAN","ECR","standard","permutations","estim",NA
"1388","8","6","STAN","ECR","standard","permutations","estim",NA
"1389","9","6","STAN","ECR","standard","permutations","estim",NA
"1390","10","6","STAN","ECR","standard","permutations","estim",NA
"1391","11","6","STAN","ECR","standard","permutations","estim",NA
"1392","12","6","STAN","ECR","standard","permutations","estim",NA
"1393","13","6","STAN","ECR","standard","permutations","estim",NA
"1394","14","6","STAN","ECR","standard","permutations","estim",NA
"1395","15","6","STAN","ECR","standard","permutations","estim",NA
"1396","16","6","STAN","ECR","standard","permutations","estim",NA
"1397","17","6","STAN","ECR","standard","permutations","estim",NA
"1398","18","6","STAN","ECR","standard","permutations","estim",NA
"1399","19","6","STAN","ECR","standard","permutations","estim",NA
"1400","20","6","STAN","ECR","standard","permutations","estim",NA
"1401","1","2","JAGS","STEPHENS","standard","permutations","estim","-199.435632213501"
"1402","2","2","JAGS","STEPHENS","standard","permutations","estim","-199.347499873901"
"1403","3","2","JAGS","STEPHENS","standard","permutations","estim","-199.396234828598"
"1404","4","2","JAGS","STEPHENS","standard","permutations","estim","-199.38420167427"
"1405","5","2","JAGS","STEPHENS","standard","permutations","estim","-199.434648440337"
"1406","6","2","JAGS","STEPHENS","standard","permutations","estim","-199.401461208458"
"1407","7","2","JAGS","STEPHENS","standard","permutations","estim","-199.393319386025"
"1408","8","2","JAGS","STEPHENS","standard","permutations","estim","-199.394495343907"
"1409","9","2","JAGS","STEPHENS","standard","permutations","estim","-199.411803547985"
"1410","10","2","JAGS","STEPHENS","standard","permutations","estim","-199.436947691145"
"1411","11","2","JAGS","STEPHENS","standard","permutations","estim","-199.373890621562"
"1412","12","2","JAGS","STEPHENS","standard","permutations","estim","-199.375012679067"
"1413","13","2","JAGS","STEPHENS","standard","permutations","estim","-199.380160245088"
"1414","14","2","JAGS","STEPHENS","standard","permutations","estim","-199.39376705763"
"1415","15","2","JAGS","STEPHENS","standard","permutations","estim","-199.389968104663"
"1416","16","2","JAGS","STEPHENS","standard","permutations","estim","-199.38978803645"
"1417","17","2","JAGS","STEPHENS","standard","permutations","estim","-199.388726594688"
"1418","18","2","JAGS","STEPHENS","standard","permutations","estim","-199.375849983931"
"1419","19","2","JAGS","STEPHENS","standard","permutations","estim","-199.339717644051"
"1420","20","2","JAGS","STEPHENS","standard","permutations","estim","-199.394479824062"
"1421","1","3","JAGS","STEPHENS","standard","permutations","estim","-198.158823308877"
"1422","2","3","JAGS","STEPHENS","standard","permutations","estim","-198.075952139227"
"1423","3","3","JAGS","STEPHENS","standard","permutations","estim","-198.139573071613"
"1424","4","3","JAGS","STEPHENS","standard","permutations","estim","-198.097050957265"
"1425","5","3","JAGS","STEPHENS","standard","permutations","estim","-198.165555443713"
"1426","6","3","JAGS","STEPHENS","standard","permutations","estim","-198.121783951677"
"1427","7","3","JAGS","STEPHENS","standard","permutations","estim","-198.140412604659"
"1428","8","3","JAGS","STEPHENS","standard","permutations","estim","-198.096360100064"
"1429","9","3","JAGS","STEPHENS","standard","permutations","estim","-198.082245101761"
"1430","10","3","JAGS","STEPHENS","standard","permutations","estim","-198.084196371904"
"1431","11","3","JAGS","STEPHENS","standard","permutations","estim","-198.063716619181"
"1432","12","3","JAGS","STEPHENS","standard","permutations","estim","-198.061519825709"
"1433","13","3","JAGS","STEPHENS","standard","permutations","estim","-198.117308037894"
"1434","14","3","JAGS","STEPHENS","standard","permutations","estim","-198.07472261276"
"1435","15","3","JAGS","STEPHENS","standard","permutations","estim","-198.052153761825"
"1436","16","3","JAGS","STEPHENS","standard","permutations","estim","-197.978230012191"
"1437","17","3","JAGS","STEPHENS","standard","permutations","estim","-198.170780494816"
"1438","18","3","JAGS","STEPHENS","standard","permutations","estim","-198.110951754355"
"1439","19","3","JAGS","STEPHENS","standard","permutations","estim","-198.092002910254"
"1440","20","3","JAGS","STEPHENS","standard","permutations","estim","-198.049634714329"
"1441","1","4","JAGS","STEPHENS","standard","permutations","estim","-198.148589683392"
"1442","2","4","JAGS","STEPHENS","standard","permutations","estim","-198.186523418726"
"1443","3","4","JAGS","STEPHENS","standard","permutations","estim","-198.268509761783"
"1444","4","4","JAGS","STEPHENS","standard","permutations","estim","-198.186740554133"
"1445","5","4","JAGS","STEPHENS","standard","permutations","estim","-198.204387426318"
"1446","6","4","JAGS","STEPHENS","standard","permutations","estim","-198.219345746273"
"1447","7","4","JAGS","STEPHENS","standard","permutations","estim","-198.328990218353"
"1448","8","4","JAGS","STEPHENS","standard","permutations","estim","-198.206479143929"
"1449","9","4","JAGS","STEPHENS","standard","permutations","estim","-198.249371938533"
"1450","10","4","JAGS","STEPHENS","standard","permutations","estim","-198.363007853967"
"1451","11","4","JAGS","STEPHENS","standard","permutations","estim","-198.177520221891"
"1452","12","4","JAGS","STEPHENS","standard","permutations","estim","-198.432292135234"
"1453","13","4","JAGS","STEPHENS","standard","permutations","estim","-198.165863271584"
"1454","14","4","JAGS","STEPHENS","standard","permutations","estim","-198.282150096897"
"1455","15","4","JAGS","STEPHENS","standard","permutations","estim","-198.217987939356"
"1456","16","4","JAGS","STEPHENS","standard","permutations","estim","-198.282667628748"
"1457","17","4","JAGS","STEPHENS","standard","permutations","estim","-198.32716552859"
"1458","18","4","JAGS","STEPHENS","standard","permutations","estim","-198.253934939234"
"1459","19","4","JAGS","STEPHENS","standard","permutations","estim","-198.246793606037"
"1460","20","4","JAGS","STEPHENS","standard","permutations","estim","-198.249632832009"
"1461","1","5","JAGS","STEPHENS","standard","permutations","estim","-198.666820187753"
"1462","2","5","JAGS","STEPHENS","standard","permutations","estim","-198.386729539946"
"1463","3","5","JAGS","STEPHENS","standard","permutations","estim","-198.343598046626"
"1464","4","5","JAGS","STEPHENS","standard","permutations","estim","-198.723284979356"
"1465","5","5","JAGS","STEPHENS","standard","permutations","estim","-198.286533533311"
"1466","6","5","JAGS","STEPHENS","standard","permutations","estim","-198.826938163495"
"1467","7","5","JAGS","STEPHENS","standard","permutations","estim","-198.507317206354"
"1468","8","5","JAGS","STEPHENS","standard","permutations","estim","-198.615900567521"
"1469","9","5","JAGS","STEPHENS","standard","permutations","estim","-198.803260257767"
"1470","10","5","JAGS","STEPHENS","standard","permutations","estim","-198.499598964001"
"1471","11","5","JAGS","STEPHENS","standard","permutations","estim","-198.366268305485"
"1472","12","5","JAGS","STEPHENS","standard","permutations","estim","-198.249008469761"
"1473","13","5","JAGS","STEPHENS","standard","permutations","estim","-198.226660147428"
"1474","14","5","JAGS","STEPHENS","standard","permutations","estim","-198.275670122362"
"1475","15","5","JAGS","STEPHENS","standard","permutations","estim","-198.334559502946"
"1476","16","5","JAGS","STEPHENS","standard","permutations","estim","-198.471636071377"
"1477","17","5","JAGS","STEPHENS","standard","permutations","estim","-198.650691002385"
"1478","18","5","JAGS","STEPHENS","standard","permutations","estim","-198.3504880213"
"1479","19","5","JAGS","STEPHENS","standard","permutations","estim","-198.564781194321"
"1480","20","5","JAGS","STEPHENS","standard","permutations","estim","-198.77900753914"
"1481","1","6","JAGS","STEPHENS","standard","permutations","estim","-199.438105023604"
"1482","2","6","JAGS","STEPHENS","standard","permutations","estim","-199.242468330207"
"1483","3","6","JAGS","STEPHENS","standard","permutations","estim","-199.068803376305"
"1484","4","6","JAGS","STEPHENS","standard","permutations","estim","-199.543342587375"
"1485","5","6","JAGS","STEPHENS","standard","permutations","estim","-198.710299658706"
"1486","6","6","JAGS","STEPHENS","standard","permutations","estim","-198.616526206612"
"1487","7","6","JAGS","STEPHENS","standard","permutations","estim","-198.710044404599"
"1488","8","6","JAGS","STEPHENS","standard","permutations","estim","-198.774218772849"
"1489","9","6","JAGS","STEPHENS","standard","permutations","estim","-198.751518026359"
"1490","10","6","JAGS","STEPHENS","standard","permutations","estim","-199.254369747687"
"1491","11","6","JAGS","STEPHENS","standard","permutations","estim","-198.917798387218"
"1492","12","6","JAGS","STEPHENS","standard","permutations","estim","-198.560989740542"
"1493","13","6","JAGS","STEPHENS","standard","permutations","estim","-198.676630237738"
"1494","14","6","JAGS","STEPHENS","standard","permutations","estim","-198.99071261651"
"1495","15","6","JAGS","STEPHENS","standard","permutations","estim","-198.782537676852"
"1496","16","6","JAGS","STEPHENS","standard","permutations","estim","-199.034032798149"
"1497","17","6","JAGS","STEPHENS","standard","permutations","estim","-198.735147145267"
"1498","18","6","JAGS","STEPHENS","standard","permutations","estim","-198.996851926258"
"1499","19","6","JAGS","STEPHENS","standard","permutations","estim","-199.373723931154"
"1500","20","6","JAGS","STEPHENS","standard","permutations","estim","-198.78489290025"
"1501","1","2","STAN","STEPHENS","standard","permutations","estim","-199.373054205386"
"1502","2","2","STAN","STEPHENS","standard","permutations","estim","-199.390829847553"
"1503","3","2","STAN","STEPHENS","standard","permutations","estim","-199.344742677977"
"1504","4","2","STAN","STEPHENS","standard","permutations","estim","-199.380824040825"
"1505","5","2","STAN","STEPHENS","standard","permutations","estim","-199.367635786688"
"1506","6","2","STAN","STEPHENS","standard","permutations","estim","-199.389130129656"
"1507","7","2","STAN","STEPHENS","standard","permutations","estim","-199.372189326973"
"1508","8","2","STAN","STEPHENS","standard","permutations","estim","-199.37755935213"
"1509","9","2","STAN","STEPHENS","standard","permutations","estim","-199.361066345"
"1510","10","2","STAN","STEPHENS","standard","permutations","estim","-199.39416201695"
"1511","11","2","STAN","STEPHENS","standard","permutations","estim","-199.405243786183"
"1512","12","2","STAN","STEPHENS","standard","permutations","estim","-199.377687762387"
"1513","13","2","STAN","STEPHENS","standard","permutations","estim","-199.386977745234"
"1514","14","2","STAN","STEPHENS","standard","permutations","estim","-199.392254519539"
"1515","15","2","STAN","STEPHENS","standard","permutations","estim","-199.40076452597"
"1516","16","2","STAN","STEPHENS","standard","permutations","estim","-199.364237420129"
"1517","17","2","STAN","STEPHENS","standard","permutations","estim","-199.36419365396"
"1518","18","2","STAN","STEPHENS","standard","permutations","estim","-199.386166205178"
"1519","19","2","STAN","STEPHENS","standard","permutations","estim","-199.394967607253"
"1520","20","2","STAN","STEPHENS","standard","permutations","estim","-199.426648787143"
"1521","1","3","STAN","STEPHENS","standard","permutations","estim","-198.144725344412"
"1522","2","3","STAN","STEPHENS","standard","permutations","estim","-198.08022357698"
"1523","3","3","STAN","STEPHENS","standard","permutations","estim","-198.103056511534"
"1524","4","3","STAN","STEPHENS","standard","permutations","estim","-198.179865042737"
"1525","5","3","STAN","STEPHENS","standard","permutations","estim","-198.183466444558"
"1526","6","3","STAN","STEPHENS","standard","permutations","estim","-198.129537491858"
"1527","7","3","STAN","STEPHENS","standard","permutations","estim","-198.074937678512"
"1528","8","3","STAN","STEPHENS","standard","permutations","estim","-198.15088690445"
"1529","9","3","STAN","STEPHENS","standard","permutations","estim","-198.091405616471"
"1530","10","3","STAN","STEPHENS","standard","permutations","estim","-198.186761451134"
"1531","11","3","STAN","STEPHENS","standard","permutations","estim","-198.183485642336"
"1532","12","3","STAN","STEPHENS","standard","permutations","estim","-198.12888680818"
"1533","13","3","STAN","STEPHENS","standard","permutations","estim","-198.152330594413"
"1534","14","3","STAN","STEPHENS","standard","permutations","estim","-198.080127638628"
"1535","15","3","STAN","STEPHENS","standard","permutations","estim","-198.184176552748"
"1536","16","3","STAN","STEPHENS","standard","permutations","estim","-198.096274276301"
"1537","17","3","STAN","STEPHENS","standard","permutations","estim","-198.076633743542"
"1538","18","3","STAN","STEPHENS","standard","permutations","estim","-198.116828498128"
"1539","19","3","STAN","STEPHENS","standard","permutations","estim","-198.132578543931"
"1540","20","3","STAN","STEPHENS","standard","permutations","estim","-198.101026419605"
"1541","1","4","STAN","STEPHENS","standard","permutations","estim","-198.170549297158"
"1542","2","4","STAN","STEPHENS","standard","permutations","estim","-198.162101859253"
"1543","3","4","STAN","STEPHENS","standard","permutations","estim","-198.233091753274"
"1544","4","4","STAN","STEPHENS","standard","permutations","estim","-198.299038243855"
"1545","5","4","STAN","STEPHENS","standard","permutations","estim","-198.27000912052"
"1546","6","4","STAN","STEPHENS","standard","permutations","estim","-198.219687411218"
"1547","7","4","STAN","STEPHENS","standard","permutations","estim","-198.342316875709"
"1548","8","4","STAN","STEPHENS","standard","permutations","estim","-198.188857175548"
"1549","9","4","STAN","STEPHENS","standard","permutations","estim","-198.141966493833"
"1550","10","4","STAN","STEPHENS","standard","permutations","estim","-198.129334128022"
"1551","11","4","STAN","STEPHENS","standard","permutations","estim","-198.317441080203"
"1552","12","4","STAN","STEPHENS","standard","permutations","estim","-198.285767082538"
"1553","13","4","STAN","STEPHENS","standard","permutations","estim","-198.024590607466"
"1554","14","4","STAN","STEPHENS","standard","permutations","estim","-198.237436032516"
"1555","15","4","STAN","STEPHENS","standard","permutations","estim","-198.251515328727"
"1556","16","4","STAN","STEPHENS","standard","permutations","estim","-198.140685253348"
"1557","17","4","STAN","STEPHENS","standard","permutations","estim","-198.019070262646"
"1558","18","4","STAN","STEPHENS","standard","permutations","estim","-198.270260301012"
"1559","19","4","STAN","STEPHENS","standard","permutations","estim","-198.387519724031"
"1560","20","4","STAN","STEPHENS","standard","permutations","estim","-198.289654002457"
"1561","1","5","STAN","STEPHENS","standard","permutations","estim","-198.276393016153"
"1562","2","5","STAN","STEPHENS","standard","permutations","estim","-198.598135731054"
"1563","3","5","STAN","STEPHENS","standard","permutations","estim","-198.457846541757"
"1564","4","5","STAN","STEPHENS","standard","permutations","estim","-198.437498258449"
"1565","5","5","STAN","STEPHENS","standard","permutations","estim","-198.430248656546"
"1566","6","5","STAN","STEPHENS","standard","permutations","estim","-198.59533462056"
"1567","7","5","STAN","STEPHENS","standard","permutations","estim","-198.798337309953"
"1568","8","5","STAN","STEPHENS","standard","permutations","estim","-197.980966140683"
"1569","9","5","STAN","STEPHENS","standard","permutations","estim","-198.547548908939"
"1570","10","5","STAN","STEPHENS","standard","permutations","estim","-198.674365144852"
"1571","11","5","STAN","STEPHENS","standard","permutations","estim","-198.254314707204"
"1572","12","5","STAN","STEPHENS","standard","permutations","estim","-198.459113124725"
"1573","13","5","STAN","STEPHENS","standard","permutations","estim","-198.341748543261"
"1574","14","5","STAN","STEPHENS","standard","permutations","estim","-198.679871818365"
"1575","15","5","STAN","STEPHENS","standard","permutations","estim","-198.388683191887"
"1576","16","5","STAN","STEPHENS","standard","permutations","estim","-198.306725972442"
"1577","17","5","STAN","STEPHENS","standard","permutations","estim","-198.488205214366"
"1578","18","5","STAN","STEPHENS","standard","permutations","estim","-198.399518850285"
"1579","19","5","STAN","STEPHENS","standard","permutations","estim","-198.484085931603"
"1580","20","5","STAN","STEPHENS","standard","permutations","estim","-198.398018406505"
"1581","1","6","STAN","STEPHENS","standard","permutations","estim","-198.905381698403"
"1582","2","6","STAN","STEPHENS","standard","permutations","estim","-198.957560510532"
"1583","3","6","STAN","STEPHENS","standard","permutations","estim","-198.857961171989"
"1584","4","6","STAN","STEPHENS","standard","permutations","estim","-198.904207395607"
"1585","5","6","STAN","STEPHENS","standard","permutations","estim","-198.962237832809"
"1586","6","6","STAN","STEPHENS","standard","permutations","estim","-198.91698181698"
"1587","7","6","STAN","STEPHENS","standard","permutations","estim","-198.927695275967"
"1588","8","6","STAN","STEPHENS","standard","permutations","estim","-198.847522262355"
"1589","9","6","STAN","STEPHENS","standard","permutations","estim","-199.090265560404"
"1590","10","6","STAN","STEPHENS","standard","permutations","estim","-198.67903791268"
"1591","11","6","STAN","STEPHENS","standard","permutations","estim","-198.877713856219"
"1592","12","6","STAN","STEPHENS","standard","permutations","estim","-199.041973058527"
"1593","13","6","STAN","STEPHENS","standard","permutations","estim","-199.047136111477"
"1594","14","6","STAN","STEPHENS","standard","permutations","estim","-198.787370756525"
"1595","15","6","STAN","STEPHENS","standard","permutations","estim","-198.749790510876"
"1596","16","6","STAN","STEPHENS","standard","permutations","estim","-198.955224102777"
"1597","17","6","STAN","STEPHENS","standard","permutations","estim","-198.605643513471"
"1598","18","6","STAN","STEPHENS","standard","permutations","estim","-199.222453426366"
"1599","19","6","STAN","STEPHENS","standard","permutations","estim","-199.048577191569"
"1600","20","6","STAN","STEPHENS","standard","permutations","estim","-198.470334988786"
"1601","1","2","JAGS","ECR","standard","simple","lower","-199.856964367013"
"1602","2","2","JAGS","ECR","standard","simple","lower","-199.993898709925"
"1603","3","2","JAGS","ECR","standard","simple","lower","-199.709967007799"
"1604","4","2","JAGS","ECR","standard","simple","lower","-200.245025220448"
"1605","5","2","JAGS","ECR","standard","simple","lower","-200.365723021385"
"1606","6","2","JAGS","ECR","standard","simple","lower","-199.94275841409"
"1607","7","2","JAGS","ECR","standard","simple","lower","-199.92587569688"
"1608","8","2","JAGS","ECR","standard","simple","lower","-199.806139798485"
"1609","9","2","JAGS","ECR","standard","simple","lower","-199.640090951352"
"1610","10","2","JAGS","ECR","standard","simple","lower","-200.183142272206"
"1611","11","2","JAGS","ECR","standard","simple","lower","-200.028324202264"
"1612","12","2","JAGS","ECR","standard","simple","lower","-200.290185876252"
"1613","13","2","JAGS","ECR","standard","simple","lower","-199.760180068053"
"1614","14","2","JAGS","ECR","standard","simple","lower","-200.105774378994"
"1615","15","2","JAGS","ECR","standard","simple","lower","-199.612697982462"
"1616","16","2","JAGS","ECR","standard","simple","lower","-199.742865446943"
"1617","17","2","JAGS","ECR","standard","simple","lower","-199.874553204267"
"1618","18","2","JAGS","ECR","standard","simple","lower","-199.62610893555"
"1619","19","2","JAGS","ECR","standard","simple","lower","-200.351489260798"
"1620","20","2","JAGS","ECR","standard","simple","lower","-200.35696606256"
"1621","1","3","JAGS","ECR","standard","simple","lower","-198.58091583589"
"1622","2","3","JAGS","ECR","standard","simple","lower","-198.480638121857"
"1623","3","3","JAGS","ECR","standard","simple","lower","-198.527067001947"
"1624","4","3","JAGS","ECR","standard","simple","lower","-199.215093587087"
"1625","5","3","JAGS","ECR","standard","simple","lower","-199.328204986165"
"1626","6","3","JAGS","ECR","standard","simple","lower","-198.590487552708"
"1627","7","3","JAGS","ECR","standard","simple","lower","-199.222795675481"
"1628","8","3","JAGS","ECR","standard","simple","lower","-199.230438456176"
"1629","9","3","JAGS","ECR","standard","simple","lower","-198.730861504973"
"1630","10","3","JAGS","ECR","standard","simple","lower","-198.811342255776"
"1631","11","3","JAGS","ECR","standard","simple","lower","-199.246031176347"
"1632","12","3","JAGS","ECR","standard","simple","lower","-198.557279763785"
"1633","13","3","JAGS","ECR","standard","simple","lower","-198.745739881"
"1634","14","3","JAGS","ECR","standard","simple","lower","-198.711023879282"
"1635","15","3","JAGS","ECR","standard","simple","lower","-198.614705444113"
"1636","16","3","JAGS","ECR","standard","simple","lower","-198.447705512639"
"1637","17","3","JAGS","ECR","standard","simple","lower","-198.506801461571"
"1638","18","3","JAGS","ECR","standard","simple","lower","-198.644618616518"
"1639","19","3","JAGS","ECR","standard","simple","lower","-198.595630760622"
"1640","20","3","JAGS","ECR","standard","simple","lower","-198.975169986712"
"1641","1","4","JAGS","ECR","standard","simple","lower","-198.578317420412"
"1642","2","4","JAGS","ECR","standard","simple","lower","-199.333221669093"
"1643","3","4","JAGS","ECR","standard","simple","lower","-198.722305301108"
"1644","4","4","JAGS","ECR","standard","simple","lower","-199.292787111472"
"1645","5","4","JAGS","ECR","standard","simple","lower","-199.198761726342"
"1646","6","4","JAGS","ECR","standard","simple","lower","-198.357542307175"
"1647","7","4","JAGS","ECR","standard","simple","lower","-199.087833369933"
"1648","8","4","JAGS","ECR","standard","simple","lower","-198.501165392131"
"1649","9","4","JAGS","ECR","standard","simple","lower","-199.21243603007"
"1650","10","4","JAGS","ECR","standard","simple","lower","-199.451062971644"
"1651","11","4","JAGS","ECR","standard","simple","lower","-198.676568987407"
"1652","12","4","JAGS","ECR","standard","simple","lower","-198.899809884941"
"1653","13","4","JAGS","ECR","standard","simple","lower","-199.032091642603"
"1654","14","4","JAGS","ECR","standard","simple","lower","-199.062187265258"
"1655","15","4","JAGS","ECR","standard","simple","lower","-198.967029855182"
"1656","16","4","JAGS","ECR","standard","simple","lower","-199.196985948648"
"1657","17","4","JAGS","ECR","standard","simple","lower","-198.811148385798"
"1658","18","4","JAGS","ECR","standard","simple","lower","-198.943784696603"
"1659","19","4","JAGS","ECR","standard","simple","lower","-198.789704401539"
"1660","20","4","JAGS","ECR","standard","simple","lower","-198.408393232594"
"1661","1","5","JAGS","ECR","standard","simple","lower","-199.43519826364"
"1662","2","5","JAGS","ECR","standard","simple","lower","-199.20359979786"
"1663","3","5","JAGS","ECR","standard","simple","lower","-199.652778233259"
"1664","4","5","JAGS","ECR","standard","simple","lower","-199.059149270275"
"1665","5","5","JAGS","ECR","standard","simple","lower","-198.952505581961"
"1666","6","5","JAGS","ECR","standard","simple","lower","-199.296770591904"
"1667","7","5","JAGS","ECR","standard","simple","lower","-199.23576200334"
"1668","8","5","JAGS","ECR","standard","simple","lower","-199.742684222887"
"1669","9","5","JAGS","ECR","standard","simple","lower","-198.895004611587"
"1670","10","5","JAGS","ECR","standard","simple","lower","-199.222240502592"
"1671","11","5","JAGS","ECR","standard","simple","lower","-199.174730513226"
"1672","12","5","JAGS","ECR","standard","simple","lower","-198.762686937618"
"1673","13","5","JAGS","ECR","standard","simple","lower","-200.034859070995"
"1674","14","5","JAGS","ECR","standard","simple","lower","-199.678519757681"
"1675","15","5","JAGS","ECR","standard","simple","lower","-198.725074309373"
"1676","16","5","JAGS","ECR","standard","simple","lower","-199.085669689579"
"1677","17","5","JAGS","ECR","standard","simple","lower","-199.140096521365"
"1678","18","5","JAGS","ECR","standard","simple","lower","-199.17685791106"
"1679","19","5","JAGS","ECR","standard","simple","lower","-199.094412620085"
"1680","20","5","JAGS","ECR","standard","simple","lower","-199.293948822478"
"1681","1","6","JAGS","ECR","standard","simple","lower","-199.297979718033"
"1682","2","6","JAGS","ECR","standard","simple","lower","-199.503640465186"
"1683","3","6","JAGS","ECR","standard","simple","lower","-200.129500756052"
"1684","4","6","JAGS","ECR","standard","simple","lower","-199.531985881185"
"1685","5","6","JAGS","ECR","standard","simple","lower","-200.383885381597"
"1686","6","6","JAGS","ECR","standard","simple","lower","-199.105579213376"
"1687","7","6","JAGS","ECR","standard","simple","lower","-199.037381900354"
"1688","8","6","JAGS","ECR","standard","simple","lower","-199.638912687191"
"1689","9","6","JAGS","ECR","standard","simple","lower","-200.41544426186"
"1690","10","6","JAGS","ECR","standard","simple","lower","-199.799553305986"
"1691","11","6","JAGS","ECR","standard","simple","lower","-199.683298332787"
"1692","12","6","JAGS","ECR","standard","simple","lower","-199.899210228318"
"1693","13","6","JAGS","ECR","standard","simple","lower","-199.455807918184"
"1694","14","6","JAGS","ECR","standard","simple","lower","-200.458112023584"
"1695","15","6","JAGS","ECR","standard","simple","lower","-199.340880648227"
"1696","16","6","JAGS","ECR","standard","simple","lower","-199.487925850069"
"1697","17","6","JAGS","ECR","standard","simple","lower","-199.091839264085"
"1698","18","6","JAGS","ECR","standard","simple","lower","-199.647007302136"
"1699","19","6","JAGS","ECR","standard","simple","lower","-199.639594667026"
"1700","20","6","JAGS","ECR","standard","simple","lower","-199.645279912443"
"1701","1","2","STAN","ECR","standard","simple","lower",NA
"1702","2","2","STAN","ECR","standard","simple","lower",NA
"1703","3","2","STAN","ECR","standard","simple","lower",NA
"1704","4","2","STAN","ECR","standard","simple","lower",NA
"1705","5","2","STAN","ECR","standard","simple","lower",NA
"1706","6","2","STAN","ECR","standard","simple","lower",NA
"1707","7","2","STAN","ECR","standard","simple","lower",NA
"1708","8","2","STAN","ECR","standard","simple","lower",NA
"1709","9","2","STAN","ECR","standard","simple","lower",NA
"1710","10","2","STAN","ECR","standard","simple","lower",NA
"1711","11","2","STAN","ECR","standard","simple","lower",NA
"1712","12","2","STAN","ECR","standard","simple","lower",NA
"1713","13","2","STAN","ECR","standard","simple","lower",NA
"1714","14","2","STAN","ECR","standard","simple","lower",NA
"1715","15","2","STAN","ECR","standard","simple","lower",NA
"1716","16","2","STAN","ECR","standard","simple","lower",NA
"1717","17","2","STAN","ECR","standard","simple","lower",NA
"1718","18","2","STAN","ECR","standard","simple","lower",NA
"1719","19","2","STAN","ECR","standard","simple","lower",NA
"1720","20","2","STAN","ECR","standard","simple","lower",NA
"1721","1","3","STAN","ECR","standard","simple","lower",NA
"1722","2","3","STAN","ECR","standard","simple","lower",NA
"1723","3","3","STAN","ECR","standard","simple","lower",NA
"1724","4","3","STAN","ECR","standard","simple","lower",NA
"1725","5","3","STAN","ECR","standard","simple","lower",NA
"1726","6","3","STAN","ECR","standard","simple","lower",NA
"1727","7","3","STAN","ECR","standard","simple","lower",NA
"1728","8","3","STAN","ECR","standard","simple","lower",NA
"1729","9","3","STAN","ECR","standard","simple","lower",NA
"1730","10","3","STAN","ECR","standard","simple","lower",NA
"1731","11","3","STAN","ECR","standard","simple","lower",NA
"1732","12","3","STAN","ECR","standard","simple","lower",NA
"1733","13","3","STAN","ECR","standard","simple","lower",NA
"1734","14","3","STAN","ECR","standard","simple","lower",NA
"1735","15","3","STAN","ECR","standard","simple","lower",NA
"1736","16","3","STAN","ECR","standard","simple","lower",NA
"1737","17","3","STAN","ECR","standard","simple","lower",NA
"1738","18","3","STAN","ECR","standard","simple","lower",NA
"1739","19","3","STAN","ECR","standard","simple","lower",NA
"1740","20","3","STAN","ECR","standard","simple","lower",NA
"1741","1","4","STAN","ECR","standard","simple","lower",NA
"1742","2","4","STAN","ECR","standard","simple","lower",NA
"1743","3","4","STAN","ECR","standard","simple","lower",NA
"1744","4","4","STAN","ECR","standard","simple","lower",NA
"1745","5","4","STAN","ECR","standard","simple","lower",NA
"1746","6","4","STAN","ECR","standard","simple","lower",NA
"1747","7","4","STAN","ECR","standard","simple","lower",NA
"1748","8","4","STAN","ECR","standard","simple","lower",NA
"1749","9","4","STAN","ECR","standard","simple","lower",NA
"1750","10","4","STAN","ECR","standard","simple","lower",NA
"1751","11","4","STAN","ECR","standard","simple","lower",NA
"1752","12","4","STAN","ECR","standard","simple","lower",NA
"1753","13","4","STAN","ECR","standard","simple","lower",NA
"1754","14","4","STAN","ECR","standard","simple","lower",NA
"1755","15","4","STAN","ECR","standard","simple","lower",NA
"1756","16","4","STAN","ECR","standard","simple","lower",NA
"1757","17","4","STAN","ECR","standard","simple","lower",NA
"1758","18","4","STAN","ECR","standard","simple","lower",NA
"1759","19","4","STAN","ECR","standard","simple","lower",NA
"1760","20","4","STAN","ECR","standard","simple","lower",NA
"1761","1","5","STAN","ECR","standard","simple","lower",NA
"1762","2","5","STAN","ECR","standard","simple","lower",NA
"1763","3","5","STAN","ECR","standard","simple","lower",NA
"1764","4","5","STAN","ECR","standard","simple","lower",NA
"1765","5","5","STAN","ECR","standard","simple","lower",NA
"1766","6","5","STAN","ECR","standard","simple","lower",NA
"1767","7","5","STAN","ECR","standard","simple","lower",NA
"1768","8","5","STAN","ECR","standard","simple","lower",NA
"1769","9","5","STAN","ECR","standard","simple","lower",NA
"1770","10","5","STAN","ECR","standard","simple","lower",NA
"1771","11","5","STAN","ECR","standard","simple","lower",NA
"1772","12","5","STAN","ECR","standard","simple","lower",NA
"1773","13","5","STAN","ECR","standard","simple","lower",NA
"1774","14","5","STAN","ECR","standard","simple","lower",NA
"1775","15","5","STAN","ECR","standard","simple","lower",NA
"1776","16","5","STAN","ECR","standard","simple","lower",NA
"1777","17","5","STAN","ECR","standard","simple","lower",NA
"1778","18","5","STAN","ECR","standard","simple","lower",NA
"1779","19","5","STAN","ECR","standard","simple","lower",NA
"1780","20","5","STAN","ECR","standard","simple","lower",NA
"1781","1","6","STAN","ECR","standard","simple","lower",NA
"1782","2","6","STAN","ECR","standard","simple","lower",NA
"1783","3","6","STAN","ECR","standard","simple","lower",NA
"1784","4","6","STAN","ECR","standard","simple","lower",NA
"1785","5","6","STAN","ECR","standard","simple","lower",NA
"1786","6","6","STAN","ECR","standard","simple","lower",NA
"1787","7","6","STAN","ECR","standard","simple","lower",NA
"1788","8","6","STAN","ECR","standard","simple","lower",NA
"1789","9","6","STAN","ECR","standard","simple","lower",NA
"1790","10","6","STAN","ECR","standard","simple","lower",NA
"1791","11","6","STAN","ECR","standard","simple","lower",NA
"1792","12","6","STAN","ECR","standard","simple","lower",NA
"1793","13","6","STAN","ECR","standard","simple","lower",NA
"1794","14","6","STAN","ECR","standard","simple","lower",NA
"1795","15","6","STAN","ECR","standard","simple","lower",NA
"1796","16","6","STAN","ECR","standard","simple","lower",NA
"1797","17","6","STAN","ECR","standard","simple","lower",NA
"1798","18","6","STAN","ECR","standard","simple","lower",NA
"1799","19","6","STAN","ECR","standard","simple","lower",NA
"1800","20","6","STAN","ECR","standard","simple","lower",NA
"1801","1","2","JAGS","STEPHENS","standard","simple","lower","-199.856964367013"
"1802","2","2","JAGS","STEPHENS","standard","simple","lower","-199.993898709925"
"1803","3","2","JAGS","STEPHENS","standard","simple","lower","-199.709967007799"
"1804","4","2","JAGS","STEPHENS","standard","simple","lower","-200.245025220448"
"1805","5","2","JAGS","STEPHENS","standard","simple","lower","-200.365723021385"
"1806","6","2","JAGS","STEPHENS","standard","simple","lower","-199.94275841409"
"1807","7","2","JAGS","STEPHENS","standard","simple","lower","-199.92587569688"
"1808","8","2","JAGS","STEPHENS","standard","simple","lower","-199.806139798485"
"1809","9","2","JAGS","STEPHENS","standard","simple","lower","-199.640090951352"
"1810","10","2","JAGS","STEPHENS","standard","simple","lower","-200.183142272206"
"1811","11","2","JAGS","STEPHENS","standard","simple","lower","-200.028324202264"
"1812","12","2","JAGS","STEPHENS","standard","simple","lower","-200.290185876252"
"1813","13","2","JAGS","STEPHENS","standard","simple","lower","-199.760180068053"
"1814","14","2","JAGS","STEPHENS","standard","simple","lower","-200.105774378994"
"1815","15","2","JAGS","STEPHENS","standard","simple","lower","-199.612697982462"
"1816","16","2","JAGS","STEPHENS","standard","simple","lower","-199.742865446943"
"1817","17","2","JAGS","STEPHENS","standard","simple","lower","-199.874553204267"
"1818","18","2","JAGS","STEPHENS","standard","simple","lower","-199.62610893555"
"1819","19","2","JAGS","STEPHENS","standard","simple","lower","-200.351489260798"
"1820","20","2","JAGS","STEPHENS","standard","simple","lower","-200.35696606256"
"1821","1","3","JAGS","STEPHENS","standard","simple","lower","-198.593570766546"
"1822","2","3","JAGS","STEPHENS","standard","simple","lower","-198.467457975105"
"1823","3","3","JAGS","STEPHENS","standard","simple","lower","-198.540568758502"
"1824","4","3","JAGS","STEPHENS","standard","simple","lower","-199.226814725261"
"1825","5","3","JAGS","STEPHENS","standard","simple","lower","-199.312169589069"
"1826","6","3","JAGS","STEPHENS","standard","simple","lower","-198.593798595234"
"1827","7","3","JAGS","STEPHENS","standard","simple","lower","-199.190583036617"
"1828","8","3","JAGS","STEPHENS","standard","simple","lower","-199.1887188155"
"1829","9","3","JAGS","STEPHENS","standard","simple","lower","-198.736399324943"
"1830","10","3","JAGS","STEPHENS","standard","simple","lower","-198.80488604235"
"1831","11","3","JAGS","STEPHENS","standard","simple","lower","-199.256802122949"
"1832","12","3","JAGS","STEPHENS","standard","simple","lower","-198.55826447658"
"1833","13","3","JAGS","STEPHENS","standard","simple","lower","-198.734157401998"
"1834","14","3","JAGS","STEPHENS","standard","simple","lower","-198.715113550425"
"1835","15","3","JAGS","STEPHENS","standard","simple","lower","-198.61467868229"
"1836","16","3","JAGS","STEPHENS","standard","simple","lower","-198.447871096855"
"1837","17","3","JAGS","STEPHENS","standard","simple","lower","-198.503102463165"
"1838","18","3","JAGS","STEPHENS","standard","simple","lower","-198.656980730855"
"1839","19","3","JAGS","STEPHENS","standard","simple","lower","-198.59150089369"
"1840","20","3","JAGS","STEPHENS","standard","simple","lower","-198.985584419744"
"1841","1","4","JAGS","STEPHENS","standard","simple","lower","-198.536384509448"
"1842","2","4","JAGS","STEPHENS","standard","simple","lower","-198.988632667034"
"1843","3","4","JAGS","STEPHENS","standard","simple","lower","-198.803442858062"
"1844","4","4","JAGS","STEPHENS","standard","simple","lower","-198.873130725419"
"1845","5","4","JAGS","STEPHENS","standard","simple","lower","-199.010204376949"
"1846","6","4","JAGS","STEPHENS","standard","simple","lower","-198.480104425398"
"1847","7","4","JAGS","STEPHENS","standard","simple","lower","-198.995034375987"
"1848","8","4","JAGS","STEPHENS","standard","simple","lower","-198.772465667713"
"1849","9","4","JAGS","STEPHENS","standard","simple","lower","-198.700727480637"
"1850","10","4","JAGS","STEPHENS","standard","simple","lower","-199.353686099234"
"1851","11","4","JAGS","STEPHENS","standard","simple","lower","-198.669833165219"
"1852","12","4","JAGS","STEPHENS","standard","simple","lower","-198.898163587528"
"1853","13","4","JAGS","STEPHENS","standard","simple","lower","-198.678007268883"
"1854","14","4","JAGS","STEPHENS","standard","simple","lower","-198.87854582989"
"1855","15","4","JAGS","STEPHENS","standard","simple","lower","-199.054148015084"
"1856","16","4","JAGS","STEPHENS","standard","simple","lower","-198.854279647933"
"1857","17","4","JAGS","STEPHENS","standard","simple","lower","-198.708802200228"
"1858","18","4","JAGS","STEPHENS","standard","simple","lower","-199.398862526676"
"1859","19","4","JAGS","STEPHENS","standard","simple","lower","-198.98156103701"
"1860","20","4","JAGS","STEPHENS","standard","simple","lower","-198.582080972441"
"1861","1","5","JAGS","STEPHENS","standard","simple","lower","-199.332349602663"
"1862","2","5","JAGS","STEPHENS","standard","simple","lower","-198.888443087461"
"1863","3","5","JAGS","STEPHENS","standard","simple","lower","-199.539391585311"
"1864","4","5","JAGS","STEPHENS","standard","simple","lower","-199.114403422873"
"1865","5","5","JAGS","STEPHENS","standard","simple","lower","-198.778665285483"
"1866","6","5","JAGS","STEPHENS","standard","simple","lower","-199.592034782812"
"1867","7","5","JAGS","STEPHENS","standard","simple","lower","-199.252213666926"
"1868","8","5","JAGS","STEPHENS","standard","simple","lower","-199.429188954391"
"1869","9","5","JAGS","STEPHENS","standard","simple","lower","-199.242520251853"
"1870","10","5","JAGS","STEPHENS","standard","simple","lower","-199.320794450694"
"1871","11","5","JAGS","STEPHENS","standard","simple","lower","-198.872265201031"
"1872","12","5","JAGS","STEPHENS","standard","simple","lower","-198.946434769508"
"1873","13","5","JAGS","STEPHENS","standard","simple","lower","-199.068325219469"
"1874","14","5","JAGS","STEPHENS","standard","simple","lower","-199.394210172924"
"1875","15","5","JAGS","STEPHENS","standard","simple","lower","-198.822500150374"
"1876","16","5","JAGS","STEPHENS","standard","simple","lower","-199.056257684256"
"1877","17","5","JAGS","STEPHENS","standard","simple","lower","-199.154884709734"
"1878","18","5","JAGS","STEPHENS","standard","simple","lower","-198.934801662021"
"1879","19","5","JAGS","STEPHENS","standard","simple","lower","-199.272609246605"
"1880","20","5","JAGS","STEPHENS","standard","simple","lower","-199.510921730575"
"1881","1","6","JAGS","STEPHENS","standard","simple","lower","-200.323904522141"
"1882","2","6","JAGS","STEPHENS","standard","simple","lower","-200.018630910126"
"1883","3","6","JAGS","STEPHENS","standard","simple","lower","-200.0496374542"
"1884","4","6","JAGS","STEPHENS","standard","simple","lower","-200.1339207344"
"1885","5","6","JAGS","STEPHENS","standard","simple","lower","-199.671751368562"
"1886","6","6","JAGS","STEPHENS","standard","simple","lower","-199.04068096338"
"1887","7","6","JAGS","STEPHENS","standard","simple","lower","-199.294637515446"
"1888","8","6","JAGS","STEPHENS","standard","simple","lower","-199.565784009059"
"1889","9","6","JAGS","STEPHENS","standard","simple","lower","-199.4142369745"
"1890","10","6","JAGS","STEPHENS","standard","simple","lower","-200.083905960118"
"1891","11","6","JAGS","STEPHENS","standard","simple","lower","-200.048523171992"
"1892","12","6","JAGS","STEPHENS","standard","simple","lower","-199.5838100361"
"1893","13","6","JAGS","STEPHENS","standard","simple","lower","-199.254967711111"
"1894","14","6","JAGS","STEPHENS","standard","simple","lower","-199.691777189113"
"1895","15","6","JAGS","STEPHENS","standard","simple","lower","-199.398351903029"
"1896","16","6","JAGS","STEPHENS","standard","simple","lower","-199.681124138001"
"1897","17","6","JAGS","STEPHENS","standard","simple","lower","-199.501375308795"
"1898","18","6","JAGS","STEPHENS","standard","simple","lower","-199.399170949246"
"1899","19","6","JAGS","STEPHENS","standard","simple","lower","-199.857540115646"
"1900","20","6","JAGS","STEPHENS","standard","simple","lower","-199.686211119376"
"1901","1","2","STAN","STEPHENS","standard","simple","lower","-199.699906205276"
"1902","2","2","STAN","STEPHENS","standard","simple","lower","-199.870351453353"
"1903","3","2","STAN","STEPHENS","standard","simple","lower","-200.05167148995"
"1904","4","2","STAN","STEPHENS","standard","simple","lower","-199.943346547018"
"1905","5","2","STAN","STEPHENS","standard","simple","lower","-200.005293584187"
"1906","6","2","STAN","STEPHENS","standard","simple","lower","-200.082179252233"
"1907","7","2","STAN","STEPHENS","standard","simple","lower","-199.890062729631"
"1908","8","2","STAN","STEPHENS","standard","simple","lower","-199.728220029994"
"1909","9","2","STAN","STEPHENS","standard","simple","lower","-199.985601682319"
"1910","10","2","STAN","STEPHENS","standard","simple","lower","-199.911944678673"
"1911","11","2","STAN","STEPHENS","standard","simple","lower","-199.747222981335"
"1912","12","2","STAN","STEPHENS","standard","simple","lower","-200.434443515966"
"1913","13","2","STAN","STEPHENS","standard","simple","lower","-200.369933754021"
"1914","14","2","STAN","STEPHENS","standard","simple","lower","-199.752664864244"
"1915","15","2","STAN","STEPHENS","standard","simple","lower","-200.330079889324"
"1916","16","2","STAN","STEPHENS","standard","simple","lower","-199.782455651436"
"1917","17","2","STAN","STEPHENS","standard","simple","lower","-200.138956071649"
"1918","18","2","STAN","STEPHENS","standard","simple","lower","-200.011240944807"
"1919","19","2","STAN","STEPHENS","standard","simple","lower","-199.723573080332"
"1920","20","2","STAN","STEPHENS","standard","simple","lower","-199.890399936306"
"1921","1","3","STAN","STEPHENS","standard","simple","lower","-198.759470075535"
"1922","2","3","STAN","STEPHENS","standard","simple","lower","-198.88926434108"
"1923","3","3","STAN","STEPHENS","standard","simple","lower","-198.648638816176"
"1924","4","3","STAN","STEPHENS","standard","simple","lower","-199.077171928551"
"1925","5","3","STAN","STEPHENS","standard","simple","lower","-198.72655495912"
"1926","6","3","STAN","STEPHENS","standard","simple","lower","-198.503859260508"
"1927","7","3","STAN","STEPHENS","standard","simple","lower","-198.651952503107"
"1928","8","3","STAN","STEPHENS","standard","simple","lower","-198.967513031947"
"1929","9","3","STAN","STEPHENS","standard","simple","lower","-198.5617551798"
"1930","10","3","STAN","STEPHENS","standard","simple","lower","-198.56407217575"
"1931","11","3","STAN","STEPHENS","standard","simple","lower","-198.847228038648"
"1932","12","3","STAN","STEPHENS","standard","simple","lower","-198.588092954152"
"1933","13","3","STAN","STEPHENS","standard","simple","lower","-198.780664086284"
"1934","14","3","STAN","STEPHENS","standard","simple","lower","-199.047487855432"
"1935","15","3","STAN","STEPHENS","standard","simple","lower","-199.056267728982"
"1936","16","3","STAN","STEPHENS","standard","simple","lower","-198.794663306788"
"1937","17","3","STAN","STEPHENS","standard","simple","lower","-198.505147301586"
"1938","18","3","STAN","STEPHENS","standard","simple","lower","-198.969497317782"
"1939","19","3","STAN","STEPHENS","standard","simple","lower","-198.872633451871"
"1940","20","3","STAN","STEPHENS","standard","simple","lower","-199.003542272613"
"1941","1","4","STAN","STEPHENS","standard","simple","lower","-198.704540201772"
"1942","2","4","STAN","STEPHENS","standard","simple","lower","-199.228825701517"
"1943","3","4","STAN","STEPHENS","standard","simple","lower","-198.710421106648"
"1944","4","4","STAN","STEPHENS","standard","simple","lower","-199.361629265941"
"1945","5","4","STAN","STEPHENS","standard","simple","lower","-198.795600061189"
"1946","6","4","STAN","STEPHENS","standard","simple","lower","-198.588426523702"
"1947","7","4","STAN","STEPHENS","standard","simple","lower","-198.9082463567"
"1948","8","4","STAN","STEPHENS","standard","simple","lower","-198.945436613758"
"1949","9","4","STAN","STEPHENS","standard","simple","lower","-198.508948167261"
"1950","10","4","STAN","STEPHENS","standard","simple","lower","-198.506164766218"
"1951","11","4","STAN","STEPHENS","standard","simple","lower","-199.065119419763"
"1952","12","4","STAN","STEPHENS","standard","simple","lower","-198.760578856659"
"1953","13","4","STAN","STEPHENS","standard","simple","lower","-198.710967521548"
"1954","14","4","STAN","STEPHENS","standard","simple","lower","-198.774342209055"
"1955","15","4","STAN","STEPHENS","standard","simple","lower","-198.708469904593"
"1956","16","4","STAN","STEPHENS","standard","simple","lower","-198.566788957233"
"1957","17","4","STAN","STEPHENS","standard","simple","lower","-198.436198533999"
"1958","18","4","STAN","STEPHENS","standard","simple","lower","-199.018280907305"
"1959","19","4","STAN","STEPHENS","standard","simple","lower","-199.547615512462"
"1960","20","4","STAN","STEPHENS","standard","simple","lower","-198.846152707713"
"1961","1","5","STAN","STEPHENS","standard","simple","lower","-198.691553046246"
"1962","2","5","STAN","STEPHENS","standard","simple","lower","-199.292645717446"
"1963","3","5","STAN","STEPHENS","standard","simple","lower","-199.167277068802"
"1964","4","5","STAN","STEPHENS","standard","simple","lower","-199.209269091958"
"1965","5","5","STAN","STEPHENS","standard","simple","lower","-199.075681585995"
"1966","6","5","STAN","STEPHENS","standard","simple","lower","-199.152908518351"
"1967","7","5","STAN","STEPHENS","standard","simple","lower","-199.713214743934"
"1968","8","5","STAN","STEPHENS","standard","simple","lower","-198.783405282323"
"1969","9","5","STAN","STEPHENS","standard","simple","lower","-198.90353247984"
"1970","10","5","STAN","STEPHENS","standard","simple","lower","-199.410375044244"
"1971","11","5","STAN","STEPHENS","standard","simple","lower","-198.773005544303"
"1972","12","5","STAN","STEPHENS","standard","simple","lower","-199.224671915902"
"1973","13","5","STAN","STEPHENS","standard","simple","lower","-199.076143988891"
"1974","14","5","STAN","STEPHENS","standard","simple","lower","-199.493293370908"
"1975","15","5","STAN","STEPHENS","standard","simple","lower","-199.026339467384"
"1976","16","5","STAN","STEPHENS","standard","simple","lower","-199.059095493527"
"1977","17","5","STAN","STEPHENS","standard","simple","lower","-198.93122746429"
"1978","18","5","STAN","STEPHENS","standard","simple","lower","-198.849069067138"
"1979","19","5","STAN","STEPHENS","standard","simple","lower","-199.041129807263"
"1980","20","5","STAN","STEPHENS","standard","simple","lower","-199.311051104932"
"1981","1","6","STAN","STEPHENS","standard","simple","lower","-199.966521857686"
"1982","2","6","STAN","STEPHENS","standard","simple","lower","-199.454341905241"
"1983","3","6","STAN","STEPHENS","standard","simple","lower","-199.36144849998"
"1984","4","6","STAN","STEPHENS","standard","simple","lower","-199.792180249755"
"1985","5","6","STAN","STEPHENS","standard","simple","lower","-199.71379803171"
"1986","6","6","STAN","STEPHENS","standard","simple","lower","-199.941428548118"
"1987","7","6","STAN","STEPHENS","standard","simple","lower","-199.716751498483"
"1988","8","6","STAN","STEPHENS","standard","simple","lower","-199.297496824391"
"1989","9","6","STAN","STEPHENS","standard","simple","lower","-199.780583940392"
"1990","10","6","STAN","STEPHENS","standard","simple","lower","-199.093677204504"
"1991","11","6","STAN","STEPHENS","standard","simple","lower","-199.452130757678"
"1992","12","6","STAN","STEPHENS","standard","simple","lower","-199.791264565297"
"1993","13","6","STAN","STEPHENS","standard","simple","lower","-200.07930330571"
"1994","14","6","STAN","STEPHENS","standard","simple","lower","-199.302917453084"
"1995","15","6","STAN","STEPHENS","standard","simple","lower","-199.675403470495"
"1996","16","6","STAN","STEPHENS","standard","simple","lower","-199.664368412279"
"1997","17","6","STAN","STEPHENS","standard","simple","lower","-199.146116972918"
"1998","18","6","STAN","STEPHENS","standard","simple","lower","-199.979434370014"
"1999","19","6","STAN","STEPHENS","standard","simple","lower","-199.897888272764"
"2000","20","6","STAN","STEPHENS","standard","simple","lower","-199.091970924572"
"2001","1","2","JAGS","ECR","standard","permutations","lower","-199.856964367013"
"2002","2","2","JAGS","ECR","standard","permutations","lower","-199.993898709925"
"2003","3","2","JAGS","ECR","standard","permutations","lower","-199.709967007799"
"2004","4","2","JAGS","ECR","standard","permutations","lower","-200.245025220448"
"2005","5","2","JAGS","ECR","standard","permutations","lower","-200.365723021385"
"2006","6","2","JAGS","ECR","standard","permutations","lower","-199.94275841409"
"2007","7","2","JAGS","ECR","standard","permutations","lower","-199.92587569688"
"2008","8","2","JAGS","ECR","standard","permutations","lower","-199.806139798485"
"2009","9","2","JAGS","ECR","standard","permutations","lower","-199.640090951352"
"2010","10","2","JAGS","ECR","standard","permutations","lower","-200.183142272206"
"2011","11","2","JAGS","ECR","standard","permutations","lower","-200.028324202264"
"2012","12","2","JAGS","ECR","standard","permutations","lower","-200.290185876252"
"2013","13","2","JAGS","ECR","standard","permutations","lower","-199.760180068053"
"2014","14","2","JAGS","ECR","standard","permutations","lower","-200.105774378994"
"2015","15","2","JAGS","ECR","standard","permutations","lower","-199.612697982462"
"2016","16","2","JAGS","ECR","standard","permutations","lower","-199.742865446943"
"2017","17","2","JAGS","ECR","standard","permutations","lower","-199.874553204267"
"2018","18","2","JAGS","ECR","standard","permutations","lower","-199.62610893555"
"2019","19","2","JAGS","ECR","standard","permutations","lower","-200.351489260798"
"2020","20","2","JAGS","ECR","standard","permutations","lower","-200.35696606256"
"2021","1","3","JAGS","ECR","standard","permutations","lower","-198.58091583589"
"2022","2","3","JAGS","ECR","standard","permutations","lower","-198.480638121857"
"2023","3","3","JAGS","ECR","standard","permutations","lower","-198.527067001947"
"2024","4","3","JAGS","ECR","standard","permutations","lower","-199.215093587087"
"2025","5","3","JAGS","ECR","standard","permutations","lower","-199.328204986165"
"2026","6","3","JAGS","ECR","standard","permutations","lower","-198.590487552708"
"2027","7","3","JAGS","ECR","standard","permutations","lower","-199.222795675481"
"2028","8","3","JAGS","ECR","standard","permutations","lower","-199.230438456176"
"2029","9","3","JAGS","ECR","standard","permutations","lower","-198.730861504973"
"2030","10","3","JAGS","ECR","standard","permutations","lower","-198.811342255776"
"2031","11","3","JAGS","ECR","standard","permutations","lower","-199.246031176347"
"2032","12","3","JAGS","ECR","standard","permutations","lower","-198.557279763785"
"2033","13","3","JAGS","ECR","standard","permutations","lower","-198.745739881"
"2034","14","3","JAGS","ECR","standard","permutations","lower","-198.711023879282"
"2035","15","3","JAGS","ECR","standard","permutations","lower","-198.614705444113"
"2036","16","3","JAGS","ECR","standard","permutations","lower","-198.447705512639"
"2037","17","3","JAGS","ECR","standard","permutations","lower","-198.506801461571"
"2038","18","3","JAGS","ECR","standard","permutations","lower","-198.644618616518"
"2039","19","3","JAGS","ECR","standard","permutations","lower","-198.595630760622"
"2040","20","3","JAGS","ECR","standard","permutations","lower","-198.975169986712"
"2041","1","4","JAGS","ECR","standard","permutations","lower","-198.578317420412"
"2042","2","4","JAGS","ECR","standard","permutations","lower","-199.333221669093"
"2043","3","4","JAGS","ECR","standard","permutations","lower","-198.722305301108"
"2044","4","4","JAGS","ECR","standard","permutations","lower","-199.292787111472"
"2045","5","4","JAGS","ECR","standard","permutations","lower","-199.198761726342"
"2046","6","4","JAGS","ECR","standard","permutations","lower","-198.357542307175"
"2047","7","4","JAGS","ECR","standard","permutations","lower","-199.087833369933"
"2048","8","4","JAGS","ECR","standard","permutations","lower","-198.501165392131"
"2049","9","4","JAGS","ECR","standard","permutations","lower","-199.21243603007"
"2050","10","4","JAGS","ECR","standard","permutations","lower","-199.451062971644"
"2051","11","4","JAGS","ECR","standard","permutations","lower","-198.676568987407"
"2052","12","4","JAGS","ECR","standard","permutations","lower","-198.899809884941"
"2053","13","4","JAGS","ECR","standard","permutations","lower","-199.032091642603"
"2054","14","4","JAGS","ECR","standard","permutations","lower","-199.062187265258"
"2055","15","4","JAGS","ECR","standard","permutations","lower","-198.967029855182"
"2056","16","4","JAGS","ECR","standard","permutations","lower","-199.196985948648"
"2057","17","4","JAGS","ECR","standard","permutations","lower","-198.811148385798"
"2058","18","4","JAGS","ECR","standard","permutations","lower","-198.943784696603"
"2059","19","4","JAGS","ECR","standard","permutations","lower","-198.789704401539"
"2060","20","4","JAGS","ECR","standard","permutations","lower","-198.388590605298"
"2061","1","5","JAGS","ECR","standard","permutations","lower","-199.43519826364"
"2062","2","5","JAGS","ECR","standard","permutations","lower","-199.20359979786"
"2063","3","5","JAGS","ECR","standard","permutations","lower","-199.652778233259"
"2064","4","5","JAGS","ECR","standard","permutations","lower","-199.059149270275"
"2065","5","5","JAGS","ECR","standard","permutations","lower","-198.952505581961"
"2066","6","5","JAGS","ECR","standard","permutations","lower","-199.296770591904"
"2067","7","5","JAGS","ECR","standard","permutations","lower","-199.23576200334"
"2068","8","5","JAGS","ECR","standard","permutations","lower","-199.742684222887"
"2069","9","5","JAGS","ECR","standard","permutations","lower","-198.895004611587"
"2070","10","5","JAGS","ECR","standard","permutations","lower","-199.222240502592"
"2071","11","5","JAGS","ECR","standard","permutations","lower","-199.174730513226"
"2072","12","5","JAGS","ECR","standard","permutations","lower","-198.762686937618"
"2073","13","5","JAGS","ECR","standard","permutations","lower","-200.034859070995"
"2074","14","5","JAGS","ECR","standard","permutations","lower","-199.678519757681"
"2075","15","5","JAGS","ECR","standard","permutations","lower","-198.725074309373"
"2076","16","5","JAGS","ECR","standard","permutations","lower","-199.085669689579"
"2077","17","5","JAGS","ECR","standard","permutations","lower","-199.140096521365"
"2078","18","5","JAGS","ECR","standard","permutations","lower","-199.17685791106"
"2079","19","5","JAGS","ECR","standard","permutations","lower","-199.094412620085"
"2080","20","5","JAGS","ECR","standard","permutations","lower","-199.293948822478"
"2081","1","6","JAGS","ECR","standard","permutations","lower","-199.297979718033"
"2082","2","6","JAGS","ECR","standard","permutations","lower","-199.503640465186"
"2083","3","6","JAGS","ECR","standard","permutations","lower","-200.129500756052"
"2084","4","6","JAGS","ECR","standard","permutations","lower","-199.531985881185"
"2085","5","6","JAGS","ECR","standard","permutations","lower","-200.383885381597"
"2086","6","6","JAGS","ECR","standard","permutations","lower","-199.105579213376"
"2087","7","6","JAGS","ECR","standard","permutations","lower","-199.077897569247"
"2088","8","6","JAGS","ECR","standard","permutations","lower","-199.585566706485"
"2089","9","6","JAGS","ECR","standard","permutations","lower","-200.41544426186"
"2090","10","6","JAGS","ECR","standard","permutations","lower","-199.799553305986"
"2091","11","6","JAGS","ECR","standard","permutations","lower","-199.683298332787"
"2092","12","6","JAGS","ECR","standard","permutations","lower","-199.899210228318"
"2093","13","6","JAGS","ECR","standard","permutations","lower","-199.455807918184"
"2094","14","6","JAGS","ECR","standard","permutations","lower","-200.458112023584"
"2095","15","6","JAGS","ECR","standard","permutations","lower","-199.340880648227"
"2096","16","6","JAGS","ECR","standard","permutations","lower","-199.487925850069"
"2097","17","6","JAGS","ECR","standard","permutations","lower","-199.111257349942"
"2098","18","6","JAGS","ECR","standard","permutations","lower","-199.647007302136"
"2099","19","6","JAGS","ECR","standard","permutations","lower","-199.639594667026"
"2100","20","6","JAGS","ECR","standard","permutations","lower","-199.645279912443"
"2101","1","2","STAN","ECR","standard","permutations","lower",NA
"2102","2","2","STAN","ECR","standard","permutations","lower",NA
"2103","3","2","STAN","ECR","standard","permutations","lower",NA
"2104","4","2","STAN","ECR","standard","permutations","lower",NA
"2105","5","2","STAN","ECR","standard","permutations","lower",NA
"2106","6","2","STAN","ECR","standard","permutations","lower",NA
"2107","7","2","STAN","ECR","standard","permutations","lower",NA
"2108","8","2","STAN","ECR","standard","permutations","lower",NA
"2109","9","2","STAN","ECR","standard","permutations","lower",NA
"2110","10","2","STAN","ECR","standard","permutations","lower",NA
"2111","11","2","STAN","ECR","standard","permutations","lower",NA
"2112","12","2","STAN","ECR","standard","permutations","lower",NA
"2113","13","2","STAN","ECR","standard","permutations","lower",NA
"2114","14","2","STAN","ECR","standard","permutations","lower",NA
"2115","15","2","STAN","ECR","standard","permutations","lower",NA
"2116","16","2","STAN","ECR","standard","permutations","lower",NA
"2117","17","2","STAN","ECR","standard","permutations","lower",NA
"2118","18","2","STAN","ECR","standard","permutations","lower",NA
"2119","19","2","STAN","ECR","standard","permutations","lower",NA
"2120","20","2","STAN","ECR","standard","permutations","lower",NA
"2121","1","3","STAN","ECR","standard","permutations","lower",NA
"2122","2","3","STAN","ECR","standard","permutations","lower",NA
"2123","3","3","STAN","ECR","standard","permutations","lower",NA
"2124","4","3","STAN","ECR","standard","permutations","lower",NA
"2125","5","3","STAN","ECR","standard","permutations","lower",NA
"2126","6","3","STAN","ECR","standard","permutations","lower",NA
"2127","7","3","STAN","ECR","standard","permutations","lower",NA
"2128","8","3","STAN","ECR","standard","permutations","lower",NA
"2129","9","3","STAN","ECR","standard","permutations","lower",NA
"2130","10","3","STAN","ECR","standard","permutations","lower",NA
"2131","11","3","STAN","ECR","standard","permutations","lower",NA
"2132","12","3","STAN","ECR","standard","permutations","lower",NA
"2133","13","3","STAN","ECR","standard","permutations","lower",NA
"2134","14","3","STAN","ECR","standard","permutations","lower",NA
"2135","15","3","STAN","ECR","standard","permutations","lower",NA
"2136","16","3","STAN","ECR","standard","permutations","lower",NA
"2137","17","3","STAN","ECR","standard","permutations","lower",NA
"2138","18","3","STAN","ECR","standard","permutations","lower",NA
"2139","19","3","STAN","ECR","standard","permutations","lower",NA
"2140","20","3","STAN","ECR","standard","permutations","lower",NA
"2141","1","4","STAN","ECR","standard","permutations","lower",NA
"2142","2","4","STAN","ECR","standard","permutations","lower",NA
"2143","3","4","STAN","ECR","standard","permutations","lower",NA
"2144","4","4","STAN","ECR","standard","permutations","lower",NA
"2145","5","4","STAN","ECR","standard","permutations","lower",NA
"2146","6","4","STAN","ECR","standard","permutations","lower",NA
"2147","7","4","STAN","ECR","standard","permutations","lower",NA
"2148","8","4","STAN","ECR","standard","permutations","lower",NA
"2149","9","4","STAN","ECR","standard","permutations","lower",NA
"2150","10","4","STAN","ECR","standard","permutations","lower",NA
"2151","11","4","STAN","ECR","standard","permutations","lower",NA
"2152","12","4","STAN","ECR","standard","permutations","lower",NA
"2153","13","4","STAN","ECR","standard","permutations","lower",NA
"2154","14","4","STAN","ECR","standard","permutations","lower",NA
"2155","15","4","STAN","ECR","standard","permutations","lower",NA
"2156","16","4","STAN","ECR","standard","permutations","lower",NA
"2157","17","4","STAN","ECR","standard","permutations","lower",NA
"2158","18","4","STAN","ECR","standard","permutations","lower",NA
"2159","19","4","STAN","ECR","standard","permutations","lower",NA
"2160","20","4","STAN","ECR","standard","permutations","lower",NA
"2161","1","5","STAN","ECR","standard","permutations","lower",NA
"2162","2","5","STAN","ECR","standard","permutations","lower",NA
"2163","3","5","STAN","ECR","standard","permutations","lower",NA
"2164","4","5","STAN","ECR","standard","permutations","lower",NA
"2165","5","5","STAN","ECR","standard","permutations","lower",NA
"2166","6","5","STAN","ECR","standard","permutations","lower",NA
"2167","7","5","STAN","ECR","standard","permutations","lower",NA
"2168","8","5","STAN","ECR","standard","permutations","lower",NA
"2169","9","5","STAN","ECR","standard","permutations","lower",NA
"2170","10","5","STAN","ECR","standard","permutations","lower",NA
"2171","11","5","STAN","ECR","standard","permutations","lower",NA
"2172","12","5","STAN","ECR","standard","permutations","lower",NA
"2173","13","5","STAN","ECR","standard","permutations","lower",NA
"2174","14","5","STAN","ECR","standard","permutations","lower",NA
"2175","15","5","STAN","ECR","standard","permutations","lower",NA
"2176","16","5","STAN","ECR","standard","permutations","lower",NA
"2177","17","5","STAN","ECR","standard","permutations","lower",NA
"2178","18","5","STAN","ECR","standard","permutations","lower",NA
"2179","19","5","STAN","ECR","standard","permutations","lower",NA
"2180","20","5","STAN","ECR","standard","permutations","lower",NA
"2181","1","6","STAN","ECR","standard","permutations","lower",NA
"2182","2","6","STAN","ECR","standard","permutations","lower",NA
"2183","3","6","STAN","ECR","standard","permutations","lower",NA
"2184","4","6","STAN","ECR","standard","permutations","lower",NA
"2185","5","6","STAN","ECR","standard","permutations","lower",NA
"2186","6","6","STAN","ECR","standard","permutations","lower",NA
"2187","7","6","STAN","ECR","standard","permutations","lower",NA
"2188","8","6","STAN","ECR","standard","permutations","lower",NA
"2189","9","6","STAN","ECR","standard","permutations","lower",NA
"2190","10","6","STAN","ECR","standard","permutations","lower",NA
"2191","11","6","STAN","ECR","standard","permutations","lower",NA
"2192","12","6","STAN","ECR","standard","permutations","lower",NA
"2193","13","6","STAN","ECR","standard","permutations","lower",NA
"2194","14","6","STAN","ECR","standard","permutations","lower",NA
"2195","15","6","STAN","ECR","standard","permutations","lower",NA
"2196","16","6","STAN","ECR","standard","permutations","lower",NA
"2197","17","6","STAN","ECR","standard","permutations","lower",NA
"2198","18","6","STAN","ECR","standard","permutations","lower",NA
"2199","19","6","STAN","ECR","standard","permutations","lower",NA
"2200","20","6","STAN","ECR","standard","permutations","lower",NA
"2201","1","2","JAGS","STEPHENS","standard","permutations","lower","-199.856964367013"
"2202","2","2","JAGS","STEPHENS","standard","permutations","lower","-199.993898709925"
"2203","3","2","JAGS","STEPHENS","standard","permutations","lower","-199.709967007799"
"2204","4","2","JAGS","STEPHENS","standard","permutations","lower","-200.245025220448"
"2205","5","2","JAGS","STEPHENS","standard","permutations","lower","-200.365723021385"
"2206","6","2","JAGS","STEPHENS","standard","permutations","lower","-199.94275841409"
"2207","7","2","JAGS","STEPHENS","standard","permutations","lower","-199.92587569688"
"2208","8","2","JAGS","STEPHENS","standard","permutations","lower","-199.806139798485"
"2209","9","2","JAGS","STEPHENS","standard","permutations","lower","-199.640090951352"
"2210","10","2","JAGS","STEPHENS","standard","permutations","lower","-200.183142272206"
"2211","11","2","JAGS","STEPHENS","standard","permutations","lower","-200.028324202264"
"2212","12","2","JAGS","STEPHENS","standard","permutations","lower","-200.290185876252"
"2213","13","2","JAGS","STEPHENS","standard","permutations","lower","-199.760180068053"
"2214","14","2","JAGS","STEPHENS","standard","permutations","lower","-200.105774378994"
"2215","15","2","JAGS","STEPHENS","standard","permutations","lower","-199.612697982462"
"2216","16","2","JAGS","STEPHENS","standard","permutations","lower","-199.742865446943"
"2217","17","2","JAGS","STEPHENS","standard","permutations","lower","-199.874553204267"
"2218","18","2","JAGS","STEPHENS","standard","permutations","lower","-199.62610893555"
"2219","19","2","JAGS","STEPHENS","standard","permutations","lower","-200.351489260798"
"2220","20","2","JAGS","STEPHENS","standard","permutations","lower","-200.35696606256"
"2221","1","3","JAGS","STEPHENS","standard","permutations","lower","-198.593570766546"
"2222","2","3","JAGS","STEPHENS","standard","permutations","lower","-198.467457975105"
"2223","3","3","JAGS","STEPHENS","standard","permutations","lower","-198.540568758502"
"2224","4","3","JAGS","STEPHENS","standard","permutations","lower","-199.226814725261"
"2225","5","3","JAGS","STEPHENS","standard","permutations","lower","-199.312169589069"
"2226","6","3","JAGS","STEPHENS","standard","permutations","lower","-198.593798595234"
"2227","7","3","JAGS","STEPHENS","standard","permutations","lower","-199.190583036617"
"2228","8","3","JAGS","STEPHENS","standard","permutations","lower","-199.1887188155"
"2229","9","3","JAGS","STEPHENS","standard","permutations","lower","-198.736399324943"
"2230","10","3","JAGS","STEPHENS","standard","permutations","lower","-198.80488604235"
"2231","11","3","JAGS","STEPHENS","standard","permutations","lower","-199.256802122949"
"2232","12","3","JAGS","STEPHENS","standard","permutations","lower","-198.55826447658"
"2233","13","3","JAGS","STEPHENS","standard","permutations","lower","-198.734157401998"
"2234","14","3","JAGS","STEPHENS","standard","permutations","lower","-198.715113550425"
"2235","15","3","JAGS","STEPHENS","standard","permutations","lower","-198.61467868229"
"2236","16","3","JAGS","STEPHENS","standard","permutations","lower","-198.447871096855"
"2237","17","3","JAGS","STEPHENS","standard","permutations","lower","-198.503102463165"
"2238","18","3","JAGS","STEPHENS","standard","permutations","lower","-198.656980730855"
"2239","19","3","JAGS","STEPHENS","standard","permutations","lower","-198.59150089369"
"2240","20","3","JAGS","STEPHENS","standard","permutations","lower","-198.985584419744"
"2241","1","4","JAGS","STEPHENS","standard","permutations","lower","-198.536384509448"
"2242","2","4","JAGS","STEPHENS","standard","permutations","lower","-198.988632667034"
"2243","3","4","JAGS","STEPHENS","standard","permutations","lower","-198.803442858062"
"2244","4","4","JAGS","STEPHENS","standard","permutations","lower","-198.873130725419"
"2245","5","4","JAGS","STEPHENS","standard","permutations","lower","-199.010204376949"
"2246","6","4","JAGS","STEPHENS","standard","permutations","lower","-198.480104425398"
"2247","7","4","JAGS","STEPHENS","standard","permutations","lower","-198.995034375987"
"2248","8","4","JAGS","STEPHENS","standard","permutations","lower","-198.772465667713"
"2249","9","4","JAGS","STEPHENS","standard","permutations","lower","-198.700727480637"
"2250","10","4","JAGS","STEPHENS","standard","permutations","lower","-199.353686099234"
"2251","11","4","JAGS","STEPHENS","standard","permutations","lower","-198.669833165219"
"2252","12","4","JAGS","STEPHENS","standard","permutations","lower","-198.898163587528"
"2253","13","4","JAGS","STEPHENS","standard","permutations","lower","-198.678007268883"
"2254","14","4","JAGS","STEPHENS","standard","permutations","lower","-198.87854582989"
"2255","15","4","JAGS","STEPHENS","standard","permutations","lower","-199.054148015084"
"2256","16","4","JAGS","STEPHENS","standard","permutations","lower","-198.854279647933"
"2257","17","4","JAGS","STEPHENS","standard","permutations","lower","-198.708802200228"
"2258","18","4","JAGS","STEPHENS","standard","permutations","lower","-199.398862526676"
"2259","19","4","JAGS","STEPHENS","standard","permutations","lower","-198.98156103701"
"2260","20","4","JAGS","STEPHENS","standard","permutations","lower","-198.582080972441"
"2261","1","5","JAGS","STEPHENS","standard","permutations","lower","-199.332349602663"
"2262","2","5","JAGS","STEPHENS","standard","permutations","lower","-198.888443087461"
"2263","3","5","JAGS","STEPHENS","standard","permutations","lower","-199.539391585311"
"2264","4","5","JAGS","STEPHENS","standard","permutations","lower","-199.114403422873"
"2265","5","5","JAGS","STEPHENS","standard","permutations","lower","-198.778665285483"
"2266","6","5","JAGS","STEPHENS","standard","permutations","lower","-199.592034782812"
"2267","7","5","JAGS","STEPHENS","standard","permutations","lower","-199.252213666926"
"2268","8","5","JAGS","STEPHENS","standard","permutations","lower","-199.429188954391"
"2269","9","5","JAGS","STEPHENS","standard","permutations","lower","-199.242520251853"
"2270","10","5","JAGS","STEPHENS","standard","permutations","lower","-199.320794450694"
"2271","11","5","JAGS","STEPHENS","standard","permutations","lower","-198.872265201031"
"2272","12","5","JAGS","STEPHENS","standard","permutations","lower","-198.946434769508"
"2273","13","5","JAGS","STEPHENS","standard","permutations","lower","-199.068325219469"
"2274","14","5","JAGS","STEPHENS","standard","permutations","lower","-199.394210172924"
"2275","15","5","JAGS","STEPHENS","standard","permutations","lower","-198.822500150374"
"2276","16","5","JAGS","STEPHENS","standard","permutations","lower","-199.056257684256"
"2277","17","5","JAGS","STEPHENS","standard","permutations","lower","-199.154884709734"
"2278","18","5","JAGS","STEPHENS","standard","permutations","lower","-198.934801662021"
"2279","19","5","JAGS","STEPHENS","standard","permutations","lower","-199.272609246605"
"2280","20","5","JAGS","STEPHENS","standard","permutations","lower","-199.510921730575"
"2281","1","6","JAGS","STEPHENS","standard","permutations","lower","-200.323904522141"
"2282","2","6","JAGS","STEPHENS","standard","permutations","lower","-200.018630910126"
"2283","3","6","JAGS","STEPHENS","standard","permutations","lower","-200.0496374542"
"2284","4","6","JAGS","STEPHENS","standard","permutations","lower","-200.1339207344"
"2285","5","6","JAGS","STEPHENS","standard","permutations","lower","-199.671751368562"
"2286","6","6","JAGS","STEPHENS","standard","permutations","lower","-199.04068096338"
"2287","7","6","JAGS","STEPHENS","standard","permutations","lower","-199.294637515446"
"2288","8","6","JAGS","STEPHENS","standard","permutations","lower","-199.565784009059"
"2289","9","6","JAGS","STEPHENS","standard","permutations","lower","-199.4142369745"
"2290","10","6","JAGS","STEPHENS","standard","permutations","lower","-200.083905960118"
"2291","11","6","JAGS","STEPHENS","standard","permutations","lower","-200.048523171992"
"2292","12","6","JAGS","STEPHENS","standard","permutations","lower","-199.5838100361"
"2293","13","6","JAGS","STEPHENS","standard","permutations","lower","-199.254967711111"
"2294","14","6","JAGS","STEPHENS","standard","permutations","lower","-199.691777189113"
"2295","15","6","JAGS","STEPHENS","standard","permutations","lower","-199.398351903029"
"2296","16","6","JAGS","STEPHENS","standard","permutations","lower","-199.681124138001"
"2297","17","6","JAGS","STEPHENS","standard","permutations","lower","-199.501375308795"
"2298","18","6","JAGS","STEPHENS","standard","permutations","lower","-199.399170949246"
"2299","19","6","JAGS","STEPHENS","standard","permutations","lower","-199.857540115646"
"2300","20","6","JAGS","STEPHENS","standard","permutations","lower","-199.686211119376"
"2301","1","2","STAN","STEPHENS","standard","permutations","lower","-199.699906205276"
"2302","2","2","STAN","STEPHENS","standard","permutations","lower","-199.870351453353"
"2303","3","2","STAN","STEPHENS","standard","permutations","lower","-200.05167148995"
"2304","4","2","STAN","STEPHENS","standard","permutations","lower","-199.943346547018"
"2305","5","2","STAN","STEPHENS","standard","permutations","lower","-200.005293584187"
"2306","6","2","STAN","STEPHENS","standard","permutations","lower","-200.082179252233"
"2307","7","2","STAN","STEPHENS","standard","permutations","lower","-199.890062729631"
"2308","8","2","STAN","STEPHENS","standard","permutations","lower","-199.728220029994"
"2309","9","2","STAN","STEPHENS","standard","permutations","lower","-199.985601682319"
"2310","10","2","STAN","STEPHENS","standard","permutations","lower","-199.911944678673"
"2311","11","2","STAN","STEPHENS","standard","permutations","lower","-199.747222981335"
"2312","12","2","STAN","STEPHENS","standard","permutations","lower","-200.434443515966"
"2313","13","2","STAN","STEPHENS","standard","permutations","lower","-200.369933754021"
"2314","14","2","STAN","STEPHENS","standard","permutations","lower","-199.752664864244"
"2315","15","2","STAN","STEPHENS","standard","permutations","lower","-200.330079889324"
"2316","16","2","STAN","STEPHENS","standard","permutations","lower","-199.782455651436"
"2317","17","2","STAN","STEPHENS","standard","permutations","lower","-200.138956071649"
"2318","18","2","STAN","STEPHENS","standard","permutations","lower","-200.011240944807"
"2319","19","2","STAN","STEPHENS","standard","permutations","lower","-199.723573080332"
"2320","20","2","STAN","STEPHENS","standard","permutations","lower","-199.890399936306"
"2321","1","3","STAN","STEPHENS","standard","permutations","lower","-198.759470075535"
"2322","2","3","STAN","STEPHENS","standard","permutations","lower","-198.88926434108"
"2323","3","3","STAN","STEPHENS","standard","permutations","lower","-198.648638816176"
"2324","4","3","STAN","STEPHENS","standard","permutations","lower","-199.077171928551"
"2325","5","3","STAN","STEPHENS","standard","permutations","lower","-198.72655495912"
"2326","6","3","STAN","STEPHENS","standard","permutations","lower","-198.503859260508"
"2327","7","3","STAN","STEPHENS","standard","permutations","lower","-198.651952503107"
"2328","8","3","STAN","STEPHENS","standard","permutations","lower","-198.967513031947"
"2329","9","3","STAN","STEPHENS","standard","permutations","lower","-198.5617551798"
"2330","10","3","STAN","STEPHENS","standard","permutations","lower","-198.56407217575"
"2331","11","3","STAN","STEPHENS","standard","permutations","lower","-198.847228038648"
"2332","12","3","STAN","STEPHENS","standard","permutations","lower","-198.588092954152"
"2333","13","3","STAN","STEPHENS","standard","permutations","lower","-198.780664086284"
"2334","14","3","STAN","STEPHENS","standard","permutations","lower","-199.047487855432"
"2335","15","3","STAN","STEPHENS","standard","permutations","lower","-199.056267728982"
"2336","16","3","STAN","STEPHENS","standard","permutations","lower","-198.794663306788"
"2337","17","3","STAN","STEPHENS","standard","permutations","lower","-198.505147301586"
"2338","18","3","STAN","STEPHENS","standard","permutations","lower","-198.969497317782"
"2339","19","3","STAN","STEPHENS","standard","permutations","lower","-198.872633451871"
"2340","20","3","STAN","STEPHENS","standard","permutations","lower","-199.003542272613"
"2341","1","4","STAN","STEPHENS","standard","permutations","lower","-198.704540201772"
"2342","2","4","STAN","STEPHENS","standard","permutations","lower","-199.228825701517"
"2343","3","4","STAN","STEPHENS","standard","permutations","lower","-198.710421106648"
"2344","4","4","STAN","STEPHENS","standard","permutations","lower","-199.361629265941"
"2345","5","4","STAN","STEPHENS","standard","permutations","lower","-198.795600061189"
"2346","6","4","STAN","STEPHENS","standard","permutations","lower","-198.588426523702"
"2347","7","4","STAN","STEPHENS","standard","permutations","lower","-198.9082463567"
"2348","8","4","STAN","STEPHENS","standard","permutations","lower","-198.945436613758"
"2349","9","4","STAN","STEPHENS","standard","permutations","lower","-198.508948167261"
"2350","10","4","STAN","STEPHENS","standard","permutations","lower","-198.506164766218"
"2351","11","4","STAN","STEPHENS","standard","permutations","lower","-199.065119419763"
"2352","12","4","STAN","STEPHENS","standard","permutations","lower","-198.760578856659"
"2353","13","4","STAN","STEPHENS","standard","permutations","lower","-198.710967521548"
"2354","14","4","STAN","STEPHENS","standard","permutations","lower","-198.774342209055"
"2355","15","4","STAN","STEPHENS","standard","permutations","lower","-198.708469904593"
"2356","16","4","STAN","STEPHENS","standard","permutations","lower","-198.566788957233"
"2357","17","4","STAN","STEPHENS","standard","permutations","lower","-198.436198533999"
"2358","18","4","STAN","STEPHENS","standard","permutations","lower","-199.018280907305"
"2359","19","4","STAN","STEPHENS","standard","permutations","lower","-199.547615512462"
"2360","20","4","STAN","STEPHENS","standard","permutations","lower","-198.846152707713"
"2361","1","5","STAN","STEPHENS","standard","permutations","lower","-198.691553046246"
"2362","2","5","STAN","STEPHENS","standard","permutations","lower","-199.292645717446"
"2363","3","5","STAN","STEPHENS","standard","permutations","lower","-199.167277068802"
"2364","4","5","STAN","STEPHENS","standard","permutations","lower","-199.209269091958"
"2365","5","5","STAN","STEPHENS","standard","permutations","lower","-199.075681585995"
"2366","6","5","STAN","STEPHENS","standard","permutations","lower","-199.152908518351"
"2367","7","5","STAN","STEPHENS","standard","permutations","lower","-199.713214743934"
"2368","8","5","STAN","STEPHENS","standard","permutations","lower","-198.783405282323"
"2369","9","5","STAN","STEPHENS","standard","permutations","lower","-198.90353247984"
"2370","10","5","STAN","STEPHENS","standard","permutations","lower","-199.410375044244"
"2371","11","5","STAN","STEPHENS","standard","permutations","lower","-198.773005544303"
"2372","12","5","STAN","STEPHENS","standard","permutations","lower","-199.224671915902"
"2373","13","5","STAN","STEPHENS","standard","permutations","lower","-199.076143988891"
"2374","14","5","STAN","STEPHENS","standard","permutations","lower","-199.493293370908"
"2375","15","5","STAN","STEPHENS","standard","permutations","lower","-199.026339467384"
"2376","16","5","STAN","STEPHENS","standard","permutations","lower","-199.059095493527"
"2377","17","5","STAN","STEPHENS","standard","permutations","lower","-198.93122746429"
"2378","18","5","STAN","STEPHENS","standard","permutations","lower","-198.849069067138"
"2379","19","5","STAN","STEPHENS","standard","permutations","lower","-199.041129807263"
"2380","20","5","STAN","STEPHENS","standard","permutations","lower","-199.311051104932"
"2381","1","6","STAN","STEPHENS","standard","permutations","lower","-199.966521857686"
"2382","2","6","STAN","STEPHENS","standard","permutations","lower","-199.454341905241"
"2383","3","6","STAN","STEPHENS","standard","permutations","lower","-199.36144849998"
"2384","4","6","STAN","STEPHENS","standard","permutations","lower","-199.792180249755"
"2385","5","6","STAN","STEPHENS","standard","permutations","lower","-199.71379803171"
"2386","6","6","STAN","STEPHENS","standard","permutations","lower","-199.941428548118"
"2387","7","6","STAN","STEPHENS","standard","permutations","lower","-199.716751498483"
"2388","8","6","STAN","STEPHENS","standard","permutations","lower","-199.297496824391"
"2389","9","6","STAN","STEPHENS","standard","permutations","lower","-199.780583940392"
"2390","10","6","STAN","STEPHENS","standard","permutations","lower","-199.093677204504"
"2391","11","6","STAN","STEPHENS","standard","permutations","lower","-199.452130757678"
"2392","12","6","STAN","STEPHENS","standard","permutations","lower","-199.791264565297"
"2393","13","6","STAN","STEPHENS","standard","permutations","lower","-200.07930330571"
"2394","14","6","STAN","STEPHENS","standard","permutations","lower","-199.302917453084"
"2395","15","6","STAN","STEPHENS","standard","permutations","lower","-199.675403470495"
"2396","16","6","STAN","STEPHENS","standard","permutations","lower","-199.664368412279"
"2397","17","6","STAN","STEPHENS","standard","permutations","lower","-199.146116972918"
"2398","18","6","STAN","STEPHENS","standard","permutations","lower","-199.979434370014"
"2399","19","6","STAN","STEPHENS","standard","permutations","lower","-199.897888272764"
"2400","20","6","STAN","STEPHENS","standard","permutations","lower","-199.091970924572"
"2401","1","2","JAGS","ECR","standard","simple","logcor","-0.951658875711946"
"2402","2","2","JAGS","ECR","standard","simple","logcor","-0.867024490571237"
"2403","3","2","JAGS","ECR","standard","simple","logcor","-0.9824305343787"
"2404","4","2","JAGS","ECR","standard","simple","logcor","-0.9405834244432"
"2405","5","2","JAGS","ECR","standard","simple","logcor","-1.02582661894246"
"2406","6","2","JAGS","ECR","standard","simple","logcor","-1.05497825164805"
"2407","7","2","JAGS","ECR","standard","simple","logcor","-0.916040763118948"
"2408","8","2","JAGS","ECR","standard","simple","logcor","-1.0241543777501"
"2409","9","2","JAGS","ECR","standard","simple","logcor","-0.933691246554322"
"2410","10","2","JAGS","ECR","standard","simple","logcor","-1.10473096967629"
"2411","11","2","JAGS","ECR","standard","simple","logcor","-0.920800887352041"
"2412","12","2","JAGS","ECR","standard","simple","logcor","-0.9068355731034"
"2413","13","2","JAGS","ECR","standard","simple","logcor","-1.10987548094682"
"2414","14","2","JAGS","ECR","standard","simple","logcor","-1.02666378935553"
"2415","15","2","JAGS","ECR","standard","simple","logcor","-0.991014278070092"
"2416","16","2","JAGS","ECR","standard","simple","logcor","-0.874908894095386"
"2417","17","2","JAGS","ECR","standard","simple","logcor","-0.872752429859672"
"2418","18","2","JAGS","ECR","standard","simple","logcor","-0.943148186044038"
"2419","19","2","JAGS","ECR","standard","simple","logcor","-0.870600605957039"
"2420","20","2","JAGS","ECR","standard","simple","logcor","-0.886489240637365"
"2421","1","3","JAGS","ECR","standard","simple","logcor","-2.84558961512427"
"2422","2","3","JAGS","ECR","standard","simple","logcor","-2.72570513634093"
"2423","3","3","JAGS","ECR","standard","simple","logcor","-3.15590102570681"
"2424","4","3","JAGS","ECR","standard","simple","logcor","-3.12356564506388"
"2425","5","3","JAGS","ECR","standard","simple","logcor","-2.40683511436785"
"2426","6","3","JAGS","ECR","standard","simple","logcor","-3.09444824649315"
"2427","7","3","JAGS","ECR","standard","simple","logcor","-3.44514926919134"
"2428","8","3","JAGS","ECR","standard","simple","logcor","-2.96423360649462"
"2429","9","3","JAGS","ECR","standard","simple","logcor","-3.04702556794154"
"2430","10","3","JAGS","ECR","standard","simple","logcor","-2.99373427089132"
"2431","11","3","JAGS","ECR","standard","simple","logcor","-2.81674961802555"
"2432","12","3","JAGS","ECR","standard","simple","logcor","-3.07911388249304"
"2433","13","3","JAGS","ECR","standard","simple","logcor","-2.85076650330381"
"2434","14","3","JAGS","ECR","standard","simple","logcor","-3.12129549652934"
"2435","15","3","JAGS","ECR","standard","simple","logcor","-2.83872852474433"
"2436","16","3","JAGS","ECR","standard","simple","logcor","-2.63666020501554"
"2437","17","3","JAGS","ECR","standard","simple","logcor","-2.68971924441749"
"2438","18","3","JAGS","ECR","standard","simple","logcor","-2.69859504233145"
"2439","19","3","JAGS","ECR","standard","simple","logcor","-2.57308234069173"
"2440","20","3","JAGS","ECR","standard","simple","logcor","-2.70605219843954"
"2441","1","4","JAGS","ECR","standard","simple","logcor","-6.11929791861787"
"2442","2","4","JAGS","ECR","standard","simple","logcor","-6.57128304236092"
"2443","3","4","JAGS","ECR","standard","simple","logcor","-5.33913936106829"
"2444","4","4","JAGS","ECR","standard","simple","logcor","-7.26443022292087"
"2445","5","4","JAGS","ECR","standard","simple","logcor","-5.59942245933196"
"2446","6","4","JAGS","ECR","standard","simple","logcor","-6.31996861408002"
"2447","7","4","JAGS","ECR","standard","simple","logcor","-4.90627527877201"
"2448","8","4","JAGS","ECR","standard","simple","logcor","-6.31996861408002"
"2449","9","4","JAGS","ECR","standard","simple","logcor","-7.13089883029635"
"2450","10","4","JAGS","ECR","standard","simple","logcor","-6.07484615604703"
"2451","11","4","JAGS","ECR","standard","simple","logcor","-4.0570487774784"
"2452","12","4","JAGS","ECR","standard","simple","logcor","-6.72543372218818"
"2453","13","4","JAGS","ECR","standard","simple","logcor","-6.4377516497364"
"2454","14","4","JAGS","ECR","standard","simple","logcor","-6.16581793425276"
"2455","15","4","JAGS","ECR","standard","simple","logcor","-4.59521985513492"
"2456","16","4","JAGS","ECR","standard","simple","logcor","-5.18498868124103"
"2457","17","4","JAGS","ECR","standard","simple","logcor","-6.90775527898214"
"2458","18","4","JAGS","ECR","standard","simple","logcor","-7.41858090274813"
"2459","19","4","JAGS","ECR","standard","simple","logcor","-6.72543372218818"
"2460","20","4","JAGS","ECR","standard","simple","logcor","-4.19970507787993"
"2461","1","5","JAGS","ECR","standard","simple","logcor","-6.90775527898214"
"2462","2","5","JAGS","ECR","standard","simple","logcor","-6.90775527898214"
"2463","3","5","JAGS","ECR","standard","simple","logcor","-5.91450350597185"
"2464","4","5","JAGS","ECR","standard","simple","logcor","-7.41858090274813"
"2465","5","5","JAGS","ECR","standard","simple","logcor","-6.50229017087397"
"2466","6","5","JAGS","ECR","standard","simple","logcor","-6.21460809842219"
"2467","7","5","JAGS","ECR","standard","simple","logcor","-5.62682143352007"
"2468","8","5","JAGS","ECR","standard","simple","logcor","-6.90775527898214"
"2469","9","5","JAGS","ECR","standard","simple","logcor","-6.26590139280974"
"2470","10","5","JAGS","ECR","standard","simple","logcor","-5.68397984736002"
"2471","11","5","JAGS","ECR","standard","simple","logcor","-6.4377516497364"
"2472","12","5","JAGS","ECR","standard","simple","logcor","-5.18498868124103"
"2473","13","5","JAGS","ECR","standard","simple","logcor","-7.82404601085629"
"2474","14","5","JAGS","ECR","standard","simple","logcor","-7.13089883029635"
"2475","15","5","JAGS","ECR","standard","simple","logcor","-5.9522438339547"
"2476","16","5","JAGS","ECR","standard","simple","logcor","-5.84304454198971"
"2477","17","5","JAGS","ECR","standard","simple","logcor","-7.41858090274813"
"2478","18","5","JAGS","ECR","standard","simple","logcor","-7.41858090274813"
"2479","19","5","JAGS","ECR","standard","simple","logcor","-7.13089883029635"
"2480","20","5","JAGS","ECR","standard","simple","logcor","-7.13089883029635"
"2481","1","6","JAGS","ECR","standard","simple","logcor","-8.51719319141624"
"2482","2","6","JAGS","ECR","standard","simple","logcor","-7.60090245954208"
"2483","3","6","JAGS","ECR","standard","simple","logcor","-6.57128304236092"
"2484","4","6","JAGS","ECR","standard","simple","logcor","-7.41858090274813"
"2485","5","6","JAGS","ECR","standard","simple","logcor","-8.51719319141624"
"2486","6","6","JAGS","ECR","standard","simple","logcor","-7.41858090274813"
"2487","7","6","JAGS","ECR","standard","simple","logcor","-2.68824757380603"
"2488","8","6","JAGS","ECR","standard","simple","logcor","-3.82126864215968"
"2489","9","6","JAGS","ECR","standard","simple","logcor","-8.51719319141624"
"2490","10","6","JAGS","ECR","standard","simple","logcor","-7.60090245954208"
"2491","11","6","JAGS","ECR","standard","simple","logcor","-6.90775527898214"
"2492","12","6","JAGS","ECR","standard","simple","logcor","-7.60090245954208"
"2493","13","6","JAGS","ECR","standard","simple","logcor","-6.81244509917781"
"2494","14","6","JAGS","ECR","standard","simple","logcor","-9.21034037197618"
"2495","15","6","JAGS","ECR","standard","simple","logcor","-9.21034037197618"
"2496","16","6","JAGS","ECR","standard","simple","logcor","-3.15825120305177"
"2497","17","6","JAGS","ECR","standard","simple","logcor","-4.16048436472665"
"2498","18","6","JAGS","ECR","standard","simple","logcor","-6.64539101451465"
"2499","19","6","JAGS","ECR","standard","simple","logcor","-7.82404601085629"
"2500","20","6","JAGS","ECR","standard","simple","logcor","-7.82404601085629"
"2501","1","2","STAN","ECR","standard","simple","logcor",NA
"2502","2","2","STAN","ECR","standard","simple","logcor",NA
"2503","3","2","STAN","ECR","standard","simple","logcor",NA
"2504","4","2","STAN","ECR","standard","simple","logcor",NA
"2505","5","2","STAN","ECR","standard","simple","logcor",NA
"2506","6","2","STAN","ECR","standard","simple","logcor",NA
"2507","7","2","STAN","ECR","standard","simple","logcor",NA
"2508","8","2","STAN","ECR","standard","simple","logcor",NA
"2509","9","2","STAN","ECR","standard","simple","logcor",NA
"2510","10","2","STAN","ECR","standard","simple","logcor",NA
"2511","11","2","STAN","ECR","standard","simple","logcor",NA
"2512","12","2","STAN","ECR","standard","simple","logcor",NA
"2513","13","2","STAN","ECR","standard","simple","logcor",NA
"2514","14","2","STAN","ECR","standard","simple","logcor",NA
"2515","15","2","STAN","ECR","standard","simple","logcor",NA
"2516","16","2","STAN","ECR","standard","simple","logcor",NA
"2517","17","2","STAN","ECR","standard","simple","logcor",NA
"2518","18","2","STAN","ECR","standard","simple","logcor",NA
"2519","19","2","STAN","ECR","standard","simple","logcor",NA
"2520","20","2","STAN","ECR","standard","simple","logcor",NA
"2521","1","3","STAN","ECR","standard","simple","logcor",NA
"2522","2","3","STAN","ECR","standard","simple","logcor",NA
"2523","3","3","STAN","ECR","standard","simple","logcor",NA
"2524","4","3","STAN","ECR","standard","simple","logcor",NA
"2525","5","3","STAN","ECR","standard","simple","logcor",NA
"2526","6","3","STAN","ECR","standard","simple","logcor",NA
"2527","7","3","STAN","ECR","standard","simple","logcor",NA
"2528","8","3","STAN","ECR","standard","simple","logcor",NA
"2529","9","3","STAN","ECR","standard","simple","logcor",NA
"2530","10","3","STAN","ECR","standard","simple","logcor",NA
"2531","11","3","STAN","ECR","standard","simple","logcor",NA
"2532","12","3","STAN","ECR","standard","simple","logcor",NA
"2533","13","3","STAN","ECR","standard","simple","logcor",NA
"2534","14","3","STAN","ECR","standard","simple","logcor",NA
"2535","15","3","STAN","ECR","standard","simple","logcor",NA
"2536","16","3","STAN","ECR","standard","simple","logcor",NA
"2537","17","3","STAN","ECR","standard","simple","logcor",NA
"2538","18","3","STAN","ECR","standard","simple","logcor",NA
"2539","19","3","STAN","ECR","standard","simple","logcor",NA
"2540","20","3","STAN","ECR","standard","simple","logcor",NA
"2541","1","4","STAN","ECR","standard","simple","logcor",NA
"2542","2","4","STAN","ECR","standard","simple","logcor",NA
"2543","3","4","STAN","ECR","standard","simple","logcor",NA
"2544","4","4","STAN","ECR","standard","simple","logcor",NA
"2545","5","4","STAN","ECR","standard","simple","logcor",NA
"2546","6","4","STAN","ECR","standard","simple","logcor",NA
"2547","7","4","STAN","ECR","standard","simple","logcor",NA
"2548","8","4","STAN","ECR","standard","simple","logcor",NA
"2549","9","4","STAN","ECR","standard","simple","logcor",NA
"2550","10","4","STAN","ECR","standard","simple","logcor",NA
"2551","11","4","STAN","ECR","standard","simple","logcor",NA
"2552","12","4","STAN","ECR","standard","simple","logcor",NA
"2553","13","4","STAN","ECR","standard","simple","logcor",NA
"2554","14","4","STAN","ECR","standard","simple","logcor",NA
"2555","15","4","STAN","ECR","standard","simple","logcor",NA
"2556","16","4","STAN","ECR","standard","simple","logcor",NA
"2557","17","4","STAN","ECR","standard","simple","logcor",NA
"2558","18","4","STAN","ECR","standard","simple","logcor",NA
"2559","19","4","STAN","ECR","standard","simple","logcor",NA
"2560","20","4","STAN","ECR","standard","simple","logcor",NA
"2561","1","5","STAN","ECR","standard","simple","logcor",NA
"2562","2","5","STAN","ECR","standard","simple","logcor",NA
"2563","3","5","STAN","ECR","standard","simple","logcor",NA
"2564","4","5","STAN","ECR","standard","simple","logcor",NA
"2565","5","5","STAN","ECR","standard","simple","logcor",NA
"2566","6","5","STAN","ECR","standard","simple","logcor",NA
"2567","7","5","STAN","ECR","standard","simple","logcor",NA
"2568","8","5","STAN","ECR","standard","simple","logcor",NA
"2569","9","5","STAN","ECR","standard","simple","logcor",NA
"2570","10","5","STAN","ECR","standard","simple","logcor",NA
"2571","11","5","STAN","ECR","standard","simple","logcor",NA
"2572","12","5","STAN","ECR","standard","simple","logcor",NA
"2573","13","5","STAN","ECR","standard","simple","logcor",NA
"2574","14","5","STAN","ECR","standard","simple","logcor",NA
"2575","15","5","STAN","ECR","standard","simple","logcor",NA
"2576","16","5","STAN","ECR","standard","simple","logcor",NA
"2577","17","5","STAN","ECR","standard","simple","logcor",NA
"2578","18","5","STAN","ECR","standard","simple","logcor",NA
"2579","19","5","STAN","ECR","standard","simple","logcor",NA
"2580","20","5","STAN","ECR","standard","simple","logcor",NA
"2581","1","6","STAN","ECR","standard","simple","logcor",NA
"2582","2","6","STAN","ECR","standard","simple","logcor",NA
"2583","3","6","STAN","ECR","standard","simple","logcor",NA
"2584","4","6","STAN","ECR","standard","simple","logcor",NA
"2585","5","6","STAN","ECR","standard","simple","logcor",NA
"2586","6","6","STAN","ECR","standard","simple","logcor",NA
"2587","7","6","STAN","ECR","standard","simple","logcor",NA
"2588","8","6","STAN","ECR","standard","simple","logcor",NA
"2589","9","6","STAN","ECR","standard","simple","logcor",NA
"2590","10","6","STAN","ECR","standard","simple","logcor",NA
"2591","11","6","STAN","ECR","standard","simple","logcor",NA
"2592","12","6","STAN","ECR","standard","simple","logcor",NA
"2593","13","6","STAN","ECR","standard","simple","logcor",NA
"2594","14","6","STAN","ECR","standard","simple","logcor",NA
"2595","15","6","STAN","ECR","standard","simple","logcor",NA
"2596","16","6","STAN","ECR","standard","simple","logcor",NA
"2597","17","6","STAN","ECR","standard","simple","logcor",NA
"2598","18","6","STAN","ECR","standard","simple","logcor",NA
"2599","19","6","STAN","ECR","standard","simple","logcor",NA
"2600","20","6","STAN","ECR","standard","simple","logcor",NA
"2601","1","2","JAGS","STEPHENS","standard","simple","logcor","-0.951658875711946"
"2602","2","2","JAGS","STEPHENS","standard","simple","logcor","-0.867024490571237"
"2603","3","2","JAGS","STEPHENS","standard","simple","logcor","-0.9824305343787"
"2604","4","2","JAGS","STEPHENS","standard","simple","logcor","-0.9405834244432"
"2605","5","2","JAGS","STEPHENS","standard","simple","logcor","-1.02582661894246"
"2606","6","2","JAGS","STEPHENS","standard","simple","logcor","-1.05497825164805"
"2607","7","2","JAGS","STEPHENS","standard","simple","logcor","-0.916040763118948"
"2608","8","2","JAGS","STEPHENS","standard","simple","logcor","-1.0241543777501"
"2609","9","2","JAGS","STEPHENS","standard","simple","logcor","-0.933691246554322"
"2610","10","2","JAGS","STEPHENS","standard","simple","logcor","-1.10473096967629"
"2611","11","2","JAGS","STEPHENS","standard","simple","logcor","-0.920800887352041"
"2612","12","2","JAGS","STEPHENS","standard","simple","logcor","-0.9068355731034"
"2613","13","2","JAGS","STEPHENS","standard","simple","logcor","-1.10987548094682"
"2614","14","2","JAGS","STEPHENS","standard","simple","logcor","-1.02666378935553"
"2615","15","2","JAGS","STEPHENS","standard","simple","logcor","-0.991014278070092"
"2616","16","2","JAGS","STEPHENS","standard","simple","logcor","-0.874908894095386"
"2617","17","2","JAGS","STEPHENS","standard","simple","logcor","-0.872752429859672"
"2618","18","2","JAGS","STEPHENS","standard","simple","logcor","-0.943148186044038"
"2619","19","2","JAGS","STEPHENS","standard","simple","logcor","-0.870600605957039"
"2620","20","2","JAGS","STEPHENS","standard","simple","logcor","-0.886489240637365"
"2621","1","3","JAGS","STEPHENS","standard","simple","logcor","-2.80016549001002"
"2622","2","3","JAGS","STEPHENS","standard","simple","logcor","-2.70905070143579"
"2623","3","3","JAGS","STEPHENS","standard","simple","logcor","-3.29144651770304"
"2624","4","3","JAGS","STEPHENS","standard","simple","logcor","-3.00175034587955"
"2625","5","3","JAGS","STEPHENS","standard","simple","logcor","-2.32278780031156"
"2626","6","3","JAGS","STEPHENS","standard","simple","logcor","-2.94694210938456"
"2627","7","3","JAGS","STEPHENS","standard","simple","logcor","-3.30770703857482"
"2628","8","3","JAGS","STEPHENS","standard","simple","logcor","-2.91507437053654"
"2629","9","3","JAGS","STEPHENS","standard","simple","logcor","-2.95075890791126"
"2630","10","3","JAGS","STEPHENS","standard","simple","logcor","-2.84731226843572"
"2631","11","3","JAGS","STEPHENS","standard","simple","logcor","-2.69562768110365"
"2632","12","3","JAGS","STEPHENS","standard","simple","logcor","-3.13040717688059"
"2633","13","3","JAGS","STEPHENS","standard","simple","logcor","-2.81507877386073"
"2634","14","3","JAGS","STEPHENS","standard","simple","logcor","-3.05548227795977"
"2635","15","3","JAGS","STEPHENS","standard","simple","logcor","-2.69414729593322"
"2636","16","3","JAGS","STEPHENS","standard","simple","logcor","-2.6023397466801"
"2637","17","3","JAGS","STEPHENS","standard","simple","logcor","-2.62416871712151"
"2638","18","3","JAGS","STEPHENS","standard","simple","logcor","-2.63247901425514"
"2639","19","3","JAGS","STEPHENS","standard","simple","logcor","-2.52074110279722"
"2640","20","3","JAGS","STEPHENS","standard","simple","logcor","-2.69562768110365"
"2641","1","4","JAGS","STEPHENS","standard","simple","logcor","-4.61522052184159"
"2642","2","4","JAGS","STEPHENS","standard","simple","logcor","-4.81589121730374"
"2643","3","4","JAGS","STEPHENS","standard","simple","logcor","-4.44816643717843"
"2644","4","4","JAGS","STEPHENS","standard","simple","logcor","-4.76768911548587"
"2645","5","4","JAGS","STEPHENS","standard","simple","logcor","-4.76768911548587"
"2646","6","4","JAGS","STEPHENS","standard","simple","logcor","-4.43965574751052"
"2647","7","4","JAGS","STEPHENS","standard","simple","logcor","-4.68855179492714"
"2648","8","4","JAGS","STEPHENS","standard","simple","logcor","-4.26869794936688"
"2649","9","4","JAGS","STEPHENS","standard","simple","logcor","-4.73300355749798"
"2650","10","4","JAGS","STEPHENS","standard","simple","logcor","-5.09946650780287"
"2651","11","4","JAGS","STEPHENS","standard","simple","logcor","-4.16691525505694"
"2652","12","4","JAGS","STEPHENS","standard","simple","logcor","-4.68855179492714"
"2653","13","4","JAGS","STEPHENS","standard","simple","logcor","-4.47414192358169"
"2654","14","4","JAGS","STEPHENS","standard","simple","logcor","-4.50986000618377"
"2655","15","4","JAGS","STEPHENS","standard","simple","logcor","-4.50081017066385"
"2656","16","4","JAGS","STEPHENS","standard","simple","logcor","-4.65646348037564"
"2657","17","4","JAGS","STEPHENS","standard","simple","logcor","-4.53751153751428"
"2658","18","4","JAGS","STEPHENS","standard","simple","logcor","-4.80362112471193"
"2659","19","4","JAGS","STEPHENS","standard","simple","logcor","-4.65646348037564"
"2660","20","4","JAGS","STEPHENS","standard","simple","logcor","-4.51899248974704"
"2661","1","5","JAGS","STEPHENS","standard","simple","logcor","-5.47267075369281"
"2662","2","5","JAGS","STEPHENS","standard","simple","logcor","-5.84304454198971"
"2663","3","5","JAGS","STEPHENS","standard","simple","logcor","-5.36019277026612"
"2664","4","5","JAGS","STEPHENS","standard","simple","logcor","-5.65499231048677"
"2665","5","5","JAGS","STEPHENS","standard","simple","logcor","-5.68397984736002"
"2666","6","5","JAGS","STEPHENS","standard","simple","logcor","-5.91450350597185"
"2667","7","5","JAGS","STEPHENS","standard","simple","logcor","-5.27851473925186"
"2668","8","5","JAGS","STEPHENS","standard","simple","logcor","-5.59942245933196"
"2669","9","5","JAGS","STEPHENS","standard","simple","logcor","-6.07484615604703"
"2670","10","5","JAGS","STEPHENS","standard","simple","logcor","-5.65499231048677"
"2671","11","5","JAGS","STEPHENS","standard","simple","logcor","-5.29831736654804"
"2672","12","5","JAGS","STEPHENS","standard","simple","logcor","-5.14989736142976"
"2673","13","5","JAGS","STEPHENS","standard","simple","logcor","-5.99146454710798"
"2674","14","5","JAGS","STEPHENS","standard","simple","logcor","-5.52146091786225"
"2675","15","5","JAGS","STEPHENS","standard","simple","logcor","-5.68397984736002"
"2676","16","5","JAGS","STEPHENS","standard","simple","logcor","-5.5727542122498"
"2677","17","5","JAGS","STEPHENS","standard","simple","logcor","-5.54677872584654"
"2678","18","5","JAGS","STEPHENS","standard","simple","logcor","-5.00564775258522"
"2679","19","5","JAGS","STEPHENS","standard","simple","logcor","-5.42615073805792"
"2680","20","5","JAGS","STEPHENS","standard","simple","logcor","-6.16581793425276"
"2681","1","6","JAGS","STEPHENS","standard","simple","logcor","-7.41858090274813"
"2682","2","6","JAGS","STEPHENS","standard","simple","logcor","-6.16581793425276"
"2683","3","6","JAGS","STEPHENS","standard","simple","logcor","-6.4377516497364"
"2684","4","6","JAGS","STEPHENS","standard","simple","logcor","-7.60090245954208"
"2685","5","6","JAGS","STEPHENS","standard","simple","logcor","-5.59942245933196"
"2686","6","6","JAGS","STEPHENS","standard","simple","logcor","-6.90775527898214"
"2687","7","6","JAGS","STEPHENS","standard","simple","logcor","-6.50229017087397"
"2688","8","6","JAGS","STEPHENS","standard","simple","logcor","-6.64539101451465"
"2689","9","6","JAGS","STEPHENS","standard","simple","logcor","-6.57128304236092"
"2690","10","6","JAGS","STEPHENS","standard","simple","logcor","-7.13089883029635"
"2691","11","6","JAGS","STEPHENS","standard","simple","logcor","-6.50229017087397"
"2692","12","6","JAGS","STEPHENS","standard","simple","logcor","-6.21460809842219"
"2693","13","6","JAGS","STEPHENS","standard","simple","logcor","-6.64539101451465"
"2694","14","6","JAGS","STEPHENS","standard","simple","logcor","-6.26590139280974"
"2695","15","6","JAGS","STEPHENS","standard","simple","logcor","-6.64539101451465"
"2696","16","6","JAGS","STEPHENS","standard","simple","logcor","-6.90775527898214"
"2697","17","6","JAGS","STEPHENS","standard","simple","logcor","-6.50229017087397"
"2698","18","6","JAGS","STEPHENS","standard","simple","logcor","-6.81244509917781"
"2699","19","6","JAGS","STEPHENS","standard","simple","logcor","-7.26443022292087"
"2700","20","6","JAGS","STEPHENS","standard","simple","logcor","-6.57128304236092"
"2701","1","2","STAN","STEPHENS","standard","simple","logcor","-0.897959775189432"
"2702","2","2","STAN","STEPHENS","standard","simple","logcor","-0.949330585952355"
"2703","3","2","STAN","STEPHENS","standard","simple","logcor","-0.951399908987723"
"2704","4","2","STAN","STEPHENS","standard","simple","logcor","-1.09511839941385"
"2705","5","2","STAN","STEPHENS","standard","simple","logcor","-1.00922872753342"
"2706","6","2","STAN","STEPHENS","standard","simple","logcor","-1.00048789067491"
"2707","7","2","STAN","STEPHENS","standard","simple","logcor","-1.01335244471729"
"2708","8","2","STAN","STEPHENS","standard","simple","logcor","-1.048109306495"
"2709","9","2","STAN","STEPHENS","standard","simple","logcor","-0.96443110720209"
"2710","10","2","STAN","STEPHENS","standard","simple","logcor","-0.926846245813672"
"2711","11","2","STAN","STEPHENS","standard","simple","logcor","-1.01252633975498"
"2712","12","2","STAN","STEPHENS","standard","simple","logcor","-0.947007704536216"
"2713","13","2","STAN","STEPHENS","standard","simple","logcor","-0.980562621894295"
"2714","14","2","STAN","STEPHENS","standard","simple","logcor","-0.928110308679497"
"2715","15","2","STAN","STEPHENS","standard","simple","logcor","-0.952177010438564"
"2716","16","2","STAN","STEPHENS","standard","simple","logcor","-0.997771973742038"
"2717","17","2","STAN","STEPHENS","standard","simple","logcor","-1.02694300197775"
"2718","18","2","STAN","STEPHENS","standard","simple","logcor","-1.01087617436402"
"2719","19","2","STAN","STEPHENS","standard","simple","logcor","-1.01555873353282"
"2720","20","2","STAN","STEPHENS","standard","simple","logcor","-1.07323698233688"
"2721","1","3","STAN","STEPHENS","standard","simple","logcor","-2.90042209374967"
"2722","2","3","STAN","STEPHENS","standard","simple","logcor","-3.41428262121081"
"2723","3","3","STAN","STEPHENS","standard","simple","logcor","-2.78385191451849"
"2724","4","3","STAN","STEPHENS","standard","simple","logcor","-2.96811710652102"
"2725","5","3","STAN","STEPHENS","standard","simple","logcor","-3.29413830936875"
"2726","6","3","STAN","STEPHENS","standard","simple","logcor","-2.85597033117883"
"2727","7","3","STAN","STEPHENS","standard","simple","logcor","-2.95075890791126"
"2728","8","3","STAN","STEPHENS","standard","simple","logcor","-2.99974029495153"
"2729","9","3","STAN","STEPHENS","standard","simple","logcor","-3.03863977456527"
"2730","10","3","STAN","STEPHENS","standard","simple","logcor","-3.04492251774476"
"2731","11","3","STAN","STEPHENS","standard","simple","logcor","-2.81008292666736"
"2732","12","3","STAN","STEPHENS","standard","simple","logcor","-3.00578260940749"
"2733","13","3","STAN","STEPHENS","standard","simple","logcor","-3.04072963948473"
"2734","14","3","STAN","STEPHENS","standard","simple","logcor","-3.38139475436598"
"2735","15","3","STAN","STEPHENS","standard","simple","logcor","-3.07477548089444"
"2736","16","3","STAN","STEPHENS","standard","simple","logcor","-2.92434227746732"
"2737","17","3","STAN","STEPHENS","standard","simple","logcor","-2.94694210938456"
"2738","18","3","STAN","STEPHENS","standard","simple","logcor","-3.00780485478826"
"2739","19","3","STAN","STEPHENS","standard","simple","logcor","-2.94884868765514"
"2740","20","3","STAN","STEPHENS","standard","simple","logcor","-3.03863977456527"
"2741","1","4","STAN","STEPHENS","standard","simple","logcor","-4.7444322533216"
"2742","2","4","STAN","STEPHENS","standard","simple","logcor","-4.21312809821207"
"2743","3","4","STAN","STEPHENS","standard","simple","logcor","-4.49184150068109"
"2744","4","4","STAN","STEPHENS","standard","simple","logcor","-4.52820914485196"
"2745","5","4","STAN","STEPHENS","standard","simple","logcor","-4.77952357313287"
"2746","6","4","STAN","STEPHENS","standard","simple","logcor","-4.61522052184159"
"2747","7","4","STAN","STEPHENS","standard","simple","logcor","-4.44816643717843"
"2748","8","4","STAN","STEPHENS","standard","simple","logcor","-4.3740584650247"
"2749","9","4","STAN","STEPHENS","standard","simple","logcor","-4.71053070164592"
"2750","10","4","STAN","STEPHENS","standard","simple","logcor","-4.66704558970618"
"2751","11","4","STAN","STEPHENS","standard","simple","logcor","-4.94766049493487"
"2752","12","4","STAN","STEPHENS","standard","simple","logcor","-4.71053070164592"
"2753","13","4","STAN","STEPHENS","standard","simple","logcor","-4.76768911548587"
"2754","14","4","STAN","STEPHENS","standard","simple","logcor","-4.53751153751428"
"2755","15","4","STAN","STEPHENS","standard","simple","logcor","-4.79149976417958"
"2756","16","4","STAN","STEPHENS","standard","simple","logcor","-4.77952357313287"
"2757","17","4","STAN","STEPHENS","standard","simple","logcor","-4.3740584650247"
"2758","18","4","STAN","STEPHENS","standard","simple","logcor","-4.48295255326384"
"2759","19","4","STAN","STEPHENS","standard","simple","logcor","-4.8283137373023"
"2760","20","4","STAN","STEPHENS","standard","simple","logcor","-4.81589121730374"
"2761","1","5","STAN","STEPHENS","standard","simple","logcor","-5.54677872584654"
"2762","2","5","STAN","STEPHENS","standard","simple","logcor","-6.03228654162824"
"2763","3","5","STAN","STEPHENS","standard","simple","logcor","-5.40367788220586"
"2764","4","5","STAN","STEPHENS","standard","simple","logcor","-5.02068562994976"
"2765","5","5","STAN","STEPHENS","standard","simple","logcor","-5.54677872584654"
"2766","6","5","STAN","STEPHENS","standard","simple","logcor","-5.54677872584654"
"2767","7","5","STAN","STEPHENS","standard","simple","logcor","-6.11929791861787"
"2768","8","5","STAN","STEPHENS","standard","simple","logcor","-5.24004845842406"
"2769","9","5","STAN","STEPHENS","standard","simple","logcor","-5.40367788220586"
"2770","10","5","STAN","STEPHENS","standard","simple","logcor","-5.80914299031403"
"2771","11","5","STAN","STEPHENS","standard","simple","logcor","-5.18498868124103"
"2772","12","5","STAN","STEPHENS","standard","simple","logcor","-5.91450350597185"
"2773","13","5","STAN","STEPHENS","standard","simple","logcor","-5.27851473925186"
"2774","14","5","STAN","STEPHENS","standard","simple","logcor","-5.52146091786225"
"2775","15","5","STAN","STEPHENS","standard","simple","logcor","-5.68397984736002"
"2776","16","5","STAN","STEPHENS","standard","simple","logcor","-5.29831736654804"
"2777","17","5","STAN","STEPHENS","standard","simple","logcor","-5.47267075369281"
"2778","18","5","STAN","STEPHENS","standard","simple","logcor","-5.44914025628262"
"2779","19","5","STAN","STEPHENS","standard","simple","logcor","-5.49676830527187"
"2780","20","5","STAN","STEPHENS","standard","simple","logcor","-5.77635316749104"
"2781","1","6","STAN","STEPHENS","standard","simple","logcor","-5.80914299031403"
"2782","2","6","STAN","STEPHENS","standard","simple","logcor","-6.07484615604703"
"2783","3","6","STAN","STEPHENS","standard","simple","logcor","-5.84304454198971"
"2784","4","6","STAN","STEPHENS","standard","simple","logcor","-6.50229017087397"
"2785","5","6","STAN","STEPHENS","standard","simple","logcor","-6.21460809842219"
"2786","6","6","STAN","STEPHENS","standard","simple","logcor","-6.72543372218818"
"2787","7","6","STAN","STEPHENS","standard","simple","logcor","-6.81244509917781"
"2788","8","6","STAN","STEPHENS","standard","simple","logcor","-5.80914299031403"
"2789","9","6","STAN","STEPHENS","standard","simple","logcor","-7.01311579463996"
"2790","10","6","STAN","STEPHENS","standard","simple","logcor","-5.59942245933196"
"2791","11","6","STAN","STEPHENS","standard","simple","logcor","-5.91450350597185"
"2792","12","6","STAN","STEPHENS","standard","simple","logcor","-7.01311579463996"
"2793","13","6","STAN","STEPHENS","standard","simple","logcor","-7.13089883029635"
"2794","14","6","STAN","STEPHENS","standard","simple","logcor","-6.4377516497364"
"2795","15","6","STAN","STEPHENS","standard","simple","logcor","-5.99146454710798"
"2796","16","6","STAN","STEPHENS","standard","simple","logcor","-6.72543372218818"
"2797","17","6","STAN","STEPHENS","standard","simple","logcor","-6.72543372218818"
"2798","18","6","STAN","STEPHENS","standard","simple","logcor","-7.13089883029635"
"2799","19","6","STAN","STEPHENS","standard","simple","logcor","-6.90775527898214"
"2800","20","6","STAN","STEPHENS","standard","simple","logcor","-6.21460809842219"
"2801","1","2","JAGS","ECR","standard","permutations","logcor","-0.951658875711946"
"2802","2","2","JAGS","ECR","standard","permutations","logcor","-0.867024490571237"
"2803","3","2","JAGS","ECR","standard","permutations","logcor","-0.9824305343787"
"2804","4","2","JAGS","ECR","standard","permutations","logcor","-0.9405834244432"
"2805","5","2","JAGS","ECR","standard","permutations","logcor","-1.02582661894246"
"2806","6","2","JAGS","ECR","standard","permutations","logcor","-1.05497825164805"
"2807","7","2","JAGS","ECR","standard","permutations","logcor","-0.916040763118948"
"2808","8","2","JAGS","ECR","standard","permutations","logcor","-1.0241543777501"
"2809","9","2","JAGS","ECR","standard","permutations","logcor","-0.933691246554322"
"2810","10","2","JAGS","ECR","standard","permutations","logcor","-1.10473096967629"
"2811","11","2","JAGS","ECR","standard","permutations","logcor","-0.920800887352041"
"2812","12","2","JAGS","ECR","standard","permutations","logcor","-0.9068355731034"
"2813","13","2","JAGS","ECR","standard","permutations","logcor","-1.10987548094682"
"2814","14","2","JAGS","ECR","standard","permutations","logcor","-1.02666378935553"
"2815","15","2","JAGS","ECR","standard","permutations","logcor","-0.991014278070092"
"2816","16","2","JAGS","ECR","standard","permutations","logcor","-0.874908894095386"
"2817","17","2","JAGS","ECR","standard","permutations","logcor","-0.872752429859672"
"2818","18","2","JAGS","ECR","standard","permutations","logcor","-0.943148186044038"
"2819","19","2","JAGS","ECR","standard","permutations","logcor","-0.870600605957039"
"2820","20","2","JAGS","ECR","standard","permutations","logcor","-0.886489240637365"
"2821","1","3","JAGS","ECR","standard","permutations","logcor","-2.84558961512427"
"2822","2","3","JAGS","ECR","standard","permutations","logcor","-2.72570513634093"
"2823","3","3","JAGS","ECR","standard","permutations","logcor","-3.15590102570681"
"2824","4","3","JAGS","ECR","standard","permutations","logcor","-3.12356564506388"
"2825","5","3","JAGS","ECR","standard","permutations","logcor","-2.40683511436785"
"2826","6","3","JAGS","ECR","standard","permutations","logcor","-3.09444824649315"
"2827","7","3","JAGS","ECR","standard","permutations","logcor","-3.44514926919134"
"2828","8","3","JAGS","ECR","standard","permutations","logcor","-2.96423360649462"
"2829","9","3","JAGS","ECR","standard","permutations","logcor","-3.04702556794154"
"2830","10","3","JAGS","ECR","standard","permutations","logcor","-2.99373427089132"
"2831","11","3","JAGS","ECR","standard","permutations","logcor","-2.81674961802555"
"2832","12","3","JAGS","ECR","standard","permutations","logcor","-3.07911388249304"
"2833","13","3","JAGS","ECR","standard","permutations","logcor","-2.85076650330381"
"2834","14","3","JAGS","ECR","standard","permutations","logcor","-3.12129549652934"
"2835","15","3","JAGS","ECR","standard","permutations","logcor","-2.83872852474433"
"2836","16","3","JAGS","ECR","standard","permutations","logcor","-2.63666020501554"
"2837","17","3","JAGS","ECR","standard","permutations","logcor","-2.68971924441749"
"2838","18","3","JAGS","ECR","standard","permutations","logcor","-2.69859504233145"
"2839","19","3","JAGS","ECR","standard","permutations","logcor","-2.57308234069173"
"2840","20","3","JAGS","ECR","standard","permutations","logcor","-2.70605219843954"
"2841","1","4","JAGS","ECR","standard","permutations","logcor","-6.11929791861787"
"2842","2","4","JAGS","ECR","standard","permutations","logcor","-6.57128304236092"
"2843","3","4","JAGS","ECR","standard","permutations","logcor","-5.33913936106829"
"2844","4","4","JAGS","ECR","standard","permutations","logcor","-7.26443022292087"
"2845","5","4","JAGS","ECR","standard","permutations","logcor","-5.59942245933196"
"2846","6","4","JAGS","ECR","standard","permutations","logcor","-6.31996861408002"
"2847","7","4","JAGS","ECR","standard","permutations","logcor","-4.90627527877201"
"2848","8","4","JAGS","ECR","standard","permutations","logcor","-6.31996861408002"
"2849","9","4","JAGS","ECR","standard","permutations","logcor","-7.13089883029635"
"2850","10","4","JAGS","ECR","standard","permutations","logcor","-6.07484615604703"
"2851","11","4","JAGS","ECR","standard","permutations","logcor","-4.0570487774784"
"2852","12","4","JAGS","ECR","standard","permutations","logcor","-6.72543372218818"
"2853","13","4","JAGS","ECR","standard","permutations","logcor","-6.4377516497364"
"2854","14","4","JAGS","ECR","standard","permutations","logcor","-6.16581793425276"
"2855","15","4","JAGS","ECR","standard","permutations","logcor","-4.59521985513492"
"2856","16","4","JAGS","ECR","standard","permutations","logcor","-5.18498868124103"
"2857","17","4","JAGS","ECR","standard","permutations","logcor","-6.90775527898214"
"2858","18","4","JAGS","ECR","standard","permutations","logcor","-7.41858090274813"
"2859","19","4","JAGS","ECR","standard","permutations","logcor","-6.72543372218818"
"2860","20","4","JAGS","ECR","standard","permutations","logcor","-4.17990245058375"
"2861","1","5","JAGS","ECR","standard","permutations","logcor","-6.90775527898214"
"2862","2","5","JAGS","ECR","standard","permutations","logcor","-6.90775527898214"
"2863","3","5","JAGS","ECR","standard","permutations","logcor","-5.91450350597185"
"2864","4","5","JAGS","ECR","standard","permutations","logcor","-7.41858090274813"
"2865","5","5","JAGS","ECR","standard","permutations","logcor","-6.50229017087397"
"2866","6","5","JAGS","ECR","standard","permutations","logcor","-6.21460809842219"
"2867","7","5","JAGS","ECR","standard","permutations","logcor","-5.62682143352007"
"2868","8","5","JAGS","ECR","standard","permutations","logcor","-6.90775527898214"
"2869","9","5","JAGS","ECR","standard","permutations","logcor","-6.26590139280974"
"2870","10","5","JAGS","ECR","standard","permutations","logcor","-5.68397984736002"
"2871","11","5","JAGS","ECR","standard","permutations","logcor","-6.4377516497364"
"2872","12","5","JAGS","ECR","standard","permutations","logcor","-5.18498868124103"
"2873","13","5","JAGS","ECR","standard","permutations","logcor","-7.82404601085629"
"2874","14","5","JAGS","ECR","standard","permutations","logcor","-7.13089883029635"
"2875","15","5","JAGS","ECR","standard","permutations","logcor","-5.9522438339547"
"2876","16","5","JAGS","ECR","standard","permutations","logcor","-5.84304454198971"
"2877","17","5","JAGS","ECR","standard","permutations","logcor","-7.41858090274813"
"2878","18","5","JAGS","ECR","standard","permutations","logcor","-7.41858090274813"
"2879","19","5","JAGS","ECR","standard","permutations","logcor","-7.13089883029635"
"2880","20","5","JAGS","ECR","standard","permutations","logcor","-7.13089883029635"
"2881","1","6","JAGS","ECR","standard","permutations","logcor","-8.51719319141624"
"2882","2","6","JAGS","ECR","standard","permutations","logcor","-7.60090245954208"
"2883","3","6","JAGS","ECR","standard","permutations","logcor","-6.57128304236092"
"2884","4","6","JAGS","ECR","standard","permutations","logcor","-7.41858090274813"
"2885","5","6","JAGS","ECR","standard","permutations","logcor","-8.51719319141624"
"2886","6","6","JAGS","ECR","standard","permutations","logcor","-7.41858090274813"
"2887","7","6","JAGS","ECR","standard","permutations","logcor","-2.72876324269975"
"2888","8","6","JAGS","ECR","standard","permutations","logcor","-3.76792266145439"
"2889","9","6","JAGS","ECR","standard","permutations","logcor","-8.51719319141624"
"2890","10","6","JAGS","ECR","standard","permutations","logcor","-7.60090245954208"
"2891","11","6","JAGS","ECR","standard","permutations","logcor","-6.90775527898214"
"2892","12","6","JAGS","ECR","standard","permutations","logcor","-7.60090245954208"
"2893","13","6","JAGS","ECR","standard","permutations","logcor","-6.81244509917781"
"2894","14","6","JAGS","ECR","standard","permutations","logcor","-9.21034037197618"
"2895","15","6","JAGS","ECR","standard","permutations","logcor","-9.21034037197618"
"2896","16","6","JAGS","ECR","standard","permutations","logcor","-3.15825120305177"
"2897","17","6","JAGS","ECR","standard","permutations","logcor","-4.17990245058375"
"2898","18","6","JAGS","ECR","standard","permutations","logcor","-6.64539101451465"
"2899","19","6","JAGS","ECR","standard","permutations","logcor","-7.82404601085629"
"2900","20","6","JAGS","ECR","standard","permutations","logcor","-7.82404601085629"
"2901","1","2","STAN","ECR","standard","permutations","logcor",NA
"2902","2","2","STAN","ECR","standard","permutations","logcor",NA
"2903","3","2","STAN","ECR","standard","permutations","logcor",NA
"2904","4","2","STAN","ECR","standard","permutations","logcor",NA
"2905","5","2","STAN","ECR","standard","permutations","logcor",NA
"2906","6","2","STAN","ECR","standard","permutations","logcor",NA
"2907","7","2","STAN","ECR","standard","permutations","logcor",NA
"2908","8","2","STAN","ECR","standard","permutations","logcor",NA
"2909","9","2","STAN","ECR","standard","permutations","logcor",NA
"2910","10","2","STAN","ECR","standard","permutations","logcor",NA
"2911","11","2","STAN","ECR","standard","permutations","logcor",NA
"2912","12","2","STAN","ECR","standard","permutations","logcor",NA
"2913","13","2","STAN","ECR","standard","permutations","logcor",NA
"2914","14","2","STAN","ECR","standard","permutations","logcor",NA
"2915","15","2","STAN","ECR","standard","permutations","logcor",NA
"2916","16","2","STAN","ECR","standard","permutations","logcor",NA
"2917","17","2","STAN","ECR","standard","permutations","logcor",NA
"2918","18","2","STAN","ECR","standard","permutations","logcor",NA
"2919","19","2","STAN","ECR","standard","permutations","logcor",NA
"2920","20","2","STAN","ECR","standard","permutations","logcor",NA
"2921","1","3","STAN","ECR","standard","permutations","logcor",NA
"2922","2","3","STAN","ECR","standard","permutations","logcor",NA
"2923","3","3","STAN","ECR","standard","permutations","logcor",NA
"2924","4","3","STAN","ECR","standard","permutations","logcor",NA
"2925","5","3","STAN","ECR","standard","permutations","logcor",NA
"2926","6","3","STAN","ECR","standard","permutations","logcor",NA
"2927","7","3","STAN","ECR","standard","permutations","logcor",NA
"2928","8","3","STAN","ECR","standard","permutations","logcor",NA
"2929","9","3","STAN","ECR","standard","permutations","logcor",NA
"2930","10","3","STAN","ECR","standard","permutations","logcor",NA
"2931","11","3","STAN","ECR","standard","permutations","logcor",NA
"2932","12","3","STAN","ECR","standard","permutations","logcor",NA
"2933","13","3","STAN","ECR","standard","permutations","logcor",NA
"2934","14","3","STAN","ECR","standard","permutations","logcor",NA
"2935","15","3","STAN","ECR","standard","permutations","logcor",NA
"2936","16","3","STAN","ECR","standard","permutations","logcor",NA
"2937","17","3","STAN","ECR","standard","permutations","logcor",NA
"2938","18","3","STAN","ECR","standard","permutations","logcor",NA
"2939","19","3","STAN","ECR","standard","permutations","logcor",NA
"2940","20","3","STAN","ECR","standard","permutations","logcor",NA
"2941","1","4","STAN","ECR","standard","permutations","logcor",NA
"2942","2","4","STAN","ECR","standard","permutations","logcor",NA
"2943","3","4","STAN","ECR","standard","permutations","logcor",NA
"2944","4","4","STAN","ECR","standard","permutations","logcor",NA
"2945","5","4","STAN","ECR","standard","permutations","logcor",NA
"2946","6","4","STAN","ECR","standard","permutations","logcor",NA
"2947","7","4","STAN","ECR","standard","permutations","logcor",NA
"2948","8","4","STAN","ECR","standard","permutations","logcor",NA
"2949","9","4","STAN","ECR","standard","permutations","logcor",NA
"2950","10","4","STAN","ECR","standard","permutations","logcor",NA
"2951","11","4","STAN","ECR","standard","permutations","logcor",NA
"2952","12","4","STAN","ECR","standard","permutations","logcor",NA
"2953","13","4","STAN","ECR","standard","permutations","logcor",NA
"2954","14","4","STAN","ECR","standard","permutations","logcor",NA
"2955","15","4","STAN","ECR","standard","permutations","logcor",NA
"2956","16","4","STAN","ECR","standard","permutations","logcor",NA
"2957","17","4","STAN","ECR","standard","permutations","logcor",NA
"2958","18","4","STAN","ECR","standard","permutations","logcor",NA
"2959","19","4","STAN","ECR","standard","permutations","logcor",NA
"2960","20","4","STAN","ECR","standard","permutations","logcor",NA
"2961","1","5","STAN","ECR","standard","permutations","logcor",NA
"2962","2","5","STAN","ECR","standard","permutations","logcor",NA
"2963","3","5","STAN","ECR","standard","permutations","logcor",NA
"2964","4","5","STAN","ECR","standard","permutations","logcor",NA
"2965","5","5","STAN","ECR","standard","permutations","logcor",NA
"2966","6","5","STAN","ECR","standard","permutations","logcor",NA
"2967","7","5","STAN","ECR","standard","permutations","logcor",NA
"2968","8","5","STAN","ECR","standard","permutations","logcor",NA
"2969","9","5","STAN","ECR","standard","permutations","logcor",NA
"2970","10","5","STAN","ECR","standard","permutations","logcor",NA
"2971","11","5","STAN","ECR","standard","permutations","logcor",NA
"2972","12","5","STAN","ECR","standard","permutations","logcor",NA
"2973","13","5","STAN","ECR","standard","permutations","logcor",NA
"2974","14","5","STAN","ECR","standard","permutations","logcor",NA
"2975","15","5","STAN","ECR","standard","permutations","logcor",NA
"2976","16","5","STAN","ECR","standard","permutations","logcor",NA
"2977","17","5","STAN","ECR","standard","permutations","logcor",NA
"2978","18","5","STAN","ECR","standard","permutations","logcor",NA
"2979","19","5","STAN","ECR","standard","permutations","logcor",NA
"2980","20","5","STAN","ECR","standard","permutations","logcor",NA
"2981","1","6","STAN","ECR","standard","permutations","logcor",NA
"2982","2","6","STAN","ECR","standard","permutations","logcor",NA
"2983","3","6","STAN","ECR","standard","permutations","logcor",NA
"2984","4","6","STAN","ECR","standard","permutations","logcor",NA
"2985","5","6","STAN","ECR","standard","permutations","logcor",NA
"2986","6","6","STAN","ECR","standard","permutations","logcor",NA
"2987","7","6","STAN","ECR","standard","permutations","logcor",NA
"2988","8","6","STAN","ECR","standard","permutations","logcor",NA
"2989","9","6","STAN","ECR","standard","permutations","logcor",NA
"2990","10","6","STAN","ECR","standard","permutations","logcor",NA
"2991","11","6","STAN","ECR","standard","permutations","logcor",NA
"2992","12","6","STAN","ECR","standard","permutations","logcor",NA
"2993","13","6","STAN","ECR","standard","permutations","logcor",NA
"2994","14","6","STAN","ECR","standard","permutations","logcor",NA
"2995","15","6","STAN","ECR","standard","permutations","logcor",NA
"2996","16","6","STAN","ECR","standard","permutations","logcor",NA
"2997","17","6","STAN","ECR","standard","permutations","logcor",NA
"2998","18","6","STAN","ECR","standard","permutations","logcor",NA
"2999","19","6","STAN","ECR","standard","permutations","logcor",NA
"3000","20","6","STAN","ECR","standard","permutations","logcor",NA
"3001","1","2","JAGS","STEPHENS","standard","permutations","logcor","-0.951658875711946"
"3002","2","2","JAGS","STEPHENS","standard","permutations","logcor","-0.867024490571237"
"3003","3","2","JAGS","STEPHENS","standard","permutations","logcor","-0.9824305343787"
"3004","4","2","JAGS","STEPHENS","standard","permutations","logcor","-0.9405834244432"
"3005","5","2","JAGS","STEPHENS","standard","permutations","logcor","-1.02582661894246"
"3006","6","2","JAGS","STEPHENS","standard","permutations","logcor","-1.05497825164805"
"3007","7","2","JAGS","STEPHENS","standard","permutations","logcor","-0.916040763118948"
"3008","8","2","JAGS","STEPHENS","standard","permutations","logcor","-1.0241543777501"
"3009","9","2","JAGS","STEPHENS","standard","permutations","logcor","-0.933691246554322"
"3010","10","2","JAGS","STEPHENS","standard","permutations","logcor","-1.10473096967629"
"3011","11","2","JAGS","STEPHENS","standard","permutations","logcor","-0.920800887352041"
"3012","12","2","JAGS","STEPHENS","standard","permutations","logcor","-0.9068355731034"
"3013","13","2","JAGS","STEPHENS","standard","permutations","logcor","-1.10987548094682"
"3014","14","2","JAGS","STEPHENS","standard","permutations","logcor","-1.02666378935553"
"3015","15","2","JAGS","STEPHENS","standard","permutations","logcor","-0.991014278070092"
"3016","16","2","JAGS","STEPHENS","standard","permutations","logcor","-0.874908894095386"
"3017","17","2","JAGS","STEPHENS","standard","permutations","logcor","-0.872752429859672"
"3018","18","2","JAGS","STEPHENS","standard","permutations","logcor","-0.943148186044038"
"3019","19","2","JAGS","STEPHENS","standard","permutations","logcor","-0.870600605957039"
"3020","20","2","JAGS","STEPHENS","standard","permutations","logcor","-0.886489240637365"
"3021","1","3","JAGS","STEPHENS","standard","permutations","logcor","-2.80016549001002"
"3022","2","3","JAGS","STEPHENS","standard","permutations","logcor","-2.70905070143579"
"3023","3","3","JAGS","STEPHENS","standard","permutations","logcor","-3.29144651770304"
"3024","4","3","JAGS","STEPHENS","standard","permutations","logcor","-3.00175034587955"
"3025","5","3","JAGS","STEPHENS","standard","permutations","logcor","-2.32278780031156"
"3026","6","3","JAGS","STEPHENS","standard","permutations","logcor","-2.94694210938456"
"3027","7","3","JAGS","STEPHENS","standard","permutations","logcor","-3.30770703857482"
"3028","8","3","JAGS","STEPHENS","standard","permutations","logcor","-2.91507437053654"
"3029","9","3","JAGS","STEPHENS","standard","permutations","logcor","-2.95075890791126"
"3030","10","3","JAGS","STEPHENS","standard","permutations","logcor","-2.84731226843572"
"3031","11","3","JAGS","STEPHENS","standard","permutations","logcor","-2.69562768110365"
"3032","12","3","JAGS","STEPHENS","standard","permutations","logcor","-3.13040717688059"
"3033","13","3","JAGS","STEPHENS","standard","permutations","logcor","-2.81507877386073"
"3034","14","3","JAGS","STEPHENS","standard","permutations","logcor","-3.05548227795977"
"3035","15","3","JAGS","STEPHENS","standard","permutations","logcor","-2.69414729593322"
"3036","16","3","JAGS","STEPHENS","standard","permutations","logcor","-2.6023397466801"
"3037","17","3","JAGS","STEPHENS","standard","permutations","logcor","-2.62416871712151"
"3038","18","3","JAGS","STEPHENS","standard","permutations","logcor","-2.63247901425514"
"3039","19","3","JAGS","STEPHENS","standard","permutations","logcor","-2.52074110279722"
"3040","20","3","JAGS","STEPHENS","standard","permutations","logcor","-2.69562768110365"
"3041","1","4","JAGS","STEPHENS","standard","permutations","logcor","-4.61522052184159"
"3042","2","4","JAGS","STEPHENS","standard","permutations","logcor","-4.81589121730374"
"3043","3","4","JAGS","STEPHENS","standard","permutations","logcor","-4.44816643717843"
"3044","4","4","JAGS","STEPHENS","standard","permutations","logcor","-4.76768911548587"
"3045","5","4","JAGS","STEPHENS","standard","permutations","logcor","-4.76768911548587"
"3046","6","4","JAGS","STEPHENS","standard","permutations","logcor","-4.43965574751052"
"3047","7","4","JAGS","STEPHENS","standard","permutations","logcor","-4.68855179492714"
"3048","8","4","JAGS","STEPHENS","standard","permutations","logcor","-4.26869794936688"
"3049","9","4","JAGS","STEPHENS","standard","permutations","logcor","-4.73300355749798"
"3050","10","4","JAGS","STEPHENS","standard","permutations","logcor","-5.09946650780287"
"3051","11","4","JAGS","STEPHENS","standard","permutations","logcor","-4.16691525505694"
"3052","12","4","JAGS","STEPHENS","standard","permutations","logcor","-4.68855179492714"
"3053","13","4","JAGS","STEPHENS","standard","permutations","logcor","-4.47414192358169"
"3054","14","4","JAGS","STEPHENS","standard","permutations","logcor","-4.50986000618377"
"3055","15","4","JAGS","STEPHENS","standard","permutations","logcor","-4.50081017066385"
"3056","16","4","JAGS","STEPHENS","standard","permutations","logcor","-4.65646348037564"
"3057","17","4","JAGS","STEPHENS","standard","permutations","logcor","-4.53751153751428"
"3058","18","4","JAGS","STEPHENS","standard","permutations","logcor","-4.80362112471193"
"3059","19","4","JAGS","STEPHENS","standard","permutations","logcor","-4.65646348037564"
"3060","20","4","JAGS","STEPHENS","standard","permutations","logcor","-4.51899248974704"
"3061","1","5","JAGS","STEPHENS","standard","permutations","logcor","-5.47267075369281"
"3062","2","5","JAGS","STEPHENS","standard","permutations","logcor","-5.84304454198971"
"3063","3","5","JAGS","STEPHENS","standard","permutations","logcor","-5.36019277026612"
"3064","4","5","JAGS","STEPHENS","standard","permutations","logcor","-5.65499231048677"
"3065","5","5","JAGS","STEPHENS","standard","permutations","logcor","-5.68397984736002"
"3066","6","5","JAGS","STEPHENS","standard","permutations","logcor","-5.91450350597185"
"3067","7","5","JAGS","STEPHENS","standard","permutations","logcor","-5.27851473925186"
"3068","8","5","JAGS","STEPHENS","standard","permutations","logcor","-5.59942245933196"
"3069","9","5","JAGS","STEPHENS","standard","permutations","logcor","-6.07484615604703"
"3070","10","5","JAGS","STEPHENS","standard","permutations","logcor","-5.65499231048677"
"3071","11","5","JAGS","STEPHENS","standard","permutations","logcor","-5.29831736654804"
"3072","12","5","JAGS","STEPHENS","standard","permutations","logcor","-5.14989736142976"
"3073","13","5","JAGS","STEPHENS","standard","permutations","logcor","-5.99146454710798"
"3074","14","5","JAGS","STEPHENS","standard","permutations","logcor","-5.52146091786225"
"3075","15","5","JAGS","STEPHENS","standard","permutations","logcor","-5.68397984736002"
"3076","16","5","JAGS","STEPHENS","standard","permutations","logcor","-5.5727542122498"
"3077","17","5","JAGS","STEPHENS","standard","permutations","logcor","-5.54677872584654"
"3078","18","5","JAGS","STEPHENS","standard","permutations","logcor","-5.00564775258522"
"3079","19","5","JAGS","STEPHENS","standard","permutations","logcor","-5.42615073805792"
"3080","20","5","JAGS","STEPHENS","standard","permutations","logcor","-6.16581793425276"
"3081","1","6","JAGS","STEPHENS","standard","permutations","logcor","-7.41858090274813"
"3082","2","6","JAGS","STEPHENS","standard","permutations","logcor","-6.16581793425276"
"3083","3","6","JAGS","STEPHENS","standard","permutations","logcor","-6.4377516497364"
"3084","4","6","JAGS","STEPHENS","standard","permutations","logcor","-7.60090245954208"
"3085","5","6","JAGS","STEPHENS","standard","permutations","logcor","-5.59942245933196"
"3086","6","6","JAGS","STEPHENS","standard","permutations","logcor","-6.90775527898214"
"3087","7","6","JAGS","STEPHENS","standard","permutations","logcor","-6.50229017087397"
"3088","8","6","JAGS","STEPHENS","standard","permutations","logcor","-6.64539101451465"
"3089","9","6","JAGS","STEPHENS","standard","permutations","logcor","-6.57128304236092"
"3090","10","6","JAGS","STEPHENS","standard","permutations","logcor","-7.13089883029635"
"3091","11","6","JAGS","STEPHENS","standard","permutations","logcor","-6.50229017087397"
"3092","12","6","JAGS","STEPHENS","standard","permutations","logcor","-6.21460809842219"
"3093","13","6","JAGS","STEPHENS","standard","permutations","logcor","-6.64539101451465"
"3094","14","6","JAGS","STEPHENS","standard","permutations","logcor","-6.26590139280974"
"3095","15","6","JAGS","STEPHENS","standard","permutations","logcor","-6.64539101451465"
"3096","16","6","JAGS","STEPHENS","standard","permutations","logcor","-6.90775527898214"
"3097","17","6","JAGS","STEPHENS","standard","permutations","logcor","-6.50229017087397"
"3098","18","6","JAGS","STEPHENS","standard","permutations","logcor","-6.81244509917781"
"3099","19","6","JAGS","STEPHENS","standard","permutations","logcor","-7.26443022292087"
"3100","20","6","JAGS","STEPHENS","standard","permutations","logcor","-6.57128304236092"
"3101","1","2","STAN","STEPHENS","standard","permutations","logcor","-0.897959775189432"
"3102","2","2","STAN","STEPHENS","standard","permutations","logcor","-0.949330585952355"
"3103","3","2","STAN","STEPHENS","standard","permutations","logcor","-0.951399908987723"
"3104","4","2","STAN","STEPHENS","standard","permutations","logcor","-1.09511839941385"
"3105","5","2","STAN","STEPHENS","standard","permutations","logcor","-1.00922872753342"
"3106","6","2","STAN","STEPHENS","standard","permutations","logcor","-1.00048789067491"
"3107","7","2","STAN","STEPHENS","standard","permutations","logcor","-1.01335244471729"
"3108","8","2","STAN","STEPHENS","standard","permutations","logcor","-1.048109306495"
"3109","9","2","STAN","STEPHENS","standard","permutations","logcor","-0.96443110720209"
"3110","10","2","STAN","STEPHENS","standard","permutations","logcor","-0.926846245813672"
"3111","11","2","STAN","STEPHENS","standard","permutations","logcor","-1.01252633975498"
"3112","12","2","STAN","STEPHENS","standard","permutations","logcor","-0.947007704536216"
"3113","13","2","STAN","STEPHENS","standard","permutations","logcor","-0.980562621894295"
"3114","14","2","STAN","STEPHENS","standard","permutations","logcor","-0.928110308679497"
"3115","15","2","STAN","STEPHENS","standard","permutations","logcor","-0.952177010438564"
"3116","16","2","STAN","STEPHENS","standard","permutations","logcor","-0.997771973742038"
"3117","17","2","STAN","STEPHENS","standard","permutations","logcor","-1.02694300197775"
"3118","18","2","STAN","STEPHENS","standard","permutations","logcor","-1.01087617436402"
"3119","19","2","STAN","STEPHENS","standard","permutations","logcor","-1.01555873353282"
"3120","20","2","STAN","STEPHENS","standard","permutations","logcor","-1.07323698233688"
"3121","1","3","STAN","STEPHENS","standard","permutations","logcor","-2.90042209374967"
"3122","2","3","STAN","STEPHENS","standard","permutations","logcor","-3.41428262121081"
"3123","3","3","STAN","STEPHENS","standard","permutations","logcor","-2.78385191451849"
"3124","4","3","STAN","STEPHENS","standard","permutations","logcor","-2.96811710652102"
"3125","5","3","STAN","STEPHENS","standard","permutations","logcor","-3.29413830936875"
"3126","6","3","STAN","STEPHENS","standard","permutations","logcor","-2.85597033117883"
"3127","7","3","STAN","STEPHENS","standard","permutations","logcor","-2.95075890791126"
"3128","8","3","STAN","STEPHENS","standard","permutations","logcor","-2.99974029495153"
"3129","9","3","STAN","STEPHENS","standard","permutations","logcor","-3.03863977456527"
"3130","10","3","STAN","STEPHENS","standard","permutations","logcor","-3.04492251774476"
"3131","11","3","STAN","STEPHENS","standard","permutations","logcor","-2.81008292666736"
"3132","12","3","STAN","STEPHENS","standard","permutations","logcor","-3.00578260940749"
"3133","13","3","STAN","STEPHENS","standard","permutations","logcor","-3.04072963948473"
"3134","14","3","STAN","STEPHENS","standard","permutations","logcor","-3.38139475436598"
"3135","15","3","STAN","STEPHENS","standard","permutations","logcor","-3.07477548089444"
"3136","16","3","STAN","STEPHENS","standard","permutations","logcor","-2.92434227746732"
"3137","17","3","STAN","STEPHENS","standard","permutations","logcor","-2.94694210938456"
"3138","18","3","STAN","STEPHENS","standard","permutations","logcor","-3.00780485478826"
"3139","19","3","STAN","STEPHENS","standard","permutations","logcor","-2.94884868765514"
"3140","20","3","STAN","STEPHENS","standard","permutations","logcor","-3.03863977456527"
"3141","1","4","STAN","STEPHENS","standard","permutations","logcor","-4.7444322533216"
"3142","2","4","STAN","STEPHENS","standard","permutations","logcor","-4.21312809821207"
"3143","3","4","STAN","STEPHENS","standard","permutations","logcor","-4.49184150068109"
"3144","4","4","STAN","STEPHENS","standard","permutations","logcor","-4.52820914485196"
"3145","5","4","STAN","STEPHENS","standard","permutations","logcor","-4.77952357313287"
"3146","6","4","STAN","STEPHENS","standard","permutations","logcor","-4.61522052184159"
"3147","7","4","STAN","STEPHENS","standard","permutations","logcor","-4.44816643717843"
"3148","8","4","STAN","STEPHENS","standard","permutations","logcor","-4.3740584650247"
"3149","9","4","STAN","STEPHENS","standard","permutations","logcor","-4.71053070164592"
"3150","10","4","STAN","STEPHENS","standard","permutations","logcor","-4.66704558970618"
"3151","11","4","STAN","STEPHENS","standard","permutations","logcor","-4.94766049493487"
"3152","12","4","STAN","STEPHENS","standard","permutations","logcor","-4.71053070164592"
"3153","13","4","STAN","STEPHENS","standard","permutations","logcor","-4.76768911548587"
"3154","14","4","STAN","STEPHENS","standard","permutations","logcor","-4.53751153751428"
"3155","15","4","STAN","STEPHENS","standard","permutations","logcor","-4.79149976417958"
"3156","16","4","STAN","STEPHENS","standard","permutations","logcor","-4.77952357313287"
"3157","17","4","STAN","STEPHENS","standard","permutations","logcor","-4.3740584650247"
"3158","18","4","STAN","STEPHENS","standard","permutations","logcor","-4.48295255326384"
"3159","19","4","STAN","STEPHENS","standard","permutations","logcor","-4.8283137373023"
"3160","20","4","STAN","STEPHENS","standard","permutations","logcor","-4.81589121730374"
"3161","1","5","STAN","STEPHENS","standard","permutations","logcor","-5.54677872584654"
"3162","2","5","STAN","STEPHENS","standard","permutations","logcor","-6.03228654162824"
"3163","3","5","STAN","STEPHENS","standard","permutations","logcor","-5.40367788220586"
"3164","4","5","STAN","STEPHENS","standard","permutations","logcor","-5.02068562994976"
"3165","5","5","STAN","STEPHENS","standard","permutations","logcor","-5.54677872584654"
"3166","6","5","STAN","STEPHENS","standard","permutations","logcor","-5.54677872584654"
"3167","7","5","STAN","STEPHENS","standard","permutations","logcor","-6.11929791861787"
"3168","8","5","STAN","STEPHENS","standard","permutations","logcor","-5.24004845842406"
"3169","9","5","STAN","STEPHENS","standard","permutations","logcor","-5.40367788220586"
"3170","10","5","STAN","STEPHENS","standard","permutations","logcor","-5.80914299031403"
"3171","11","5","STAN","STEPHENS","standard","permutations","logcor","-5.18498868124103"
"3172","12","5","STAN","STEPHENS","standard","permutations","logcor","-5.91450350597185"
"3173","13","5","STAN","STEPHENS","standard","permutations","logcor","-5.27851473925186"
"3174","14","5","STAN","STEPHENS","standard","permutations","logcor","-5.52146091786225"
"3175","15","5","STAN","STEPHENS","standard","permutations","logcor","-5.68397984736002"
"3176","16","5","STAN","STEPHENS","standard","permutations","logcor","-5.29831736654804"
"3177","17","5","STAN","STEPHENS","standard","permutations","logcor","-5.47267075369281"
"3178","18","5","STAN","STEPHENS","standard","permutations","logcor","-5.44914025628262"
"3179","19","5","STAN","STEPHENS","standard","permutations","logcor","-5.49676830527187"
"3180","20","5","STAN","STEPHENS","standard","permutations","logcor","-5.77635316749104"
"3181","1","6","STAN","STEPHENS","standard","permutations","logcor","-5.80914299031403"
"3182","2","6","STAN","STEPHENS","standard","permutations","logcor","-6.07484615604703"
"3183","3","6","STAN","STEPHENS","standard","permutations","logcor","-5.84304454198971"
"3184","4","6","STAN","STEPHENS","standard","permutations","logcor","-6.50229017087397"
"3185","5","6","STAN","STEPHENS","standard","permutations","logcor","-6.21460809842219"
"3186","6","6","STAN","STEPHENS","standard","permutations","logcor","-6.72543372218818"
"3187","7","6","STAN","STEPHENS","standard","permutations","logcor","-6.81244509917781"
"3188","8","6","STAN","STEPHENS","standard","permutations","logcor","-5.80914299031403"
"3189","9","6","STAN","STEPHENS","standard","permutations","logcor","-7.01311579463996"
"3190","10","6","STAN","STEPHENS","standard","permutations","logcor","-5.59942245933196"
"3191","11","6","STAN","STEPHENS","standard","permutations","logcor","-5.91450350597185"
"3192","12","6","STAN","STEPHENS","standard","permutations","logcor","-7.01311579463996"
"3193","13","6","STAN","STEPHENS","standard","permutations","logcor","-7.13089883029635"
"3194","14","6","STAN","STEPHENS","standard","permutations","logcor","-6.4377516497364"
"3195","15","6","STAN","STEPHENS","standard","permutations","logcor","-5.99146454710798"
"3196","16","6","STAN","STEPHENS","standard","permutations","logcor","-6.72543372218818"
"3197","17","6","STAN","STEPHENS","standard","permutations","logcor","-6.72543372218818"
"3198","18","6","STAN","STEPHENS","standard","permutations","logcor","-7.13089883029635"
"3199","19","6","STAN","STEPHENS","standard","permutations","logcor","-6.90775527898214"
"3200","20","6","STAN","STEPHENS","standard","permutations","logcor","-6.21460809842219"
"3201","1","2","JAGS","ECR","standard","simple","permlen","1"
"3202","2","2","JAGS","ECR","standard","simple","permlen","1"
"3203","3","2","JAGS","ECR","standard","simple","permlen","1"
"3204","4","2","JAGS","ECR","standard","simple","permlen","1"
"3205","5","2","JAGS","ECR","standard","simple","permlen","1"
"3206","6","2","JAGS","ECR","standard","simple","permlen","1"
"3207","7","2","JAGS","ECR","standard","simple","permlen","1"
"3208","8","2","JAGS","ECR","standard","simple","permlen","1"
"3209","9","2","JAGS","ECR","standard","simple","permlen","1"
"3210","10","2","JAGS","ECR","standard","simple","permlen","1"
"3211","11","2","JAGS","ECR","standard","simple","permlen","1"
"3212","12","2","JAGS","ECR","standard","simple","permlen","1"
"3213","13","2","JAGS","ECR","standard","simple","permlen","1"
"3214","14","2","JAGS","ECR","standard","simple","permlen","1"
"3215","15","2","JAGS","ECR","standard","simple","permlen","1"
"3216","16","2","JAGS","ECR","standard","simple","permlen","1"
"3217","17","2","JAGS","ECR","standard","simple","permlen","1"
"3218","18","2","JAGS","ECR","standard","simple","permlen","1"
"3219","19","2","JAGS","ECR","standard","simple","permlen","1"
"3220","20","2","JAGS","ECR","standard","simple","permlen","1"
"3221","1","3","JAGS","ECR","standard","simple","permlen","3"
"3222","2","3","JAGS","ECR","standard","simple","permlen","3"
"3223","3","3","JAGS","ECR","standard","simple","permlen","3"
"3224","4","3","JAGS","ECR","standard","simple","permlen","3"
"3225","5","3","JAGS","ECR","standard","simple","permlen","3"
"3226","6","3","JAGS","ECR","standard","simple","permlen","3"
"3227","7","3","JAGS","ECR","standard","simple","permlen","3"
"3228","8","3","JAGS","ECR","standard","simple","permlen","3"
"3229","9","3","JAGS","ECR","standard","simple","permlen","3"
"3230","10","3","JAGS","ECR","standard","simple","permlen","3"
"3231","11","3","JAGS","ECR","standard","simple","permlen","3"
"3232","12","3","JAGS","ECR","standard","simple","permlen","3"
"3233","13","3","JAGS","ECR","standard","simple","permlen","3"
"3234","14","3","JAGS","ECR","standard","simple","permlen","3"
"3235","15","3","JAGS","ECR","standard","simple","permlen","3"
"3236","16","3","JAGS","ECR","standard","simple","permlen","3"
"3237","17","3","JAGS","ECR","standard","simple","permlen","3"
"3238","18","3","JAGS","ECR","standard","simple","permlen","3"
"3239","19","3","JAGS","ECR","standard","simple","permlen","3"
"3240","20","3","JAGS","ECR","standard","simple","permlen","3"
"3241","1","4","JAGS","ECR","standard","simple","permlen","12"
"3242","2","4","JAGS","ECR","standard","simple","permlen","12"
"3243","3","4","JAGS","ECR","standard","simple","permlen","12"
"3244","4","4","JAGS","ECR","standard","simple","permlen","24"
"3245","5","4","JAGS","ECR","standard","simple","permlen","12"
"3246","6","4","JAGS","ECR","standard","simple","permlen","24"
"3247","7","4","JAGS","ECR","standard","simple","permlen","12"
"3248","8","4","JAGS","ECR","standard","simple","permlen","24"
"3249","9","4","JAGS","ECR","standard","simple","permlen","24"
"3250","10","4","JAGS","ECR","standard","simple","permlen","12"
"3251","11","4","JAGS","ECR","standard","simple","permlen","12"
"3252","12","4","JAGS","ECR","standard","simple","permlen","24"
"3253","13","4","JAGS","ECR","standard","simple","permlen","12"
"3254","14","4","JAGS","ECR","standard","simple","permlen","12"
"3255","15","4","JAGS","ECR","standard","simple","permlen","12"
"3256","16","4","JAGS","ECR","standard","simple","permlen","12"
"3257","17","4","JAGS","ECR","standard","simple","permlen","24"
"3258","18","4","JAGS","ECR","standard","simple","permlen","24"
"3259","19","4","JAGS","ECR","standard","simple","permlen","24"
"3260","20","4","JAGS","ECR","standard","simple","permlen","12"
"3261","1","5","JAGS","ECR","standard","simple","permlen","60"
"3262","2","5","JAGS","ECR","standard","simple","permlen","60"
"3263","3","5","JAGS","ECR","standard","simple","permlen","60"
"3264","4","5","JAGS","ECR","standard","simple","permlen","120"
"3265","5","5","JAGS","ECR","standard","simple","permlen","60"
"3266","6","5","JAGS","ECR","standard","simple","permlen","60"
"3267","7","5","JAGS","ECR","standard","simple","permlen","60"
"3268","8","5","JAGS","ECR","standard","simple","permlen","60"
"3269","9","5","JAGS","ECR","standard","simple","permlen","60"
"3270","10","5","JAGS","ECR","standard","simple","permlen","60"
"3271","11","5","JAGS","ECR","standard","simple","permlen","60"
"3272","12","5","JAGS","ECR","standard","simple","permlen","60"
"3273","13","5","JAGS","ECR","standard","simple","permlen","120"
"3274","14","5","JAGS","ECR","standard","simple","permlen","60"
"3275","15","5","JAGS","ECR","standard","simple","permlen","60"
"3276","16","5","JAGS","ECR","standard","simple","permlen","60"
"3277","17","5","JAGS","ECR","standard","simple","permlen","120"
"3278","18","5","JAGS","ECR","standard","simple","permlen","120"
"3279","19","5","JAGS","ECR","standard","simple","permlen","120"
"3280","20","5","JAGS","ECR","standard","simple","permlen","60"
"3281","1","6","JAGS","ECR","standard","simple","permlen","720"
"3282","2","6","JAGS","ECR","standard","simple","permlen","360"
"3283","3","6","JAGS","ECR","standard","simple","permlen","360"
"3284","4","6","JAGS","ECR","standard","simple","permlen","360"
"3285","5","6","JAGS","ECR","standard","simple","permlen","720"
"3286","6","6","JAGS","ECR","standard","simple","permlen","360"
"3287","7","6","JAGS","ECR","standard","simple","permlen","240"
"3288","8","6","JAGS","ECR","standard","simple","permlen","360"
"3289","9","6","JAGS","ECR","standard","simple","permlen","360"
"3290","10","6","JAGS","ECR","standard","simple","permlen","360"
"3291","11","6","JAGS","ECR","standard","simple","permlen","360"
"3292","12","6","JAGS","ECR","standard","simple","permlen","360"
"3293","13","6","JAGS","ECR","standard","simple","permlen","360"
"3294","14","6","JAGS","ECR","standard","simple","permlen","720"
"3295","15","6","JAGS","ECR","standard","simple","permlen","720"
"3296","16","6","JAGS","ECR","standard","simple","permlen","720"
"3297","17","6","JAGS","ECR","standard","simple","permlen","240"
"3298","18","6","JAGS","ECR","standard","simple","permlen","360"
"3299","19","6","JAGS","ECR","standard","simple","permlen","360"
"3300","20","6","JAGS","ECR","standard","simple","permlen","720"
"3301","1","2","STAN","ECR","standard","simple","permlen",NA
"3302","2","2","STAN","ECR","standard","simple","permlen",NA
"3303","3","2","STAN","ECR","standard","simple","permlen",NA
"3304","4","2","STAN","ECR","standard","simple","permlen",NA
"3305","5","2","STAN","ECR","standard","simple","permlen",NA
"3306","6","2","STAN","ECR","standard","simple","permlen",NA
"3307","7","2","STAN","ECR","standard","simple","permlen",NA
"3308","8","2","STAN","ECR","standard","simple","permlen",NA
"3309","9","2","STAN","ECR","standard","simple","permlen",NA
"3310","10","2","STAN","ECR","standard","simple","permlen",NA
"3311","11","2","STAN","ECR","standard","simple","permlen",NA
"3312","12","2","STAN","ECR","standard","simple","permlen",NA
"3313","13","2","STAN","ECR","standard","simple","permlen",NA
"3314","14","2","STAN","ECR","standard","simple","permlen",NA
"3315","15","2","STAN","ECR","standard","simple","permlen",NA
"3316","16","2","STAN","ECR","standard","simple","permlen",NA
"3317","17","2","STAN","ECR","standard","simple","permlen",NA
"3318","18","2","STAN","ECR","standard","simple","permlen",NA
"3319","19","2","STAN","ECR","standard","simple","permlen",NA
"3320","20","2","STAN","ECR","standard","simple","permlen",NA
"3321","1","3","STAN","ECR","standard","simple","permlen",NA
"3322","2","3","STAN","ECR","standard","simple","permlen",NA
"3323","3","3","STAN","ECR","standard","simple","permlen",NA
"3324","4","3","STAN","ECR","standard","simple","permlen",NA
"3325","5","3","STAN","ECR","standard","simple","permlen",NA
"3326","6","3","STAN","ECR","standard","simple","permlen",NA
"3327","7","3","STAN","ECR","standard","simple","permlen",NA
"3328","8","3","STAN","ECR","standard","simple","permlen",NA
"3329","9","3","STAN","ECR","standard","simple","permlen",NA
"3330","10","3","STAN","ECR","standard","simple","permlen",NA
"3331","11","3","STAN","ECR","standard","simple","permlen",NA
"3332","12","3","STAN","ECR","standard","simple","permlen",NA
"3333","13","3","STAN","ECR","standard","simple","permlen",NA
"3334","14","3","STAN","ECR","standard","simple","permlen",NA
"3335","15","3","STAN","ECR","standard","simple","permlen",NA
"3336","16","3","STAN","ECR","standard","simple","permlen",NA
"3337","17","3","STAN","ECR","standard","simple","permlen",NA
"3338","18","3","STAN","ECR","standard","simple","permlen",NA
"3339","19","3","STAN","ECR","standard","simple","permlen",NA
"3340","20","3","STAN","ECR","standard","simple","permlen",NA
"3341","1","4","STAN","ECR","standard","simple","permlen",NA
"3342","2","4","STAN","ECR","standard","simple","permlen",NA
"3343","3","4","STAN","ECR","standard","simple","permlen",NA
"3344","4","4","STAN","ECR","standard","simple","permlen",NA
"3345","5","4","STAN","ECR","standard","simple","permlen",NA
"3346","6","4","STAN","ECR","standard","simple","permlen",NA
"3347","7","4","STAN","ECR","standard","simple","permlen",NA
"3348","8","4","STAN","ECR","standard","simple","permlen",NA
"3349","9","4","STAN","ECR","standard","simple","permlen",NA
"3350","10","4","STAN","ECR","standard","simple","permlen",NA
"3351","11","4","STAN","ECR","standard","simple","permlen",NA
"3352","12","4","STAN","ECR","standard","simple","permlen",NA
"3353","13","4","STAN","ECR","standard","simple","permlen",NA
"3354","14","4","STAN","ECR","standard","simple","permlen",NA
"3355","15","4","STAN","ECR","standard","simple","permlen",NA
"3356","16","4","STAN","ECR","standard","simple","permlen",NA
"3357","17","4","STAN","ECR","standard","simple","permlen",NA
"3358","18","4","STAN","ECR","standard","simple","permlen",NA
"3359","19","4","STAN","ECR","standard","simple","permlen",NA
"3360","20","4","STAN","ECR","standard","simple","permlen",NA
"3361","1","5","STAN","ECR","standard","simple","permlen",NA
"3362","2","5","STAN","ECR","standard","simple","permlen",NA
"3363","3","5","STAN","ECR","standard","simple","permlen",NA
"3364","4","5","STAN","ECR","standard","simple","permlen",NA
"3365","5","5","STAN","ECR","standard","simple","permlen",NA
"3366","6","5","STAN","ECR","standard","simple","permlen",NA
"3367","7","5","STAN","ECR","standard","simple","permlen",NA
"3368","8","5","STAN","ECR","standard","simple","permlen",NA
"3369","9","5","STAN","ECR","standard","simple","permlen",NA
"3370","10","5","STAN","ECR","standard","simple","permlen",NA
"3371","11","5","STAN","ECR","standard","simple","permlen",NA
"3372","12","5","STAN","ECR","standard","simple","permlen",NA
"3373","13","5","STAN","ECR","standard","simple","permlen",NA
"3374","14","5","STAN","ECR","standard","simple","permlen",NA
"3375","15","5","STAN","ECR","standard","simple","permlen",NA
"3376","16","5","STAN","ECR","standard","simple","permlen",NA
"3377","17","5","STAN","ECR","standard","simple","permlen",NA
"3378","18","5","STAN","ECR","standard","simple","permlen",NA
"3379","19","5","STAN","ECR","standard","simple","permlen",NA
"3380","20","5","STAN","ECR","standard","simple","permlen",NA
"3381","1","6","STAN","ECR","standard","simple","permlen",NA
"3382","2","6","STAN","ECR","standard","simple","permlen",NA
"3383","3","6","STAN","ECR","standard","simple","permlen",NA
"3384","4","6","STAN","ECR","standard","simple","permlen",NA
"3385","5","6","STAN","ECR","standard","simple","permlen",NA
"3386","6","6","STAN","ECR","standard","simple","permlen",NA
"3387","7","6","STAN","ECR","standard","simple","permlen",NA
"3388","8","6","STAN","ECR","standard","simple","permlen",NA
"3389","9","6","STAN","ECR","standard","simple","permlen",NA
"3390","10","6","STAN","ECR","standard","simple","permlen",NA
"3391","11","6","STAN","ECR","standard","simple","permlen",NA
"3392","12","6","STAN","ECR","standard","simple","permlen",NA
"3393","13","6","STAN","ECR","standard","simple","permlen",NA
"3394","14","6","STAN","ECR","standard","simple","permlen",NA
"3395","15","6","STAN","ECR","standard","simple","permlen",NA
"3396","16","6","STAN","ECR","standard","simple","permlen",NA
"3397","17","6","STAN","ECR","standard","simple","permlen",NA
"3398","18","6","STAN","ECR","standard","simple","permlen",NA
"3399","19","6","STAN","ECR","standard","simple","permlen",NA
"3400","20","6","STAN","ECR","standard","simple","permlen",NA
"3401","1","2","JAGS","STEPHENS","standard","simple","permlen","1"
"3402","2","2","JAGS","STEPHENS","standard","simple","permlen","1"
"3403","3","2","JAGS","STEPHENS","standard","simple","permlen","1"
"3404","4","2","JAGS","STEPHENS","standard","simple","permlen","1"
"3405","5","2","JAGS","STEPHENS","standard","simple","permlen","1"
"3406","6","2","JAGS","STEPHENS","standard","simple","permlen","1"
"3407","7","2","JAGS","STEPHENS","standard","simple","permlen","1"
"3408","8","2","JAGS","STEPHENS","standard","simple","permlen","1"
"3409","9","2","JAGS","STEPHENS","standard","simple","permlen","1"
"3410","10","2","JAGS","STEPHENS","standard","simple","permlen","1"
"3411","11","2","JAGS","STEPHENS","standard","simple","permlen","1"
"3412","12","2","JAGS","STEPHENS","standard","simple","permlen","1"
"3413","13","2","JAGS","STEPHENS","standard","simple","permlen","1"
"3414","14","2","JAGS","STEPHENS","standard","simple","permlen","1"
"3415","15","2","JAGS","STEPHENS","standard","simple","permlen","1"
"3416","16","2","JAGS","STEPHENS","standard","simple","permlen","1"
"3417","17","2","JAGS","STEPHENS","standard","simple","permlen","1"
"3418","18","2","JAGS","STEPHENS","standard","simple","permlen","1"
"3419","19","2","JAGS","STEPHENS","standard","simple","permlen","1"
"3420","20","2","JAGS","STEPHENS","standard","simple","permlen","1"
"3421","1","3","JAGS","STEPHENS","standard","simple","permlen","3"
"3422","2","3","JAGS","STEPHENS","standard","simple","permlen","3"
"3423","3","3","JAGS","STEPHENS","standard","simple","permlen","3"
"3424","4","3","JAGS","STEPHENS","standard","simple","permlen","3"
"3425","5","3","JAGS","STEPHENS","standard","simple","permlen","3"
"3426","6","3","JAGS","STEPHENS","standard","simple","permlen","3"
"3427","7","3","JAGS","STEPHENS","standard","simple","permlen","3"
"3428","8","3","JAGS","STEPHENS","standard","simple","permlen","3"
"3429","9","3","JAGS","STEPHENS","standard","simple","permlen","3"
"3430","10","3","JAGS","STEPHENS","standard","simple","permlen","3"
"3431","11","3","JAGS","STEPHENS","standard","simple","permlen","3"
"3432","12","3","JAGS","STEPHENS","standard","simple","permlen","3"
"3433","13","3","JAGS","STEPHENS","standard","simple","permlen","3"
"3434","14","3","JAGS","STEPHENS","standard","simple","permlen","3"
"3435","15","3","JAGS","STEPHENS","standard","simple","permlen","3"
"3436","16","3","JAGS","STEPHENS","standard","simple","permlen","3"
"3437","17","3","JAGS","STEPHENS","standard","simple","permlen","3"
"3438","18","3","JAGS","STEPHENS","standard","simple","permlen","3"
"3439","19","3","JAGS","STEPHENS","standard","simple","permlen","3"
"3440","20","3","JAGS","STEPHENS","standard","simple","permlen","3"
"3441","1","4","JAGS","STEPHENS","standard","simple","permlen","12"
"3442","2","4","JAGS","STEPHENS","standard","simple","permlen","12"
"3443","3","4","JAGS","STEPHENS","standard","simple","permlen","12"
"3444","4","4","JAGS","STEPHENS","standard","simple","permlen","12"
"3445","5","4","JAGS","STEPHENS","standard","simple","permlen","12"
"3446","6","4","JAGS","STEPHENS","standard","simple","permlen","24"
"3447","7","4","JAGS","STEPHENS","standard","simple","permlen","12"
"3448","8","4","JAGS","STEPHENS","standard","simple","permlen","12"
"3449","9","4","JAGS","STEPHENS","standard","simple","permlen","12"
"3450","10","4","JAGS","STEPHENS","standard","simple","permlen","12"
"3451","11","4","JAGS","STEPHENS","standard","simple","permlen","12"
"3452","12","4","JAGS","STEPHENS","standard","simple","permlen","12"
"3453","13","4","JAGS","STEPHENS","standard","simple","permlen","12"
"3454","14","4","JAGS","STEPHENS","standard","simple","permlen","24"
"3455","15","4","JAGS","STEPHENS","standard","simple","permlen","24"
"3456","16","4","JAGS","STEPHENS","standard","simple","permlen","12"
"3457","17","4","JAGS","STEPHENS","standard","simple","permlen","12"
"3458","18","4","JAGS","STEPHENS","standard","simple","permlen","12"
"3459","19","4","JAGS","STEPHENS","standard","simple","permlen","12"
"3460","20","4","JAGS","STEPHENS","standard","simple","permlen","12"
"3461","1","5","JAGS","STEPHENS","standard","simple","permlen","60"
"3462","2","5","JAGS","STEPHENS","standard","simple","permlen","60"
"3463","3","5","JAGS","STEPHENS","standard","simple","permlen","60"
"3464","4","5","JAGS","STEPHENS","standard","simple","permlen","60"
"3465","5","5","JAGS","STEPHENS","standard","simple","permlen","60"
"3466","6","5","JAGS","STEPHENS","standard","simple","permlen","60"
"3467","7","5","JAGS","STEPHENS","standard","simple","permlen","60"
"3468","8","5","JAGS","STEPHENS","standard","simple","permlen","40"
"3469","9","5","JAGS","STEPHENS","standard","simple","permlen","60"
"3470","10","5","JAGS","STEPHENS","standard","simple","permlen","60"
"3471","11","5","JAGS","STEPHENS","standard","simple","permlen","60"
"3472","12","5","JAGS","STEPHENS","standard","simple","permlen","60"
"3473","13","5","JAGS","STEPHENS","standard","simple","permlen","60"
"3474","14","5","JAGS","STEPHENS","standard","simple","permlen","60"
"3475","15","5","JAGS","STEPHENS","standard","simple","permlen","60"
"3476","16","5","JAGS","STEPHENS","standard","simple","permlen","60"
"3477","17","5","JAGS","STEPHENS","standard","simple","permlen","60"
"3478","18","5","JAGS","STEPHENS","standard","simple","permlen","40"
"3479","19","5","JAGS","STEPHENS","standard","simple","permlen","60"
"3480","20","5","JAGS","STEPHENS","standard","simple","permlen","60"
"3481","1","6","JAGS","STEPHENS","standard","simple","permlen","360"
"3482","2","6","JAGS","STEPHENS","standard","simple","permlen","360"
"3483","3","6","JAGS","STEPHENS","standard","simple","permlen","360"
"3484","4","6","JAGS","STEPHENS","standard","simple","permlen","360"
"3485","5","6","JAGS","STEPHENS","standard","simple","permlen","360"
"3486","6","6","JAGS","STEPHENS","standard","simple","permlen","360"
"3487","7","6","JAGS","STEPHENS","standard","simple","permlen","360"
"3488","8","6","JAGS","STEPHENS","standard","simple","permlen","360"
"3489","9","6","JAGS","STEPHENS","standard","simple","permlen","360"
"3490","10","6","JAGS","STEPHENS","standard","simple","permlen","360"
"3491","11","6","JAGS","STEPHENS","standard","simple","permlen","360"
"3492","12","6","JAGS","STEPHENS","standard","simple","permlen","360"
"3493","13","6","JAGS","STEPHENS","standard","simple","permlen","360"
"3494","14","6","JAGS","STEPHENS","standard","simple","permlen","360"
"3495","15","6","JAGS","STEPHENS","standard","simple","permlen","360"
"3496","16","6","JAGS","STEPHENS","standard","simple","permlen","360"
"3497","17","6","JAGS","STEPHENS","standard","simple","permlen","360"
"3498","18","6","JAGS","STEPHENS","standard","simple","permlen","360"
"3499","19","6","JAGS","STEPHENS","standard","simple","permlen","360"
"3500","20","6","JAGS","STEPHENS","standard","simple","permlen","360"
"3501","1","2","STAN","STEPHENS","standard","simple","permlen","1"
"3502","2","2","STAN","STEPHENS","standard","simple","permlen","1"
"3503","3","2","STAN","STEPHENS","standard","simple","permlen","1"
"3504","4","2","STAN","STEPHENS","standard","simple","permlen","1"
"3505","5","2","STAN","STEPHENS","standard","simple","permlen","1"
"3506","6","2","STAN","STEPHENS","standard","simple","permlen","1"
"3507","7","2","STAN","STEPHENS","standard","simple","permlen","1"
"3508","8","2","STAN","STEPHENS","standard","simple","permlen","1"
"3509","9","2","STAN","STEPHENS","standard","simple","permlen","1"
"3510","10","2","STAN","STEPHENS","standard","simple","permlen","1"
"3511","11","2","STAN","STEPHENS","standard","simple","permlen","1"
"3512","12","2","STAN","STEPHENS","standard","simple","permlen","1"
"3513","13","2","STAN","STEPHENS","standard","simple","permlen","1"
"3514","14","2","STAN","STEPHENS","standard","simple","permlen","1"
"3515","15","2","STAN","STEPHENS","standard","simple","permlen","1"
"3516","16","2","STAN","STEPHENS","standard","simple","permlen","1"
"3517","17","2","STAN","STEPHENS","standard","simple","permlen","1"
"3518","18","2","STAN","STEPHENS","standard","simple","permlen","1"
"3519","19","2","STAN","STEPHENS","standard","simple","permlen","1"
"3520","20","2","STAN","STEPHENS","standard","simple","permlen","1"
"3521","1","3","STAN","STEPHENS","standard","simple","permlen","3"
"3522","2","3","STAN","STEPHENS","standard","simple","permlen","3"
"3523","3","3","STAN","STEPHENS","standard","simple","permlen","3"
"3524","4","3","STAN","STEPHENS","standard","simple","permlen","3"
"3525","5","3","STAN","STEPHENS","standard","simple","permlen","3"
"3526","6","3","STAN","STEPHENS","standard","simple","permlen","3"
"3527","7","3","STAN","STEPHENS","standard","simple","permlen","3"
"3528","8","3","STAN","STEPHENS","standard","simple","permlen","3"
"3529","9","3","STAN","STEPHENS","standard","simple","permlen","3"
"3530","10","3","STAN","STEPHENS","standard","simple","permlen","3"
"3531","11","3","STAN","STEPHENS","standard","simple","permlen","3"
"3532","12","3","STAN","STEPHENS","standard","simple","permlen","3"
"3533","13","3","STAN","STEPHENS","standard","simple","permlen","3"
"3534","14","3","STAN","STEPHENS","standard","simple","permlen","3"
"3535","15","3","STAN","STEPHENS","standard","simple","permlen","3"
"3536","16","3","STAN","STEPHENS","standard","simple","permlen","3"
"3537","17","3","STAN","STEPHENS","standard","simple","permlen","3"
"3538","18","3","STAN","STEPHENS","standard","simple","permlen","3"
"3539","19","3","STAN","STEPHENS","standard","simple","permlen","3"
"3540","20","3","STAN","STEPHENS","standard","simple","permlen","3"
"3541","1","4","STAN","STEPHENS","standard","simple","permlen","12"
"3542","2","4","STAN","STEPHENS","standard","simple","permlen","12"
"3543","3","4","STAN","STEPHENS","standard","simple","permlen","12"
"3544","4","4","STAN","STEPHENS","standard","simple","permlen","24"
"3545","5","4","STAN","STEPHENS","standard","simple","permlen","12"
"3546","6","4","STAN","STEPHENS","standard","simple","permlen","12"
"3547","7","4","STAN","STEPHENS","standard","simple","permlen","12"
"3548","8","4","STAN","STEPHENS","standard","simple","permlen","12"
"3549","9","4","STAN","STEPHENS","standard","simple","permlen","12"
"3550","10","4","STAN","STEPHENS","standard","simple","permlen","12"
"3551","11","4","STAN","STEPHENS","standard","simple","permlen","12"
"3552","12","4","STAN","STEPHENS","standard","simple","permlen","12"
"3553","13","4","STAN","STEPHENS","standard","simple","permlen","12"
"3554","14","4","STAN","STEPHENS","standard","simple","permlen","12"
"3555","15","4","STAN","STEPHENS","standard","simple","permlen","12"
"3556","16","4","STAN","STEPHENS","standard","simple","permlen","12"
"3557","17","4","STAN","STEPHENS","standard","simple","permlen","24"
"3558","18","4","STAN","STEPHENS","standard","simple","permlen","12"
"3559","19","4","STAN","STEPHENS","standard","simple","permlen","12"
"3560","20","4","STAN","STEPHENS","standard","simple","permlen","12"
"3561","1","5","STAN","STEPHENS","standard","simple","permlen","60"
"3562","2","5","STAN","STEPHENS","standard","simple","permlen","60"
"3563","3","5","STAN","STEPHENS","standard","simple","permlen","60"
"3564","4","5","STAN","STEPHENS","standard","simple","permlen","40"
"3565","5","5","STAN","STEPHENS","standard","simple","permlen","60"
"3566","6","5","STAN","STEPHENS","standard","simple","permlen","60"
"3567","7","5","STAN","STEPHENS","standard","simple","permlen","60"
"3568","8","5","STAN","STEPHENS","standard","simple","permlen","60"
"3569","9","5","STAN","STEPHENS","standard","simple","permlen","60"
"3570","10","5","STAN","STEPHENS","standard","simple","permlen","120"
"3571","11","5","STAN","STEPHENS","standard","simple","permlen","60"
"3572","12","5","STAN","STEPHENS","standard","simple","permlen","60"
"3573","13","5","STAN","STEPHENS","standard","simple","permlen","60"
"3574","14","5","STAN","STEPHENS","standard","simple","permlen","60"
"3575","15","5","STAN","STEPHENS","standard","simple","permlen","60"
"3576","16","5","STAN","STEPHENS","standard","simple","permlen","60"
"3577","17","5","STAN","STEPHENS","standard","simple","permlen","60"
"3578","18","5","STAN","STEPHENS","standard","simple","permlen","60"
"3579","19","5","STAN","STEPHENS","standard","simple","permlen","40"
"3580","20","5","STAN","STEPHENS","standard","simple","permlen","60"
"3581","1","6","STAN","STEPHENS","standard","simple","permlen","360"
"3582","2","6","STAN","STEPHENS","standard","simple","permlen","240"
"3583","3","6","STAN","STEPHENS","standard","simple","permlen","240"
"3584","4","6","STAN","STEPHENS","standard","simple","permlen","360"
"3585","5","6","STAN","STEPHENS","standard","simple","permlen","360"
"3586","6","6","STAN","STEPHENS","standard","simple","permlen","360"
"3587","7","6","STAN","STEPHENS","standard","simple","permlen","360"
"3588","8","6","STAN","STEPHENS","standard","simple","permlen","240"
"3589","9","6","STAN","STEPHENS","standard","simple","permlen","360"
"3590","10","6","STAN","STEPHENS","standard","simple","permlen","360"
"3591","11","6","STAN","STEPHENS","standard","simple","permlen","360"
"3592","12","6","STAN","STEPHENS","standard","simple","permlen","360"
"3593","13","6","STAN","STEPHENS","standard","simple","permlen","360"
"3594","14","6","STAN","STEPHENS","standard","simple","permlen","360"
"3595","15","6","STAN","STEPHENS","standard","simple","permlen","240"
"3596","16","6","STAN","STEPHENS","standard","simple","permlen","360"
"3597","17","6","STAN","STEPHENS","standard","simple","permlen","360"
"3598","18","6","STAN","STEPHENS","standard","simple","permlen","360"
"3599","19","6","STAN","STEPHENS","standard","simple","permlen","360"
"3600","20","6","STAN","STEPHENS","standard","simple","permlen","360"
"3601","1","2","JAGS","ECR","standard","permutations","permlen","2"
"3602","2","2","JAGS","ECR","standard","permutations","permlen","2"
"3603","3","2","JAGS","ECR","standard","permutations","permlen","2"
"3604","4","2","JAGS","ECR","standard","permutations","permlen","2"
"3605","5","2","JAGS","ECR","standard","permutations","permlen","2"
"3606","6","2","JAGS","ECR","standard","permutations","permlen","2"
"3607","7","2","JAGS","ECR","standard","permutations","permlen","2"
"3608","8","2","JAGS","ECR","standard","permutations","permlen","2"
"3609","9","2","JAGS","ECR","standard","permutations","permlen","2"
"3610","10","2","JAGS","ECR","standard","permutations","permlen","2"
"3611","11","2","JAGS","ECR","standard","permutations","permlen","2"
"3612","12","2","JAGS","ECR","standard","permutations","permlen","2"
"3613","13","2","JAGS","ECR","standard","permutations","permlen","2"
"3614","14","2","JAGS","ECR","standard","permutations","permlen","2"
"3615","15","2","JAGS","ECR","standard","permutations","permlen","2"
"3616","16","2","JAGS","ECR","standard","permutations","permlen","2"
"3617","17","2","JAGS","ECR","standard","permutations","permlen","2"
"3618","18","2","JAGS","ECR","standard","permutations","permlen","2"
"3619","19","2","JAGS","ECR","standard","permutations","permlen","2"
"3620","20","2","JAGS","ECR","standard","permutations","permlen","2"
"3621","1","3","JAGS","ECR","standard","permutations","permlen","6"
"3622","2","3","JAGS","ECR","standard","permutations","permlen","6"
"3623","3","3","JAGS","ECR","standard","permutations","permlen","6"
"3624","4","3","JAGS","ECR","standard","permutations","permlen","6"
"3625","5","3","JAGS","ECR","standard","permutations","permlen","6"
"3626","6","3","JAGS","ECR","standard","permutations","permlen","6"
"3627","7","3","JAGS","ECR","standard","permutations","permlen","6"
"3628","8","3","JAGS","ECR","standard","permutations","permlen","6"
"3629","9","3","JAGS","ECR","standard","permutations","permlen","6"
"3630","10","3","JAGS","ECR","standard","permutations","permlen","6"
"3631","11","3","JAGS","ECR","standard","permutations","permlen","6"
"3632","12","3","JAGS","ECR","standard","permutations","permlen","6"
"3633","13","3","JAGS","ECR","standard","permutations","permlen","6"
"3634","14","3","JAGS","ECR","standard","permutations","permlen","6"
"3635","15","3","JAGS","ECR","standard","permutations","permlen","6"
"3636","16","3","JAGS","ECR","standard","permutations","permlen","6"
"3637","17","3","JAGS","ECR","standard","permutations","permlen","6"
"3638","18","3","JAGS","ECR","standard","permutations","permlen","6"
"3639","19","3","JAGS","ECR","standard","permutations","permlen","6"
"3640","20","3","JAGS","ECR","standard","permutations","permlen","6"
"3641","1","4","JAGS","ECR","standard","permutations","permlen","24"
"3642","2","4","JAGS","ECR","standard","permutations","permlen","24"
"3643","3","4","JAGS","ECR","standard","permutations","permlen","24"
"3644","4","4","JAGS","ECR","standard","permutations","permlen","24"
"3645","5","4","JAGS","ECR","standard","permutations","permlen","24"
"3646","6","4","JAGS","ECR","standard","permutations","permlen","24"
"3647","7","4","JAGS","ECR","standard","permutations","permlen","24"
"3648","8","4","JAGS","ECR","standard","permutations","permlen","24"
"3649","9","4","JAGS","ECR","standard","permutations","permlen","24"
"3650","10","4","JAGS","ECR","standard","permutations","permlen","24"
"3651","11","4","JAGS","ECR","standard","permutations","permlen","24"
"3652","12","4","JAGS","ECR","standard","permutations","permlen","24"
"3653","13","4","JAGS","ECR","standard","permutations","permlen","24"
"3654","14","4","JAGS","ECR","standard","permutations","permlen","24"
"3655","15","4","JAGS","ECR","standard","permutations","permlen","24"
"3656","16","4","JAGS","ECR","standard","permutations","permlen","24"
"3657","17","4","JAGS","ECR","standard","permutations","permlen","24"
"3658","18","4","JAGS","ECR","standard","permutations","permlen","24"
"3659","19","4","JAGS","ECR","standard","permutations","permlen","24"
"3660","20","4","JAGS","ECR","standard","permutations","permlen","24"
"3661","1","5","JAGS","ECR","standard","permutations","permlen","120"
"3662","2","5","JAGS","ECR","standard","permutations","permlen","120"
"3663","3","5","JAGS","ECR","standard","permutations","permlen","120"
"3664","4","5","JAGS","ECR","standard","permutations","permlen","120"
"3665","5","5","JAGS","ECR","standard","permutations","permlen","120"
"3666","6","5","JAGS","ECR","standard","permutations","permlen","120"
"3667","7","5","JAGS","ECR","standard","permutations","permlen","120"
"3668","8","5","JAGS","ECR","standard","permutations","permlen","120"
"3669","9","5","JAGS","ECR","standard","permutations","permlen","120"
"3670","10","5","JAGS","ECR","standard","permutations","permlen","120"
"3671","11","5","JAGS","ECR","standard","permutations","permlen","120"
"3672","12","5","JAGS","ECR","standard","permutations","permlen","120"
"3673","13","5","JAGS","ECR","standard","permutations","permlen","120"
"3674","14","5","JAGS","ECR","standard","permutations","permlen","120"
"3675","15","5","JAGS","ECR","standard","permutations","permlen","120"
"3676","16","5","JAGS","ECR","standard","permutations","permlen","120"
"3677","17","5","JAGS","ECR","standard","permutations","permlen","120"
"3678","18","5","JAGS","ECR","standard","permutations","permlen","120"
"3679","19","5","JAGS","ECR","standard","permutations","permlen","120"
"3680","20","5","JAGS","ECR","standard","permutations","permlen","120"
"3681","1","6","JAGS","ECR","standard","permutations","permlen","720"
"3682","2","6","JAGS","ECR","standard","permutations","permlen","720"
"3683","3","6","JAGS","ECR","standard","permutations","permlen","720"
"3684","4","6","JAGS","ECR","standard","permutations","permlen","720"
"3685","5","6","JAGS","ECR","standard","permutations","permlen","720"
"3686","6","6","JAGS","ECR","standard","permutations","permlen","720"
"3687","7","6","JAGS","ECR","standard","permutations","permlen","720"
"3688","8","6","JAGS","ECR","standard","permutations","permlen","720"
"3689","9","6","JAGS","ECR","standard","permutations","permlen","720"
"3690","10","6","JAGS","ECR","standard","permutations","permlen","720"
"3691","11","6","JAGS","ECR","standard","permutations","permlen","720"
"3692","12","6","JAGS","ECR","standard","permutations","permlen","720"
"3693","13","6","JAGS","ECR","standard","permutations","permlen","720"
"3694","14","6","JAGS","ECR","standard","permutations","permlen","720"
"3695","15","6","JAGS","ECR","standard","permutations","permlen","720"
"3696","16","6","JAGS","ECR","standard","permutations","permlen","720"
"3697","17","6","JAGS","ECR","standard","permutations","permlen","720"
"3698","18","6","JAGS","ECR","standard","permutations","permlen","720"
"3699","19","6","JAGS","ECR","standard","permutations","permlen","720"
"3700","20","6","JAGS","ECR","standard","permutations","permlen","720"
"3701","1","2","STAN","ECR","standard","permutations","permlen",NA
"3702","2","2","STAN","ECR","standard","permutations","permlen",NA
"3703","3","2","STAN","ECR","standard","permutations","permlen",NA
"3704","4","2","STAN","ECR","standard","permutations","permlen",NA
"3705","5","2","STAN","ECR","standard","permutations","permlen",NA
"3706","6","2","STAN","ECR","standard","permutations","permlen",NA
"3707","7","2","STAN","ECR","standard","permutations","permlen",NA
"3708","8","2","STAN","ECR","standard","permutations","permlen",NA
"3709","9","2","STAN","ECR","standard","permutations","permlen",NA
"3710","10","2","STAN","ECR","standard","permutations","permlen",NA
"3711","11","2","STAN","ECR","standard","permutations","permlen",NA
"3712","12","2","STAN","ECR","standard","permutations","permlen",NA
"3713","13","2","STAN","ECR","standard","permutations","permlen",NA
"3714","14","2","STAN","ECR","standard","permutations","permlen",NA
"3715","15","2","STAN","ECR","standard","permutations","permlen",NA
"3716","16","2","STAN","ECR","standard","permutations","permlen",NA
"3717","17","2","STAN","ECR","standard","permutations","permlen",NA
"3718","18","2","STAN","ECR","standard","permutations","permlen",NA
"3719","19","2","STAN","ECR","standard","permutations","permlen",NA
"3720","20","2","STAN","ECR","standard","permutations","permlen",NA
"3721","1","3","STAN","ECR","standard","permutations","permlen",NA
"3722","2","3","STAN","ECR","standard","permutations","permlen",NA
"3723","3","3","STAN","ECR","standard","permutations","permlen",NA
"3724","4","3","STAN","ECR","standard","permutations","permlen",NA
"3725","5","3","STAN","ECR","standard","permutations","permlen",NA
"3726","6","3","STAN","ECR","standard","permutations","permlen",NA
"3727","7","3","STAN","ECR","standard","permutations","permlen",NA
"3728","8","3","STAN","ECR","standard","permutations","permlen",NA
"3729","9","3","STAN","ECR","standard","permutations","permlen",NA
"3730","10","3","STAN","ECR","standard","permutations","permlen",NA
"3731","11","3","STAN","ECR","standard","permutations","permlen",NA
"3732","12","3","STAN","ECR","standard","permutations","permlen",NA
"3733","13","3","STAN","ECR","standard","permutations","permlen",NA
"3734","14","3","STAN","ECR","standard","permutations","permlen",NA
"3735","15","3","STAN","ECR","standard","permutations","permlen",NA
"3736","16","3","STAN","ECR","standard","permutations","permlen",NA
"3737","17","3","STAN","ECR","standard","permutations","permlen",NA
"3738","18","3","STAN","ECR","standard","permutations","permlen",NA
"3739","19","3","STAN","ECR","standard","permutations","permlen",NA
"3740","20","3","STAN","ECR","standard","permutations","permlen",NA
"3741","1","4","STAN","ECR","standard","permutations","permlen",NA
"3742","2","4","STAN","ECR","standard","permutations","permlen",NA
"3743","3","4","STAN","ECR","standard","permutations","permlen",NA
"3744","4","4","STAN","ECR","standard","permutations","permlen",NA
"3745","5","4","STAN","ECR","standard","permutations","permlen",NA
"3746","6","4","STAN","ECR","standard","permutations","permlen",NA
"3747","7","4","STAN","ECR","standard","permutations","permlen",NA
"3748","8","4","STAN","ECR","standard","permutations","permlen",NA
"3749","9","4","STAN","ECR","standard","permutations","permlen",NA
"3750","10","4","STAN","ECR","standard","permutations","permlen",NA
"3751","11","4","STAN","ECR","standard","permutations","permlen",NA
"3752","12","4","STAN","ECR","standard","permutations","permlen",NA
"3753","13","4","STAN","ECR","standard","permutations","permlen",NA
"3754","14","4","STAN","ECR","standard","permutations","permlen",NA
"3755","15","4","STAN","ECR","standard","permutations","permlen",NA
"3756","16","4","STAN","ECR","standard","permutations","permlen",NA
"3757","17","4","STAN","ECR","standard","permutations","permlen",NA
"3758","18","4","STAN","ECR","standard","permutations","permlen",NA
"3759","19","4","STAN","ECR","standard","permutations","permlen",NA
"3760","20","4","STAN","ECR","standard","permutations","permlen",NA
"3761","1","5","STAN","ECR","standard","permutations","permlen",NA
"3762","2","5","STAN","ECR","standard","permutations","permlen",NA
"3763","3","5","STAN","ECR","standard","permutations","permlen",NA
"3764","4","5","STAN","ECR","standard","permutations","permlen",NA
"3765","5","5","STAN","ECR","standard","permutations","permlen",NA
"3766","6","5","STAN","ECR","standard","permutations","permlen",NA
"3767","7","5","STAN","ECR","standard","permutations","permlen",NA
"3768","8","5","STAN","ECR","standard","permutations","permlen",NA
"3769","9","5","STAN","ECR","standard","permutations","permlen",NA
"3770","10","5","STAN","ECR","standard","permutations","permlen",NA
"3771","11","5","STAN","ECR","standard","permutations","permlen",NA
"3772","12","5","STAN","ECR","standard","permutations","permlen",NA
"3773","13","5","STAN","ECR","standard","permutations","permlen",NA
"3774","14","5","STAN","ECR","standard","permutations","permlen",NA
"3775","15","5","STAN","ECR","standard","permutations","permlen",NA
"3776","16","5","STAN","ECR","standard","permutations","permlen",NA
"3777","17","5","STAN","ECR","standard","permutations","permlen",NA
"3778","18","5","STAN","ECR","standard","permutations","permlen",NA
"3779","19","5","STAN","ECR","standard","permutations","permlen",NA
"3780","20","5","STAN","ECR","standard","permutations","permlen",NA
"3781","1","6","STAN","ECR","standard","permutations","permlen",NA
"3782","2","6","STAN","ECR","standard","permutations","permlen",NA
"3783","3","6","STAN","ECR","standard","permutations","permlen",NA
"3784","4","6","STAN","ECR","standard","permutations","permlen",NA
"3785","5","6","STAN","ECR","standard","permutations","permlen",NA
"3786","6","6","STAN","ECR","standard","permutations","permlen",NA
"3787","7","6","STAN","ECR","standard","permutations","permlen",NA
"3788","8","6","STAN","ECR","standard","permutations","permlen",NA
"3789","9","6","STAN","ECR","standard","permutations","permlen",NA
"3790","10","6","STAN","ECR","standard","permutations","permlen",NA
"3791","11","6","STAN","ECR","standard","permutations","permlen",NA
"3792","12","6","STAN","ECR","standard","permutations","permlen",NA
"3793","13","6","STAN","ECR","standard","permutations","permlen",NA
"3794","14","6","STAN","ECR","standard","permutations","permlen",NA
"3795","15","6","STAN","ECR","standard","permutations","permlen",NA
"3796","16","6","STAN","ECR","standard","permutations","permlen",NA
"3797","17","6","STAN","ECR","standard","permutations","permlen",NA
"3798","18","6","STAN","ECR","standard","permutations","permlen",NA
"3799","19","6","STAN","ECR","standard","permutations","permlen",NA
"3800","20","6","STAN","ECR","standard","permutations","permlen",NA
"3801","1","2","JAGS","STEPHENS","standard","permutations","permlen","2"
"3802","2","2","JAGS","STEPHENS","standard","permutations","permlen","2"
"3803","3","2","JAGS","STEPHENS","standard","permutations","permlen","2"
"3804","4","2","JAGS","STEPHENS","standard","permutations","permlen","2"
"3805","5","2","JAGS","STEPHENS","standard","permutations","permlen","2"
"3806","6","2","JAGS","STEPHENS","standard","permutations","permlen","2"
"3807","7","2","JAGS","STEPHENS","standard","permutations","permlen","2"
"3808","8","2","JAGS","STEPHENS","standard","permutations","permlen","2"
"3809","9","2","JAGS","STEPHENS","standard","permutations","permlen","2"
"3810","10","2","JAGS","STEPHENS","standard","permutations","permlen","2"
"3811","11","2","JAGS","STEPHENS","standard","permutations","permlen","2"
"3812","12","2","JAGS","STEPHENS","standard","permutations","permlen","2"
"3813","13","2","JAGS","STEPHENS","standard","permutations","permlen","2"
"3814","14","2","JAGS","STEPHENS","standard","permutations","permlen","2"
"3815","15","2","JAGS","STEPHENS","standard","permutations","permlen","2"
"3816","16","2","JAGS","STEPHENS","standard","permutations","permlen","2"
"3817","17","2","JAGS","STEPHENS","standard","permutations","permlen","2"
"3818","18","2","JAGS","STEPHENS","standard","permutations","permlen","2"
"3819","19","2","JAGS","STEPHENS","standard","permutations","permlen","2"
"3820","20","2","JAGS","STEPHENS","standard","permutations","permlen","2"
"3821","1","3","JAGS","STEPHENS","standard","permutations","permlen","6"
"3822","2","3","JAGS","STEPHENS","standard","permutations","permlen","6"
"3823","3","3","JAGS","STEPHENS","standard","permutations","permlen","6"
"3824","4","3","JAGS","STEPHENS","standard","permutations","permlen","6"
"3825","5","3","JAGS","STEPHENS","standard","permutations","permlen","6"
"3826","6","3","JAGS","STEPHENS","standard","permutations","permlen","6"
"3827","7","3","JAGS","STEPHENS","standard","permutations","permlen","6"
"3828","8","3","JAGS","STEPHENS","standard","permutations","permlen","6"
"3829","9","3","JAGS","STEPHENS","standard","permutations","permlen","6"
"3830","10","3","JAGS","STEPHENS","standard","permutations","permlen","6"
"3831","11","3","JAGS","STEPHENS","standard","permutations","permlen","6"
"3832","12","3","JAGS","STEPHENS","standard","permutations","permlen","6"
"3833","13","3","JAGS","STEPHENS","standard","permutations","permlen","6"
"3834","14","3","JAGS","STEPHENS","standard","permutations","permlen","6"
"3835","15","3","JAGS","STEPHENS","standard","permutations","permlen","6"
"3836","16","3","JAGS","STEPHENS","standard","permutations","permlen","6"
"3837","17","3","JAGS","STEPHENS","standard","permutations","permlen","6"
"3838","18","3","JAGS","STEPHENS","standard","permutations","permlen","6"
"3839","19","3","JAGS","STEPHENS","standard","permutations","permlen","6"
"3840","20","3","JAGS","STEPHENS","standard","permutations","permlen","6"
"3841","1","4","JAGS","STEPHENS","standard","permutations","permlen","24"
"3842","2","4","JAGS","STEPHENS","standard","permutations","permlen","24"
"3843","3","4","JAGS","STEPHENS","standard","permutations","permlen","24"
"3844","4","4","JAGS","STEPHENS","standard","permutations","permlen","24"
"3845","5","4","JAGS","STEPHENS","standard","permutations","permlen","24"
"3846","6","4","JAGS","STEPHENS","standard","permutations","permlen","24"
"3847","7","4","JAGS","STEPHENS","standard","permutations","permlen","24"
"3848","8","4","JAGS","STEPHENS","standard","permutations","permlen","24"
"3849","9","4","JAGS","STEPHENS","standard","permutations","permlen","24"
"3850","10","4","JAGS","STEPHENS","standard","permutations","permlen","24"
"3851","11","4","JAGS","STEPHENS","standard","permutations","permlen","24"
"3852","12","4","JAGS","STEPHENS","standard","permutations","permlen","24"
"3853","13","4","JAGS","STEPHENS","standard","permutations","permlen","24"
"3854","14","4","JAGS","STEPHENS","standard","permutations","permlen","24"
"3855","15","4","JAGS","STEPHENS","standard","permutations","permlen","24"
"3856","16","4","JAGS","STEPHENS","standard","permutations","permlen","24"
"3857","17","4","JAGS","STEPHENS","standard","permutations","permlen","24"
"3858","18","4","JAGS","STEPHENS","standard","permutations","permlen","24"
"3859","19","4","JAGS","STEPHENS","standard","permutations","permlen","24"
"3860","20","4","JAGS","STEPHENS","standard","permutations","permlen","24"
"3861","1","5","JAGS","STEPHENS","standard","permutations","permlen","120"
"3862","2","5","JAGS","STEPHENS","standard","permutations","permlen","120"
"3863","3","5","JAGS","STEPHENS","standard","permutations","permlen","120"
"3864","4","5","JAGS","STEPHENS","standard","permutations","permlen","120"
"3865","5","5","JAGS","STEPHENS","standard","permutations","permlen","120"
"3866","6","5","JAGS","STEPHENS","standard","permutations","permlen","120"
"3867","7","5","JAGS","STEPHENS","standard","permutations","permlen","120"
"3868","8","5","JAGS","STEPHENS","standard","permutations","permlen","120"
"3869","9","5","JAGS","STEPHENS","standard","permutations","permlen","120"
"3870","10","5","JAGS","STEPHENS","standard","permutations","permlen","120"
"3871","11","5","JAGS","STEPHENS","standard","permutations","permlen","120"
"3872","12","5","JAGS","STEPHENS","standard","permutations","permlen","120"
"3873","13","5","JAGS","STEPHENS","standard","permutations","permlen","120"
"3874","14","5","JAGS","STEPHENS","standard","permutations","permlen","120"
"3875","15","5","JAGS","STEPHENS","standard","permutations","permlen","120"
"3876","16","5","JAGS","STEPHENS","standard","permutations","permlen","120"
"3877","17","5","JAGS","STEPHENS","standard","permutations","permlen","120"
"3878","18","5","JAGS","STEPHENS","standard","permutations","permlen","120"
"3879","19","5","JAGS","STEPHENS","standard","permutations","permlen","120"
"3880","20","5","JAGS","STEPHENS","standard","permutations","permlen","120"
"3881","1","6","JAGS","STEPHENS","standard","permutations","permlen","720"
"3882","2","6","JAGS","STEPHENS","standard","permutations","permlen","720"
"3883","3","6","JAGS","STEPHENS","standard","permutations","permlen","720"
"3884","4","6","JAGS","STEPHENS","standard","permutations","permlen","720"
"3885","5","6","JAGS","STEPHENS","standard","permutations","permlen","720"
"3886","6","6","JAGS","STEPHENS","standard","permutations","permlen","720"
"3887","7","6","JAGS","STEPHENS","standard","permutations","permlen","720"
"3888","8","6","JAGS","STEPHENS","standard","permutations","permlen","720"
"3889","9","6","JAGS","STEPHENS","standard","permutations","permlen","720"
"3890","10","6","JAGS","STEPHENS","standard","permutations","permlen","720"
"3891","11","6","JAGS","STEPHENS","standard","permutations","permlen","720"
"3892","12","6","JAGS","STEPHENS","standard","permutations","permlen","720"
"3893","13","6","JAGS","STEPHENS","standard","permutations","permlen","720"
"3894","14","6","JAGS","STEPHENS","standard","permutations","permlen","720"
"3895","15","6","JAGS","STEPHENS","standard","permutations","permlen","720"
"3896","16","6","JAGS","STEPHENS","standard","permutations","permlen","720"
"3897","17","6","JAGS","STEPHENS","standard","permutations","permlen","720"
"3898","18","6","JAGS","STEPHENS","standard","permutations","permlen","720"
"3899","19","6","JAGS","STEPHENS","standard","permutations","permlen","720"
"3900","20","6","JAGS","STEPHENS","standard","permutations","permlen","720"
"3901","1","2","STAN","STEPHENS","standard","permutations","permlen","2"
"3902","2","2","STAN","STEPHENS","standard","permutations","permlen","2"
"3903","3","2","STAN","STEPHENS","standard","permutations","permlen","2"
"3904","4","2","STAN","STEPHENS","standard","permutations","permlen","2"
"3905","5","2","STAN","STEPHENS","standard","permutations","permlen","2"
"3906","6","2","STAN","STEPHENS","standard","permutations","permlen","2"
"3907","7","2","STAN","STEPHENS","standard","permutations","permlen","2"
"3908","8","2","STAN","STEPHENS","standard","permutations","permlen","2"
"3909","9","2","STAN","STEPHENS","standard","permutations","permlen","2"
"3910","10","2","STAN","STEPHENS","standard","permutations","permlen","2"
"3911","11","2","STAN","STEPHENS","standard","permutations","permlen","2"
"3912","12","2","STAN","STEPHENS","standard","permutations","permlen","2"
"3913","13","2","STAN","STEPHENS","standard","permutations","permlen","2"
"3914","14","2","STAN","STEPHENS","standard","permutations","permlen","2"
"3915","15","2","STAN","STEPHENS","standard","permutations","permlen","2"
"3916","16","2","STAN","STEPHENS","standard","permutations","permlen","2"
"3917","17","2","STAN","STEPHENS","standard","permutations","permlen","2"
"3918","18","2","STAN","STEPHENS","standard","permutations","permlen","2"
"3919","19","2","STAN","STEPHENS","standard","permutations","permlen","2"
"3920","20","2","STAN","STEPHENS","standard","permutations","permlen","2"
"3921","1","3","STAN","STEPHENS","standard","permutations","permlen","6"
"3922","2","3","STAN","STEPHENS","standard","permutations","permlen","6"
"3923","3","3","STAN","STEPHENS","standard","permutations","permlen","6"
"3924","4","3","STAN","STEPHENS","standard","permutations","permlen","6"
"3925","5","3","STAN","STEPHENS","standard","permutations","permlen","6"
"3926","6","3","STAN","STEPHENS","standard","permutations","permlen","6"
"3927","7","3","STAN","STEPHENS","standard","permutations","permlen","6"
"3928","8","3","STAN","STEPHENS","standard","permutations","permlen","6"
"3929","9","3","STAN","STEPHENS","standard","permutations","permlen","6"
"3930","10","3","STAN","STEPHENS","standard","permutations","permlen","6"
"3931","11","3","STAN","STEPHENS","standard","permutations","permlen","6"
"3932","12","3","STAN","STEPHENS","standard","permutations","permlen","6"
"3933","13","3","STAN","STEPHENS","standard","permutations","permlen","6"
"3934","14","3","STAN","STEPHENS","standard","permutations","permlen","6"
"3935","15","3","STAN","STEPHENS","standard","permutations","permlen","6"
"3936","16","3","STAN","STEPHENS","standard","permutations","permlen","6"
"3937","17","3","STAN","STEPHENS","standard","permutations","permlen","6"
"3938","18","3","STAN","STEPHENS","standard","permutations","permlen","6"
"3939","19","3","STAN","STEPHENS","standard","permutations","permlen","6"
"3940","20","3","STAN","STEPHENS","standard","permutations","permlen","6"
"3941","1","4","STAN","STEPHENS","standard","permutations","permlen","24"
"3942","2","4","STAN","STEPHENS","standard","permutations","permlen","24"
"3943","3","4","STAN","STEPHENS","standard","permutations","permlen","24"
"3944","4","4","STAN","STEPHENS","standard","permutations","permlen","24"
"3945","5","4","STAN","STEPHENS","standard","permutations","permlen","24"
"3946","6","4","STAN","STEPHENS","standard","permutations","permlen","24"
"3947","7","4","STAN","STEPHENS","standard","permutations","permlen","24"
"3948","8","4","STAN","STEPHENS","standard","permutations","permlen","24"
"3949","9","4","STAN","STEPHENS","standard","permutations","permlen","24"
"3950","10","4","STAN","STEPHENS","standard","permutations","permlen","24"
"3951","11","4","STAN","STEPHENS","standard","permutations","permlen","24"
"3952","12","4","STAN","STEPHENS","standard","permutations","permlen","24"
"3953","13","4","STAN","STEPHENS","standard","permutations","permlen","24"
"3954","14","4","STAN","STEPHENS","standard","permutations","permlen","24"
"3955","15","4","STAN","STEPHENS","standard","permutations","permlen","24"
"3956","16","4","STAN","STEPHENS","standard","permutations","permlen","24"
"3957","17","4","STAN","STEPHENS","standard","permutations","permlen","24"
"3958","18","4","STAN","STEPHENS","standard","permutations","permlen","24"
"3959","19","4","STAN","STEPHENS","standard","permutations","permlen","24"
"3960","20","4","STAN","STEPHENS","standard","permutations","permlen","24"
"3961","1","5","STAN","STEPHENS","standard","permutations","permlen","120"
"3962","2","5","STAN","STEPHENS","standard","permutations","permlen","120"
"3963","3","5","STAN","STEPHENS","standard","permutations","permlen","120"
"3964","4","5","STAN","STEPHENS","standard","permutations","permlen","120"
"3965","5","5","STAN","STEPHENS","standard","permutations","permlen","120"
"3966","6","5","STAN","STEPHENS","standard","permutations","permlen","120"
"3967","7","5","STAN","STEPHENS","standard","permutations","permlen","120"
"3968","8","5","STAN","STEPHENS","standard","permutations","permlen","120"
"3969","9","5","STAN","STEPHENS","standard","permutations","permlen","120"
"3970","10","5","STAN","STEPHENS","standard","permutations","permlen","120"
"3971","11","5","STAN","STEPHENS","standard","permutations","permlen","120"
"3972","12","5","STAN","STEPHENS","standard","permutations","permlen","120"
"3973","13","5","STAN","STEPHENS","standard","permutations","permlen","120"
"3974","14","5","STAN","STEPHENS","standard","permutations","permlen","120"
"3975","15","5","STAN","STEPHENS","standard","permutations","permlen","120"
"3976","16","5","STAN","STEPHENS","standard","permutations","permlen","120"
"3977","17","5","STAN","STEPHENS","standard","permutations","permlen","120"
"3978","18","5","STAN","STEPHENS","standard","permutations","permlen","120"
"3979","19","5","STAN","STEPHENS","standard","permutations","permlen","120"
"3980","20","5","STAN","STEPHENS","standard","permutations","permlen","120"
"3981","1","6","STAN","STEPHENS","standard","permutations","permlen","720"
"3982","2","6","STAN","STEPHENS","standard","permutations","permlen","720"
"3983","3","6","STAN","STEPHENS","standard","permutations","permlen","720"
"3984","4","6","STAN","STEPHENS","standard","permutations","permlen","720"
"3985","5","6","STAN","STEPHENS","standard","permutations","permlen","720"
"3986","6","6","STAN","STEPHENS","standard","permutations","permlen","720"
"3987","7","6","STAN","STEPHENS","standard","permutations","permlen","720"
"3988","8","6","STAN","STEPHENS","standard","permutations","permlen","720"
"3989","9","6","STAN","STEPHENS","standard","permutations","permlen","720"
"3990","10","6","STAN","STEPHENS","standard","permutations","permlen","720"
"3991","11","6","STAN","STEPHENS","standard","permutations","permlen","720"
"3992","12","6","STAN","STEPHENS","standard","permutations","permlen","720"
"3993","13","6","STAN","STEPHENS","standard","permutations","permlen","720"
"3994","14","6","STAN","STEPHENS","standard","permutations","permlen","720"
"3995","15","6","STAN","STEPHENS","standard","permutations","permlen","720"
"3996","16","6","STAN","STEPHENS","standard","permutations","permlen","720"
"3997","17","6","STAN","STEPHENS","standard","permutations","permlen","720"
"3998","18","6","STAN","STEPHENS","standard","permutations","permlen","720"
"3999","19","6","STAN","STEPHENS","standard","permutations","permlen","720"
"4000","20","6","STAN","STEPHENS","standard","permutations","permlen","720"
"4001","1","2","JAGS","ECR","standard","simple","alpha","0.5"
"4002","2","2","JAGS","ECR","standard","simple","alpha","0.5"
"4003","3","2","JAGS","ECR","standard","simple","alpha","0.5"
"4004","4","2","JAGS","ECR","standard","simple","alpha","0.5"
"4005","5","2","JAGS","ECR","standard","simple","alpha","0.4998"
"4006","6","2","JAGS","ECR","standard","simple","alpha","0.5"
"4007","7","2","JAGS","ECR","standard","simple","alpha","0.5"
"4008","8","2","JAGS","ECR","standard","simple","alpha","0.5"
"4009","9","2","JAGS","ECR","standard","simple","alpha","0.5"
"4010","10","2","JAGS","ECR","standard","simple","alpha","0.5"
"4011","11","2","JAGS","ECR","standard","simple","alpha","0.4898"
"4012","12","2","JAGS","ECR","standard","simple","alpha","0.5"
"4013","13","2","JAGS","ECR","standard","simple","alpha","0.5"
"4014","14","2","JAGS","ECR","standard","simple","alpha","0.5"
"4015","15","2","JAGS","ECR","standard","simple","alpha","0.5"
"4016","16","2","JAGS","ECR","standard","simple","alpha","0.5"
"4017","17","2","JAGS","ECR","standard","simple","alpha","0.5"
"4018","18","2","JAGS","ECR","standard","simple","alpha","0.5"
"4019","19","2","JAGS","ECR","standard","simple","alpha","0.5"
"4020","20","2","JAGS","ECR","standard","simple","alpha","0.5"
"4021","1","3","JAGS","ECR","standard","simple","alpha","0.5"
"4022","2","3","JAGS","ECR","standard","simple","alpha","0.5"
"4023","3","3","JAGS","ECR","standard","simple","alpha","0.5"
"4024","4","3","JAGS","ECR","standard","simple","alpha","0.5"
"4025","5","3","JAGS","ECR","standard","simple","alpha","0.5"
"4026","6","3","JAGS","ECR","standard","simple","alpha","0.5"
"4027","7","3","JAGS","ECR","standard","simple","alpha","0.5"
"4028","8","3","JAGS","ECR","standard","simple","alpha","0.5"
"4029","9","3","JAGS","ECR","standard","simple","alpha","0.5"
"4030","10","3","JAGS","ECR","standard","simple","alpha","0.5"
"4031","11","3","JAGS","ECR","standard","simple","alpha","0.5"
"4032","12","3","JAGS","ECR","standard","simple","alpha","0.5"
"4033","13","3","JAGS","ECR","standard","simple","alpha","0.5"
"4034","14","3","JAGS","ECR","standard","simple","alpha","0.5"
"4035","15","3","JAGS","ECR","standard","simple","alpha","0.5"
"4036","16","3","JAGS","ECR","standard","simple","alpha","0.5"
"4037","17","3","JAGS","ECR","standard","simple","alpha","0.5"
"4038","18","3","JAGS","ECR","standard","simple","alpha","0.5"
"4039","19","3","JAGS","ECR","standard","simple","alpha","0.5"
"4040","20","3","JAGS","ECR","standard","simple","alpha","0.5"
"4041","1","4","JAGS","ECR","standard","simple","alpha","0.5"
"4042","2","4","JAGS","ECR","standard","simple","alpha","0.5"
"4043","3","4","JAGS","ECR","standard","simple","alpha","0.5"
"4044","4","4","JAGS","ECR","standard","simple","alpha","0.5"
"4045","5","4","JAGS","ECR","standard","simple","alpha","0.5"
"4046","6","4","JAGS","ECR","standard","simple","alpha","0.5"
"4047","7","4","JAGS","ECR","standard","simple","alpha","0.5"
"4048","8","4","JAGS","ECR","standard","simple","alpha","0.5"
"4049","9","4","JAGS","ECR","standard","simple","alpha","0.5"
"4050","10","4","JAGS","ECR","standard","simple","alpha","0.5"
"4051","11","4","JAGS","ECR","standard","simple","alpha","0.5"
"4052","12","4","JAGS","ECR","standard","simple","alpha","0.5"
"4053","13","4","JAGS","ECR","standard","simple","alpha","0.5"
"4054","14","4","JAGS","ECR","standard","simple","alpha","0.5"
"4055","15","4","JAGS","ECR","standard","simple","alpha","0.5"
"4056","16","4","JAGS","ECR","standard","simple","alpha","0.5"
"4057","17","4","JAGS","ECR","standard","simple","alpha","0.5"
"4058","18","4","JAGS","ECR","standard","simple","alpha","0.5"
"4059","19","4","JAGS","ECR","standard","simple","alpha","0.5"
"4060","20","4","JAGS","ECR","standard","simple","alpha","0.5"
"4061","1","5","JAGS","ECR","standard","simple","alpha","0.5"
"4062","2","5","JAGS","ECR","standard","simple","alpha","0.5"
"4063","3","5","JAGS","ECR","standard","simple","alpha","0.5"
"4064","4","5","JAGS","ECR","standard","simple","alpha","0.5"
"4065","5","5","JAGS","ECR","standard","simple","alpha","0.5"
"4066","6","5","JAGS","ECR","standard","simple","alpha","0.5"
"4067","7","5","JAGS","ECR","standard","simple","alpha","0.5"
"4068","8","5","JAGS","ECR","standard","simple","alpha","0.5"
"4069","9","5","JAGS","ECR","standard","simple","alpha","0.5"
"4070","10","5","JAGS","ECR","standard","simple","alpha","0.5"
"4071","11","5","JAGS","ECR","standard","simple","alpha","0.5"
"4072","12","5","JAGS","ECR","standard","simple","alpha","0.5"
"4073","13","5","JAGS","ECR","standard","simple","alpha","0.5"
"4074","14","5","JAGS","ECR","standard","simple","alpha","0.5"
"4075","15","5","JAGS","ECR","standard","simple","alpha","0.5"
"4076","16","5","JAGS","ECR","standard","simple","alpha","0.5"
"4077","17","5","JAGS","ECR","standard","simple","alpha","0.5"
"4078","18","5","JAGS","ECR","standard","simple","alpha","0.5"
"4079","19","5","JAGS","ECR","standard","simple","alpha","0.5"
"4080","20","5","JAGS","ECR","standard","simple","alpha","0.5"
"4081","1","6","JAGS","ECR","standard","simple","alpha","0.5"
"4082","2","6","JAGS","ECR","standard","simple","alpha","0.5"
"4083","3","6","JAGS","ECR","standard","simple","alpha","0.5"
"4084","4","6","JAGS","ECR","standard","simple","alpha","0.5"
"4085","5","6","JAGS","ECR","standard","simple","alpha","0.5"
"4086","6","6","JAGS","ECR","standard","simple","alpha","0.5"
"4087","7","6","JAGS","ECR","standard","simple","alpha","0.5"
"4088","8","6","JAGS","ECR","standard","simple","alpha","0.5"
"4089","9","6","JAGS","ECR","standard","simple","alpha","0.5"
"4090","10","6","JAGS","ECR","standard","simple","alpha","0.5"
"4091","11","6","JAGS","ECR","standard","simple","alpha","0.5"
"4092","12","6","JAGS","ECR","standard","simple","alpha","0.5"
"4093","13","6","JAGS","ECR","standard","simple","alpha","0.5"
"4094","14","6","JAGS","ECR","standard","simple","alpha","0.5"
"4095","15","6","JAGS","ECR","standard","simple","alpha","0.5"
"4096","16","6","JAGS","ECR","standard","simple","alpha","0.5"
"4097","17","6","JAGS","ECR","standard","simple","alpha","0.5"
"4098","18","6","JAGS","ECR","standard","simple","alpha","0.5"
"4099","19","6","JAGS","ECR","standard","simple","alpha","0.5"
"4100","20","6","JAGS","ECR","standard","simple","alpha","0.5"
"4101","1","2","STAN","ECR","standard","simple","alpha",NA
"4102","2","2","STAN","ECR","standard","simple","alpha",NA
"4103","3","2","STAN","ECR","standard","simple","alpha",NA
"4104","4","2","STAN","ECR","standard","simple","alpha",NA
"4105","5","2","STAN","ECR","standard","simple","alpha",NA
"4106","6","2","STAN","ECR","standard","simple","alpha",NA
"4107","7","2","STAN","ECR","standard","simple","alpha",NA
"4108","8","2","STAN","ECR","standard","simple","alpha",NA
"4109","9","2","STAN","ECR","standard","simple","alpha",NA
"4110","10","2","STAN","ECR","standard","simple","alpha",NA
"4111","11","2","STAN","ECR","standard","simple","alpha",NA
"4112","12","2","STAN","ECR","standard","simple","alpha",NA
"4113","13","2","STAN","ECR","standard","simple","alpha",NA
"4114","14","2","STAN","ECR","standard","simple","alpha",NA
"4115","15","2","STAN","ECR","standard","simple","alpha",NA
"4116","16","2","STAN","ECR","standard","simple","alpha",NA
"4117","17","2","STAN","ECR","standard","simple","alpha",NA
"4118","18","2","STAN","ECR","standard","simple","alpha",NA
"4119","19","2","STAN","ECR","standard","simple","alpha",NA
"4120","20","2","STAN","ECR","standard","simple","alpha",NA
"4121","1","3","STAN","ECR","standard","simple","alpha",NA
"4122","2","3","STAN","ECR","standard","simple","alpha",NA
"4123","3","3","STAN","ECR","standard","simple","alpha",NA
"4124","4","3","STAN","ECR","standard","simple","alpha",NA
"4125","5","3","STAN","ECR","standard","simple","alpha",NA
"4126","6","3","STAN","ECR","standard","simple","alpha",NA
"4127","7","3","STAN","ECR","standard","simple","alpha",NA
"4128","8","3","STAN","ECR","standard","simple","alpha",NA
"4129","9","3","STAN","ECR","standard","simple","alpha",NA
"4130","10","3","STAN","ECR","standard","simple","alpha",NA
"4131","11","3","STAN","ECR","standard","simple","alpha",NA
"4132","12","3","STAN","ECR","standard","simple","alpha",NA
"4133","13","3","STAN","ECR","standard","simple","alpha",NA
"4134","14","3","STAN","ECR","standard","simple","alpha",NA
"4135","15","3","STAN","ECR","standard","simple","alpha",NA
"4136","16","3","STAN","ECR","standard","simple","alpha",NA
"4137","17","3","STAN","ECR","standard","simple","alpha",NA
"4138","18","3","STAN","ECR","standard","simple","alpha",NA
"4139","19","3","STAN","ECR","standard","simple","alpha",NA
"4140","20","3","STAN","ECR","standard","simple","alpha",NA
"4141","1","4","STAN","ECR","standard","simple","alpha",NA
"4142","2","4","STAN","ECR","standard","simple","alpha",NA
"4143","3","4","STAN","ECR","standard","simple","alpha",NA
"4144","4","4","STAN","ECR","standard","simple","alpha",NA
"4145","5","4","STAN","ECR","standard","simple","alpha",NA
"4146","6","4","STAN","ECR","standard","simple","alpha",NA
"4147","7","4","STAN","ECR","standard","simple","alpha",NA
"4148","8","4","STAN","ECR","standard","simple","alpha",NA
"4149","9","4","STAN","ECR","standard","simple","alpha",NA
"4150","10","4","STAN","ECR","standard","simple","alpha",NA
"4151","11","4","STAN","ECR","standard","simple","alpha",NA
"4152","12","4","STAN","ECR","standard","simple","alpha",NA
"4153","13","4","STAN","ECR","standard","simple","alpha",NA
"4154","14","4","STAN","ECR","standard","simple","alpha",NA
"4155","15","4","STAN","ECR","standard","simple","alpha",NA
"4156","16","4","STAN","ECR","standard","simple","alpha",NA
"4157","17","4","STAN","ECR","standard","simple","alpha",NA
"4158","18","4","STAN","ECR","standard","simple","alpha",NA
"4159","19","4","STAN","ECR","standard","simple","alpha",NA
"4160","20","4","STAN","ECR","standard","simple","alpha",NA
"4161","1","5","STAN","ECR","standard","simple","alpha",NA
"4162","2","5","STAN","ECR","standard","simple","alpha",NA
"4163","3","5","STAN","ECR","standard","simple","alpha",NA
"4164","4","5","STAN","ECR","standard","simple","alpha",NA
"4165","5","5","STAN","ECR","standard","simple","alpha",NA
"4166","6","5","STAN","ECR","standard","simple","alpha",NA
"4167","7","5","STAN","ECR","standard","simple","alpha",NA
"4168","8","5","STAN","ECR","standard","simple","alpha",NA
"4169","9","5","STAN","ECR","standard","simple","alpha",NA
"4170","10","5","STAN","ECR","standard","simple","alpha",NA
"4171","11","5","STAN","ECR","standard","simple","alpha",NA
"4172","12","5","STAN","ECR","standard","simple","alpha",NA
"4173","13","5","STAN","ECR","standard","simple","alpha",NA
"4174","14","5","STAN","ECR","standard","simple","alpha",NA
"4175","15","5","STAN","ECR","standard","simple","alpha",NA
"4176","16","5","STAN","ECR","standard","simple","alpha",NA
"4177","17","5","STAN","ECR","standard","simple","alpha",NA
"4178","18","5","STAN","ECR","standard","simple","alpha",NA
"4179","19","5","STAN","ECR","standard","simple","alpha",NA
"4180","20","5","STAN","ECR","standard","simple","alpha",NA
"4181","1","6","STAN","ECR","standard","simple","alpha",NA
"4182","2","6","STAN","ECR","standard","simple","alpha",NA
"4183","3","6","STAN","ECR","standard","simple","alpha",NA
"4184","4","6","STAN","ECR","standard","simple","alpha",NA
"4185","5","6","STAN","ECR","standard","simple","alpha",NA
"4186","6","6","STAN","ECR","standard","simple","alpha",NA
"4187","7","6","STAN","ECR","standard","simple","alpha",NA
"4188","8","6","STAN","ECR","standard","simple","alpha",NA
"4189","9","6","STAN","ECR","standard","simple","alpha",NA
"4190","10","6","STAN","ECR","standard","simple","alpha",NA
"4191","11","6","STAN","ECR","standard","simple","alpha",NA
"4192","12","6","STAN","ECR","standard","simple","alpha",NA
"4193","13","6","STAN","ECR","standard","simple","alpha",NA
"4194","14","6","STAN","ECR","standard","simple","alpha",NA
"4195","15","6","STAN","ECR","standard","simple","alpha",NA
"4196","16","6","STAN","ECR","standard","simple","alpha",NA
"4197","17","6","STAN","ECR","standard","simple","alpha",NA
"4198","18","6","STAN","ECR","standard","simple","alpha",NA
"4199","19","6","STAN","ECR","standard","simple","alpha",NA
"4200","20","6","STAN","ECR","standard","simple","alpha",NA
"4201","1","2","JAGS","STEPHENS","standard","simple","alpha","0.5"
"4202","2","2","JAGS","STEPHENS","standard","simple","alpha","0.5"
"4203","3","2","JAGS","STEPHENS","standard","simple","alpha","0.5"
"4204","4","2","JAGS","STEPHENS","standard","simple","alpha","0.5"
"4205","5","2","JAGS","STEPHENS","standard","simple","alpha","0.4998"
"4206","6","2","JAGS","STEPHENS","standard","simple","alpha","0.5"
"4207","7","2","JAGS","STEPHENS","standard","simple","alpha","0.5"
"4208","8","2","JAGS","STEPHENS","standard","simple","alpha","0.5"
"4209","9","2","JAGS","STEPHENS","standard","simple","alpha","0.5"
"4210","10","2","JAGS","STEPHENS","standard","simple","alpha","0.5"
"4211","11","2","JAGS","STEPHENS","standard","simple","alpha","0.4898"
"4212","12","2","JAGS","STEPHENS","standard","simple","alpha","0.5"
"4213","13","2","JAGS","STEPHENS","standard","simple","alpha","0.5"
"4214","14","2","JAGS","STEPHENS","standard","simple","alpha","0.5"
"4215","15","2","JAGS","STEPHENS","standard","simple","alpha","0.5"
"4216","16","2","JAGS","STEPHENS","standard","simple","alpha","0.5"
"4217","17","2","JAGS","STEPHENS","standard","simple","alpha","0.5"
"4218","18","2","JAGS","STEPHENS","standard","simple","alpha","0.5"
"4219","19","2","JAGS","STEPHENS","standard","simple","alpha","0.5"
"4220","20","2","JAGS","STEPHENS","standard","simple","alpha","0.5"
"4221","1","3","JAGS","STEPHENS","standard","simple","alpha","0.5"
"4222","2","3","JAGS","STEPHENS","standard","simple","alpha","0.5"
"4223","3","3","JAGS","STEPHENS","standard","simple","alpha","0.5"
"4224","4","3","JAGS","STEPHENS","standard","simple","alpha","0.5"
"4225","5","3","JAGS","STEPHENS","standard","simple","alpha","0.5"
"4226","6","3","JAGS","STEPHENS","standard","simple","alpha","0.5"
"4227","7","3","JAGS","STEPHENS","standard","simple","alpha","0.5"
"4228","8","3","JAGS","STEPHENS","standard","simple","alpha","0.5"
"4229","9","3","JAGS","STEPHENS","standard","simple","alpha","0.5"
"4230","10","3","JAGS","STEPHENS","standard","simple","alpha","0.5"
"4231","11","3","JAGS","STEPHENS","standard","simple","alpha","0.5"
"4232","12","3","JAGS","STEPHENS","standard","simple","alpha","0.5"
"4233","13","3","JAGS","STEPHENS","standard","simple","alpha","0.5"
"4234","14","3","JAGS","STEPHENS","standard","simple","alpha","0.5"
"4235","15","3","JAGS","STEPHENS","standard","simple","alpha","0.5"
"4236","16","3","JAGS","STEPHENS","standard","simple","alpha","0.5"
"4237","17","3","JAGS","STEPHENS","standard","simple","alpha","0.5"
"4238","18","3","JAGS","STEPHENS","standard","simple","alpha","0.5"
"4239","19","3","JAGS","STEPHENS","standard","simple","alpha","0.5"
"4240","20","3","JAGS","STEPHENS","standard","simple","alpha","0.5"
"4241","1","4","JAGS","STEPHENS","standard","simple","alpha","0.5"
"4242","2","4","JAGS","STEPHENS","standard","simple","alpha","0.5"
"4243","3","4","JAGS","STEPHENS","standard","simple","alpha","0.5"
"4244","4","4","JAGS","STEPHENS","standard","simple","alpha","0.5"
"4245","5","4","JAGS","STEPHENS","standard","simple","alpha","0.5"
"4246","6","4","JAGS","STEPHENS","standard","simple","alpha","0.5"
"4247","7","4","JAGS","STEPHENS","standard","simple","alpha","0.5"
"4248","8","4","JAGS","STEPHENS","standard","simple","alpha","0.5"
"4249","9","4","JAGS","STEPHENS","standard","simple","alpha","0.5"
"4250","10","4","JAGS","STEPHENS","standard","simple","alpha","0.5"
"4251","11","4","JAGS","STEPHENS","standard","simple","alpha","0.5"
"4252","12","4","JAGS","STEPHENS","standard","simple","alpha","0.5"
"4253","13","4","JAGS","STEPHENS","standard","simple","alpha","0.5"
"4254","14","4","JAGS","STEPHENS","standard","simple","alpha","0.5"
"4255","15","4","JAGS","STEPHENS","standard","simple","alpha","0.5"
"4256","16","4","JAGS","STEPHENS","standard","simple","alpha","0.5"
"4257","17","4","JAGS","STEPHENS","standard","simple","alpha","0.5"
"4258","18","4","JAGS","STEPHENS","standard","simple","alpha","0.5"
"4259","19","4","JAGS","STEPHENS","standard","simple","alpha","0.5"
"4260","20","4","JAGS","STEPHENS","standard","simple","alpha","0.5"
"4261","1","5","JAGS","STEPHENS","standard","simple","alpha","0.5"
"4262","2","5","JAGS","STEPHENS","standard","simple","alpha","0.5"
"4263","3","5","JAGS","STEPHENS","standard","simple","alpha","0.5"
"4264","4","5","JAGS","STEPHENS","standard","simple","alpha","0.5"
"4265","5","5","JAGS","STEPHENS","standard","simple","alpha","0.5"
"4266","6","5","JAGS","STEPHENS","standard","simple","alpha","0.5"
"4267","7","5","JAGS","STEPHENS","standard","simple","alpha","0.5"
"4268","8","5","JAGS","STEPHENS","standard","simple","alpha","0.5"
"4269","9","5","JAGS","STEPHENS","standard","simple","alpha","0.5"
"4270","10","5","JAGS","STEPHENS","standard","simple","alpha","0.5"
"4271","11","5","JAGS","STEPHENS","standard","simple","alpha","0.5"
"4272","12","5","JAGS","STEPHENS","standard","simple","alpha","0.5"
"4273","13","5","JAGS","STEPHENS","standard","simple","alpha","0.5"
"4274","14","5","JAGS","STEPHENS","standard","simple","alpha","0.5"
"4275","15","5","JAGS","STEPHENS","standard","simple","alpha","0.5"
"4276","16","5","JAGS","STEPHENS","standard","simple","alpha","0.5"
"4277","17","5","JAGS","STEPHENS","standard","simple","alpha","0.5"
"4278","18","5","JAGS","STEPHENS","standard","simple","alpha","0.5"
"4279","19","5","JAGS","STEPHENS","standard","simple","alpha","0.5"
"4280","20","5","JAGS","STEPHENS","standard","simple","alpha","0.5"
"4281","1","6","JAGS","STEPHENS","standard","simple","alpha","0.5"
"4282","2","6","JAGS","STEPHENS","standard","simple","alpha","0.5"
"4283","3","6","JAGS","STEPHENS","standard","simple","alpha","0.5"
"4284","4","6","JAGS","STEPHENS","standard","simple","alpha","0.5"
"4285","5","6","JAGS","STEPHENS","standard","simple","alpha","0.5"
"4286","6","6","JAGS","STEPHENS","standard","simple","alpha","0.5"
"4287","7","6","JAGS","STEPHENS","standard","simple","alpha","0.5"
"4288","8","6","JAGS","STEPHENS","standard","simple","alpha","0.5"
"4289","9","6","JAGS","STEPHENS","standard","simple","alpha","0.5"
"4290","10","6","JAGS","STEPHENS","standard","simple","alpha","0.5"
"4291","11","6","JAGS","STEPHENS","standard","simple","alpha","0.5"
"4292","12","6","JAGS","STEPHENS","standard","simple","alpha","0.5"
"4293","13","6","JAGS","STEPHENS","standard","simple","alpha","0.5"
"4294","14","6","JAGS","STEPHENS","standard","simple","alpha","0.5"
"4295","15","6","JAGS","STEPHENS","standard","simple","alpha","0.5"
"4296","16","6","JAGS","STEPHENS","standard","simple","alpha","0.5"
"4297","17","6","JAGS","STEPHENS","standard","simple","alpha","0.5"
"4298","18","6","JAGS","STEPHENS","standard","simple","alpha","0.5"
"4299","19","6","JAGS","STEPHENS","standard","simple","alpha","0.5"
"4300","20","6","JAGS","STEPHENS","standard","simple","alpha","0.5"
"4301","1","2","STAN","STEPHENS","standard","simple","alpha","0.5"
"4302","2","2","STAN","STEPHENS","standard","simple","alpha","0.5"
"4303","3","2","STAN","STEPHENS","standard","simple","alpha","0.5"
"4304","4","2","STAN","STEPHENS","standard","simple","alpha","0.5"
"4305","5","2","STAN","STEPHENS","standard","simple","alpha","0.5"
"4306","6","2","STAN","STEPHENS","standard","simple","alpha","0.5"
"4307","7","2","STAN","STEPHENS","standard","simple","alpha","0.5"
"4308","8","2","STAN","STEPHENS","standard","simple","alpha","0.5"
"4309","9","2","STAN","STEPHENS","standard","simple","alpha","0.5"
"4310","10","2","STAN","STEPHENS","standard","simple","alpha","0.5"
"4311","11","2","STAN","STEPHENS","standard","simple","alpha","0.5"
"4312","12","2","STAN","STEPHENS","standard","simple","alpha","0.5"
"4313","13","2","STAN","STEPHENS","standard","simple","alpha","0.5"
"4314","14","2","STAN","STEPHENS","standard","simple","alpha","0.5"
"4315","15","2","STAN","STEPHENS","standard","simple","alpha","0.5"
"4316","16","2","STAN","STEPHENS","standard","simple","alpha","0.5"
"4317","17","2","STAN","STEPHENS","standard","simple","alpha","0.5"
"4318","18","2","STAN","STEPHENS","standard","simple","alpha","0.5"
"4319","19","2","STAN","STEPHENS","standard","simple","alpha","0.5"
"4320","20","2","STAN","STEPHENS","standard","simple","alpha","0.5"
"4321","1","3","STAN","STEPHENS","standard","simple","alpha","0.5"
"4322","2","3","STAN","STEPHENS","standard","simple","alpha","0.5"
"4323","3","3","STAN","STEPHENS","standard","simple","alpha","0.5"
"4324","4","3","STAN","STEPHENS","standard","simple","alpha","0.5"
"4325","5","3","STAN","STEPHENS","standard","simple","alpha","0.5"
"4326","6","3","STAN","STEPHENS","standard","simple","alpha","0.5"
"4327","7","3","STAN","STEPHENS","standard","simple","alpha","0.5"
"4328","8","3","STAN","STEPHENS","standard","simple","alpha","0.5"
"4329","9","3","STAN","STEPHENS","standard","simple","alpha","0.5"
"4330","10","3","STAN","STEPHENS","standard","simple","alpha","0.5"
"4331","11","3","STAN","STEPHENS","standard","simple","alpha","0.5"
"4332","12","3","STAN","STEPHENS","standard","simple","alpha","0.5"
"4333","13","3","STAN","STEPHENS","standard","simple","alpha","0.5"
"4334","14","3","STAN","STEPHENS","standard","simple","alpha","0.5"
"4335","15","3","STAN","STEPHENS","standard","simple","alpha","0.5"
"4336","16","3","STAN","STEPHENS","standard","simple","alpha","0.5"
"4337","17","3","STAN","STEPHENS","standard","simple","alpha","0.5"
"4338","18","3","STAN","STEPHENS","standard","simple","alpha","0.5"
"4339","19","3","STAN","STEPHENS","standard","simple","alpha","0.5"
"4340","20","3","STAN","STEPHENS","standard","simple","alpha","0.5"
"4341","1","4","STAN","STEPHENS","standard","simple","alpha","0.5"
"4342","2","4","STAN","STEPHENS","standard","simple","alpha","0.5"
"4343","3","4","STAN","STEPHENS","standard","simple","alpha","0.5"
"4344","4","4","STAN","STEPHENS","standard","simple","alpha","0.5"
"4345","5","4","STAN","STEPHENS","standard","simple","alpha","0.5"
"4346","6","4","STAN","STEPHENS","standard","simple","alpha","0.5"
"4347","7","4","STAN","STEPHENS","standard","simple","alpha","0.5"
"4348","8","4","STAN","STEPHENS","standard","simple","alpha","0.5"
"4349","9","4","STAN","STEPHENS","standard","simple","alpha","0.5"
"4350","10","4","STAN","STEPHENS","standard","simple","alpha","0.5"
"4351","11","4","STAN","STEPHENS","standard","simple","alpha","0.5"
"4352","12","4","STAN","STEPHENS","standard","simple","alpha","0.5"
"4353","13","4","STAN","STEPHENS","standard","simple","alpha","0.5"
"4354","14","4","STAN","STEPHENS","standard","simple","alpha","0.5"
"4355","15","4","STAN","STEPHENS","standard","simple","alpha","0.5"
"4356","16","4","STAN","STEPHENS","standard","simple","alpha","0.5"
"4357","17","4","STAN","STEPHENS","standard","simple","alpha","0.5"
"4358","18","4","STAN","STEPHENS","standard","simple","alpha","0.5"
"4359","19","4","STAN","STEPHENS","standard","simple","alpha","0.5"
"4360","20","4","STAN","STEPHENS","standard","simple","alpha","0.5"
"4361","1","5","STAN","STEPHENS","standard","simple","alpha","0.5"
"4362","2","5","STAN","STEPHENS","standard","simple","alpha","0.5"
"4363","3","5","STAN","STEPHENS","standard","simple","alpha","0.5"
"4364","4","5","STAN","STEPHENS","standard","simple","alpha","0.5"
"4365","5","5","STAN","STEPHENS","standard","simple","alpha","0.5"
"4366","6","5","STAN","STEPHENS","standard","simple","alpha","0.5"
"4367","7","5","STAN","STEPHENS","standard","simple","alpha","0.5"
"4368","8","5","STAN","STEPHENS","standard","simple","alpha","0.5"
"4369","9","5","STAN","STEPHENS","standard","simple","alpha","0.5"
"4370","10","5","STAN","STEPHENS","standard","simple","alpha","0.5"
"4371","11","5","STAN","STEPHENS","standard","simple","alpha","0.5"
"4372","12","5","STAN","STEPHENS","standard","simple","alpha","0.5"
"4373","13","5","STAN","STEPHENS","standard","simple","alpha","0.5"
"4374","14","5","STAN","STEPHENS","standard","simple","alpha","0.5"
"4375","15","5","STAN","STEPHENS","standard","simple","alpha","0.5"
"4376","16","5","STAN","STEPHENS","standard","simple","alpha","0.5"
"4377","17","5","STAN","STEPHENS","standard","simple","alpha","0.5"
"4378","18","5","STAN","STEPHENS","standard","simple","alpha","0.5"
"4379","19","5","STAN","STEPHENS","standard","simple","alpha","0.5"
"4380","20","5","STAN","STEPHENS","standard","simple","alpha","0.5"
"4381","1","6","STAN","STEPHENS","standard","simple","alpha","0.5"
"4382","2","6","STAN","STEPHENS","standard","simple","alpha","0.5"
"4383","3","6","STAN","STEPHENS","standard","simple","alpha","0.5"
"4384","4","6","STAN","STEPHENS","standard","simple","alpha","0.5"
"4385","5","6","STAN","STEPHENS","standard","simple","alpha","0.5"
"4386","6","6","STAN","STEPHENS","standard","simple","alpha","0.5"
"4387","7","6","STAN","STEPHENS","standard","simple","alpha","0.5"
"4388","8","6","STAN","STEPHENS","standard","simple","alpha","0.5"
"4389","9","6","STAN","STEPHENS","standard","simple","alpha","0.5"
"4390","10","6","STAN","STEPHENS","standard","simple","alpha","0.5"
"4391","11","6","STAN","STEPHENS","standard","simple","alpha","0.5"
"4392","12","6","STAN","STEPHENS","standard","simple","alpha","0.5"
"4393","13","6","STAN","STEPHENS","standard","simple","alpha","0.5"
"4394","14","6","STAN","STEPHENS","standard","simple","alpha","0.5"
"4395","15","6","STAN","STEPHENS","standard","simple","alpha","0.5"
"4396","16","6","STAN","STEPHENS","standard","simple","alpha","0.5"
"4397","17","6","STAN","STEPHENS","standard","simple","alpha","0.5"
"4398","18","6","STAN","STEPHENS","standard","simple","alpha","0.5"
"4399","19","6","STAN","STEPHENS","standard","simple","alpha","0.5"
"4400","20","6","STAN","STEPHENS","standard","simple","alpha","0.5"
"4401","1","2","JAGS","ECR","standard","permutations","alpha","0.5"
"4402","2","2","JAGS","ECR","standard","permutations","alpha","0.5"
"4403","3","2","JAGS","ECR","standard","permutations","alpha","0.5"
"4404","4","2","JAGS","ECR","standard","permutations","alpha","0.5"
"4405","5","2","JAGS","ECR","standard","permutations","alpha","0.4998"
"4406","6","2","JAGS","ECR","standard","permutations","alpha","0.5"
"4407","7","2","JAGS","ECR","standard","permutations","alpha","0.5"
"4408","8","2","JAGS","ECR","standard","permutations","alpha","0.5"
"4409","9","2","JAGS","ECR","standard","permutations","alpha","0.5"
"4410","10","2","JAGS","ECR","standard","permutations","alpha","0.5"
"4411","11","2","JAGS","ECR","standard","permutations","alpha","0.4898"
"4412","12","2","JAGS","ECR","standard","permutations","alpha","0.5"
"4413","13","2","JAGS","ECR","standard","permutations","alpha","0.5"
"4414","14","2","JAGS","ECR","standard","permutations","alpha","0.5"
"4415","15","2","JAGS","ECR","standard","permutations","alpha","0.5"
"4416","16","2","JAGS","ECR","standard","permutations","alpha","0.5"
"4417","17","2","JAGS","ECR","standard","permutations","alpha","0.5"
"4418","18","2","JAGS","ECR","standard","permutations","alpha","0.5"
"4419","19","2","JAGS","ECR","standard","permutations","alpha","0.5"
"4420","20","2","JAGS","ECR","standard","permutations","alpha","0.5"
"4421","1","3","JAGS","ECR","standard","permutations","alpha","0.5"
"4422","2","3","JAGS","ECR","standard","permutations","alpha","0.5"
"4423","3","3","JAGS","ECR","standard","permutations","alpha","0.5"
"4424","4","3","JAGS","ECR","standard","permutations","alpha","0.5"
"4425","5","3","JAGS","ECR","standard","permutations","alpha","0.5"
"4426","6","3","JAGS","ECR","standard","permutations","alpha","0.5"
"4427","7","3","JAGS","ECR","standard","permutations","alpha","0.5"
"4428","8","3","JAGS","ECR","standard","permutations","alpha","0.5"
"4429","9","3","JAGS","ECR","standard","permutations","alpha","0.5"
"4430","10","3","JAGS","ECR","standard","permutations","alpha","0.5"
"4431","11","3","JAGS","ECR","standard","permutations","alpha","0.5"
"4432","12","3","JAGS","ECR","standard","permutations","alpha","0.5"
"4433","13","3","JAGS","ECR","standard","permutations","alpha","0.5"
"4434","14","3","JAGS","ECR","standard","permutations","alpha","0.5"
"4435","15","3","JAGS","ECR","standard","permutations","alpha","0.5"
"4436","16","3","JAGS","ECR","standard","permutations","alpha","0.5"
"4437","17","3","JAGS","ECR","standard","permutations","alpha","0.5"
"4438","18","3","JAGS","ECR","standard","permutations","alpha","0.5"
"4439","19","3","JAGS","ECR","standard","permutations","alpha","0.5"
"4440","20","3","JAGS","ECR","standard","permutations","alpha","0.5"
"4441","1","4","JAGS","ECR","standard","permutations","alpha","0.5"
"4442","2","4","JAGS","ECR","standard","permutations","alpha","0.5"
"4443","3","4","JAGS","ECR","standard","permutations","alpha","0.5"
"4444","4","4","JAGS","ECR","standard","permutations","alpha","0.5"
"4445","5","4","JAGS","ECR","standard","permutations","alpha","0.5"
"4446","6","4","JAGS","ECR","standard","permutations","alpha","0.5"
"4447","7","4","JAGS","ECR","standard","permutations","alpha","0.5"
"4448","8","4","JAGS","ECR","standard","permutations","alpha","0.5"
"4449","9","4","JAGS","ECR","standard","permutations","alpha","0.5"
"4450","10","4","JAGS","ECR","standard","permutations","alpha","0.5"
"4451","11","4","JAGS","ECR","standard","permutations","alpha","0.5"
"4452","12","4","JAGS","ECR","standard","permutations","alpha","0.5"
"4453","13","4","JAGS","ECR","standard","permutations","alpha","0.5"
"4454","14","4","JAGS","ECR","standard","permutations","alpha","0.5"
"4455","15","4","JAGS","ECR","standard","permutations","alpha","0.5"
"4456","16","4","JAGS","ECR","standard","permutations","alpha","0.5"
"4457","17","4","JAGS","ECR","standard","permutations","alpha","0.5"
"4458","18","4","JAGS","ECR","standard","permutations","alpha","0.5"
"4459","19","4","JAGS","ECR","standard","permutations","alpha","0.5"
"4460","20","4","JAGS","ECR","standard","permutations","alpha","0.5"
"4461","1","5","JAGS","ECR","standard","permutations","alpha","0.5"
"4462","2","5","JAGS","ECR","standard","permutations","alpha","0.5"
"4463","3","5","JAGS","ECR","standard","permutations","alpha","0.5"
"4464","4","5","JAGS","ECR","standard","permutations","alpha","0.5"
"4465","5","5","JAGS","ECR","standard","permutations","alpha","0.5"
"4466","6","5","JAGS","ECR","standard","permutations","alpha","0.5"
"4467","7","5","JAGS","ECR","standard","permutations","alpha","0.5"
"4468","8","5","JAGS","ECR","standard","permutations","alpha","0.5"
"4469","9","5","JAGS","ECR","standard","permutations","alpha","0.5"
"4470","10","5","JAGS","ECR","standard","permutations","alpha","0.5"
"4471","11","5","JAGS","ECR","standard","permutations","alpha","0.5"
"4472","12","5","JAGS","ECR","standard","permutations","alpha","0.5"
"4473","13","5","JAGS","ECR","standard","permutations","alpha","0.5"
"4474","14","5","JAGS","ECR","standard","permutations","alpha","0.5"
"4475","15","5","JAGS","ECR","standard","permutations","alpha","0.5"
"4476","16","5","JAGS","ECR","standard","permutations","alpha","0.5"
"4477","17","5","JAGS","ECR","standard","permutations","alpha","0.5"
"4478","18","5","JAGS","ECR","standard","permutations","alpha","0.5"
"4479","19","5","JAGS","ECR","standard","permutations","alpha","0.5"
"4480","20","5","JAGS","ECR","standard","permutations","alpha","0.5"
"4481","1","6","JAGS","ECR","standard","permutations","alpha","0.5"
"4482","2","6","JAGS","ECR","standard","permutations","alpha","0.5"
"4483","3","6","JAGS","ECR","standard","permutations","alpha","0.5"
"4484","4","6","JAGS","ECR","standard","permutations","alpha","0.5"
"4485","5","6","JAGS","ECR","standard","permutations","alpha","0.5"
"4486","6","6","JAGS","ECR","standard","permutations","alpha","0.5"
"4487","7","6","JAGS","ECR","standard","permutations","alpha","0.5"
"4488","8","6","JAGS","ECR","standard","permutations","alpha","0.5"
"4489","9","6","JAGS","ECR","standard","permutations","alpha","0.5"
"4490","10","6","JAGS","ECR","standard","permutations","alpha","0.5"
"4491","11","6","JAGS","ECR","standard","permutations","alpha","0.5"
"4492","12","6","JAGS","ECR","standard","permutations","alpha","0.5"
"4493","13","6","JAGS","ECR","standard","permutations","alpha","0.5"
"4494","14","6","JAGS","ECR","standard","permutations","alpha","0.5"
"4495","15","6","JAGS","ECR","standard","permutations","alpha","0.5"
"4496","16","6","JAGS","ECR","standard","permutations","alpha","0.5"
"4497","17","6","JAGS","ECR","standard","permutations","alpha","0.5"
"4498","18","6","JAGS","ECR","standard","permutations","alpha","0.5"
"4499","19","6","JAGS","ECR","standard","permutations","alpha","0.5"
"4500","20","6","JAGS","ECR","standard","permutations","alpha","0.5"
"4501","1","2","STAN","ECR","standard","permutations","alpha",NA
"4502","2","2","STAN","ECR","standard","permutations","alpha",NA
"4503","3","2","STAN","ECR","standard","permutations","alpha",NA
"4504","4","2","STAN","ECR","standard","permutations","alpha",NA
"4505","5","2","STAN","ECR","standard","permutations","alpha",NA
"4506","6","2","STAN","ECR","standard","permutations","alpha",NA
"4507","7","2","STAN","ECR","standard","permutations","alpha",NA
"4508","8","2","STAN","ECR","standard","permutations","alpha",NA
"4509","9","2","STAN","ECR","standard","permutations","alpha",NA
"4510","10","2","STAN","ECR","standard","permutations","alpha",NA
"4511","11","2","STAN","ECR","standard","permutations","alpha",NA
"4512","12","2","STAN","ECR","standard","permutations","alpha",NA
"4513","13","2","STAN","ECR","standard","permutations","alpha",NA
"4514","14","2","STAN","ECR","standard","permutations","alpha",NA
"4515","15","2","STAN","ECR","standard","permutations","alpha",NA
"4516","16","2","STAN","ECR","standard","permutations","alpha",NA
"4517","17","2","STAN","ECR","standard","permutations","alpha",NA
"4518","18","2","STAN","ECR","standard","permutations","alpha",NA
"4519","19","2","STAN","ECR","standard","permutations","alpha",NA
"4520","20","2","STAN","ECR","standard","permutations","alpha",NA
"4521","1","3","STAN","ECR","standard","permutations","alpha",NA
"4522","2","3","STAN","ECR","standard","permutations","alpha",NA
"4523","3","3","STAN","ECR","standard","permutations","alpha",NA
"4524","4","3","STAN","ECR","standard","permutations","alpha",NA
"4525","5","3","STAN","ECR","standard","permutations","alpha",NA
"4526","6","3","STAN","ECR","standard","permutations","alpha",NA
"4527","7","3","STAN","ECR","standard","permutations","alpha",NA
"4528","8","3","STAN","ECR","standard","permutations","alpha",NA
"4529","9","3","STAN","ECR","standard","permutations","alpha",NA
"4530","10","3","STAN","ECR","standard","permutations","alpha",NA
"4531","11","3","STAN","ECR","standard","permutations","alpha",NA
"4532","12","3","STAN","ECR","standard","permutations","alpha",NA
"4533","13","3","STAN","ECR","standard","permutations","alpha",NA
"4534","14","3","STAN","ECR","standard","permutations","alpha",NA
"4535","15","3","STAN","ECR","standard","permutations","alpha",NA
"4536","16","3","STAN","ECR","standard","permutations","alpha",NA
"4537","17","3","STAN","ECR","standard","permutations","alpha",NA
"4538","18","3","STAN","ECR","standard","permutations","alpha",NA
"4539","19","3","STAN","ECR","standard","permutations","alpha",NA
"4540","20","3","STAN","ECR","standard","permutations","alpha",NA
"4541","1","4","STAN","ECR","standard","permutations","alpha",NA
"4542","2","4","STAN","ECR","standard","permutations","alpha",NA
"4543","3","4","STAN","ECR","standard","permutations","alpha",NA
"4544","4","4","STAN","ECR","standard","permutations","alpha",NA
"4545","5","4","STAN","ECR","standard","permutations","alpha",NA
"4546","6","4","STAN","ECR","standard","permutations","alpha",NA
"4547","7","4","STAN","ECR","standard","permutations","alpha",NA
"4548","8","4","STAN","ECR","standard","permutations","alpha",NA
"4549","9","4","STAN","ECR","standard","permutations","alpha",NA
"4550","10","4","STAN","ECR","standard","permutations","alpha",NA
"4551","11","4","STAN","ECR","standard","permutations","alpha",NA
"4552","12","4","STAN","ECR","standard","permutations","alpha",NA
"4553","13","4","STAN","ECR","standard","permutations","alpha",NA
"4554","14","4","STAN","ECR","standard","permutations","alpha",NA
"4555","15","4","STAN","ECR","standard","permutations","alpha",NA
"4556","16","4","STAN","ECR","standard","permutations","alpha",NA
"4557","17","4","STAN","ECR","standard","permutations","alpha",NA
"4558","18","4","STAN","ECR","standard","permutations","alpha",NA
"4559","19","4","STAN","ECR","standard","permutations","alpha",NA
"4560","20","4","STAN","ECR","standard","permutations","alpha",NA
"4561","1","5","STAN","ECR","standard","permutations","alpha",NA
"4562","2","5","STAN","ECR","standard","permutations","alpha",NA
"4563","3","5","STAN","ECR","standard","permutations","alpha",NA
"4564","4","5","STAN","ECR","standard","permutations","alpha",NA
"4565","5","5","STAN","ECR","standard","permutations","alpha",NA
"4566","6","5","STAN","ECR","standard","permutations","alpha",NA
"4567","7","5","STAN","ECR","standard","permutations","alpha",NA
"4568","8","5","STAN","ECR","standard","permutations","alpha",NA
"4569","9","5","STAN","ECR","standard","permutations","alpha",NA
"4570","10","5","STAN","ECR","standard","permutations","alpha",NA
"4571","11","5","STAN","ECR","standard","permutations","alpha",NA
"4572","12","5","STAN","ECR","standard","permutations","alpha",NA
"4573","13","5","STAN","ECR","standard","permutations","alpha",NA
"4574","14","5","STAN","ECR","standard","permutations","alpha",NA
"4575","15","5","STAN","ECR","standard","permutations","alpha",NA
"4576","16","5","STAN","ECR","standard","permutations","alpha",NA
"4577","17","5","STAN","ECR","standard","permutations","alpha",NA
"4578","18","5","STAN","ECR","standard","permutations","alpha",NA
"4579","19","5","STAN","ECR","standard","permutations","alpha",NA
"4580","20","5","STAN","ECR","standard","permutations","alpha",NA
"4581","1","6","STAN","ECR","standard","permutations","alpha",NA
"4582","2","6","STAN","ECR","standard","permutations","alpha",NA
"4583","3","6","STAN","ECR","standard","permutations","alpha",NA
"4584","4","6","STAN","ECR","standard","permutations","alpha",NA
"4585","5","6","STAN","ECR","standard","permutations","alpha",NA
"4586","6","6","STAN","ECR","standard","permutations","alpha",NA
"4587","7","6","STAN","ECR","standard","permutations","alpha",NA
"4588","8","6","STAN","ECR","standard","permutations","alpha",NA
"4589","9","6","STAN","ECR","standard","permutations","alpha",NA
"4590","10","6","STAN","ECR","standard","permutations","alpha",NA
"4591","11","6","STAN","ECR","standard","permutations","alpha",NA
"4592","12","6","STAN","ECR","standard","permutations","alpha",NA
"4593","13","6","STAN","ECR","standard","permutations","alpha",NA
"4594","14","6","STAN","ECR","standard","permutations","alpha",NA
"4595","15","6","STAN","ECR","standard","permutations","alpha",NA
"4596","16","6","STAN","ECR","standard","permutations","alpha",NA
"4597","17","6","STAN","ECR","standard","permutations","alpha",NA
"4598","18","6","STAN","ECR","standard","permutations","alpha",NA
"4599","19","6","STAN","ECR","standard","permutations","alpha",NA
"4600","20","6","STAN","ECR","standard","permutations","alpha",NA
"4601","1","2","JAGS","STEPHENS","standard","permutations","alpha","0.5"
"4602","2","2","JAGS","STEPHENS","standard","permutations","alpha","0.5"
"4603","3","2","JAGS","STEPHENS","standard","permutations","alpha","0.5"
"4604","4","2","JAGS","STEPHENS","standard","permutations","alpha","0.5"
"4605","5","2","JAGS","STEPHENS","standard","permutations","alpha","0.4998"
"4606","6","2","JAGS","STEPHENS","standard","permutations","alpha","0.5"
"4607","7","2","JAGS","STEPHENS","standard","permutations","alpha","0.5"
"4608","8","2","JAGS","STEPHENS","standard","permutations","alpha","0.5"
"4609","9","2","JAGS","STEPHENS","standard","permutations","alpha","0.5"
"4610","10","2","JAGS","STEPHENS","standard","permutations","alpha","0.5"
"4611","11","2","JAGS","STEPHENS","standard","permutations","alpha","0.4898"
"4612","12","2","JAGS","STEPHENS","standard","permutations","alpha","0.5"
"4613","13","2","JAGS","STEPHENS","standard","permutations","alpha","0.5"
"4614","14","2","JAGS","STEPHENS","standard","permutations","alpha","0.5"
"4615","15","2","JAGS","STEPHENS","standard","permutations","alpha","0.5"
"4616","16","2","JAGS","STEPHENS","standard","permutations","alpha","0.5"
"4617","17","2","JAGS","STEPHENS","standard","permutations","alpha","0.5"
"4618","18","2","JAGS","STEPHENS","standard","permutations","alpha","0.5"
"4619","19","2","JAGS","STEPHENS","standard","permutations","alpha","0.5"
"4620","20","2","JAGS","STEPHENS","standard","permutations","alpha","0.5"
"4621","1","3","JAGS","STEPHENS","standard","permutations","alpha","0.5"
"4622","2","3","JAGS","STEPHENS","standard","permutations","alpha","0.5"
"4623","3","3","JAGS","STEPHENS","standard","permutations","alpha","0.5"
"4624","4","3","JAGS","STEPHENS","standard","permutations","alpha","0.5"
"4625","5","3","JAGS","STEPHENS","standard","permutations","alpha","0.5"
"4626","6","3","JAGS","STEPHENS","standard","permutations","alpha","0.5"
"4627","7","3","JAGS","STEPHENS","standard","permutations","alpha","0.5"
"4628","8","3","JAGS","STEPHENS","standard","permutations","alpha","0.5"
"4629","9","3","JAGS","STEPHENS","standard","permutations","alpha","0.5"
"4630","10","3","JAGS","STEPHENS","standard","permutations","alpha","0.5"
"4631","11","3","JAGS","STEPHENS","standard","permutations","alpha","0.5"
"4632","12","3","JAGS","STEPHENS","standard","permutations","alpha","0.5"
"4633","13","3","JAGS","STEPHENS","standard","permutations","alpha","0.5"
"4634","14","3","JAGS","STEPHENS","standard","permutations","alpha","0.5"
"4635","15","3","JAGS","STEPHENS","standard","permutations","alpha","0.5"
"4636","16","3","JAGS","STEPHENS","standard","permutations","alpha","0.5"
"4637","17","3","JAGS","STEPHENS","standard","permutations","alpha","0.5"
"4638","18","3","JAGS","STEPHENS","standard","permutations","alpha","0.5"
"4639","19","3","JAGS","STEPHENS","standard","permutations","alpha","0.5"
"4640","20","3","JAGS","STEPHENS","standard","permutations","alpha","0.5"
"4641","1","4","JAGS","STEPHENS","standard","permutations","alpha","0.5"
"4642","2","4","JAGS","STEPHENS","standard","permutations","alpha","0.5"
"4643","3","4","JAGS","STEPHENS","standard","permutations","alpha","0.5"
"4644","4","4","JAGS","STEPHENS","standard","permutations","alpha","0.5"
"4645","5","4","JAGS","STEPHENS","standard","permutations","alpha","0.5"
"4646","6","4","JAGS","STEPHENS","standard","permutations","alpha","0.5"
"4647","7","4","JAGS","STEPHENS","standard","permutations","alpha","0.5"
"4648","8","4","JAGS","STEPHENS","standard","permutations","alpha","0.5"
"4649","9","4","JAGS","STEPHENS","standard","permutations","alpha","0.5"
"4650","10","4","JAGS","STEPHENS","standard","permutations","alpha","0.5"
"4651","11","4","JAGS","STEPHENS","standard","permutations","alpha","0.5"
"4652","12","4","JAGS","STEPHENS","standard","permutations","alpha","0.5"
"4653","13","4","JAGS","STEPHENS","standard","permutations","alpha","0.5"
"4654","14","4","JAGS","STEPHENS","standard","permutations","alpha","0.5"
"4655","15","4","JAGS","STEPHENS","standard","permutations","alpha","0.5"
"4656","16","4","JAGS","STEPHENS","standard","permutations","alpha","0.5"
"4657","17","4","JAGS","STEPHENS","standard","permutations","alpha","0.5"
"4658","18","4","JAGS","STEPHENS","standard","permutations","alpha","0.5"
"4659","19","4","JAGS","STEPHENS","standard","permutations","alpha","0.5"
"4660","20","4","JAGS","STEPHENS","standard","permutations","alpha","0.5"
"4661","1","5","JAGS","STEPHENS","standard","permutations","alpha","0.5"
"4662","2","5","JAGS","STEPHENS","standard","permutations","alpha","0.5"
"4663","3","5","JAGS","STEPHENS","standard","permutations","alpha","0.5"
"4664","4","5","JAGS","STEPHENS","standard","permutations","alpha","0.5"
"4665","5","5","JAGS","STEPHENS","standard","permutations","alpha","0.5"
"4666","6","5","JAGS","STEPHENS","standard","permutations","alpha","0.5"
"4667","7","5","JAGS","STEPHENS","standard","permutations","alpha","0.5"
"4668","8","5","JAGS","STEPHENS","standard","permutations","alpha","0.5"
"4669","9","5","JAGS","STEPHENS","standard","permutations","alpha","0.5"
"4670","10","5","JAGS","STEPHENS","standard","permutations","alpha","0.5"
"4671","11","5","JAGS","STEPHENS","standard","permutations","alpha","0.5"
"4672","12","5","JAGS","STEPHENS","standard","permutations","alpha","0.5"
"4673","13","5","JAGS","STEPHENS","standard","permutations","alpha","0.5"
"4674","14","5","JAGS","STEPHENS","standard","permutations","alpha","0.5"
"4675","15","5","JAGS","STEPHENS","standard","permutations","alpha","0.5"
"4676","16","5","JAGS","STEPHENS","standard","permutations","alpha","0.5"
"4677","17","5","JAGS","STEPHENS","standard","permutations","alpha","0.5"
"4678","18","5","JAGS","STEPHENS","standard","permutations","alpha","0.5"
"4679","19","5","JAGS","STEPHENS","standard","permutations","alpha","0.5"
"4680","20","5","JAGS","STEPHENS","standard","permutations","alpha","0.5"
"4681","1","6","JAGS","STEPHENS","standard","permutations","alpha","0.5"
"4682","2","6","JAGS","STEPHENS","standard","permutations","alpha","0.5"
"4683","3","6","JAGS","STEPHENS","standard","permutations","alpha","0.5"
"4684","4","6","JAGS","STEPHENS","standard","permutations","alpha","0.5"
"4685","5","6","JAGS","STEPHENS","standard","permutations","alpha","0.5"
"4686","6","6","JAGS","STEPHENS","standard","permutations","alpha","0.5"
"4687","7","6","JAGS","STEPHENS","standard","permutations","alpha","0.5"
"4688","8","6","JAGS","STEPHENS","standard","permutations","alpha","0.5"
"4689","9","6","JAGS","STEPHENS","standard","permutations","alpha","0.5"
"4690","10","6","JAGS","STEPHENS","standard","permutations","alpha","0.5"
"4691","11","6","JAGS","STEPHENS","standard","permutations","alpha","0.5"
"4692","12","6","JAGS","STEPHENS","standard","permutations","alpha","0.5"
"4693","13","6","JAGS","STEPHENS","standard","permutations","alpha","0.5"
"4694","14","6","JAGS","STEPHENS","standard","permutations","alpha","0.5"
"4695","15","6","JAGS","STEPHENS","standard","permutations","alpha","0.5"
"4696","16","6","JAGS","STEPHENS","standard","permutations","alpha","0.5"
"4697","17","6","JAGS","STEPHENS","standard","permutations","alpha","0.5"
"4698","18","6","JAGS","STEPHENS","standard","permutations","alpha","0.5"
"4699","19","6","JAGS","STEPHENS","standard","permutations","alpha","0.5"
"4700","20","6","JAGS","STEPHENS","standard","permutations","alpha","0.5"
"4701","1","2","STAN","STEPHENS","standard","permutations","alpha","0.5"
"4702","2","2","STAN","STEPHENS","standard","permutations","alpha","0.5"
"4703","3","2","STAN","STEPHENS","standard","permutations","alpha","0.5"
"4704","4","2","STAN","STEPHENS","standard","permutations","alpha","0.5"
"4705","5","2","STAN","STEPHENS","standard","permutations","alpha","0.5"
"4706","6","2","STAN","STEPHENS","standard","permutations","alpha","0.5"
"4707","7","2","STAN","STEPHENS","standard","permutations","alpha","0.5"
"4708","8","2","STAN","STEPHENS","standard","permutations","alpha","0.5"
"4709","9","2","STAN","STEPHENS","standard","permutations","alpha","0.5"
"4710","10","2","STAN","STEPHENS","standard","permutations","alpha","0.5"
"4711","11","2","STAN","STEPHENS","standard","permutations","alpha","0.5"
"4712","12","2","STAN","STEPHENS","standard","permutations","alpha","0.5"
"4713","13","2","STAN","STEPHENS","standard","permutations","alpha","0.5"
"4714","14","2","STAN","STEPHENS","standard","permutations","alpha","0.5"
"4715","15","2","STAN","STEPHENS","standard","permutations","alpha","0.5"
"4716","16","2","STAN","STEPHENS","standard","permutations","alpha","0.5"
"4717","17","2","STAN","STEPHENS","standard","permutations","alpha","0.5"
"4718","18","2","STAN","STEPHENS","standard","permutations","alpha","0.5"
"4719","19","2","STAN","STEPHENS","standard","permutations","alpha","0.5"
"4720","20","2","STAN","STEPHENS","standard","permutations","alpha","0.5"
"4721","1","3","STAN","STEPHENS","standard","permutations","alpha","0.5"
"4722","2","3","STAN","STEPHENS","standard","permutations","alpha","0.5"
"4723","3","3","STAN","STEPHENS","standard","permutations","alpha","0.5"
"4724","4","3","STAN","STEPHENS","standard","permutations","alpha","0.5"
"4725","5","3","STAN","STEPHENS","standard","permutations","alpha","0.5"
"4726","6","3","STAN","STEPHENS","standard","permutations","alpha","0.5"
"4727","7","3","STAN","STEPHENS","standard","permutations","alpha","0.5"
"4728","8","3","STAN","STEPHENS","standard","permutations","alpha","0.5"
"4729","9","3","STAN","STEPHENS","standard","permutations","alpha","0.5"
"4730","10","3","STAN","STEPHENS","standard","permutations","alpha","0.5"
"4731","11","3","STAN","STEPHENS","standard","permutations","alpha","0.5"
"4732","12","3","STAN","STEPHENS","standard","permutations","alpha","0.5"
"4733","13","3","STAN","STEPHENS","standard","permutations","alpha","0.5"
"4734","14","3","STAN","STEPHENS","standard","permutations","alpha","0.5"
"4735","15","3","STAN","STEPHENS","standard","permutations","alpha","0.5"
"4736","16","3","STAN","STEPHENS","standard","permutations","alpha","0.5"
"4737","17","3","STAN","STEPHENS","standard","permutations","alpha","0.5"
"4738","18","3","STAN","STEPHENS","standard","permutations","alpha","0.5"
"4739","19","3","STAN","STEPHENS","standard","permutations","alpha","0.5"
"4740","20","3","STAN","STEPHENS","standard","permutations","alpha","0.5"
"4741","1","4","STAN","STEPHENS","standard","permutations","alpha","0.5"
"4742","2","4","STAN","STEPHENS","standard","permutations","alpha","0.5"
"4743","3","4","STAN","STEPHENS","standard","permutations","alpha","0.5"
"4744","4","4","STAN","STEPHENS","standard","permutations","alpha","0.5"
"4745","5","4","STAN","STEPHENS","standard","permutations","alpha","0.5"
"4746","6","4","STAN","STEPHENS","standard","permutations","alpha","0.5"
"4747","7","4","STAN","STEPHENS","standard","permutations","alpha","0.5"
"4748","8","4","STAN","STEPHENS","standard","permutations","alpha","0.5"
"4749","9","4","STAN","STEPHENS","standard","permutations","alpha","0.5"
"4750","10","4","STAN","STEPHENS","standard","permutations","alpha","0.5"
"4751","11","4","STAN","STEPHENS","standard","permutations","alpha","0.5"
"4752","12","4","STAN","STEPHENS","standard","permutations","alpha","0.5"
"4753","13","4","STAN","STEPHENS","standard","permutations","alpha","0.5"
"4754","14","4","STAN","STEPHENS","standard","permutations","alpha","0.5"
"4755","15","4","STAN","STEPHENS","standard","permutations","alpha","0.5"
"4756","16","4","STAN","STEPHENS","standard","permutations","alpha","0.5"
"4757","17","4","STAN","STEPHENS","standard","permutations","alpha","0.5"
"4758","18","4","STAN","STEPHENS","standard","permutations","alpha","0.5"
"4759","19","4","STAN","STEPHENS","standard","permutations","alpha","0.5"
"4760","20","4","STAN","STEPHENS","standard","permutations","alpha","0.5"
"4761","1","5","STAN","STEPHENS","standard","permutations","alpha","0.5"
"4762","2","5","STAN","STEPHENS","standard","permutations","alpha","0.5"
"4763","3","5","STAN","STEPHENS","standard","permutations","alpha","0.5"
"4764","4","5","STAN","STEPHENS","standard","permutations","alpha","0.5"
"4765","5","5","STAN","STEPHENS","standard","permutations","alpha","0.5"
"4766","6","5","STAN","STEPHENS","standard","permutations","alpha","0.5"
"4767","7","5","STAN","STEPHENS","standard","permutations","alpha","0.5"
"4768","8","5","STAN","STEPHENS","standard","permutations","alpha","0.5"
"4769","9","5","STAN","STEPHENS","standard","permutations","alpha","0.5"
"4770","10","5","STAN","STEPHENS","standard","permutations","alpha","0.5"
"4771","11","5","STAN","STEPHENS","standard","permutations","alpha","0.5"
"4772","12","5","STAN","STEPHENS","standard","permutations","alpha","0.5"
"4773","13","5","STAN","STEPHENS","standard","permutations","alpha","0.5"
"4774","14","5","STAN","STEPHENS","standard","permutations","alpha","0.5"
"4775","15","5","STAN","STEPHENS","standard","permutations","alpha","0.5"
"4776","16","5","STAN","STEPHENS","standard","permutations","alpha","0.5"
"4777","17","5","STAN","STEPHENS","standard","permutations","alpha","0.5"
"4778","18","5","STAN","STEPHENS","standard","permutations","alpha","0.5"
"4779","19","5","STAN","STEPHENS","standard","permutations","alpha","0.5"
"4780","20","5","STAN","STEPHENS","standard","permutations","alpha","0.5"
"4781","1","6","STAN","STEPHENS","standard","permutations","alpha","0.5"
"4782","2","6","STAN","STEPHENS","standard","permutations","alpha","0.5"
"4783","3","6","STAN","STEPHENS","standard","permutations","alpha","0.5"
"4784","4","6","STAN","STEPHENS","standard","permutations","alpha","0.5"
"4785","5","6","STAN","STEPHENS","standard","permutations","alpha","0.5"
"4786","6","6","STAN","STEPHENS","standard","permutations","alpha","0.5"
"4787","7","6","STAN","STEPHENS","standard","permutations","alpha","0.5"
"4788","8","6","STAN","STEPHENS","standard","permutations","alpha","0.5"
"4789","9","6","STAN","STEPHENS","standard","permutations","alpha","0.5"
"4790","10","6","STAN","STEPHENS","standard","permutations","alpha","0.5"
"4791","11","6","STAN","STEPHENS","standard","permutations","alpha","0.5"
"4792","12","6","STAN","STEPHENS","standard","permutations","alpha","0.5"
"4793","13","6","STAN","STEPHENS","standard","permutations","alpha","0.5"
"4794","14","6","STAN","STEPHENS","standard","permutations","alpha","0.5"
"4795","15","6","STAN","STEPHENS","standard","permutations","alpha","0.5"
"4796","16","6","STAN","STEPHENS","standard","permutations","alpha","0.5"
"4797","17","6","STAN","STEPHENS","standard","permutations","alpha","0.5"
"4798","18","6","STAN","STEPHENS","standard","permutations","alpha","0.5"
"4799","19","6","STAN","STEPHENS","standard","permutations","alpha","0.5"
"4800","20","6","STAN","STEPHENS","standard","permutations","alpha","0.5"
