"","sim","G","sampler","relabalg","ellipsealg","thamesalg","estimate","value"
"1","1","2","STAN","STEPHENS","standard","permutations","upper","198.528405119968"
"2","2","2","STAN","STEPHENS","standard","permutations","upper","198.449966281797"
"3","3","2","STAN","STEPHENS","standard","permutations","upper","198.464829647438"
"4","4","2","STAN","STEPHENS","standard","permutations","upper","197.927901423801"
"5","5","2","STAN","STEPHENS","standard","permutations","upper","197.271624442123"
"6","6","2","STAN","STEPHENS","standard","permutations","upper","197.505847413122"
"7","7","2","STAN","STEPHENS","standard","permutations","upper","197.558432393904"
"8","8","2","STAN","STEPHENS","standard","permutations","upper","198.248174014244"
"9","9","2","STAN","STEPHENS","standard","permutations","upper","198.603376092078"
"10","10","2","STAN","STEPHENS","standard","permutations","upper","197.197106309082"
"11","11","2","STAN","STEPHENS","standard","permutations","upper","198.845918413182"
"12","12","2","STAN","STEPHENS","standard","permutations","upper","196.925465289676"
"13","13","2","STAN","STEPHENS","standard","permutations","upper","197.080195672379"
"14","14","2","STAN","STEPHENS","standard","permutations","upper","198.454083095002"
"15","15","2","STAN","STEPHENS","standard","permutations","upper","197.28025135243"
"16","16","2","STAN","STEPHENS","standard","permutations","upper","198.435093856989"
"17","17","2","STAN","STEPHENS","standard","permutations","upper","196.920117910179"
"18","18","2","STAN","STEPHENS","standard","permutations","upper","197.950043646898"
"19","19","2","STAN","STEPHENS","standard","permutations","upper","198.774389411827"
"20","20","2","STAN","STEPHENS","standard","permutations","upper","198.596667827383"
"21","1","3","STAN","STEPHENS","standard","permutations","upper","197.763714801431"
"22","2","3","STAN","STEPHENS","standard","permutations","upper","196.879341849619"
"23","3","3","STAN","STEPHENS","standard","permutations","upper","197.761350163157"
"24","4","3","STAN","STEPHENS","standard","permutations","upper","196.474716063268"
"25","5","3","STAN","STEPHENS","standard","permutations","upper","195.913227669079"
"26","6","3","STAN","STEPHENS","standard","permutations","upper","196.975984103899"
"27","7","3","STAN","STEPHENS","standard","permutations","upper","196.3411360253"
"28","8","3","STAN","STEPHENS","standard","permutations","upper","197.625965347252"
"29","9","3","STAN","STEPHENS","standard","permutations","upper","197.047160013728"
"30","10","3","STAN","STEPHENS","standard","permutations","upper","197.65637700821"
"31","11","3","STAN","STEPHENS","standard","permutations","upper","197.706816997599"
"32","12","3","STAN","STEPHENS","standard","permutations","upper","196.926595369381"
"33","13","3","STAN","STEPHENS","standard","permutations","upper","198.084756903527"
"34","14","3","STAN","STEPHENS","standard","permutations","upper","196.587529919505"
"35","15","3","STAN","STEPHENS","standard","permutations","upper","196.489843827037"
"36","16","3","STAN","STEPHENS","standard","permutations","upper","196.125946257709"
"37","17","3","STAN","STEPHENS","standard","permutations","upper","197.317360991687"
"38","18","3","STAN","STEPHENS","standard","permutations","upper","197.017491906903"
"39","19","3","STAN","STEPHENS","standard","permutations","upper","196.403359697313"
"40","20","3","STAN","STEPHENS","standard","permutations","upper","196.343255240064"
"41","1","4","STAN","STEPHENS","standard","permutations","upper","196.403020512453"
"42","2","4","STAN","STEPHENS","standard","permutations","upper","197.731099364328"
"43","3","4","STAN","STEPHENS","standard","permutations","upper","197.483797845523"
"44","4","4","STAN","STEPHENS","standard","permutations","upper","196.853851679613"
"45","5","4","STAN","STEPHENS","standard","permutations","upper","197.020802588224"
"46","6","4","STAN","STEPHENS","standard","permutations","upper","197.701084436518"
"47","7","4","STAN","STEPHENS","standard","permutations","upper","197.122598473611"
"48","8","4","STAN","STEPHENS","standard","permutations","upper","197.591937284"
"49","9","4","STAN","STEPHENS","standard","permutations","upper","198.245092285279"
"50","10","4","STAN","STEPHENS","standard","permutations","upper","196.843782816818"
"51","11","4","STAN","STEPHENS","standard","permutations","upper","197.670861093271"
"52","12","4","STAN","STEPHENS","standard","permutations","upper","197.450758853955"
"53","13","4","STAN","STEPHENS","standard","permutations","upper","196.152269617597"
"54","14","4","STAN","STEPHENS","standard","permutations","upper","197.833113505525"
"55","15","4","STAN","STEPHENS","standard","permutations","upper","197.46231906262"
"56","16","4","STAN","STEPHENS","standard","permutations","upper","197.853926440561"
"57","17","4","STAN","STEPHENS","standard","permutations","upper","197.958582054208"
"58","18","4","STAN","STEPHENS","standard","permutations","upper","196.970272143184"
"59","19","4","STAN","STEPHENS","standard","permutations","upper","196.432176870366"
"60","20","4","STAN","STEPHENS","standard","permutations","upper","197.094908690326"
"61","1","5","STAN","STEPHENS","standard","permutations","upper","198.35901189903"
"62","2","5","STAN","STEPHENS","standard","permutations","upper","197.801378037495"
"63","3","5","STAN","STEPHENS","standard","permutations","upper","197.76299978676"
"64","4","5","STAN","STEPHENS","standard","permutations","upper","198.283999050082"
"65","5","5","STAN","STEPHENS","standard","permutations","upper","199.33987646208"
"66","6","5","STAN","STEPHENS","standard","permutations","upper","198.607047038515"
"67","7","5","STAN","STEPHENS","standard","permutations","upper","197.881204649213"
"68","8","5","STAN","STEPHENS","standard","permutations","upper","197.515763530703"
"69","9","5","STAN","STEPHENS","standard","permutations","upper","199.805350960993"
"70","10","5","STAN","STEPHENS","standard","permutations","upper","198.090823044767"
"71","11","5","STAN","STEPHENS","standard","permutations","upper","197.524598354586"
"72","12","5","STAN","STEPHENS","standard","permutations","upper","198.791679274965"
"73","13","5","STAN","STEPHENS","standard","permutations","upper","198.268641540244"
"74","14","5","STAN","STEPHENS","standard","permutations","upper","198.628932165883"
"75","15","5","STAN","STEPHENS","standard","permutations","upper","197.985592138722"
"76","16","5","STAN","STEPHENS","standard","permutations","upper","198.351271057539"
"77","17","5","STAN","STEPHENS","standard","permutations","upper","199.581649228453"
"78","18","5","STAN","STEPHENS","standard","permutations","upper","198.709743019308"
"79","19","5","STAN","STEPHENS","standard","permutations","upper","197.583191165136"
"80","20","5","STAN","STEPHENS","standard","permutations","upper","196.944435959563"
"81","1","6","STAN","STEPHENS","standard","permutations","upper","198.933883570556"
"82","2","6","STAN","STEPHENS","standard","permutations","upper","199.294662450627"
"83","3","6","STAN","STEPHENS","standard","permutations","upper","198.210017039197"
"84","4","6","STAN","STEPHENS","standard","permutations","upper","198.546740124166"
"85","5","6","STAN","STEPHENS","standard","permutations","upper","200.287622278403"
"86","6","6","STAN","STEPHENS","standard","permutations","upper","198.382333663454"
"87","7","6","STAN","STEPHENS","standard","permutations","upper","198.416812466618"
"88","8","6","STAN","STEPHENS","standard","permutations","upper","198.645601312409"
"89","9","6","STAN","STEPHENS","standard","permutations","upper","198.299345955732"
"90","10","6","STAN","STEPHENS","standard","permutations","upper","198.741929248204"
"91","11","6","STAN","STEPHENS","standard","permutations","upper","199.798823484389"
"92","12","6","STAN","STEPHENS","standard","permutations","upper","198.106085853844"
"93","13","6","STAN","STEPHENS","standard","permutations","upper","198.44497352194"
"94","14","6","STAN","STEPHENS","standard","permutations","upper","198.783562690461"
"95","15","6","STAN","STEPHENS","standard","permutations","upper","198.598142155943"
"96","16","6","STAN","STEPHENS","standard","permutations","upper","198.958286105856"
"97","17","6","STAN","STEPHENS","standard","permutations","upper","198.494507780428"
"98","18","6","STAN","STEPHENS","standard","permutations","upper","198.168359137995"
"99","19","6","STAN","STEPHENS","standard","permutations","upper","200.165333794821"
"100","20","6","STAN","STEPHENS","standard","permutations","upper","198.660195323053"
"101","1","2","JAGS","STEPHENS","standard","permutations","upper","198.004536231926"
"102","2","2","JAGS","STEPHENS","standard","permutations","upper","197.081716440084"
"103","3","2","JAGS","STEPHENS","standard","permutations","upper","198.61661855478"
"104","4","2","JAGS","STEPHENS","standard","permutations","upper","197.132518232335"
"105","5","2","JAGS","STEPHENS","standard","permutations","upper","196.733728674394"
"106","6","2","JAGS","STEPHENS","standard","permutations","upper","198.313024771906"
"107","7","2","JAGS","STEPHENS","standard","permutations","upper","197.803495714159"
"108","8","2","JAGS","STEPHENS","standard","permutations","upper","198.028659410772"
"109","9","2","JAGS","STEPHENS","standard","permutations","upper","198.827452194372"
"110","10","2","JAGS","STEPHENS","standard","permutations","upper","197.326601122689"
"111","11","2","JAGS","STEPHENS","standard","permutations","upper","196.937262528867"
"112","12","2","JAGS","STEPHENS","standard","permutations","upper","196.979441936846"
"113","13","2","JAGS","STEPHENS","standard","permutations","upper","198.725832478513"
"114","14","2","JAGS","STEPHENS","standard","permutations","upper","196.950938857321"
"115","15","2","JAGS","STEPHENS","standard","permutations","upper","199.007842147574"
"116","16","2","JAGS","STEPHENS","standard","permutations","upper","198.369534221174"
"117","17","2","JAGS","STEPHENS","standard","permutations","upper","198.103716058611"
"118","18","2","JAGS","STEPHENS","standard","permutations","upper","198.533099111725"
"119","19","2","JAGS","STEPHENS","standard","permutations","upper","196.810323614536"
"120","20","2","JAGS","STEPHENS","standard","permutations","upper","196.723190573753"
"121","1","3","JAGS","STEPHENS","standard","permutations","upper","196.287554742964"
"122","2","3","JAGS","STEPHENS","standard","permutations","upper","197.222713642521"
"123","3","3","JAGS","STEPHENS","standard","permutations","upper","197.74901798261"
"124","4","3","JAGS","STEPHENS","standard","permutations","upper","195.950868848124"
"125","5","3","JAGS","STEPHENS","standard","permutations","upper","196.168237793186"
"126","6","3","JAGS","STEPHENS","standard","permutations","upper","197.533311248226"
"127","7","3","JAGS","STEPHENS","standard","permutations","upper","196.175831096527"
"128","8","3","JAGS","STEPHENS","standard","permutations","upper","196.320772630169"
"129","9","3","JAGS","STEPHENS","standard","permutations","upper","197.832061429465"
"130","10","3","JAGS","STEPHENS","standard","permutations","upper","196.142553174891"
"131","11","3","JAGS","STEPHENS","standard","permutations","upper","196.278611113023"
"132","12","3","JAGS","STEPHENS","standard","permutations","upper","196.810496620497"
"133","13","3","JAGS","STEPHENS","standard","permutations","upper","197.336396267202"
"134","14","3","JAGS","STEPHENS","standard","permutations","upper","196.704190447224"
"135","15","3","JAGS","STEPHENS","standard","permutations","upper","197.668471328407"
"136","16","3","JAGS","STEPHENS","standard","permutations","upper","197.252774707175"
"137","17","3","JAGS","STEPHENS","standard","permutations","upper","197.712570666841"
"138","18","3","JAGS","STEPHENS","standard","permutations","upper","196.075246288374"
"139","19","3","JAGS","STEPHENS","standard","permutations","upper","197.034464479123"
"140","20","3","JAGS","STEPHENS","standard","permutations","upper","197.781365021442"
"141","1","4","JAGS","STEPHENS","standard","permutations","upper","197.528626935141"
"142","2","4","JAGS","STEPHENS","standard","permutations","upper","198.049356205118"
"143","3","4","JAGS","STEPHENS","standard","permutations","upper","197.300044370807"
"144","4","4","JAGS","STEPHENS","standard","permutations","upper","197.39328068703"
"145","5","4","JAGS","STEPHENS","standard","permutations","upper","196.655639857157"
"146","6","4","JAGS","STEPHENS","standard","permutations","upper","198.074722834685"
"147","7","4","JAGS","STEPHENS","standard","permutations","upper","197.458292087438"
"148","8","4","JAGS","STEPHENS","standard","permutations","upper","196.97560041912"
"149","9","4","JAGS","STEPHENS","standard","permutations","upper","197.78293140976"
"150","10","4","JAGS","STEPHENS","standard","permutations","upper","196.452353972394"
"151","11","4","JAGS","STEPHENS","standard","permutations","upper","197.305000584973"
"152","12","4","JAGS","STEPHENS","standard","permutations","upper","197.592218413937"
"153","13","4","JAGS","STEPHENS","standard","permutations","upper","196.988690948935"
"154","14","4","JAGS","STEPHENS","standard","permutations","upper","197.78810906488"
"155","15","4","JAGS","STEPHENS","standard","permutations","upper","196.874880477287"
"156","16","4","JAGS","STEPHENS","standard","permutations","upper","197.473188270858"
"157","17","4","JAGS","STEPHENS","standard","permutations","upper","197.747842764058"
"158","18","4","JAGS","STEPHENS","standard","permutations","upper","196.708079011826"
"159","19","4","JAGS","STEPHENS","standard","permutations","upper","196.70102807005"
"160","20","4","JAGS","STEPHENS","standard","permutations","upper","196.969797404387"
"161","1","5","JAGS","STEPHENS","standard","permutations","upper","198.275144000369"
"162","2","5","JAGS","STEPHENS","standard","permutations","upper","198.029713335639"
"163","3","5","JAGS","STEPHENS","standard","permutations","upper","197.35109061975"
"164","4","5","JAGS","STEPHENS","standard","permutations","upper","197.770608324609"
"165","5","5","JAGS","STEPHENS","standard","permutations","upper","197.488480998748"
"166","6","5","JAGS","STEPHENS","standard","permutations","upper","198.02996701903"
"167","7","5","JAGS","STEPHENS","standard","permutations","upper","198.182184310178"
"168","8","5","JAGS","STEPHENS","standard","permutations","upper","198.410018506771"
"169","9","5","JAGS","STEPHENS","standard","permutations","upper","198.45772243493"
"170","10","5","JAGS","STEPHENS","standard","permutations","upper","198.079108398163"
"171","11","5","JAGS","STEPHENS","standard","permutations","upper","198.660321077711"
"172","12","5","JAGS","STEPHENS","standard","permutations","upper","198.972245498285"
"173","13","5","JAGS","STEPHENS","standard","permutations","upper","201.747506540117"
"174","14","5","JAGS","STEPHENS","standard","permutations","upper","197.947227789974"
"175","15","5","JAGS","STEPHENS","standard","permutations","upper","197.448442796569"
"176","16","5","JAGS","STEPHENS","standard","permutations","upper","198.057195381396"
"177","17","5","JAGS","STEPHENS","standard","permutations","upper","198.279129343131"
"178","18","5","JAGS","STEPHENS","standard","permutations","upper","198.111311266739"
"179","19","5","JAGS","STEPHENS","standard","permutations","upper","197.814730167549"
"180","20","5","JAGS","STEPHENS","standard","permutations","upper","197.863517236044"
"181","1","6","JAGS","STEPHENS","standard","permutations","upper","198.769987122362"
"182","2","6","JAGS","STEPHENS","standard","permutations","upper","198.67854164609"
"183","3","6","JAGS","STEPHENS","standard","permutations","upper","199.075656259025"
"184","4","6","JAGS","STEPHENS","standard","permutations","upper","202.432244969087"
"185","5","6","JAGS","STEPHENS","standard","permutations","upper","198.804792704649"
"186","6","6","JAGS","STEPHENS","standard","permutations","upper","199.067227534205"
"187","7","6","JAGS","STEPHENS","standard","permutations","upper","199.975924284043"
"188","8","6","JAGS","STEPHENS","standard","permutations","upper","198.65560283886"
"189","9","6","JAGS","STEPHENS","standard","permutations","upper","200.42902971761"
"190","10","6","JAGS","STEPHENS","standard","permutations","upper","203.659904212433"
"191","11","6","JAGS","STEPHENS","standard","permutations","upper","198.749912455013"
"192","12","6","JAGS","STEPHENS","standard","permutations","upper","198.623983217499"
"193","13","6","JAGS","STEPHENS","standard","permutations","upper","199.858024485842"
"194","14","6","JAGS","STEPHENS","standard","permutations","upper","198.849121659352"
"195","15","6","JAGS","STEPHENS","standard","permutations","upper","198.515901730565"
"196","16","6","JAGS","STEPHENS","standard","permutations","upper","198.307402432962"
"197","17","6","JAGS","STEPHENS","standard","permutations","upper","199.21644928061"
"198","18","6","JAGS","STEPHENS","standard","permutations","upper","200.064209394468"
"199","19","6","JAGS","STEPHENS","standard","permutations","upper","198.268412554177"
"200","20","6","JAGS","STEPHENS","standard","permutations","upper","199.948239970946"
"201","1","2","STAN","ECR","standard","permutations","upper",NA
"202","2","2","STAN","ECR","standard","permutations","upper",NA
"203","3","2","STAN","ECR","standard","permutations","upper",NA
"204","4","2","STAN","ECR","standard","permutations","upper",NA
"205","5","2","STAN","ECR","standard","permutations","upper",NA
"206","6","2","STAN","ECR","standard","permutations","upper",NA
"207","7","2","STAN","ECR","standard","permutations","upper",NA
"208","8","2","STAN","ECR","standard","permutations","upper",NA
"209","9","2","STAN","ECR","standard","permutations","upper",NA
"210","10","2","STAN","ECR","standard","permutations","upper",NA
"211","11","2","STAN","ECR","standard","permutations","upper",NA
"212","12","2","STAN","ECR","standard","permutations","upper",NA
"213","13","2","STAN","ECR","standard","permutations","upper",NA
"214","14","2","STAN","ECR","standard","permutations","upper",NA
"215","15","2","STAN","ECR","standard","permutations","upper",NA
"216","16","2","STAN","ECR","standard","permutations","upper",NA
"217","17","2","STAN","ECR","standard","permutations","upper",NA
"218","18","2","STAN","ECR","standard","permutations","upper",NA
"219","19","2","STAN","ECR","standard","permutations","upper",NA
"220","20","2","STAN","ECR","standard","permutations","upper",NA
"221","1","3","STAN","ECR","standard","permutations","upper",NA
"222","2","3","STAN","ECR","standard","permutations","upper",NA
"223","3","3","STAN","ECR","standard","permutations","upper",NA
"224","4","3","STAN","ECR","standard","permutations","upper",NA
"225","5","3","STAN","ECR","standard","permutations","upper",NA
"226","6","3","STAN","ECR","standard","permutations","upper",NA
"227","7","3","STAN","ECR","standard","permutations","upper",NA
"228","8","3","STAN","ECR","standard","permutations","upper",NA
"229","9","3","STAN","ECR","standard","permutations","upper",NA
"230","10","3","STAN","ECR","standard","permutations","upper",NA
"231","11","3","STAN","ECR","standard","permutations","upper",NA
"232","12","3","STAN","ECR","standard","permutations","upper",NA
"233","13","3","STAN","ECR","standard","permutations","upper",NA
"234","14","3","STAN","ECR","standard","permutations","upper",NA
"235","15","3","STAN","ECR","standard","permutations","upper",NA
"236","16","3","STAN","ECR","standard","permutations","upper",NA
"237","17","3","STAN","ECR","standard","permutations","upper",NA
"238","18","3","STAN","ECR","standard","permutations","upper",NA
"239","19","3","STAN","ECR","standard","permutations","upper",NA
"240","20","3","STAN","ECR","standard","permutations","upper",NA
"241","1","4","STAN","ECR","standard","permutations","upper",NA
"242","2","4","STAN","ECR","standard","permutations","upper",NA
"243","3","4","STAN","ECR","standard","permutations","upper",NA
"244","4","4","STAN","ECR","standard","permutations","upper",NA
"245","5","4","STAN","ECR","standard","permutations","upper",NA
"246","6","4","STAN","ECR","standard","permutations","upper",NA
"247","7","4","STAN","ECR","standard","permutations","upper",NA
"248","8","4","STAN","ECR","standard","permutations","upper",NA
"249","9","4","STAN","ECR","standard","permutations","upper",NA
"250","10","4","STAN","ECR","standard","permutations","upper",NA
"251","11","4","STAN","ECR","standard","permutations","upper",NA
"252","12","4","STAN","ECR","standard","permutations","upper",NA
"253","13","4","STAN","ECR","standard","permutations","upper",NA
"254","14","4","STAN","ECR","standard","permutations","upper",NA
"255","15","4","STAN","ECR","standard","permutations","upper",NA
"256","16","4","STAN","ECR","standard","permutations","upper",NA
"257","17","4","STAN","ECR","standard","permutations","upper",NA
"258","18","4","STAN","ECR","standard","permutations","upper",NA
"259","19","4","STAN","ECR","standard","permutations","upper",NA
"260","20","4","STAN","ECR","standard","permutations","upper",NA
"261","1","5","STAN","ECR","standard","permutations","upper",NA
"262","2","5","STAN","ECR","standard","permutations","upper",NA
"263","3","5","STAN","ECR","standard","permutations","upper",NA
"264","4","5","STAN","ECR","standard","permutations","upper",NA
"265","5","5","STAN","ECR","standard","permutations","upper",NA
"266","6","5","STAN","ECR","standard","permutations","upper",NA
"267","7","5","STAN","ECR","standard","permutations","upper",NA
"268","8","5","STAN","ECR","standard","permutations","upper",NA
"269","9","5","STAN","ECR","standard","permutations","upper",NA
"270","10","5","STAN","ECR","standard","permutations","upper",NA
"271","11","5","STAN","ECR","standard","permutations","upper",NA
"272","12","5","STAN","ECR","standard","permutations","upper",NA
"273","13","5","STAN","ECR","standard","permutations","upper",NA
"274","14","5","STAN","ECR","standard","permutations","upper",NA
"275","15","5","STAN","ECR","standard","permutations","upper",NA
"276","16","5","STAN","ECR","standard","permutations","upper",NA
"277","17","5","STAN","ECR","standard","permutations","upper",NA
"278","18","5","STAN","ECR","standard","permutations","upper",NA
"279","19","5","STAN","ECR","standard","permutations","upper",NA
"280","20","5","STAN","ECR","standard","permutations","upper",NA
"281","1","6","STAN","ECR","standard","permutations","upper",NA
"282","2","6","STAN","ECR","standard","permutations","upper",NA
"283","3","6","STAN","ECR","standard","permutations","upper",NA
"284","4","6","STAN","ECR","standard","permutations","upper",NA
"285","5","6","STAN","ECR","standard","permutations","upper",NA
"286","6","6","STAN","ECR","standard","permutations","upper",NA
"287","7","6","STAN","ECR","standard","permutations","upper",NA
"288","8","6","STAN","ECR","standard","permutations","upper",NA
"289","9","6","STAN","ECR","standard","permutations","upper",NA
"290","10","6","STAN","ECR","standard","permutations","upper",NA
"291","11","6","STAN","ECR","standard","permutations","upper",NA
"292","12","6","STAN","ECR","standard","permutations","upper",NA
"293","13","6","STAN","ECR","standard","permutations","upper",NA
"294","14","6","STAN","ECR","standard","permutations","upper",NA
"295","15","6","STAN","ECR","standard","permutations","upper",NA
"296","16","6","STAN","ECR","standard","permutations","upper",NA
"297","17","6","STAN","ECR","standard","permutations","upper",NA
"298","18","6","STAN","ECR","standard","permutations","upper",NA
"299","19","6","STAN","ECR","standard","permutations","upper",NA
"300","20","6","STAN","ECR","standard","permutations","upper",NA
"301","1","2","JAGS","ECR","standard","permutations","upper","198.004536231926"
"302","2","2","JAGS","ECR","standard","permutations","upper","197.081716440084"
"303","3","2","JAGS","ECR","standard","permutations","upper","198.61661855478"
"304","4","2","JAGS","ECR","standard","permutations","upper","197.132518232335"
"305","5","2","JAGS","ECR","standard","permutations","upper","196.733728674394"
"306","6","2","JAGS","ECR","standard","permutations","upper","198.313024771906"
"307","7","2","JAGS","ECR","standard","permutations","upper","197.803495714159"
"308","8","2","JAGS","ECR","standard","permutations","upper","198.028659410772"
"309","9","2","JAGS","ECR","standard","permutations","upper","198.827452194372"
"310","10","2","JAGS","ECR","standard","permutations","upper","197.326601122689"
"311","11","2","JAGS","ECR","standard","permutations","upper","196.937262528867"
"312","12","2","JAGS","ECR","standard","permutations","upper","196.979441936846"
"313","13","2","JAGS","ECR","standard","permutations","upper","198.725832478513"
"314","14","2","JAGS","ECR","standard","permutations","upper","196.950938857321"
"315","15","2","JAGS","ECR","standard","permutations","upper","199.007842147574"
"316","16","2","JAGS","ECR","standard","permutations","upper","198.369534221174"
"317","17","2","JAGS","ECR","standard","permutations","upper","198.103716058611"
"318","18","2","JAGS","ECR","standard","permutations","upper","198.533099111725"
"319","19","2","JAGS","ECR","standard","permutations","upper","196.810323614536"
"320","20","2","JAGS","ECR","standard","permutations","upper","196.723190573753"
"321","1","3","JAGS","ECR","standard","permutations","upper","196.161049492341"
"322","2","3","JAGS","ECR","standard","permutations","upper","197.179300062771"
"323","3","3","JAGS","ECR","standard","permutations","upper","197.732053589467"
"324","4","3","JAGS","ECR","standard","permutations","upper","195.919464584193"
"325","5","3","JAGS","ECR","standard","permutations","upper","195.873133585721"
"326","6","3","JAGS","ECR","standard","permutations","upper","197.449411880569"
"327","7","3","JAGS","ECR","standard","permutations","upper","196.122121775967"
"328","8","3","JAGS","ECR","standard","permutations","upper","196.278388376438"
"329","9","3","JAGS","ECR","standard","permutations","upper","197.834603060523"
"330","10","3","JAGS","ECR","standard","permutations","upper","196.101202149321"
"331","11","3","JAGS","ECR","standard","permutations","upper","196.245242026227"
"332","12","3","JAGS","ECR","standard","permutations","upper","196.484387430261"
"333","13","3","JAGS","ECR","standard","permutations","upper","196.988995256265"
"334","14","3","JAGS","ECR","standard","permutations","upper","196.674428151372"
"335","15","3","JAGS","ECR","standard","permutations","upper","197.524935901063"
"336","16","3","JAGS","ECR","standard","permutations","upper","197.238933973734"
"337","17","3","JAGS","ECR","standard","permutations","upper","197.723812997084"
"338","18","3","JAGS","ECR","standard","permutations","upper","196.026745704271"
"339","19","3","JAGS","ECR","standard","permutations","upper","196.980580305954"
"340","20","3","JAGS","ECR","standard","permutations","upper","197.691772679453"
"341","1","4","JAGS","ECR","standard","permutations","upper","197.273607547798"
"342","2","4","JAGS","ECR","standard","permutations","upper","197.853456063168"
"343","3","4","JAGS","ECR","standard","permutations","upper","197.050932806545"
"344","4","4","JAGS","ECR","standard","permutations","upper","197.092815900982"
"345","5","4","JAGS","ECR","standard","permutations","upper","196.466519766253"
"346","6","4","JAGS","ECR","standard","permutations","upper","197.885948100531"
"347","7","4","JAGS","ECR","standard","permutations","upper","197.159016287666"
"348","8","4","JAGS","ECR","standard","permutations","upper","196.372650374131"
"349","9","4","JAGS","ECR","standard","permutations","upper","197.496060837168"
"350","10","4","JAGS","ECR","standard","permutations","upper","196.296587351839"
"351","11","4","JAGS","ECR","standard","permutations","upper","196.859462265886"
"352","12","4","JAGS","ECR","standard","permutations","upper","197.245565608472"
"353","13","4","JAGS","ECR","standard","permutations","upper","196.560381870726"
"354","14","4","JAGS","ECR","standard","permutations","upper","197.751532777169"
"355","15","4","JAGS","ECR","standard","permutations","upper","196.668424759038"
"356","16","4","JAGS","ECR","standard","permutations","upper","197.207829834351"
"357","17","4","JAGS","ECR","standard","permutations","upper","197.374846819173"
"358","18","4","JAGS","ECR","standard","permutations","upper","196.176665246497"
"359","19","4","JAGS","ECR","standard","permutations","upper","196.122331307336"
"360","20","4","JAGS","ECR","standard","permutations","upper","196.833071288348"
"361","1","5","JAGS","ECR","standard","permutations","upper","197.845781908998"
"362","2","5","JAGS","ECR","standard","permutations","upper","197.574929279142"
"363","3","5","JAGS","ECR","standard","permutations","upper","197.503886419144"
"364","4","5","JAGS","ECR","standard","permutations","upper","197.492641697078"
"365","5","5","JAGS","ECR","standard","permutations","upper","197.362514756361"
"366","6","5","JAGS","ECR","standard","permutations","upper","197.646284178661"
"367","7","5","JAGS","ECR","standard","permutations","upper","198.012690878018"
"368","8","5","JAGS","ECR","standard","permutations","upper","198.038591022755"
"369","9","5","JAGS","ECR","standard","permutations","upper","198.292826202991"
"370","10","5","JAGS","ECR","standard","permutations","upper","197.669888381164"
"371","11","5","JAGS","ECR","standard","permutations","upper","198.262224184142"
"372","12","5","JAGS","ECR","standard","permutations","upper","198.548364435398"
"373","13","5","JAGS","ECR","standard","permutations","upper","200.940344065597"
"374","14","5","JAGS","ECR","standard","permutations","upper","197.733119857863"
"375","15","5","JAGS","ECR","standard","permutations","upper","197.355779458063"
"376","16","5","JAGS","ECR","standard","permutations","upper","197.813423896593"
"377","17","5","JAGS","ECR","standard","permutations","upper","198.042881967597"
"378","18","5","JAGS","ECR","standard","permutations","upper","197.501641340466"
"379","19","5","JAGS","ECR","standard","permutations","upper","197.64437888888"
"380","20","5","JAGS","ECR","standard","permutations","upper","197.7470288094"
"381","1","6","JAGS","ECR","standard","permutations","upper","198.275964081626"
"382","2","6","JAGS","ECR","standard","permutations","upper","198.609665929881"
"383","3","6","JAGS","ECR","standard","permutations","upper","198.973044336864"
"384","4","6","JAGS","ECR","standard","permutations","upper","203.054472560753"
"385","5","6","JAGS","ECR","standard","permutations","upper","198.665053660727"
"386","6","6","JAGS","ECR","standard","permutations","upper","198.473308093086"
"387","7","6","JAGS","ECR","standard","permutations","upper","200.015522477335"
"388","8","6","JAGS","ECR","standard","permutations","upper","199.054220003923"
"389","9","6","JAGS","ECR","standard","permutations","upper","200.069823911906"
"390","10","6","JAGS","ECR","standard","permutations","upper","202.337224988155"
"391","11","6","JAGS","ECR","standard","permutations","upper","198.201012481119"
"392","12","6","JAGS","ECR","standard","permutations","upper","198.416422786385"
"393","13","6","JAGS","ECR","standard","permutations","upper","199.40394192901"
"394","14","6","JAGS","ECR","standard","permutations","upper","198.531401145954"
"395","15","6","JAGS","ECR","standard","permutations","upper","198.377057869372"
"396","16","6","JAGS","ECR","standard","permutations","upper","198.310217552197"
"397","17","6","JAGS","ECR","standard","permutations","upper","198.906750117488"
"398","18","6","JAGS","ECR","standard","permutations","upper","199.735199914043"
"399","19","6","JAGS","ECR","standard","permutations","upper","198.458838732058"
"400","20","6","JAGS","ECR","standard","permutations","upper","200.1181931429"
"401","1","2","STAN","STEPHENS","robust","permutations","upper","198.568644692529"
"402","2","2","STAN","STEPHENS","robust","permutations","upper","198.555627359806"
"403","3","2","STAN","STEPHENS","robust","permutations","upper","198.521945594947"
"404","4","2","STAN","STEPHENS","robust","permutations","upper","198.015573626405"
"405","5","2","STAN","STEPHENS","robust","permutations","upper","197.308445027432"
"406","6","2","STAN","STEPHENS","robust","permutations","upper","197.539307592364"
"407","7","2","STAN","STEPHENS","robust","permutations","upper","197.593631468097"
"408","8","2","STAN","STEPHENS","robust","permutations","upper","198.283976915663"
"409","9","2","STAN","STEPHENS","robust","permutations","upper","198.691598505323"
"410","10","2","STAN","STEPHENS","robust","permutations","upper","197.253827481224"
"411","11","2","STAN","STEPHENS","robust","permutations","upper","198.889645223063"
"412","12","2","STAN","STEPHENS","robust","permutations","upper","196.973028359075"
"413","13","2","STAN","STEPHENS","robust","permutations","upper","197.105137931232"
"414","14","2","STAN","STEPHENS","robust","permutations","upper","198.546966665229"
"415","15","2","STAN","STEPHENS","robust","permutations","upper","197.322521782093"
"416","16","2","STAN","STEPHENS","robust","permutations","upper","198.525238864603"
"417","17","2","STAN","STEPHENS","robust","permutations","upper","197.011798727923"
"418","18","2","STAN","STEPHENS","robust","permutations","upper","198.013450905051"
"419","19","2","STAN","STEPHENS","robust","permutations","upper","198.829353915301"
"420","20","2","STAN","STEPHENS","robust","permutations","upper","198.655046767259"
"421","1","3","STAN","STEPHENS","robust","permutations","upper","197.696151479985"
"422","2","3","STAN","STEPHENS","robust","permutations","upper","196.74163334556"
"423","3","3","STAN","STEPHENS","robust","permutations","upper","197.756825965977"
"424","4","3","STAN","STEPHENS","robust","permutations","upper","196.373861462635"
"425","5","3","STAN","STEPHENS","robust","permutations","upper","195.967029835706"
"426","6","3","STAN","STEPHENS","robust","permutations","upper","197.019219355936"
"427","7","3","STAN","STEPHENS","robust","permutations","upper","196.342002152567"
"428","8","3","STAN","STEPHENS","robust","permutations","upper","197.653234085209"
"429","9","3","STAN","STEPHENS","robust","permutations","upper","197.09179832807"
"430","10","3","STAN","STEPHENS","robust","permutations","upper","197.599403869946"
"431","11","3","STAN","STEPHENS","robust","permutations","upper","197.658256202089"
"432","12","3","STAN","STEPHENS","robust","permutations","upper","196.97676531292"
"433","13","3","STAN","STEPHENS","robust","permutations","upper","198.019480798492"
"434","14","3","STAN","STEPHENS","robust","permutations","upper","196.531624136102"
"435","15","3","STAN","STEPHENS","robust","permutations","upper","196.439909335758"
"436","16","3","STAN","STEPHENS","robust","permutations","upper","196.147497913499"
"437","17","3","STAN","STEPHENS","robust","permutations","upper","197.295522417416"
"438","18","3","STAN","STEPHENS","robust","permutations","upper","196.952276724582"
"439","19","3","STAN","STEPHENS","robust","permutations","upper","196.445755823594"
"440","20","3","STAN","STEPHENS","robust","permutations","upper","196.348601488136"
"441","1","4","STAN","STEPHENS","robust","permutations","upper","196.346352781504"
"442","2","4","STAN","STEPHENS","robust","permutations","upper","197.609468311193"
"443","3","4","STAN","STEPHENS","robust","permutations","upper","197.277770120696"
"444","4","4","STAN","STEPHENS","robust","permutations","upper","196.739164129628"
"445","5","4","STAN","STEPHENS","robust","permutations","upper","197.05359704269"
"446","6","4","STAN","STEPHENS","robust","permutations","upper","197.742836435427"
"447","7","4","STAN","STEPHENS","robust","permutations","upper","197.154011441101"
"448","8","4","STAN","STEPHENS","robust","permutations","upper","197.454529341031"
"449","9","4","STAN","STEPHENS","robust","permutations","upper","198.172973816487"
"450","10","4","STAN","STEPHENS","robust","permutations","upper","196.919862265525"
"451","11","4","STAN","STEPHENS","robust","permutations","upper","197.778250584326"
"452","12","4","STAN","STEPHENS","robust","permutations","upper","197.460663730867"
"453","13","4","STAN","STEPHENS","robust","permutations","upper","196.085749476262"
"454","14","4","STAN","STEPHENS","robust","permutations","upper","197.861267523526"
"455","15","4","STAN","STEPHENS","robust","permutations","upper","197.438400027667"
"456","16","4","STAN","STEPHENS","robust","permutations","upper","197.802491338052"
"457","17","4","STAN","STEPHENS","robust","permutations","upper","198.002983960373"
"458","18","4","STAN","STEPHENS","robust","permutations","upper","197.020611126132"
"459","19","4","STAN","STEPHENS","robust","permutations","upper","196.401291260231"
"460","20","4","STAN","STEPHENS","robust","permutations","upper","197.048797606841"
"461","1","5","STAN","STEPHENS","robust","permutations","upper","198.601727223707"
"462","2","5","STAN","STEPHENS","robust","permutations","upper","197.730165649274"
"463","3","5","STAN","STEPHENS","robust","permutations","upper","197.704824322916"
"464","4","5","STAN","STEPHENS","robust","permutations","upper","198.181360650633"
"465","5","5","STAN","STEPHENS","robust","permutations","upper","199.221882149177"
"466","6","5","STAN","STEPHENS","robust","permutations","upper","198.572649312632"
"467","7","5","STAN","STEPHENS","robust","permutations","upper","197.957278163526"
"468","8","5","STAN","STEPHENS","robust","permutations","upper","197.358864761996"
"469","9","5","STAN","STEPHENS","robust","permutations","upper","199.623929580289"
"470","10","5","STAN","STEPHENS","robust","permutations","upper","198.038253121863"
"471","11","5","STAN","STEPHENS","robust","permutations","upper","197.503846954596"
"472","12","5","STAN","STEPHENS","robust","permutations","upper","198.66533160036"
"473","13","5","STAN","STEPHENS","robust","permutations","upper","198.2282800242"
"474","14","5","STAN","STEPHENS","robust","permutations","upper","198.332844530407"
"475","15","5","STAN","STEPHENS","robust","permutations","upper","198.121434163298"
"476","16","5","STAN","STEPHENS","robust","permutations","upper","198.260533474491"
"477","17","5","STAN","STEPHENS","robust","permutations","upper","199.536145933222"
"478","18","5","STAN","STEPHENS","robust","permutations","upper","198.932494176367"
"479","19","5","STAN","STEPHENS","robust","permutations","upper","197.58162087264"
"480","20","5","STAN","STEPHENS","robust","permutations","upper","196.959261266453"
"481","1","6","STAN","STEPHENS","robust","permutations","upper","198.943907874141"
"482","2","6","STAN","STEPHENS","robust","permutations","upper","199.376349724493"
"483","3","6","STAN","STEPHENS","robust","permutations","upper","198.232239241024"
"484","4","6","STAN","STEPHENS","robust","permutations","upper","198.217579092774"
"485","5","6","STAN","STEPHENS","robust","permutations","upper","199.998265155525"
"486","6","6","STAN","STEPHENS","robust","permutations","upper","198.310259426495"
"487","7","6","STAN","STEPHENS","robust","permutations","upper","198.39593431393"
"488","8","6","STAN","STEPHENS","robust","permutations","upper","198.508926471156"
"489","9","6","STAN","STEPHENS","robust","permutations","upper","198.15021285782"
"490","10","6","STAN","STEPHENS","robust","permutations","upper","198.76969764336"
"491","11","6","STAN","STEPHENS","robust","permutations","upper","199.821306517766"
"492","12","6","STAN","STEPHENS","robust","permutations","upper","198.095022648239"
"493","13","6","STAN","STEPHENS","robust","permutations","upper","198.317625143332"
"494","14","6","STAN","STEPHENS","robust","permutations","upper","198.816038968913"
"495","15","6","STAN","STEPHENS","robust","permutations","upper","198.706005600923"
"496","16","6","STAN","STEPHENS","robust","permutations","upper","198.953890258639"
"497","17","6","STAN","STEPHENS","robust","permutations","upper","198.460374185997"
"498","18","6","STAN","STEPHENS","robust","permutations","upper","198.658559035692"
"499","19","6","STAN","STEPHENS","robust","permutations","upper","199.941740075427"
"500","20","6","STAN","STEPHENS","robust","permutations","upper","198.598784015425"
"501","1","2","JAGS","STEPHENS","robust","permutations","upper","198.055539090839"
"502","2","2","JAGS","STEPHENS","robust","permutations","upper","197.085615533028"
"503","3","2","JAGS","STEPHENS","robust","permutations","upper","198.676412045237"
"504","4","2","JAGS","STEPHENS","robust","permutations","upper","197.169610051105"
"505","5","2","JAGS","STEPHENS","robust","permutations","upper","196.800767212282"
"506","6","2","JAGS","STEPHENS","robust","permutations","upper","198.394330556664"
"507","7","2","JAGS","STEPHENS","robust","permutations","upper","197.882240072767"
"508","8","2","JAGS","STEPHENS","robust","permutations","upper","198.080195249265"
"509","9","2","JAGS","STEPHENS","robust","permutations","upper","198.905851872367"
"510","10","2","JAGS","STEPHENS","robust","permutations","upper","197.427819322754"
"511","11","2","JAGS","STEPHENS","robust","permutations","upper","197.003678357418"
"512","12","2","JAGS","STEPHENS","robust","permutations","upper","197.065895259342"
"513","13","2","JAGS","STEPHENS","robust","permutations","upper","198.820737006363"
"514","14","2","JAGS","STEPHENS","robust","permutations","upper","197.025808828161"
"515","15","2","JAGS","STEPHENS","robust","permutations","upper","199.028454687577"
"516","16","2","JAGS","STEPHENS","robust","permutations","upper","198.445527834443"
"517","17","2","JAGS","STEPHENS","robust","permutations","upper","198.209420114802"
"518","18","2","JAGS","STEPHENS","robust","permutations","upper","198.601689966777"
"519","19","2","JAGS","STEPHENS","robust","permutations","upper","196.849063154469"
"520","20","2","JAGS","STEPHENS","robust","permutations","upper","196.761122529884"
"521","1","3","JAGS","STEPHENS","robust","permutations","upper","196.328822565292"
"522","2","3","JAGS","STEPHENS","robust","permutations","upper","197.2032047822"
"523","3","3","JAGS","STEPHENS","robust","permutations","upper","197.706642290481"
"524","4","3","JAGS","STEPHENS","robust","permutations","upper","195.968659640285"
"525","5","3","JAGS","STEPHENS","robust","permutations","upper","196.169671599051"
"526","6","3","JAGS","STEPHENS","robust","permutations","upper","197.494765104893"
"527","7","3","JAGS","STEPHENS","robust","permutations","upper","196.219754510965"
"528","8","3","JAGS","STEPHENS","robust","permutations","upper","196.274459510926"
"529","9","3","JAGS","STEPHENS","robust","permutations","upper","197.824681125614"
"530","10","3","JAGS","STEPHENS","robust","permutations","upper","196.163958142878"
"531","11","3","JAGS","STEPHENS","robust","permutations","upper","196.292443423445"
"532","12","3","JAGS","STEPHENS","robust","permutations","upper","196.700357571668"
"533","13","3","JAGS","STEPHENS","robust","permutations","upper","197.346128299853"
"534","14","3","JAGS","STEPHENS","robust","permutations","upper","196.734999031728"
"535","15","3","JAGS","STEPHENS","robust","permutations","upper","197.641163485841"
"536","16","3","JAGS","STEPHENS","robust","permutations","upper","197.273617793544"
"537","17","3","JAGS","STEPHENS","robust","permutations","upper","197.702397727519"
"538","18","3","JAGS","STEPHENS","robust","permutations","upper","196.060777041703"
"539","19","3","JAGS","STEPHENS","robust","permutations","upper","196.993646150946"
"540","20","3","JAGS","STEPHENS","robust","permutations","upper","197.781065356351"
"541","1","4","JAGS","STEPHENS","robust","permutations","upper","197.344475120561"
"542","2","4","JAGS","STEPHENS","robust","permutations","upper","197.992806625647"
"543","3","4","JAGS","STEPHENS","robust","permutations","upper","197.077966865422"
"544","4","4","JAGS","STEPHENS","robust","permutations","upper","197.341538910081"
"545","5","4","JAGS","STEPHENS","robust","permutations","upper","196.618851758467"
"546","6","4","JAGS","STEPHENS","robust","permutations","upper","198.092537461894"
"547","7","4","JAGS","STEPHENS","robust","permutations","upper","197.432235942364"
"548","8","4","JAGS","STEPHENS","robust","permutations","upper","196.864534547358"
"549","9","4","JAGS","STEPHENS","robust","permutations","upper","197.730409836965"
"550","10","4","JAGS","STEPHENS","robust","permutations","upper","196.47366636634"
"551","11","4","JAGS","STEPHENS","robust","permutations","upper","197.274646173651"
"552","12","4","JAGS","STEPHENS","robust","permutations","upper","197.515409576033"
"553","13","4","JAGS","STEPHENS","robust","permutations","upper","196.990204472301"
"554","14","4","JAGS","STEPHENS","robust","permutations","upper","197.542784453945"
"555","15","4","JAGS","STEPHENS","robust","permutations","upper","196.882951283833"
"556","16","4","JAGS","STEPHENS","robust","permutations","upper","197.352646411064"
"557","17","4","JAGS","STEPHENS","robust","permutations","upper","197.804089809228"
"558","18","4","JAGS","STEPHENS","robust","permutations","upper","196.679712591937"
"559","19","4","JAGS","STEPHENS","robust","permutations","upper","196.67374581561"
"560","20","4","JAGS","STEPHENS","robust","permutations","upper","196.960650852726"
"561","1","5","JAGS","STEPHENS","robust","permutations","upper","198.106214917254"
"562","2","5","JAGS","STEPHENS","robust","permutations","upper","197.911037348769"
"563","3","5","JAGS","STEPHENS","robust","permutations","upper","197.214880283741"
"564","4","5","JAGS","STEPHENS","robust","permutations","upper","197.676681568724"
"565","5","5","JAGS","STEPHENS","robust","permutations","upper","197.507284327611"
"566","6","5","JAGS","STEPHENS","robust","permutations","upper","197.865251043833"
"567","7","5","JAGS","STEPHENS","robust","permutations","upper","198.150621549975"
"568","8","5","JAGS","STEPHENS","robust","permutations","upper","198.454213632584"
"569","9","5","JAGS","STEPHENS","robust","permutations","upper","198.341124071243"
"570","10","5","JAGS","STEPHENS","robust","permutations","upper","197.82084940175"
"571","11","5","JAGS","STEPHENS","robust","permutations","upper","198.652910627921"
"572","12","5","JAGS","STEPHENS","robust","permutations","upper","198.694048285259"
"573","13","5","JAGS","STEPHENS","robust","permutations","upper","201.435966147346"
"574","14","5","JAGS","STEPHENS","robust","permutations","upper","197.781052461898"
"575","15","5","JAGS","STEPHENS","robust","permutations","upper","197.425212977451"
"576","16","5","JAGS","STEPHENS","robust","permutations","upper","197.433815703445"
"577","17","5","JAGS","STEPHENS","robust","permutations","upper","198.135348886926"
"578","18","5","JAGS","STEPHENS","robust","permutations","upper","198.054627291156"
"579","19","5","JAGS","STEPHENS","robust","permutations","upper","197.741858468972"
"580","20","5","JAGS","STEPHENS","robust","permutations","upper","197.834698293515"
"581","1","6","JAGS","STEPHENS","robust","permutations","upper","198.903147770509"
"582","2","6","JAGS","STEPHENS","robust","permutations","upper","198.821609028861"
"583","3","6","JAGS","STEPHENS","robust","permutations","upper","199.116773616056"
"584","4","6","JAGS","STEPHENS","robust","permutations","upper","202.540500417318"
"585","5","6","JAGS","STEPHENS","robust","permutations","upper","198.994243754704"
"586","6","6","JAGS","STEPHENS","robust","permutations","upper","199.026439335248"
"587","7","6","JAGS","STEPHENS","robust","permutations","upper","200.250526970948"
"588","8","6","JAGS","STEPHENS","robust","permutations","upper","198.533207574614"
"589","9","6","JAGS","STEPHENS","robust","permutations","upper","200.293459132731"
"590","10","6","JAGS","STEPHENS","robust","permutations","upper","203.512815028954"
"591","11","6","JAGS","STEPHENS","robust","permutations","upper","198.810270706012"
"592","12","6","JAGS","STEPHENS","robust","permutations","upper","198.435603749803"
"593","13","6","JAGS","STEPHENS","robust","permutations","upper","199.573211526068"
"594","14","6","JAGS","STEPHENS","robust","permutations","upper","198.812818120806"
"595","15","6","JAGS","STEPHENS","robust","permutations","upper","198.620255938024"
"596","16","6","JAGS","STEPHENS","robust","permutations","upper","198.406922643331"
"597","17","6","JAGS","STEPHENS","robust","permutations","upper","198.842393961782"
"598","18","6","JAGS","STEPHENS","robust","permutations","upper","199.982216915906"
"599","19","6","JAGS","STEPHENS","robust","permutations","upper","198.086615219402"
"600","20","6","JAGS","STEPHENS","robust","permutations","upper","199.540059410323"
"601","1","2","STAN","ECR","robust","permutations","upper",NA
"602","2","2","STAN","ECR","robust","permutations","upper",NA
"603","3","2","STAN","ECR","robust","permutations","upper",NA
"604","4","2","STAN","ECR","robust","permutations","upper",NA
"605","5","2","STAN","ECR","robust","permutations","upper",NA
"606","6","2","STAN","ECR","robust","permutations","upper",NA
"607","7","2","STAN","ECR","robust","permutations","upper",NA
"608","8","2","STAN","ECR","robust","permutations","upper",NA
"609","9","2","STAN","ECR","robust","permutations","upper",NA
"610","10","2","STAN","ECR","robust","permutations","upper",NA
"611","11","2","STAN","ECR","robust","permutations","upper",NA
"612","12","2","STAN","ECR","robust","permutations","upper",NA
"613","13","2","STAN","ECR","robust","permutations","upper",NA
"614","14","2","STAN","ECR","robust","permutations","upper",NA
"615","15","2","STAN","ECR","robust","permutations","upper",NA
"616","16","2","STAN","ECR","robust","permutations","upper",NA
"617","17","2","STAN","ECR","robust","permutations","upper",NA
"618","18","2","STAN","ECR","robust","permutations","upper",NA
"619","19","2","STAN","ECR","robust","permutations","upper",NA
"620","20","2","STAN","ECR","robust","permutations","upper",NA
"621","1","3","STAN","ECR","robust","permutations","upper",NA
"622","2","3","STAN","ECR","robust","permutations","upper",NA
"623","3","3","STAN","ECR","robust","permutations","upper",NA
"624","4","3","STAN","ECR","robust","permutations","upper",NA
"625","5","3","STAN","ECR","robust","permutations","upper",NA
"626","6","3","STAN","ECR","robust","permutations","upper",NA
"627","7","3","STAN","ECR","robust","permutations","upper",NA
"628","8","3","STAN","ECR","robust","permutations","upper",NA
"629","9","3","STAN","ECR","robust","permutations","upper",NA
"630","10","3","STAN","ECR","robust","permutations","upper",NA
"631","11","3","STAN","ECR","robust","permutations","upper",NA
"632","12","3","STAN","ECR","robust","permutations","upper",NA
"633","13","3","STAN","ECR","robust","permutations","upper",NA
"634","14","3","STAN","ECR","robust","permutations","upper",NA
"635","15","3","STAN","ECR","robust","permutations","upper",NA
"636","16","3","STAN","ECR","robust","permutations","upper",NA
"637","17","3","STAN","ECR","robust","permutations","upper",NA
"638","18","3","STAN","ECR","robust","permutations","upper",NA
"639","19","3","STAN","ECR","robust","permutations","upper",NA
"640","20","3","STAN","ECR","robust","permutations","upper",NA
"641","1","4","STAN","ECR","robust","permutations","upper",NA
"642","2","4","STAN","ECR","robust","permutations","upper",NA
"643","3","4","STAN","ECR","robust","permutations","upper",NA
"644","4","4","STAN","ECR","robust","permutations","upper",NA
"645","5","4","STAN","ECR","robust","permutations","upper",NA
"646","6","4","STAN","ECR","robust","permutations","upper",NA
"647","7","4","STAN","ECR","robust","permutations","upper",NA
"648","8","4","STAN","ECR","robust","permutations","upper",NA
"649","9","4","STAN","ECR","robust","permutations","upper",NA
"650","10","4","STAN","ECR","robust","permutations","upper",NA
"651","11","4","STAN","ECR","robust","permutations","upper",NA
"652","12","4","STAN","ECR","robust","permutations","upper",NA
"653","13","4","STAN","ECR","robust","permutations","upper",NA
"654","14","4","STAN","ECR","robust","permutations","upper",NA
"655","15","4","STAN","ECR","robust","permutations","upper",NA
"656","16","4","STAN","ECR","robust","permutations","upper",NA
"657","17","4","STAN","ECR","robust","permutations","upper",NA
"658","18","4","STAN","ECR","robust","permutations","upper",NA
"659","19","4","STAN","ECR","robust","permutations","upper",NA
"660","20","4","STAN","ECR","robust","permutations","upper",NA
"661","1","5","STAN","ECR","robust","permutations","upper",NA
"662","2","5","STAN","ECR","robust","permutations","upper",NA
"663","3","5","STAN","ECR","robust","permutations","upper",NA
"664","4","5","STAN","ECR","robust","permutations","upper",NA
"665","5","5","STAN","ECR","robust","permutations","upper",NA
"666","6","5","STAN","ECR","robust","permutations","upper",NA
"667","7","5","STAN","ECR","robust","permutations","upper",NA
"668","8","5","STAN","ECR","robust","permutations","upper",NA
"669","9","5","STAN","ECR","robust","permutations","upper",NA
"670","10","5","STAN","ECR","robust","permutations","upper",NA
"671","11","5","STAN","ECR","robust","permutations","upper",NA
"672","12","5","STAN","ECR","robust","permutations","upper",NA
"673","13","5","STAN","ECR","robust","permutations","upper",NA
"674","14","5","STAN","ECR","robust","permutations","upper",NA
"675","15","5","STAN","ECR","robust","permutations","upper",NA
"676","16","5","STAN","ECR","robust","permutations","upper",NA
"677","17","5","STAN","ECR","robust","permutations","upper",NA
"678","18","5","STAN","ECR","robust","permutations","upper",NA
"679","19","5","STAN","ECR","robust","permutations","upper",NA
"680","20","5","STAN","ECR","robust","permutations","upper",NA
"681","1","6","STAN","ECR","robust","permutations","upper",NA
"682","2","6","STAN","ECR","robust","permutations","upper",NA
"683","3","6","STAN","ECR","robust","permutations","upper",NA
"684","4","6","STAN","ECR","robust","permutations","upper",NA
"685","5","6","STAN","ECR","robust","permutations","upper",NA
"686","6","6","STAN","ECR","robust","permutations","upper",NA
"687","7","6","STAN","ECR","robust","permutations","upper",NA
"688","8","6","STAN","ECR","robust","permutations","upper",NA
"689","9","6","STAN","ECR","robust","permutations","upper",NA
"690","10","6","STAN","ECR","robust","permutations","upper",NA
"691","11","6","STAN","ECR","robust","permutations","upper",NA
"692","12","6","STAN","ECR","robust","permutations","upper",NA
"693","13","6","STAN","ECR","robust","permutations","upper",NA
"694","14","6","STAN","ECR","robust","permutations","upper",NA
"695","15","6","STAN","ECR","robust","permutations","upper",NA
"696","16","6","STAN","ECR","robust","permutations","upper",NA
"697","17","6","STAN","ECR","robust","permutations","upper",NA
"698","18","6","STAN","ECR","robust","permutations","upper",NA
"699","19","6","STAN","ECR","robust","permutations","upper",NA
"700","20","6","STAN","ECR","robust","permutations","upper",NA
"701","1","2","JAGS","ECR","robust","permutations","upper","198.055539090839"
"702","2","2","JAGS","ECR","robust","permutations","upper","197.085615533028"
"703","3","2","JAGS","ECR","robust","permutations","upper","198.676412045237"
"704","4","2","JAGS","ECR","robust","permutations","upper","197.169610051105"
"705","5","2","JAGS","ECR","robust","permutations","upper","196.800767212282"
"706","6","2","JAGS","ECR","robust","permutations","upper","198.394330556664"
"707","7","2","JAGS","ECR","robust","permutations","upper","197.882240072767"
"708","8","2","JAGS","ECR","robust","permutations","upper","198.080195249265"
"709","9","2","JAGS","ECR","robust","permutations","upper","198.905851872367"
"710","10","2","JAGS","ECR","robust","permutations","upper","197.427819322754"
"711","11","2","JAGS","ECR","robust","permutations","upper","197.003678357418"
"712","12","2","JAGS","ECR","robust","permutations","upper","197.065895259342"
"713","13","2","JAGS","ECR","robust","permutations","upper","198.820737006363"
"714","14","2","JAGS","ECR","robust","permutations","upper","197.025808828161"
"715","15","2","JAGS","ECR","robust","permutations","upper","199.028454687577"
"716","16","2","JAGS","ECR","robust","permutations","upper","198.445527834443"
"717","17","2","JAGS","ECR","robust","permutations","upper","198.209420114802"
"718","18","2","JAGS","ECR","robust","permutations","upper","198.601689966777"
"719","19","2","JAGS","ECR","robust","permutations","upper","196.849063154469"
"720","20","2","JAGS","ECR","robust","permutations","upper","196.761122529884"
"721","1","3","JAGS","ECR","robust","permutations","upper","196.183196859349"
"722","2","3","JAGS","ECR","robust","permutations","upper","197.072256506501"
"723","3","3","JAGS","ECR","robust","permutations","upper","197.711191476391"
"724","4","3","JAGS","ECR","robust","permutations","upper","195.893130018603"
"725","5","3","JAGS","ECR","robust","permutations","upper","195.903923955823"
"726","6","3","JAGS","ECR","robust","permutations","upper","197.491052682236"
"727","7","3","JAGS","ECR","robust","permutations","upper","196.170530285575"
"728","8","3","JAGS","ECR","robust","permutations","upper","196.250210737644"
"729","9","3","JAGS","ECR","robust","permutations","upper","197.827090347071"
"730","10","3","JAGS","ECR","robust","permutations","upper","196.075480591117"
"731","11","3","JAGS","ECR","robust","permutations","upper","196.269956338653"
"732","12","3","JAGS","ECR","robust","permutations","upper","196.451912746435"
"733","13","3","JAGS","ECR","robust","permutations","upper","197.048899820501"
"734","14","3","JAGS","ECR","robust","permutations","upper","196.685645660223"
"735","15","3","JAGS","ECR","robust","permutations","upper","197.51173654935"
"736","16","3","JAGS","ECR","robust","permutations","upper","197.276274923569"
"737","17","3","JAGS","ECR","robust","permutations","upper","197.694793284812"
"738","18","3","JAGS","ECR","robust","permutations","upper","196.024740159354"
"739","19","3","JAGS","ECR","robust","permutations","upper","197.043159836314"
"740","20","3","JAGS","ECR","robust","permutations","upper","197.695738127253"
"741","1","4","JAGS","ECR","robust","permutations","upper","197.162612558696"
"742","2","4","JAGS","ECR","robust","permutations","upper","197.705294935622"
"743","3","4","JAGS","ECR","robust","permutations","upper","196.935463106086"
"744","4","4","JAGS","ECR","robust","permutations","upper","196.31993751269"
"745","5","4","JAGS","ECR","robust","permutations","upper","196.470732455666"
"746","6","4","JAGS","ECR","robust","permutations","upper","197.818784530934"
"747","7","4","JAGS","ECR","robust","permutations","upper","196.789853291853"
"748","8","4","JAGS","ECR","robust","permutations","upper","197.448102189991"
"749","9","4","JAGS","ECR","robust","permutations","upper","197.504736457286"
"750","10","4","JAGS","ECR","robust","permutations","upper","196.433159121628"
"751","11","4","JAGS","ECR","robust","permutations","upper","197.034042973018"
"752","12","4","JAGS","ECR","robust","permutations","upper","197.239811736042"
"753","13","4","JAGS","ECR","robust","permutations","upper","196.600662222988"
"754","14","4","JAGS","ECR","robust","permutations","upper","197.698736420998"
"755","15","4","JAGS","ECR","robust","permutations","upper","196.710473760391"
"756","16","4","JAGS","ECR","robust","permutations","upper","197.448284508863"
"757","17","4","JAGS","ECR","robust","permutations","upper","198.516698297976"
"758","18","4","JAGS","ECR","robust","permutations","upper","196.171606653523"
"759","19","4","JAGS","ECR","robust","permutations","upper","196.242287577234"
"760","20","4","JAGS","ECR","robust","permutations","upper","196.928888277252"
"761","1","5","JAGS","ECR","robust","permutations","upper","197.863242661094"
"762","2","5","JAGS","ECR","robust","permutations","upper","197.424508394049"
"763","3","5","JAGS","ECR","robust","permutations","upper","197.262473479965"
"764","4","5","JAGS","ECR","robust","permutations","upper","197.263762308987"
"765","5","5","JAGS","ECR","robust","permutations","upper","197.317412770111"
"766","6","5","JAGS","ECR","robust","permutations","upper","198.044792944468"
"767","7","5","JAGS","ECR","robust","permutations","upper","198.065076527139"
"768","8","5","JAGS","ECR","robust","permutations","upper","198.063524907514"
"769","9","5","JAGS","ECR","robust","permutations","upper","198.098840048568"
"770","10","5","JAGS","ECR","robust","permutations","upper","197.234548583923"
"771","11","5","JAGS","ECR","robust","permutations","upper","198.348461581538"
"772","12","5","JAGS","ECR","robust","permutations","upper","198.582912666593"
"773","13","5","JAGS","ECR","robust","permutations","upper","200.797190313607"
"774","14","5","JAGS","ECR","robust","permutations","upper","197.654567964343"
"775","15","5","JAGS","ECR","robust","permutations","upper","197.269209657664"
"776","16","5","JAGS","ECR","robust","permutations","upper","197.389744478094"
"777","17","5","JAGS","ECR","robust","permutations","upper","197.903219653174"
"778","18","5","JAGS","ECR","robust","permutations","upper","197.40236618861"
"779","19","5","JAGS","ECR","robust","permutations","upper","197.627867032715"
"780","20","5","JAGS","ECR","robust","permutations","upper","197.754552582226"
"781","1","6","JAGS","ECR","robust","permutations","upper","198.887877256903"
"782","2","6","JAGS","ECR","robust","permutations","upper","198.64621139514"
"783","3","6","JAGS","ECR","robust","permutations","upper","198.777705744777"
"784","4","6","JAGS","ECR","robust","permutations","upper","202.940882408131"
"785","5","6","JAGS","ECR","robust","permutations","upper","198.723269984854"
"786","6","6","JAGS","ECR","robust","permutations","upper","198.824635035312"
"787","7","6","JAGS","ECR","robust","permutations","upper","200.268413639508"
"788","8","6","JAGS","ECR","robust","permutations","upper","199.020428271169"
"789","9","6","JAGS","ECR","robust","permutations","upper","199.899262223673"
"790","10","6","JAGS","ECR","robust","permutations","upper","202.454100987903"
"791","11","6","JAGS","ECR","robust","permutations","upper","198.395124934495"
"792","12","6","JAGS","ECR","robust","permutations","upper","198.10020230706"
"793","13","6","JAGS","ECR","robust","permutations","upper","199.329676142291"
"794","14","6","JAGS","ECR","robust","permutations","upper","198.464778923541"
"795","15","6","JAGS","ECR","robust","permutations","upper","198.445576928983"
"796","16","6","JAGS","ECR","robust","permutations","upper","198.511827142929"
"797","17","6","JAGS","ECR","robust","permutations","upper","198.578061440864"
"798","18","6","JAGS","ECR","robust","permutations","upper","200.067363006875"
"799","19","6","JAGS","ECR","robust","permutations","upper","198.571395868509"
"800","20","6","JAGS","ECR","robust","permutations","upper","199.554014613234"
"801","1","2","STAN","STEPHENS","min_vol_60%HPD","permutations","upper","198.836796870094"
"802","2","2","STAN","STEPHENS","min_vol_60%HPD","permutations","upper","198.663719856425"
"803","3","2","STAN","STEPHENS","min_vol_60%HPD","permutations","upper","198.502929144485"
"804","4","2","STAN","STEPHENS","min_vol_60%HPD","permutations","upper","198.087816423313"
"805","5","2","STAN","STEPHENS","min_vol_60%HPD","permutations","upper","197.243894074116"
"806","6","2","STAN","STEPHENS","min_vol_60%HPD","permutations","upper","197.576660047447"
"807","7","2","STAN","STEPHENS","min_vol_60%HPD","permutations","upper","197.695984664609"
"808","8","2","STAN","STEPHENS","min_vol_60%HPD","permutations","upper","198.424409603702"
"809","9","2","STAN","STEPHENS","min_vol_60%HPD","permutations","upper","198.810424439355"
"810","10","2","STAN","STEPHENS","min_vol_60%HPD","permutations","upper","197.488669315659"
"811","11","2","STAN","STEPHENS","min_vol_60%HPD","permutations","upper","198.896331937756"
"812","12","2","STAN","STEPHENS","min_vol_60%HPD","permutations","upper","197.067666552204"
"813","13","2","STAN","STEPHENS","min_vol_60%HPD","permutations","upper","197.081380446886"
"814","14","2","STAN","STEPHENS","min_vol_60%HPD","permutations","upper","198.623065382942"
"815","15","2","STAN","STEPHENS","min_vol_60%HPD","permutations","upper","197.379886239924"
"816","16","2","STAN","STEPHENS","min_vol_60%HPD","permutations","upper","198.607606276506"
"817","17","2","STAN","STEPHENS","min_vol_60%HPD","permutations","upper","197.173004807846"
"818","18","2","STAN","STEPHENS","min_vol_60%HPD","permutations","upper","198.119090617506"
"819","19","2","STAN","STEPHENS","min_vol_60%HPD","permutations","upper","198.95557652374"
"820","20","2","STAN","STEPHENS","min_vol_60%HPD","permutations","upper","198.794024551421"
"821","1","3","STAN","STEPHENS","min_vol_60%HPD","permutations","upper","197.167687110195"
"822","2","3","STAN","STEPHENS","min_vol_60%HPD","permutations","upper","195.442403811407"
"823","3","3","STAN","STEPHENS","min_vol_60%HPD","permutations","upper","197.636244411579"
"824","4","3","STAN","STEPHENS","min_vol_60%HPD","permutations","upper","195.995630354399"
"825","5","3","STAN","STEPHENS","min_vol_60%HPD","permutations","upper","195.586189496841"
"826","6","3","STAN","STEPHENS","min_vol_60%HPD","permutations","upper","196.814093685046"
"827","7","3","STAN","STEPHENS","min_vol_60%HPD","permutations","upper","195.720344672393"
"828","8","3","STAN","STEPHENS","min_vol_60%HPD","permutations","upper","196.958704866902"
"829","9","3","STAN","STEPHENS","min_vol_60%HPD","permutations","upper","196.309377513111"
"830","10","3","STAN","STEPHENS","min_vol_60%HPD","permutations","upper","197.420254670712"
"831","11","3","STAN","STEPHENS","min_vol_60%HPD","permutations","upper","197.754739028018"
"832","12","3","STAN","STEPHENS","min_vol_60%HPD","permutations","upper","196.803975503225"
"833","13","3","STAN","STEPHENS","min_vol_60%HPD","permutations","upper","198.337458366125"
"834","14","3","STAN","STEPHENS","min_vol_60%HPD","permutations","upper","196.91173452792"
"835","15","3","STAN","STEPHENS","min_vol_60%HPD","permutations","upper","195.676567013426"
"836","16","3","STAN","STEPHENS","min_vol_60%HPD","permutations","upper","195.555685614748"
"837","17","3","STAN","STEPHENS","min_vol_60%HPD","permutations","upper","197.425373083846"
"838","18","3","STAN","STEPHENS","min_vol_60%HPD","permutations","upper","196.221092130952"
"839","19","3","STAN","STEPHENS","min_vol_60%HPD","permutations","upper","196.400512164246"
"840","20","3","STAN","STEPHENS","min_vol_60%HPD","permutations","upper","Inf"
"841","1","4","STAN","STEPHENS","min_vol_60%HPD","permutations","upper","Inf"
"842","2","4","STAN","STEPHENS","min_vol_60%HPD","permutations","upper","197.259531154858"
"843","3","4","STAN","STEPHENS","min_vol_60%HPD","permutations","upper","195.840095987174"
"844","4","4","STAN","STEPHENS","min_vol_60%HPD","permutations","upper","195.410774439507"
"845","5","4","STAN","STEPHENS","min_vol_60%HPD","permutations","upper","196.159282266605"
"846","6","4","STAN","STEPHENS","min_vol_60%HPD","permutations","upper","196.984285237969"
"847","7","4","STAN","STEPHENS","min_vol_60%HPD","permutations","upper","196.74486937337"
"848","8","4","STAN","STEPHENS","min_vol_60%HPD","permutations","upper","195.744666045336"
"849","9","4","STAN","STEPHENS","min_vol_60%HPD","permutations","upper","197.614887550523"
"850","10","4","STAN","STEPHENS","min_vol_60%HPD","permutations","upper","196.175435920049"
"851","11","4","STAN","STEPHENS","min_vol_60%HPD","permutations","upper","Inf"
"852","12","4","STAN","STEPHENS","min_vol_60%HPD","permutations","upper","195.709324335249"
"853","13","4","STAN","STEPHENS","min_vol_60%HPD","permutations","upper","Inf"
"854","14","4","STAN","STEPHENS","min_vol_60%HPD","permutations","upper","197.126012616651"
"855","15","4","STAN","STEPHENS","min_vol_60%HPD","permutations","upper","Inf"
"856","16","4","STAN","STEPHENS","min_vol_60%HPD","permutations","upper","197.181761693589"
"857","17","4","STAN","STEPHENS","min_vol_60%HPD","permutations","upper","198.225561883732"
"858","18","4","STAN","STEPHENS","min_vol_60%HPD","permutations","upper","Inf"
"859","19","4","STAN","STEPHENS","min_vol_60%HPD","permutations","upper","Inf"
"860","20","4","STAN","STEPHENS","min_vol_60%HPD","permutations","upper","196.31261865705"
"861","1","5","STAN","STEPHENS","min_vol_60%HPD","permutations","upper","Inf"
"862","2","5","STAN","STEPHENS","min_vol_60%HPD","permutations","upper","Inf"
"863","3","5","STAN","STEPHENS","min_vol_60%HPD","permutations","upper","Inf"
"864","4","5","STAN","STEPHENS","min_vol_60%HPD","permutations","upper","Inf"
"865","5","5","STAN","STEPHENS","min_vol_60%HPD","permutations","upper","Inf"
"866","6","5","STAN","STEPHENS","min_vol_60%HPD","permutations","upper","196.348813114159"
"867","7","5","STAN","STEPHENS","min_vol_60%HPD","permutations","upper","Inf"
"868","8","5","STAN","STEPHENS","min_vol_60%HPD","permutations","upper","Inf"
"869","9","5","STAN","STEPHENS","min_vol_60%HPD","permutations","upper","Inf"
"870","10","5","STAN","STEPHENS","min_vol_60%HPD","permutations","upper","Inf"
"871","11","5","STAN","STEPHENS","min_vol_60%HPD","permutations","upper","Inf"
"872","12","5","STAN","STEPHENS","min_vol_60%HPD","permutations","upper","Inf"
"873","13","5","STAN","STEPHENS","min_vol_60%HPD","permutations","upper","Inf"
"874","14","5","STAN","STEPHENS","min_vol_60%HPD","permutations","upper","Inf"
"875","15","5","STAN","STEPHENS","min_vol_60%HPD","permutations","upper","Inf"
"876","16","5","STAN","STEPHENS","min_vol_60%HPD","permutations","upper","195.597691377424"
"877","17","5","STAN","STEPHENS","min_vol_60%HPD","permutations","upper","Inf"
"878","18","5","STAN","STEPHENS","min_vol_60%HPD","permutations","upper","Inf"
"879","19","5","STAN","STEPHENS","min_vol_60%HPD","permutations","upper","Inf"
"880","20","5","STAN","STEPHENS","min_vol_60%HPD","permutations","upper","Inf"
"881","1","6","STAN","STEPHENS","min_vol_60%HPD","permutations","upper","Inf"
"882","2","6","STAN","STEPHENS","min_vol_60%HPD","permutations","upper","Inf"
"883","3","6","STAN","STEPHENS","min_vol_60%HPD","permutations","upper","Inf"
"884","4","6","STAN","STEPHENS","min_vol_60%HPD","permutations","upper","Inf"
"885","5","6","STAN","STEPHENS","min_vol_60%HPD","permutations","upper","Inf"
"886","6","6","STAN","STEPHENS","min_vol_60%HPD","permutations","upper","Inf"
"887","7","6","STAN","STEPHENS","min_vol_60%HPD","permutations","upper","193.942720224342"
"888","8","6","STAN","STEPHENS","min_vol_60%HPD","permutations","upper","Inf"
"889","9","6","STAN","STEPHENS","min_vol_60%HPD","permutations","upper","Inf"
"890","10","6","STAN","STEPHENS","min_vol_60%HPD","permutations","upper","Inf"
"891","11","6","STAN","STEPHENS","min_vol_60%HPD","permutations","upper","Inf"
"892","12","6","STAN","STEPHENS","min_vol_60%HPD","permutations","upper","Inf"
"893","13","6","STAN","STEPHENS","min_vol_60%HPD","permutations","upper","Inf"
"894","14","6","STAN","STEPHENS","min_vol_60%HPD","permutations","upper","Inf"
"895","15","6","STAN","STEPHENS","min_vol_60%HPD","permutations","upper","Inf"
"896","16","6","STAN","STEPHENS","min_vol_60%HPD","permutations","upper","Inf"
"897","17","6","STAN","STEPHENS","min_vol_60%HPD","permutations","upper","Inf"
"898","18","6","STAN","STEPHENS","min_vol_60%HPD","permutations","upper","Inf"
"899","19","6","STAN","STEPHENS","min_vol_60%HPD","permutations","upper","Inf"
"900","20","6","STAN","STEPHENS","min_vol_60%HPD","permutations","upper","Inf"
"901","1","2","JAGS","STEPHENS","min_vol_60%HPD","permutations","upper","198.226444847671"
"902","2","2","JAGS","STEPHENS","min_vol_60%HPD","permutations","upper","197.221325273895"
"903","3","2","JAGS","STEPHENS","min_vol_60%HPD","permutations","upper","198.830507771654"
"904","4","2","JAGS","STEPHENS","min_vol_60%HPD","permutations","upper","197.296990755973"
"905","5","2","JAGS","STEPHENS","min_vol_60%HPD","permutations","upper","196.983811695742"
"906","6","2","JAGS","STEPHENS","min_vol_60%HPD","permutations","upper","198.540246509597"
"907","7","2","JAGS","STEPHENS","min_vol_60%HPD","permutations","upper","197.956009753629"
"908","8","2","JAGS","STEPHENS","min_vol_60%HPD","permutations","upper","198.163192642557"
"909","9","2","JAGS","STEPHENS","min_vol_60%HPD","permutations","upper","199.021811680623"
"910","10","2","JAGS","STEPHENS","min_vol_60%HPD","permutations","upper","197.604763057974"
"911","11","2","JAGS","STEPHENS","min_vol_60%HPD","permutations","upper","197.210652758517"
"912","12","2","JAGS","STEPHENS","min_vol_60%HPD","permutations","upper","197.07872626322"
"913","13","2","JAGS","STEPHENS","min_vol_60%HPD","permutations","upper","198.895473516264"
"914","14","2","JAGS","STEPHENS","min_vol_60%HPD","permutations","upper","197.127187569388"
"915","15","2","JAGS","STEPHENS","min_vol_60%HPD","permutations","upper","199.076249256467"
"916","16","2","JAGS","STEPHENS","min_vol_60%HPD","permutations","upper","198.483935312887"
"917","17","2","JAGS","STEPHENS","min_vol_60%HPD","permutations","upper","198.315684269862"
"918","18","2","JAGS","STEPHENS","min_vol_60%HPD","permutations","upper","198.775923441273"
"919","19","2","JAGS","STEPHENS","min_vol_60%HPD","permutations","upper","197.014378131516"
"920","20","2","JAGS","STEPHENS","min_vol_60%HPD","permutations","upper","196.932543524634"
"921","1","3","JAGS","STEPHENS","min_vol_60%HPD","permutations","upper","195.795486822885"
"922","2","3","JAGS","STEPHENS","min_vol_60%HPD","permutations","upper","197.376187693127"
"923","3","3","JAGS","STEPHENS","min_vol_60%HPD","permutations","upper","197.83141196265"
"924","4","3","JAGS","STEPHENS","min_vol_60%HPD","permutations","upper","195.908078569222"
"925","5","3","JAGS","STEPHENS","min_vol_60%HPD","permutations","upper","195.351471013459"
"926","6","3","JAGS","STEPHENS","min_vol_60%HPD","permutations","upper","196.642793404514"
"927","7","3","JAGS","STEPHENS","min_vol_60%HPD","permutations","upper","195.901988421964"
"928","8","3","JAGS","STEPHENS","min_vol_60%HPD","permutations","upper","196.261708916358"
"929","9","3","JAGS","STEPHENS","min_vol_60%HPD","permutations","upper","197.892236237236"
"930","10","3","JAGS","STEPHENS","min_vol_60%HPD","permutations","upper","195.642413628881"
"931","11","3","JAGS","STEPHENS","min_vol_60%HPD","permutations","upper","196.051105454679"
"932","12","3","JAGS","STEPHENS","min_vol_60%HPD","permutations","upper","196.442967391147"
"933","13","3","JAGS","STEPHENS","min_vol_60%HPD","permutations","upper","196.691110989122"
"934","14","3","JAGS","STEPHENS","min_vol_60%HPD","permutations","upper","196.448785208172"
"935","15","3","JAGS","STEPHENS","min_vol_60%HPD","permutations","upper","197.881978296118"
"936","16","3","JAGS","STEPHENS","min_vol_60%HPD","permutations","upper","196.822309328603"
"937","17","3","JAGS","STEPHENS","min_vol_60%HPD","permutations","upper","197.364531225235"
"938","18","3","JAGS","STEPHENS","min_vol_60%HPD","permutations","upper","195.725531638648"
"939","19","3","JAGS","STEPHENS","min_vol_60%HPD","permutations","upper","196.2592110051"
"940","20","3","JAGS","STEPHENS","min_vol_60%HPD","permutations","upper","197.051692628271"
"941","1","4","JAGS","STEPHENS","min_vol_60%HPD","permutations","upper","Inf"
"942","2","4","JAGS","STEPHENS","min_vol_60%HPD","permutations","upper","197.128147966407"
"943","3","4","JAGS","STEPHENS","min_vol_60%HPD","permutations","upper","196.375781938798"
"944","4","4","JAGS","STEPHENS","min_vol_60%HPD","permutations","upper","197.604109877489"
"945","5","4","JAGS","STEPHENS","min_vol_60%HPD","permutations","upper","195.964678531648"
"946","6","4","JAGS","STEPHENS","min_vol_60%HPD","permutations","upper","Inf"
"947","7","4","JAGS","STEPHENS","min_vol_60%HPD","permutations","upper","Inf"
"948","8","4","JAGS","STEPHENS","min_vol_60%HPD","permutations","upper","196.305794374285"
"949","9","4","JAGS","STEPHENS","min_vol_60%HPD","permutations","upper","Inf"
"950","10","4","JAGS","STEPHENS","min_vol_60%HPD","permutations","upper","Inf"
"951","11","4","JAGS","STEPHENS","min_vol_60%HPD","permutations","upper","195.200869036329"
"952","12","4","JAGS","STEPHENS","min_vol_60%HPD","permutations","upper","196.203082344661"
"953","13","4","JAGS","STEPHENS","min_vol_60%HPD","permutations","upper","195.581985817148"
"954","14","4","JAGS","STEPHENS","min_vol_60%HPD","permutations","upper","Inf"
"955","15","4","JAGS","STEPHENS","min_vol_60%HPD","permutations","upper","195.854333996295"
"956","16","4","JAGS","STEPHENS","min_vol_60%HPD","permutations","upper","196.307736582621"
"957","17","4","JAGS","STEPHENS","min_vol_60%HPD","permutations","upper","196.06008923229"
"958","18","4","JAGS","STEPHENS","min_vol_60%HPD","permutations","upper","195.906580867766"
"959","19","4","JAGS","STEPHENS","min_vol_60%HPD","permutations","upper","196.410781830188"
"960","20","4","JAGS","STEPHENS","min_vol_60%HPD","permutations","upper","195.787874948804"
"961","1","5","JAGS","STEPHENS","min_vol_60%HPD","permutations","upper","Inf"
"962","2","5","JAGS","STEPHENS","min_vol_60%HPD","permutations","upper","195.350877186882"
"963","3","5","JAGS","STEPHENS","min_vol_60%HPD","permutations","upper","Inf"
"964","4","5","JAGS","STEPHENS","min_vol_60%HPD","permutations","upper","Inf"
"965","5","5","JAGS","STEPHENS","min_vol_60%HPD","permutations","upper","Inf"
"966","6","5","JAGS","STEPHENS","min_vol_60%HPD","permutations","upper","Inf"
"967","7","5","JAGS","STEPHENS","min_vol_60%HPD","permutations","upper","Inf"
"968","8","5","JAGS","STEPHENS","min_vol_60%HPD","permutations","upper","Inf"
"969","9","5","JAGS","STEPHENS","min_vol_60%HPD","permutations","upper","Inf"
"970","10","5","JAGS","STEPHENS","min_vol_60%HPD","permutations","upper","Inf"
"971","11","5","JAGS","STEPHENS","min_vol_60%HPD","permutations","upper","Inf"
"972","12","5","JAGS","STEPHENS","min_vol_60%HPD","permutations","upper","Inf"
"973","13","5","JAGS","STEPHENS","min_vol_60%HPD","permutations","upper","198.70171620485"
"974","14","5","JAGS","STEPHENS","min_vol_60%HPD","permutations","upper","Inf"
"975","15","5","JAGS","STEPHENS","min_vol_60%HPD","permutations","upper","Inf"
"976","16","5","JAGS","STEPHENS","min_vol_60%HPD","permutations","upper","195.534656161299"
"977","17","5","JAGS","STEPHENS","min_vol_60%HPD","permutations","upper","195.439295826454"
"978","18","5","JAGS","STEPHENS","min_vol_60%HPD","permutations","upper","Inf"
"979","19","5","JAGS","STEPHENS","min_vol_60%HPD","permutations","upper","195.362747042516"
"980","20","5","JAGS","STEPHENS","min_vol_60%HPD","permutations","upper","Inf"
"981","1","6","JAGS","STEPHENS","min_vol_60%HPD","permutations","upper","Inf"
"982","2","6","JAGS","STEPHENS","min_vol_60%HPD","permutations","upper","Inf"
"983","3","6","JAGS","STEPHENS","min_vol_60%HPD","permutations","upper","Inf"
"984","4","6","JAGS","STEPHENS","min_vol_60%HPD","permutations","upper","198.27260323202"
"985","5","6","JAGS","STEPHENS","min_vol_60%HPD","permutations","upper","Inf"
"986","6","6","JAGS","STEPHENS","min_vol_60%HPD","permutations","upper","Inf"
"987","7","6","JAGS","STEPHENS","min_vol_60%HPD","permutations","upper","Inf"
"988","8","6","JAGS","STEPHENS","min_vol_60%HPD","permutations","upper","Inf"
"989","9","6","JAGS","STEPHENS","min_vol_60%HPD","permutations","upper","Inf"
"990","10","6","JAGS","STEPHENS","min_vol_60%HPD","permutations","upper","199.641399725885"
"991","11","6","JAGS","STEPHENS","min_vol_60%HPD","permutations","upper","Inf"
"992","12","6","JAGS","STEPHENS","min_vol_60%HPD","permutations","upper","Inf"
"993","13","6","JAGS","STEPHENS","min_vol_60%HPD","permutations","upper","Inf"
"994","14","6","JAGS","STEPHENS","min_vol_60%HPD","permutations","upper","196.2319406561"
"995","15","6","JAGS","STEPHENS","min_vol_60%HPD","permutations","upper","Inf"
"996","16","6","JAGS","STEPHENS","min_vol_60%HPD","permutations","upper","Inf"
"997","17","6","JAGS","STEPHENS","min_vol_60%HPD","permutations","upper","Inf"
"998","18","6","JAGS","STEPHENS","min_vol_60%HPD","permutations","upper","Inf"
"999","19","6","JAGS","STEPHENS","min_vol_60%HPD","permutations","upper","Inf"
"1000","20","6","JAGS","STEPHENS","min_vol_60%HPD","permutations","upper","Inf"
"1001","1","2","STAN","ECR","min_vol_60%HPD","permutations","upper",NA
"1002","2","2","STAN","ECR","min_vol_60%HPD","permutations","upper",NA
"1003","3","2","STAN","ECR","min_vol_60%HPD","permutations","upper",NA
"1004","4","2","STAN","ECR","min_vol_60%HPD","permutations","upper",NA
"1005","5","2","STAN","ECR","min_vol_60%HPD","permutations","upper",NA
"1006","6","2","STAN","ECR","min_vol_60%HPD","permutations","upper",NA
"1007","7","2","STAN","ECR","min_vol_60%HPD","permutations","upper",NA
"1008","8","2","STAN","ECR","min_vol_60%HPD","permutations","upper",NA
"1009","9","2","STAN","ECR","min_vol_60%HPD","permutations","upper",NA
"1010","10","2","STAN","ECR","min_vol_60%HPD","permutations","upper",NA
"1011","11","2","STAN","ECR","min_vol_60%HPD","permutations","upper",NA
"1012","12","2","STAN","ECR","min_vol_60%HPD","permutations","upper",NA
"1013","13","2","STAN","ECR","min_vol_60%HPD","permutations","upper",NA
"1014","14","2","STAN","ECR","min_vol_60%HPD","permutations","upper",NA
"1015","15","2","STAN","ECR","min_vol_60%HPD","permutations","upper",NA
"1016","16","2","STAN","ECR","min_vol_60%HPD","permutations","upper",NA
"1017","17","2","STAN","ECR","min_vol_60%HPD","permutations","upper",NA
"1018","18","2","STAN","ECR","min_vol_60%HPD","permutations","upper",NA
"1019","19","2","STAN","ECR","min_vol_60%HPD","permutations","upper",NA
"1020","20","2","STAN","ECR","min_vol_60%HPD","permutations","upper",NA
"1021","1","3","STAN","ECR","min_vol_60%HPD","permutations","upper",NA
"1022","2","3","STAN","ECR","min_vol_60%HPD","permutations","upper",NA
"1023","3","3","STAN","ECR","min_vol_60%HPD","permutations","upper",NA
"1024","4","3","STAN","ECR","min_vol_60%HPD","permutations","upper",NA
"1025","5","3","STAN","ECR","min_vol_60%HPD","permutations","upper",NA
"1026","6","3","STAN","ECR","min_vol_60%HPD","permutations","upper",NA
"1027","7","3","STAN","ECR","min_vol_60%HPD","permutations","upper",NA
"1028","8","3","STAN","ECR","min_vol_60%HPD","permutations","upper",NA
"1029","9","3","STAN","ECR","min_vol_60%HPD","permutations","upper",NA
"1030","10","3","STAN","ECR","min_vol_60%HPD","permutations","upper",NA
"1031","11","3","STAN","ECR","min_vol_60%HPD","permutations","upper",NA
"1032","12","3","STAN","ECR","min_vol_60%HPD","permutations","upper",NA
"1033","13","3","STAN","ECR","min_vol_60%HPD","permutations","upper",NA
"1034","14","3","STAN","ECR","min_vol_60%HPD","permutations","upper",NA
"1035","15","3","STAN","ECR","min_vol_60%HPD","permutations","upper",NA
"1036","16","3","STAN","ECR","min_vol_60%HPD","permutations","upper",NA
"1037","17","3","STAN","ECR","min_vol_60%HPD","permutations","upper",NA
"1038","18","3","STAN","ECR","min_vol_60%HPD","permutations","upper",NA
"1039","19","3","STAN","ECR","min_vol_60%HPD","permutations","upper",NA
"1040","20","3","STAN","ECR","min_vol_60%HPD","permutations","upper",NA
"1041","1","4","STAN","ECR","min_vol_60%HPD","permutations","upper",NA
"1042","2","4","STAN","ECR","min_vol_60%HPD","permutations","upper",NA
"1043","3","4","STAN","ECR","min_vol_60%HPD","permutations","upper",NA
"1044","4","4","STAN","ECR","min_vol_60%HPD","permutations","upper",NA
"1045","5","4","STAN","ECR","min_vol_60%HPD","permutations","upper",NA
"1046","6","4","STAN","ECR","min_vol_60%HPD","permutations","upper",NA
"1047","7","4","STAN","ECR","min_vol_60%HPD","permutations","upper",NA
"1048","8","4","STAN","ECR","min_vol_60%HPD","permutations","upper",NA
"1049","9","4","STAN","ECR","min_vol_60%HPD","permutations","upper",NA
"1050","10","4","STAN","ECR","min_vol_60%HPD","permutations","upper",NA
"1051","11","4","STAN","ECR","min_vol_60%HPD","permutations","upper",NA
"1052","12","4","STAN","ECR","min_vol_60%HPD","permutations","upper",NA
"1053","13","4","STAN","ECR","min_vol_60%HPD","permutations","upper",NA
"1054","14","4","STAN","ECR","min_vol_60%HPD","permutations","upper",NA
"1055","15","4","STAN","ECR","min_vol_60%HPD","permutations","upper",NA
"1056","16","4","STAN","ECR","min_vol_60%HPD","permutations","upper",NA
"1057","17","4","STAN","ECR","min_vol_60%HPD","permutations","upper",NA
"1058","18","4","STAN","ECR","min_vol_60%HPD","permutations","upper",NA
"1059","19","4","STAN","ECR","min_vol_60%HPD","permutations","upper",NA
"1060","20","4","STAN","ECR","min_vol_60%HPD","permutations","upper",NA
"1061","1","5","STAN","ECR","min_vol_60%HPD","permutations","upper",NA
"1062","2","5","STAN","ECR","min_vol_60%HPD","permutations","upper",NA
"1063","3","5","STAN","ECR","min_vol_60%HPD","permutations","upper",NA
"1064","4","5","STAN","ECR","min_vol_60%HPD","permutations","upper",NA
"1065","5","5","STAN","ECR","min_vol_60%HPD","permutations","upper",NA
"1066","6","5","STAN","ECR","min_vol_60%HPD","permutations","upper",NA
"1067","7","5","STAN","ECR","min_vol_60%HPD","permutations","upper",NA
"1068","8","5","STAN","ECR","min_vol_60%HPD","permutations","upper",NA
"1069","9","5","STAN","ECR","min_vol_60%HPD","permutations","upper",NA
"1070","10","5","STAN","ECR","min_vol_60%HPD","permutations","upper",NA
"1071","11","5","STAN","ECR","min_vol_60%HPD","permutations","upper",NA
"1072","12","5","STAN","ECR","min_vol_60%HPD","permutations","upper",NA
"1073","13","5","STAN","ECR","min_vol_60%HPD","permutations","upper",NA
"1074","14","5","STAN","ECR","min_vol_60%HPD","permutations","upper",NA
"1075","15","5","STAN","ECR","min_vol_60%HPD","permutations","upper",NA
"1076","16","5","STAN","ECR","min_vol_60%HPD","permutations","upper",NA
"1077","17","5","STAN","ECR","min_vol_60%HPD","permutations","upper",NA
"1078","18","5","STAN","ECR","min_vol_60%HPD","permutations","upper",NA
"1079","19","5","STAN","ECR","min_vol_60%HPD","permutations","upper",NA
"1080","20","5","STAN","ECR","min_vol_60%HPD","permutations","upper",NA
"1081","1","6","STAN","ECR","min_vol_60%HPD","permutations","upper",NA
"1082","2","6","STAN","ECR","min_vol_60%HPD","permutations","upper",NA
"1083","3","6","STAN","ECR","min_vol_60%HPD","permutations","upper",NA
"1084","4","6","STAN","ECR","min_vol_60%HPD","permutations","upper",NA
"1085","5","6","STAN","ECR","min_vol_60%HPD","permutations","upper",NA
"1086","6","6","STAN","ECR","min_vol_60%HPD","permutations","upper",NA
"1087","7","6","STAN","ECR","min_vol_60%HPD","permutations","upper",NA
"1088","8","6","STAN","ECR","min_vol_60%HPD","permutations","upper",NA
"1089","9","6","STAN","ECR","min_vol_60%HPD","permutations","upper",NA
"1090","10","6","STAN","ECR","min_vol_60%HPD","permutations","upper",NA
"1091","11","6","STAN","ECR","min_vol_60%HPD","permutations","upper",NA
"1092","12","6","STAN","ECR","min_vol_60%HPD","permutations","upper",NA
"1093","13","6","STAN","ECR","min_vol_60%HPD","permutations","upper",NA
"1094","14","6","STAN","ECR","min_vol_60%HPD","permutations","upper",NA
"1095","15","6","STAN","ECR","min_vol_60%HPD","permutations","upper",NA
"1096","16","6","STAN","ECR","min_vol_60%HPD","permutations","upper",NA
"1097","17","6","STAN","ECR","min_vol_60%HPD","permutations","upper",NA
"1098","18","6","STAN","ECR","min_vol_60%HPD","permutations","upper",NA
"1099","19","6","STAN","ECR","min_vol_60%HPD","permutations","upper",NA
"1100","20","6","STAN","ECR","min_vol_60%HPD","permutations","upper",NA
"1101","1","2","JAGS","ECR","min_vol_60%HPD","permutations","upper","198.226444847671"
"1102","2","2","JAGS","ECR","min_vol_60%HPD","permutations","upper","197.221325273895"
"1103","3","2","JAGS","ECR","min_vol_60%HPD","permutations","upper","198.830507771654"
"1104","4","2","JAGS","ECR","min_vol_60%HPD","permutations","upper","197.296990755973"
"1105","5","2","JAGS","ECR","min_vol_60%HPD","permutations","upper","196.983811695742"
"1106","6","2","JAGS","ECR","min_vol_60%HPD","permutations","upper","198.540246509597"
"1107","7","2","JAGS","ECR","min_vol_60%HPD","permutations","upper","197.956009753629"
"1108","8","2","JAGS","ECR","min_vol_60%HPD","permutations","upper","198.163192642557"
"1109","9","2","JAGS","ECR","min_vol_60%HPD","permutations","upper","199.021811680623"
"1110","10","2","JAGS","ECR","min_vol_60%HPD","permutations","upper","197.604763057974"
"1111","11","2","JAGS","ECR","min_vol_60%HPD","permutations","upper","197.210652758517"
"1112","12","2","JAGS","ECR","min_vol_60%HPD","permutations","upper","197.07872626322"
"1113","13","2","JAGS","ECR","min_vol_60%HPD","permutations","upper","198.895473516264"
"1114","14","2","JAGS","ECR","min_vol_60%HPD","permutations","upper","197.127187569388"
"1115","15","2","JAGS","ECR","min_vol_60%HPD","permutations","upper","199.076249256467"
"1116","16","2","JAGS","ECR","min_vol_60%HPD","permutations","upper","198.483935312887"
"1117","17","2","JAGS","ECR","min_vol_60%HPD","permutations","upper","198.315684269862"
"1118","18","2","JAGS","ECR","min_vol_60%HPD","permutations","upper","198.775923441273"
"1119","19","2","JAGS","ECR","min_vol_60%HPD","permutations","upper","197.014378131516"
"1120","20","2","JAGS","ECR","min_vol_60%HPD","permutations","upper","196.932543524634"
"1121","1","3","JAGS","ECR","min_vol_60%HPD","permutations","upper","Inf"
"1122","2","3","JAGS","ECR","min_vol_60%HPD","permutations","upper","197.096537509283"
"1123","3","3","JAGS","ECR","min_vol_60%HPD","permutations","upper","198.24092649047"
"1124","4","3","JAGS","ECR","min_vol_60%HPD","permutations","upper","194.750035361308"
"1125","5","3","JAGS","ECR","min_vol_60%HPD","permutations","upper","Inf"
"1126","6","3","JAGS","ECR","min_vol_60%HPD","permutations","upper","Inf"
"1127","7","3","JAGS","ECR","min_vol_60%HPD","permutations","upper","196.169844245948"
"1128","8","3","JAGS","ECR","min_vol_60%HPD","permutations","upper","195.31234300982"
"1129","9","3","JAGS","ECR","min_vol_60%HPD","permutations","upper","196.931501119309"
"1130","10","3","JAGS","ECR","min_vol_60%HPD","permutations","upper","Inf"
"1131","11","3","JAGS","ECR","min_vol_60%HPD","permutations","upper","195.462929337191"
"1132","12","3","JAGS","ECR","min_vol_60%HPD","permutations","upper","Inf"
"1133","13","3","JAGS","ECR","min_vol_60%HPD","permutations","upper","Inf"
"1134","14","3","JAGS","ECR","min_vol_60%HPD","permutations","upper","196.827968422199"
"1135","15","3","JAGS","ECR","min_vol_60%HPD","permutations","upper","Inf"
"1136","16","3","JAGS","ECR","min_vol_60%HPD","permutations","upper","196.11958354861"
"1137","17","3","JAGS","ECR","min_vol_60%HPD","permutations","upper","197.130488317228"
"1138","18","3","JAGS","ECR","min_vol_60%HPD","permutations","upper","194.702048146066"
"1139","19","3","JAGS","ECR","min_vol_60%HPD","permutations","upper","196.632648561403"
"1140","20","3","JAGS","ECR","min_vol_60%HPD","permutations","upper","196.929831748836"
"1141","1","4","JAGS","ECR","min_vol_60%HPD","permutations","upper","Inf"
"1142","2","4","JAGS","ECR","min_vol_60%HPD","permutations","upper","Inf"
"1143","3","4","JAGS","ECR","min_vol_60%HPD","permutations","upper","Inf"
"1144","4","4","JAGS","ECR","min_vol_60%HPD","permutations","upper","Inf"
"1145","5","4","JAGS","ECR","min_vol_60%HPD","permutations","upper","Inf"
"1146","6","4","JAGS","ECR","min_vol_60%HPD","permutations","upper","Inf"
"1147","7","4","JAGS","ECR","min_vol_60%HPD","permutations","upper","Inf"
"1148","8","4","JAGS","ECR","min_vol_60%HPD","permutations","upper","Inf"
"1149","9","4","JAGS","ECR","min_vol_60%HPD","permutations","upper","Inf"
"1150","10","4","JAGS","ECR","min_vol_60%HPD","permutations","upper","Inf"
"1151","11","4","JAGS","ECR","min_vol_60%HPD","permutations","upper","Inf"
"1152","12","4","JAGS","ECR","min_vol_60%HPD","permutations","upper","Inf"
"1153","13","4","JAGS","ECR","min_vol_60%HPD","permutations","upper","Inf"
"1154","14","4","JAGS","ECR","min_vol_60%HPD","permutations","upper","Inf"
"1155","15","4","JAGS","ECR","min_vol_60%HPD","permutations","upper","Inf"
"1156","16","4","JAGS","ECR","min_vol_60%HPD","permutations","upper","Inf"
"1157","17","4","JAGS","ECR","min_vol_60%HPD","permutations","upper","Inf"
"1158","18","4","JAGS","ECR","min_vol_60%HPD","permutations","upper","Inf"
"1159","19","4","JAGS","ECR","min_vol_60%HPD","permutations","upper","Inf"
"1160","20","4","JAGS","ECR","min_vol_60%HPD","permutations","upper","Inf"
"1161","1","5","JAGS","ECR","min_vol_60%HPD","permutations","upper","Inf"
"1162","2","5","JAGS","ECR","min_vol_60%HPD","permutations","upper","Inf"
"1163","3","5","JAGS","ECR","min_vol_60%HPD","permutations","upper","Inf"
"1164","4","5","JAGS","ECR","min_vol_60%HPD","permutations","upper","Inf"
"1165","5","5","JAGS","ECR","min_vol_60%HPD","permutations","upper","Inf"
"1166","6","5","JAGS","ECR","min_vol_60%HPD","permutations","upper","Inf"
"1167","7","5","JAGS","ECR","min_vol_60%HPD","permutations","upper","Inf"
"1168","8","5","JAGS","ECR","min_vol_60%HPD","permutations","upper","Inf"
"1169","9","5","JAGS","ECR","min_vol_60%HPD","permutations","upper","Inf"
"1170","10","5","JAGS","ECR","min_vol_60%HPD","permutations","upper","Inf"
"1171","11","5","JAGS","ECR","min_vol_60%HPD","permutations","upper","Inf"
"1172","12","5","JAGS","ECR","min_vol_60%HPD","permutations","upper","Inf"
"1173","13","5","JAGS","ECR","min_vol_60%HPD","permutations","upper","Inf"
"1174","14","5","JAGS","ECR","min_vol_60%HPD","permutations","upper","Inf"
"1175","15","5","JAGS","ECR","min_vol_60%HPD","permutations","upper","Inf"
"1176","16","5","JAGS","ECR","min_vol_60%HPD","permutations","upper","Inf"
"1177","17","5","JAGS","ECR","min_vol_60%HPD","permutations","upper","Inf"
"1178","18","5","JAGS","ECR","min_vol_60%HPD","permutations","upper","Inf"
"1179","19","5","JAGS","ECR","min_vol_60%HPD","permutations","upper","Inf"
"1180","20","5","JAGS","ECR","min_vol_60%HPD","permutations","upper","Inf"
"1181","1","6","JAGS","ECR","min_vol_60%HPD","permutations","upper","Inf"
"1182","2","6","JAGS","ECR","min_vol_60%HPD","permutations","upper","Inf"
"1183","3","6","JAGS","ECR","min_vol_60%HPD","permutations","upper","Inf"
"1184","4","6","JAGS","ECR","min_vol_60%HPD","permutations","upper","198.118206775248"
"1185","5","6","JAGS","ECR","min_vol_60%HPD","permutations","upper","Inf"
"1186","6","6","JAGS","ECR","min_vol_60%HPD","permutations","upper","Inf"
"1187","7","6","JAGS","ECR","min_vol_60%HPD","permutations","upper","Inf"
"1188","8","6","JAGS","ECR","min_vol_60%HPD","permutations","upper","Inf"
"1189","9","6","JAGS","ECR","min_vol_60%HPD","permutations","upper","Inf"
"1190","10","6","JAGS","ECR","min_vol_60%HPD","permutations","upper","Inf"
"1191","11","6","JAGS","ECR","min_vol_60%HPD","permutations","upper","Inf"
"1192","12","6","JAGS","ECR","min_vol_60%HPD","permutations","upper","Inf"
"1193","13","6","JAGS","ECR","min_vol_60%HPD","permutations","upper","Inf"
"1194","14","6","JAGS","ECR","min_vol_60%HPD","permutations","upper","Inf"
"1195","15","6","JAGS","ECR","min_vol_60%HPD","permutations","upper","Inf"
"1196","16","6","JAGS","ECR","min_vol_60%HPD","permutations","upper","Inf"
"1197","17","6","JAGS","ECR","min_vol_60%HPD","permutations","upper","Inf"
"1198","18","6","JAGS","ECR","min_vol_60%HPD","permutations","upper","Inf"
"1199","19","6","JAGS","ECR","min_vol_60%HPD","permutations","upper","Inf"
"1200","20","6","JAGS","ECR","min_vol_60%HPD","permutations","upper","Inf"
"1201","1","2","STAN","STEPHENS","standard","permutations","estim","199.109795430897"
"1202","2","2","STAN","STEPHENS","standard","permutations","estim","199.105714468893"
"1203","3","2","STAN","STEPHENS","standard","permutations","estim","199.378305572227"
"1204","4","2","STAN","STEPHENS","standard","permutations","estim","199.222942790816"
"1205","5","2","STAN","STEPHENS","standard","permutations","estim","199.389970641712"
"1206","6","2","STAN","STEPHENS","standard","permutations","estim","199.203332745633"
"1207","7","2","STAN","STEPHENS","standard","permutations","estim","199.167735402327"
"1208","8","2","STAN","STEPHENS","standard","permutations","estim","199.15027675557"
"1209","9","2","STAN","STEPHENS","standard","permutations","estim","199.163941009464"
"1210","10","2","STAN","STEPHENS","standard","permutations","estim","199.086962187412"
"1211","11","2","STAN","STEPHENS","standard","permutations","estim","199.336875108252"
"1212","12","2","STAN","STEPHENS","standard","permutations","estim","199.248416742358"
"1213","13","2","STAN","STEPHENS","standard","permutations","estim","199.360424560669"
"1214","14","2","STAN","STEPHENS","standard","permutations","estim","199.191189021553"
"1215","15","2","STAN","STEPHENS","standard","permutations","estim","199.194002739447"
"1216","16","2","STAN","STEPHENS","standard","permutations","estim","199.22751666156"
"1217","17","2","STAN","STEPHENS","standard","permutations","estim","199.126773089095"
"1218","18","2","STAN","STEPHENS","standard","permutations","estim","199.241085664373"
"1219","19","2","STAN","STEPHENS","standard","permutations","estim","199.177552869511"
"1220","20","2","STAN","STEPHENS","standard","permutations","estim","199.137417637293"
"1221","1","3","STAN","STEPHENS","standard","permutations","estim","198.489715273673"
"1222","2","3","STAN","STEPHENS","standard","permutations","estim","199.174109392371"
"1223","3","3","STAN","STEPHENS","standard","permutations","estim","198.544575120257"
"1224","4","3","STAN","STEPHENS","standard","permutations","estim","198.643698981406"
"1225","5","3","STAN","STEPHENS","standard","permutations","estim","198.360232509723"
"1226","6","3","STAN","STEPHENS","standard","permutations","estim","198.528863985739"
"1227","7","3","STAN","STEPHENS","standard","permutations","estim","198.471780830842"
"1228","8","3","STAN","STEPHENS","standard","permutations","estim","198.591889382696"
"1229","9","3","STAN","STEPHENS","standard","permutations","estim","198.418275490979"
"1230","10","3","STAN","STEPHENS","standard","permutations","estim","198.476984919103"
"1231","11","3","STAN","STEPHENS","standard","permutations","estim","198.51628001326"
"1232","12","3","STAN","STEPHENS","standard","permutations","estim","198.529255979148"
"1233","13","3","STAN","STEPHENS","standard","permutations","estim","198.529792356265"
"1234","14","3","STAN","STEPHENS","standard","permutations","estim","198.803493213674"
"1235","15","3","STAN","STEPHENS","standard","permutations","estim","198.651248497821"
"1236","16","3","STAN","STEPHENS","standard","permutations","estim","198.431105625061"
"1237","17","3","STAN","STEPHENS","standard","permutations","estim","198.536898670067"
"1238","18","3","STAN","STEPHENS","standard","permutations","estim","198.650178255422"
"1239","19","3","STAN","STEPHENS","standard","permutations","estim","198.555495401203"
"1240","20","3","STAN","STEPHENS","standard","permutations","estim","198.445800277464"
"1241","1","4","STAN","STEPHENS","standard","permutations","estim","198.893973217825"
"1242","2","4","STAN","STEPHENS","standard","permutations","estim","199.18330362058"
"1243","3","4","STAN","STEPHENS","standard","permutations","estim","199.306482047713"
"1244","4","4","STAN","STEPHENS","standard","permutations","estim","199.264354424531"
"1245","5","4","STAN","STEPHENS","standard","permutations","estim","199.175787888101"
"1246","6","4","STAN","STEPHENS","standard","permutations","estim","199.204699703833"
"1247","7","4","STAN","STEPHENS","standard","permutations","estim","199.118943052847"
"1248","8","4","STAN","STEPHENS","standard","permutations","estim","199.339954630173"
"1249","9","4","STAN","STEPHENS","standard","permutations","estim","199.818725921361"
"1250","10","4","STAN","STEPHENS","standard","permutations","estim","198.938054793023"
"1251","11","4","STAN","STEPHENS","standard","permutations","estim","199.04705640088"
"1252","12","4","STAN","STEPHENS","standard","permutations","estim","199.197057951428"
"1253","13","4","STAN","STEPHENS","standard","permutations","estim","198.642441901247"
"1254","14","4","STAN","STEPHENS","standard","permutations","estim","199.134954238707"
"1255","15","4","STAN","STEPHENS","standard","permutations","estim","198.963822653157"
"1256","16","4","STAN","STEPHENS","standard","permutations","estim","199.007824394843"
"1257","17","4","STAN","STEPHENS","standard","permutations","estim","199.148902931556"
"1258","18","4","STAN","STEPHENS","standard","permutations","estim","199.020629612703"
"1259","19","4","STAN","STEPHENS","standard","permutations","estim","198.927471783192"
"1260","20","4","STAN","STEPHENS","standard","permutations","estim","199.194068549471"
"1261","1","5","STAN","STEPHENS","standard","permutations","estim","200.1305243385"
"1262","2","5","STAN","STEPHENS","standard","permutations","estim","200.244108087742"
"1263","3","5","STAN","STEPHENS","standard","permutations","estim","200.252884224675"
"1264","4","5","STAN","STEPHENS","standard","permutations","estim","200.596321757188"
"1265","5","5","STAN","STEPHENS","standard","permutations","estim","200.298661542793"
"1266","6","5","STAN","STEPHENS","standard","permutations","estim","200.387150828202"
"1267","7","5","STAN","STEPHENS","standard","permutations","estim","200.213323810997"
"1268","8","5","STAN","STEPHENS","standard","permutations","estim","199.963654734961"
"1269","9","5","STAN","STEPHENS","standard","permutations","estim","200.399499897371"
"1270","10","5","STAN","STEPHENS","standard","permutations","estim","200.377487186025"
"1271","11","5","STAN","STEPHENS","standard","permutations","estim","199.733555219004"
"1272","12","5","STAN","STEPHENS","standard","permutations","estim","199.752814171056"
"1273","13","5","STAN","STEPHENS","standard","permutations","estim","200.297735009018"
"1274","14","5","STAN","STEPHENS","standard","permutations","estim","200.471220023287"
"1275","15","5","STAN","STEPHENS","standard","permutations","estim","199.925524225259"
"1276","16","5","STAN","STEPHENS","standard","permutations","estim","200.362605859126"
"1277","17","5","STAN","STEPHENS","standard","permutations","estim","200.353655307821"
"1278","18","5","STAN","STEPHENS","standard","permutations","estim","200.094729201219"
"1279","19","5","STAN","STEPHENS","standard","permutations","estim","200.05889614121"
"1280","20","5","STAN","STEPHENS","standard","permutations","estim","199.433269368259"
"1281","1","6","STAN","STEPHENS","standard","permutations","estim","201.163347660028"
"1282","2","6","STAN","STEPHENS","standard","permutations","estim","201.089808497466"
"1283","3","6","STAN","STEPHENS","standard","permutations","estim","200.554424568386"
"1284","4","6","STAN","STEPHENS","standard","permutations","estim","201.032025248153"
"1285","5","6","STAN","STEPHENS","standard","permutations","estim","201.494960975225"
"1286","6","6","STAN","STEPHENS","standard","permutations","estim","200.826934067455"
"1287","7","6","STAN","STEPHENS","standard","permutations","estim","200.820423835334"
"1288","8","6","STAN","STEPHENS","standard","permutations","estim","201.133396418655"
"1289","9","6","STAN","STEPHENS","standard","permutations","estim","200.784488781228"
"1290","10","6","STAN","STEPHENS","standard","permutations","estim","201.109132562595"
"1291","11","6","STAN","STEPHENS","standard","permutations","estim","201.015959429286"
"1292","12","6","STAN","STEPHENS","standard","permutations","estim","200.602130704884"
"1293","13","6","STAN","STEPHENS","standard","permutations","estim","200.822413596281"
"1294","14","6","STAN","STEPHENS","standard","permutations","estim","200.919107169115"
"1295","15","6","STAN","STEPHENS","standard","permutations","estim","201.000100416126"
"1296","16","6","STAN","STEPHENS","standard","permutations","estim","200.719405556608"
"1297","17","6","STAN","STEPHENS","standard","permutations","estim","200.98235950308"
"1298","18","6","STAN","STEPHENS","standard","permutations","estim","200.656658640216"
"1299","19","6","STAN","STEPHENS","standard","permutations","estim","201.132982717349"
"1300","20","6","STAN","STEPHENS","standard","permutations","estim","201.039296389141"
"1301","1","2","JAGS","STEPHENS","standard","permutations","estim","199.192042641485"
"1302","2","2","JAGS","STEPHENS","standard","permutations","estim","199.183461068667"
"1303","3","2","JAGS","STEPHENS","standard","permutations","estim","199.177160508824"
"1304","4","2","JAGS","STEPHENS","standard","permutations","estim","199.223352687977"
"1305","5","2","JAGS","STEPHENS","standard","permutations","estim","199.178921217782"
"1306","6","2","JAGS","STEPHENS","standard","permutations","estim","199.190415619667"
"1307","7","2","JAGS","STEPHENS","standard","permutations","estim","199.1876741485"
"1308","8","2","JAGS","STEPHENS","standard","permutations","estim","199.333842183514"
"1309","9","2","JAGS","STEPHENS","standard","permutations","estim","199.205117209635"
"1310","10","2","JAGS","STEPHENS","standard","permutations","estim","199.1546121742"
"1311","11","2","JAGS","STEPHENS","standard","permutations","estim","199.10408302417"
"1312","12","2","JAGS","STEPHENS","standard","permutations","estim","199.308722749149"
"1313","13","2","JAGS","STEPHENS","standard","permutations","estim","199.216630117387"
"1314","14","2","JAGS","STEPHENS","standard","permutations","estim","199.219249207813"
"1315","15","2","JAGS","STEPHENS","standard","permutations","estim","199.354070341204"
"1316","16","2","JAGS","STEPHENS","standard","permutations","estim","199.21309277365"
"1317","17","2","JAGS","STEPHENS","standard","permutations","estim","199.226985711288"
"1318","18","2","JAGS","STEPHENS","standard","permutations","estim","199.092194960219"
"1319","19","2","JAGS","STEPHENS","standard","permutations","estim","199.262148484954"
"1320","20","2","JAGS","STEPHENS","standard","permutations","estim","199.149262228023"
"1321","1","3","JAGS","STEPHENS","standard","permutations","estim","198.558874460695"
"1322","2","3","JAGS","STEPHENS","standard","permutations","estim","198.546089136867"
"1323","3","3","JAGS","STEPHENS","standard","permutations","estim","198.595306802853"
"1324","4","3","JAGS","STEPHENS","standard","permutations","estim","198.441541266107"
"1325","5","3","JAGS","STEPHENS","standard","permutations","estim","198.664000968752"
"1326","6","3","JAGS","STEPHENS","standard","permutations","estim","198.405751281238"
"1327","7","3","JAGS","STEPHENS","standard","permutations","estim","198.670616329817"
"1328","8","3","JAGS","STEPHENS","standard","permutations","estim","198.599775190499"
"1329","9","3","JAGS","STEPHENS","standard","permutations","estim","198.492116996991"
"1330","10","3","JAGS","STEPHENS","standard","permutations","estim","198.621602027559"
"1331","11","3","JAGS","STEPHENS","standard","permutations","estim","198.575349723878"
"1332","12","3","JAGS","STEPHENS","standard","permutations","estim","198.73429504588"
"1333","13","3","JAGS","STEPHENS","standard","permutations","estim","198.472945546344"
"1334","14","3","JAGS","STEPHENS","standard","permutations","estim","198.545154144412"
"1335","15","3","JAGS","STEPHENS","standard","permutations","estim","198.464252924584"
"1336","16","3","JAGS","STEPHENS","standard","permutations","estim","198.421097530201"
"1337","17","3","JAGS","STEPHENS","standard","permutations","estim","198.746326259248"
"1338","18","3","JAGS","STEPHENS","standard","permutations","estim","198.561677225984"
"1339","19","3","JAGS","STEPHENS","standard","permutations","estim","198.552696013203"
"1340","20","3","JAGS","STEPHENS","standard","permutations","estim","198.773405913488"
"1341","1","4","JAGS","STEPHENS","standard","permutations","estim","199.000599628565"
"1342","2","4","JAGS","STEPHENS","standard","permutations","estim","198.923117913292"
"1343","3","4","JAGS","STEPHENS","standard","permutations","estim","199.147115422337"
"1344","4","4","JAGS","STEPHENS","standard","permutations","estim","199.334010607198"
"1345","5","4","JAGS","STEPHENS","standard","permutations","estim","198.779550508282"
"1346","6","4","JAGS","STEPHENS","standard","permutations","estim","198.962497638109"
"1347","7","4","JAGS","STEPHENS","standard","permutations","estim","199.289797665374"
"1348","8","4","JAGS","STEPHENS","standard","permutations","estim","199.263980518191"
"1349","9","4","JAGS","STEPHENS","standard","permutations","estim","198.976685779334"
"1350","10","4","JAGS","STEPHENS","standard","permutations","estim","198.942116198102"
"1351","11","4","JAGS","STEPHENS","standard","permutations","estim","199.528558578327"
"1352","12","4","JAGS","STEPHENS","standard","permutations","estim","199.303899763432"
"1353","13","4","JAGS","STEPHENS","standard","permutations","estim","199.106732308091"
"1354","14","4","JAGS","STEPHENS","standard","permutations","estim","198.998244040245"
"1355","15","4","JAGS","STEPHENS","standard","permutations","estim","199.018777065752"
"1356","16","4","JAGS","STEPHENS","standard","permutations","estim","199.010041978425"
"1357","17","4","JAGS","STEPHENS","standard","permutations","estim","199.01008057579"
"1358","18","4","JAGS","STEPHENS","standard","permutations","estim","199.203539879915"
"1359","19","4","JAGS","STEPHENS","standard","permutations","estim","199.145182200213"
"1360","20","4","JAGS","STEPHENS","standard","permutations","estim","198.99885390658"
"1361","1","5","JAGS","STEPHENS","standard","permutations","estim","200.334341728255"
"1362","2","5","JAGS","STEPHENS","standard","permutations","estim","200.343369912289"
"1363","3","5","JAGS","STEPHENS","standard","permutations","estim","199.828982175881"
"1364","4","5","JAGS","STEPHENS","standard","permutations","estim","200.243458453666"
"1365","5","5","JAGS","STEPHENS","standard","permutations","estim","199.85771986629"
"1366","6","5","JAGS","STEPHENS","standard","permutations","estim","199.617188591386"
"1367","7","5","JAGS","STEPHENS","standard","permutations","estim","200.475316251925"
"1368","8","5","JAGS","STEPHENS","standard","permutations","estim","200.224906366125"
"1369","9","5","JAGS","STEPHENS","standard","permutations","estim","199.750410912502"
"1370","10","5","JAGS","STEPHENS","standard","permutations","estim","200.552438961222"
"1371","11","5","JAGS","STEPHENS","standard","permutations","estim","200.286849560733"
"1372","12","5","JAGS","STEPHENS","standard","permutations","estim","200.357305772507"
"1373","13","5","JAGS","STEPHENS","standard","permutations","estim","203.08332742776"
"1374","14","5","JAGS","STEPHENS","standard","permutations","estim","200.436373217634"
"1375","15","5","JAGS","STEPHENS","standard","permutations","estim","199.607458187364"
"1376","16","5","JAGS","STEPHENS","standard","permutations","estim","200.503414935204"
"1377","17","5","JAGS","STEPHENS","standard","permutations","estim","200.077254587753"
"1378","18","5","JAGS","STEPHENS","standard","permutations","estim","200.170459834008"
"1379","19","5","JAGS","STEPHENS","standard","permutations","estim","200.233285557357"
"1380","20","5","JAGS","STEPHENS","standard","permutations","estim","200.312744122651"
"1381","1","6","JAGS","STEPHENS","standard","permutations","estim","200.891419650754"
"1382","2","6","JAGS","STEPHENS","standard","permutations","estim","200.65714086236"
"1383","3","6","JAGS","STEPHENS","standard","permutations","estim","201.10066064265"
"1384","4","6","JAGS","STEPHENS","standard","permutations","estim","203.816370006877"
"1385","5","6","JAGS","STEPHENS","standard","permutations","estim","200.766952641589"
"1386","6","6","JAGS","STEPHENS","standard","permutations","estim","200.868053074142"
"1387","7","6","JAGS","STEPHENS","standard","permutations","estim","200.995279299637"
"1388","8","6","JAGS","STEPHENS","standard","permutations","estim","200.765404174287"
"1389","9","6","JAGS","STEPHENS","standard","permutations","estim","201.551649118999"
"1390","10","6","JAGS","STEPHENS","standard","permutations","estim","204.610796908585"
"1391","11","6","JAGS","STEPHENS","standard","permutations","estim","201.002806277835"
"1392","12","6","JAGS","STEPHENS","standard","permutations","estim","201.065015404015"
"1393","13","6","JAGS","STEPHENS","standard","permutations","estim","201.214041361573"
"1394","14","6","JAGS","STEPHENS","standard","permutations","estim","201.332633927127"
"1395","15","6","JAGS","STEPHENS","standard","permutations","estim","200.316182529599"
"1396","16","6","JAGS","STEPHENS","standard","permutations","estim","200.764839409653"
"1397","17","6","JAGS","STEPHENS","standard","permutations","estim","201.050612891412"
"1398","18","6","JAGS","STEPHENS","standard","permutations","estim","201.41124383795"
"1399","19","6","JAGS","STEPHENS","standard","permutations","estim","200.175141853969"
"1400","20","6","JAGS","STEPHENS","standard","permutations","estim","200.834273535131"
"1401","1","2","STAN","ECR","standard","permutations","estim",NA
"1402","2","2","STAN","ECR","standard","permutations","estim",NA
"1403","3","2","STAN","ECR","standard","permutations","estim",NA
"1404","4","2","STAN","ECR","standard","permutations","estim",NA
"1405","5","2","STAN","ECR","standard","permutations","estim",NA
"1406","6","2","STAN","ECR","standard","permutations","estim",NA
"1407","7","2","STAN","ECR","standard","permutations","estim",NA
"1408","8","2","STAN","ECR","standard","permutations","estim",NA
"1409","9","2","STAN","ECR","standard","permutations","estim",NA
"1410","10","2","STAN","ECR","standard","permutations","estim",NA
"1411","11","2","STAN","ECR","standard","permutations","estim",NA
"1412","12","2","STAN","ECR","standard","permutations","estim",NA
"1413","13","2","STAN","ECR","standard","permutations","estim",NA
"1414","14","2","STAN","ECR","standard","permutations","estim",NA
"1415","15","2","STAN","ECR","standard","permutations","estim",NA
"1416","16","2","STAN","ECR","standard","permutations","estim",NA
"1417","17","2","STAN","ECR","standard","permutations","estim",NA
"1418","18","2","STAN","ECR","standard","permutations","estim",NA
"1419","19","2","STAN","ECR","standard","permutations","estim",NA
"1420","20","2","STAN","ECR","standard","permutations","estim",NA
"1421","1","3","STAN","ECR","standard","permutations","estim",NA
"1422","2","3","STAN","ECR","standard","permutations","estim",NA
"1423","3","3","STAN","ECR","standard","permutations","estim",NA
"1424","4","3","STAN","ECR","standard","permutations","estim",NA
"1425","5","3","STAN","ECR","standard","permutations","estim",NA
"1426","6","3","STAN","ECR","standard","permutations","estim",NA
"1427","7","3","STAN","ECR","standard","permutations","estim",NA
"1428","8","3","STAN","ECR","standard","permutations","estim",NA
"1429","9","3","STAN","ECR","standard","permutations","estim",NA
"1430","10","3","STAN","ECR","standard","permutations","estim",NA
"1431","11","3","STAN","ECR","standard","permutations","estim",NA
"1432","12","3","STAN","ECR","standard","permutations","estim",NA
"1433","13","3","STAN","ECR","standard","permutations","estim",NA
"1434","14","3","STAN","ECR","standard","permutations","estim",NA
"1435","15","3","STAN","ECR","standard","permutations","estim",NA
"1436","16","3","STAN","ECR","standard","permutations","estim",NA
"1437","17","3","STAN","ECR","standard","permutations","estim",NA
"1438","18","3","STAN","ECR","standard","permutations","estim",NA
"1439","19","3","STAN","ECR","standard","permutations","estim",NA
"1440","20","3","STAN","ECR","standard","permutations","estim",NA
"1441","1","4","STAN","ECR","standard","permutations","estim",NA
"1442","2","4","STAN","ECR","standard","permutations","estim",NA
"1443","3","4","STAN","ECR","standard","permutations","estim",NA
"1444","4","4","STAN","ECR","standard","permutations","estim",NA
"1445","5","4","STAN","ECR","standard","permutations","estim",NA
"1446","6","4","STAN","ECR","standard","permutations","estim",NA
"1447","7","4","STAN","ECR","standard","permutations","estim",NA
"1448","8","4","STAN","ECR","standard","permutations","estim",NA
"1449","9","4","STAN","ECR","standard","permutations","estim",NA
"1450","10","4","STAN","ECR","standard","permutations","estim",NA
"1451","11","4","STAN","ECR","standard","permutations","estim",NA
"1452","12","4","STAN","ECR","standard","permutations","estim",NA
"1453","13","4","STAN","ECR","standard","permutations","estim",NA
"1454","14","4","STAN","ECR","standard","permutations","estim",NA
"1455","15","4","STAN","ECR","standard","permutations","estim",NA
"1456","16","4","STAN","ECR","standard","permutations","estim",NA
"1457","17","4","STAN","ECR","standard","permutations","estim",NA
"1458","18","4","STAN","ECR","standard","permutations","estim",NA
"1459","19","4","STAN","ECR","standard","permutations","estim",NA
"1460","20","4","STAN","ECR","standard","permutations","estim",NA
"1461","1","5","STAN","ECR","standard","permutations","estim",NA
"1462","2","5","STAN","ECR","standard","permutations","estim",NA
"1463","3","5","STAN","ECR","standard","permutations","estim",NA
"1464","4","5","STAN","ECR","standard","permutations","estim",NA
"1465","5","5","STAN","ECR","standard","permutations","estim",NA
"1466","6","5","STAN","ECR","standard","permutations","estim",NA
"1467","7","5","STAN","ECR","standard","permutations","estim",NA
"1468","8","5","STAN","ECR","standard","permutations","estim",NA
"1469","9","5","STAN","ECR","standard","permutations","estim",NA
"1470","10","5","STAN","ECR","standard","permutations","estim",NA
"1471","11","5","STAN","ECR","standard","permutations","estim",NA
"1472","12","5","STAN","ECR","standard","permutations","estim",NA
"1473","13","5","STAN","ECR","standard","permutations","estim",NA
"1474","14","5","STAN","ECR","standard","permutations","estim",NA
"1475","15","5","STAN","ECR","standard","permutations","estim",NA
"1476","16","5","STAN","ECR","standard","permutations","estim",NA
"1477","17","5","STAN","ECR","standard","permutations","estim",NA
"1478","18","5","STAN","ECR","standard","permutations","estim",NA
"1479","19","5","STAN","ECR","standard","permutations","estim",NA
"1480","20","5","STAN","ECR","standard","permutations","estim",NA
"1481","1","6","STAN","ECR","standard","permutations","estim",NA
"1482","2","6","STAN","ECR","standard","permutations","estim",NA
"1483","3","6","STAN","ECR","standard","permutations","estim",NA
"1484","4","6","STAN","ECR","standard","permutations","estim",NA
"1485","5","6","STAN","ECR","standard","permutations","estim",NA
"1486","6","6","STAN","ECR","standard","permutations","estim",NA
"1487","7","6","STAN","ECR","standard","permutations","estim",NA
"1488","8","6","STAN","ECR","standard","permutations","estim",NA
"1489","9","6","STAN","ECR","standard","permutations","estim",NA
"1490","10","6","STAN","ECR","standard","permutations","estim",NA
"1491","11","6","STAN","ECR","standard","permutations","estim",NA
"1492","12","6","STAN","ECR","standard","permutations","estim",NA
"1493","13","6","STAN","ECR","standard","permutations","estim",NA
"1494","14","6","STAN","ECR","standard","permutations","estim",NA
"1495","15","6","STAN","ECR","standard","permutations","estim",NA
"1496","16","6","STAN","ECR","standard","permutations","estim",NA
"1497","17","6","STAN","ECR","standard","permutations","estim",NA
"1498","18","6","STAN","ECR","standard","permutations","estim",NA
"1499","19","6","STAN","ECR","standard","permutations","estim",NA
"1500","20","6","STAN","ECR","standard","permutations","estim",NA
"1501","1","2","JAGS","ECR","standard","permutations","estim","199.192042641485"
"1502","2","2","JAGS","ECR","standard","permutations","estim","199.183461068667"
"1503","3","2","JAGS","ECR","standard","permutations","estim","199.177160508824"
"1504","4","2","JAGS","ECR","standard","permutations","estim","199.223352687977"
"1505","5","2","JAGS","ECR","standard","permutations","estim","199.178921217782"
"1506","6","2","JAGS","ECR","standard","permutations","estim","199.190415619667"
"1507","7","2","JAGS","ECR","standard","permutations","estim","199.1876741485"
"1508","8","2","JAGS","ECR","standard","permutations","estim","199.333842183514"
"1509","9","2","JAGS","ECR","standard","permutations","estim","199.205117209635"
"1510","10","2","JAGS","ECR","standard","permutations","estim","199.1546121742"
"1511","11","2","JAGS","ECR","standard","permutations","estim","199.10408302417"
"1512","12","2","JAGS","ECR","standard","permutations","estim","199.308722749149"
"1513","13","2","JAGS","ECR","standard","permutations","estim","199.216630117387"
"1514","14","2","JAGS","ECR","standard","permutations","estim","199.219249207813"
"1515","15","2","JAGS","ECR","standard","permutations","estim","199.354070341204"
"1516","16","2","JAGS","ECR","standard","permutations","estim","199.21309277365"
"1517","17","2","JAGS","ECR","standard","permutations","estim","199.226985711288"
"1518","18","2","JAGS","ECR","standard","permutations","estim","199.092194960219"
"1519","19","2","JAGS","ECR","standard","permutations","estim","199.262148484954"
"1520","20","2","JAGS","ECR","standard","permutations","estim","199.149262228023"
"1521","1","3","JAGS","ECR","standard","permutations","estim","198.440258112128"
"1522","2","3","JAGS","ECR","standard","permutations","estim","198.507912711453"
"1523","3","3","JAGS","ECR","standard","permutations","estim","198.590208702723"
"1524","4","3","JAGS","ECR","standard","permutations","estim","198.410448485765"
"1525","5","3","JAGS","ECR","standard","permutations","estim","198.368368371444"
"1526","6","3","JAGS","ECR","standard","permutations","estim","198.326561850455"
"1527","7","3","JAGS","ECR","standard","permutations","estim","198.616823238933"
"1528","8","3","JAGS","ECR","standard","permutations","estim","198.553481668337"
"1529","9","3","JAGS","ECR","standard","permutations","estim","198.490289292559"
"1530","10","3","JAGS","ECR","standard","permutations","estim","198.581205130242"
"1531","11","3","JAGS","ECR","standard","permutations","estim","198.540595449943"
"1532","12","3","JAGS","ECR","standard","permutations","estim","198.436418698092"
"1533","13","3","JAGS","ECR","standard","permutations","estim","198.138485411633"
"1534","14","3","JAGS","ECR","standard","permutations","estim","198.51898796881"
"1535","15","3","JAGS","ECR","standard","permutations","estim","198.335734526728"
"1536","16","3","JAGS","ECR","standard","permutations","estim","198.420060310178"
"1537","17","3","JAGS","ECR","standard","permutations","estim","198.74813416568"
"1538","18","3","JAGS","ECR","standard","permutations","estim","198.515433979385"
"1539","19","3","JAGS","ECR","standard","permutations","estim","198.506232385601"
"1540","20","3","JAGS","ECR","standard","permutations","estim","198.693842982364"
"1541","1","4","JAGS","ECR","standard","permutations","estim","198.755624477622"
"1542","2","4","JAGS","ECR","standard","permutations","estim","198.733693625146"
"1543","3","4","JAGS","ECR","standard","permutations","estim","198.921461482462"
"1544","4","4","JAGS","ECR","standard","permutations","estim","199.015975115126"
"1545","5","4","JAGS","ECR","standard","permutations","estim","198.598615673361"
"1546","6","4","JAGS","ECR","standard","permutations","estim","198.758552203434"
"1547","7","4","JAGS","ECR","standard","permutations","estim","198.907810663325"
"1548","8","4","JAGS","ECR","standard","permutations","estim","198.624015516623"
"1549","9","4","JAGS","ECR","standard","permutations","estim","198.720917646339"
"1550","10","4","JAGS","ECR","standard","permutations","estim","198.788681669644"
"1551","11","4","JAGS","ECR","standard","permutations","estim","199.083783090224"
"1552","12","4","JAGS","ECR","standard","permutations","estim","198.933120815276"
"1553","13","4","JAGS","ECR","standard","permutations","estim","198.657279976644"
"1554","14","4","JAGS","ECR","standard","permutations","estim","198.912999104117"
"1555","15","4","JAGS","ECR","standard","permutations","estim","198.780170348524"
"1556","16","4","JAGS","ECR","standard","permutations","estim","198.74149669132"
"1557","17","4","JAGS","ECR","standard","permutations","estim","198.572953180609"
"1558","18","4","JAGS","ECR","standard","permutations","estim","198.672783884796"
"1559","19","4","JAGS","ECR","standard","permutations","estim","198.584254148557"
"1560","20","4","JAGS","ECR","standard","permutations","estim","198.856295729084"
"1561","1","5","JAGS","ECR","standard","permutations","estim","199.88414303208"
"1562","2","5","JAGS","ECR","standard","permutations","estim","199.845926614848"
"1563","3","5","JAGS","ECR","standard","permutations","estim","199.978212146055"
"1564","4","5","JAGS","ECR","standard","permutations","estim","199.971633487415"
"1565","5","5","JAGS","ECR","standard","permutations","estim","199.723721106523"
"1566","6","5","JAGS","ECR","standard","permutations","estim","199.291733843406"
"1567","7","5","JAGS","ECR","standard","permutations","estim","200.315693949129"
"1568","8","5","JAGS","ECR","standard","permutations","estim","199.832109790669"
"1569","9","5","JAGS","ECR","standard","permutations","estim","199.58201617324"
"1570","10","5","JAGS","ECR","standard","permutations","estim","200.140063740848"
"1571","11","5","JAGS","ECR","standard","permutations","estim","199.881949242887"
"1572","12","5","JAGS","ECR","standard","permutations","estim","199.920351751545"
"1573","13","5","JAGS","ECR","standard","permutations","estim","201.955486000885"
"1574","14","5","JAGS","ECR","standard","permutations","estim","200.227506208923"
"1575","15","5","JAGS","ECR","standard","permutations","estim","199.505448986857"
"1576","16","5","JAGS","ECR","standard","permutations","estim","200.261340362059"
"1577","17","5","JAGS","ECR","standard","permutations","estim","199.738040432649"
"1578","18","5","JAGS","ECR","standard","permutations","estim","199.582936211624"
"1579","19","5","JAGS","ECR","standard","permutations","estim","200.079471371186"
"1580","20","5","JAGS","ECR","standard","permutations","estim","200.197897151444"
"1581","1","6","JAGS","ECR","standard","permutations","estim","200.396395108023"
"1582","2","6","JAGS","ECR","standard","permutations","estim","200.621302873437"
"1583","3","6","JAGS","ECR","standard","permutations","estim","200.963008491781"
"1584","4","6","JAGS","ECR","standard","permutations","estim","204.611112328765"
"1585","5","6","JAGS","ECR","standard","permutations","estim","200.628049315323"
"1586","6","6","JAGS","ECR","standard","permutations","estim","200.2361791201"
"1587","7","6","JAGS","ECR","standard","permutations","estim","200.821748039393"
"1588","8","6","JAGS","ECR","standard","permutations","estim","201.125086091617"
"1589","9","6","JAGS","ECR","standard","permutations","estim","200.964593941859"
"1590","10","6","JAGS","ECR","standard","permutations","estim","203.700711215398"
"1591","11","6","JAGS","ECR","standard","permutations","estim","200.393885774463"
"1592","12","6","JAGS","ECR","standard","permutations","estim","200.860713436023"
"1593","13","6","JAGS","ECR","standard","permutations","estim","200.742219798863"
"1594","14","6","JAGS","ECR","standard","permutations","estim","201.013287247917"
"1595","15","6","JAGS","ECR","standard","permutations","estim","200.159795378955"
"1596","16","6","JAGS","ECR","standard","permutations","estim","200.769198567173"
"1597","17","6","JAGS","ECR","standard","permutations","estim","200.775183346727"
"1598","18","6","JAGS","ECR","standard","permutations","estim","201.033896689337"
"1599","19","6","JAGS","ECR","standard","permutations","estim","200.049493938284"
"1600","20","6","JAGS","ECR","standard","permutations","estim","200.658794057608"
"1601","1","2","STAN","STEPHENS","robust","permutations","estim","199.156829665817"
"1602","2","2","STAN","STEPHENS","robust","permutations","estim","199.216662537044"
"1603","3","2","STAN","STEPHENS","robust","permutations","estim","199.423795987131"
"1604","4","2","STAN","STEPHENS","robust","permutations","estim","199.31095469878"
"1605","5","2","STAN","STEPHENS","robust","permutations","estim","199.425097137226"
"1606","6","2","STAN","STEPHENS","robust","permutations","estim","199.269416700883"
"1607","7","2","STAN","STEPHENS","robust","permutations","estim","199.235770728256"
"1608","8","2","STAN","STEPHENS","robust","permutations","estim","199.200915932317"
"1609","9","2","STAN","STEPHENS","robust","permutations","estim","199.25200270363"
"1610","10","2","STAN","STEPHENS","robust","permutations","estim","199.144804053048"
"1611","11","2","STAN","STEPHENS","robust","permutations","estim","199.374911044656"
"1612","12","2","STAN","STEPHENS","robust","permutations","estim","199.303496881477"
"1613","13","2","STAN","STEPHENS","robust","permutations","estim","199.397808386789"
"1614","14","2","STAN","STEPHENS","robust","permutations","estim","199.285392425637"
"1615","15","2","STAN","STEPHENS","robust","permutations","estim","199.247033142516"
"1616","16","2","STAN","STEPHENS","robust","permutations","estim","199.318672476597"
"1617","17","2","STAN","STEPHENS","robust","permutations","estim","199.230857052147"
"1618","18","2","STAN","STEPHENS","robust","permutations","estim","199.288086509736"
"1619","19","2","STAN","STEPHENS","robust","permutations","estim","199.23131612931"
"1620","20","2","STAN","STEPHENS","robust","permutations","estim","199.194675939645"
"1621","1","3","STAN","STEPHENS","robust","permutations","estim","198.413656508781"
"1622","2","3","STAN","STEPHENS","robust","permutations","estim","199.047136309134"
"1623","3","3","STAN","STEPHENS","robust","permutations","estim","198.544486181436"
"1624","4","3","STAN","STEPHENS","robust","permutations","estim","198.530864523584"
"1625","5","3","STAN","STEPHENS","robust","permutations","estim","198.415290589347"
"1626","6","3","STAN","STEPHENS","robust","permutations","estim","198.571351696235"
"1627","7","3","STAN","STEPHENS","robust","permutations","estim","198.4715832144"
"1628","8","3","STAN","STEPHENS","robust","permutations","estim","198.612191074636"
"1629","9","3","STAN","STEPHENS","robust","permutations","estim","198.432864404396"
"1630","10","3","STAN","STEPHENS","robust","permutations","estim","198.422509958609"
"1631","11","3","STAN","STEPHENS","robust","permutations","estim","198.478593232854"
"1632","12","3","STAN","STEPHENS","robust","permutations","estim","198.577942550766"
"1633","13","3","STAN","STEPHENS","robust","permutations","estim","198.462385379142"
"1634","14","3","STAN","STEPHENS","robust","permutations","estim","198.774110683046"
"1635","15","3","STAN","STEPHENS","robust","permutations","estim","198.591190925355"
"1636","16","3","STAN","STEPHENS","robust","permutations","estim","198.448619923443"
"1637","17","3","STAN","STEPHENS","robust","permutations","estim","198.524541247176"
"1638","18","3","STAN","STEPHENS","robust","permutations","estim","198.563270891924"
"1639","19","3","STAN","STEPHENS","robust","permutations","estim","198.615283299963"
"1640","20","3","STAN","STEPHENS","robust","permutations","estim","198.455052273805"
"1641","1","4","STAN","STEPHENS","robust","permutations","estim","198.836296686455"
"1642","2","4","STAN","STEPHENS","robust","permutations","estim","199.069897817575"
"1643","3","4","STAN","STEPHENS","robust","permutations","estim","199.13443862843"
"1644","4","4","STAN","STEPHENS","robust","permutations","estim","199.140770886725"
"1645","5","4","STAN","STEPHENS","robust","permutations","estim","199.184022847456"
"1646","6","4","STAN","STEPHENS","robust","permutations","estim","199.232337294925"
"1647","7","4","STAN","STEPHENS","robust","permutations","estim","199.127548265421"
"1648","8","4","STAN","STEPHENS","robust","permutations","estim","199.179455481267"
"1649","9","4","STAN","STEPHENS","robust","permutations","estim","199.754477406489"
"1650","10","4","STAN","STEPHENS","robust","permutations","estim","199.008718867528"
"1651","11","4","STAN","STEPHENS","robust","permutations","estim","199.19948935065"
"1652","12","4","STAN","STEPHENS","robust","permutations","estim","199.201987670892"
"1653","13","4","STAN","STEPHENS","robust","permutations","estim","198.574731424049"
"1654","14","4","STAN","STEPHENS","robust","permutations","estim","199.128174933297"
"1655","15","4","STAN","STEPHENS","robust","permutations","estim","198.99557036519"
"1656","16","4","STAN","STEPHENS","robust","permutations","estim","198.973695319933"
"1657","17","4","STAN","STEPHENS","robust","permutations","estim","199.167872724108"
"1658","18","4","STAN","STEPHENS","robust","permutations","estim","199.055047801915"
"1659","19","4","STAN","STEPHENS","robust","permutations","estim","198.896260336166"
"1660","20","4","STAN","STEPHENS","robust","permutations","estim","199.166156402533"
"1661","1","5","STAN","STEPHENS","robust","permutations","estim","200.346286479958"
"1662","2","5","STAN","STEPHENS","robust","permutations","estim","200.162511178038"
"1663","3","5","STAN","STEPHENS","robust","permutations","estim","200.195239739796"
"1664","4","5","STAN","STEPHENS","robust","permutations","estim","200.486160017919"
"1665","5","5","STAN","STEPHENS","robust","permutations","estim","200.159812529634"
"1666","6","5","STAN","STEPHENS","robust","permutations","estim","200.327226694802"
"1667","7","5","STAN","STEPHENS","robust","permutations","estim","200.29258691853"
"1668","8","5","STAN","STEPHENS","robust","permutations","estim","199.796085118435"
"1669","9","5","STAN","STEPHENS","robust","permutations","estim","200.225680068098"
"1670","10","5","STAN","STEPHENS","robust","permutations","estim","200.326145845675"
"1671","11","5","STAN","STEPHENS","robust","permutations","estim","199.738230918498"
"1672","12","5","STAN","STEPHENS","robust","permutations","estim","199.597523961006"
"1673","13","5","STAN","STEPHENS","robust","permutations","estim","200.285901099397"
"1674","14","5","STAN","STEPHENS","robust","permutations","estim","200.258684685217"
"1675","15","5","STAN","STEPHENS","robust","permutations","estim","200.034815189424"
"1676","16","5","STAN","STEPHENS","robust","permutations","estim","200.304189212646"
"1677","17","5","STAN","STEPHENS","robust","permutations","estim","200.30940065885"
"1678","18","5","STAN","STEPHENS","robust","permutations","estim","200.283202872197"
"1679","19","5","STAN","STEPHENS","robust","permutations","estim","200.056923430961"
"1680","20","5","STAN","STEPHENS","robust","permutations","estim","199.449397848454"
"1681","1","6","STAN","STEPHENS","robust","permutations","estim","201.173805472132"
"1682","2","6","STAN","STEPHENS","robust","permutations","estim","201.161129456785"
"1683","3","6","STAN","STEPHENS","robust","permutations","estim","200.584976715772"
"1684","4","6","STAN","STEPHENS","robust","permutations","estim","200.702439977944"
"1685","5","6","STAN","STEPHENS","robust","permutations","estim","201.18141106993"
"1686","6","6","STAN","STEPHENS","robust","permutations","estim","200.757303302305"
"1687","7","6","STAN","STEPHENS","robust","permutations","estim","200.798645983237"
"1688","8","6","STAN","STEPHENS","robust","permutations","estim","200.997180334065"
"1689","9","6","STAN","STEPHENS","robust","permutations","estim","200.634898911085"
"1690","10","6","STAN","STEPHENS","robust","permutations","estim","201.138661150412"
"1691","11","6","STAN","STEPHENS","robust","permutations","estim","201.045342976248"
"1692","12","6","STAN","STEPHENS","robust","permutations","estim","200.590333885105"
"1693","13","6","STAN","STEPHENS","robust","permutations","estim","200.695049434901"
"1694","14","6","STAN","STEPHENS","robust","permutations","estim","200.938312268903"
"1695","15","6","STAN","STEPHENS","robust","permutations","estim","201.103676079211"
"1696","16","6","STAN","STEPHENS","robust","permutations","estim","200.799034829123"
"1697","17","6","STAN","STEPHENS","robust","permutations","estim","200.950140722144"
"1698","18","6","STAN","STEPHENS","robust","permutations","estim","201.147150041641"
"1699","19","6","STAN","STEPHENS","robust","permutations","estim","200.893812128529"
"1700","20","6","STAN","STEPHENS","robust","permutations","estim","200.975089455343"
"1701","1","2","JAGS","STEPHENS","robust","permutations","estim","199.257931111874"
"1702","2","2","JAGS","STEPHENS","robust","permutations","estim","199.195910474568"
"1703","3","2","JAGS","STEPHENS","robust","permutations","estim","199.238906911025"
"1704","4","2","JAGS","STEPHENS","robust","permutations","estim","199.278834153947"
"1705","5","2","JAGS","STEPHENS","robust","permutations","estim","199.2472332845"
"1706","6","2","JAGS","STEPHENS","robust","permutations","estim","199.283385026099"
"1707","7","2","JAGS","STEPHENS","robust","permutations","estim","199.259349292258"
"1708","8","2","JAGS","STEPHENS","robust","permutations","estim","199.389080130611"
"1709","9","2","JAGS","STEPHENS","robust","permutations","estim","199.280767969707"
"1710","10","2","JAGS","STEPHENS","robust","permutations","estim","199.244911439024"
"1711","11","2","JAGS","STEPHENS","robust","permutations","estim","199.172454508591"
"1712","12","2","JAGS","STEPHENS","robust","permutations","estim","199.390065203813"
"1713","13","2","JAGS","STEPHENS","robust","permutations","estim","199.316256380019"
"1714","14","2","JAGS","STEPHENS","robust","permutations","estim","199.296796720201"
"1715","15","2","JAGS","STEPHENS","robust","permutations","estim","199.38345357014"
"1716","16","2","JAGS","STEPHENS","robust","permutations","estim","199.290421394736"
"1717","17","2","JAGS","STEPHENS","robust","permutations","estim","199.325342129481"
"1718","18","2","JAGS","STEPHENS","robust","permutations","estim","199.160887443132"
"1719","19","2","JAGS","STEPHENS","robust","permutations","estim","199.299205120158"
"1720","20","2","JAGS","STEPHENS","robust","permutations","estim","199.184159549189"
"1721","1","3","JAGS","STEPHENS","robust","permutations","estim","198.591261986023"
"1722","2","3","JAGS","STEPHENS","robust","permutations","estim","198.522475192901"
"1723","3","3","JAGS","STEPHENS","robust","permutations","estim","198.552218492707"
"1724","4","3","JAGS","STEPHENS","robust","permutations","estim","198.4564334668"
"1725","5","3","JAGS","STEPHENS","robust","permutations","estim","198.665756968273"
"1726","6","3","JAGS","STEPHENS","robust","permutations","estim","198.377450706071"
"1727","7","3","JAGS","STEPHENS","robust","permutations","estim","198.71430973657"
"1728","8","3","JAGS","STEPHENS","robust","permutations","estim","198.554755204385"
"1729","9","3","JAGS","STEPHENS","robust","permutations","estim","198.473875581381"
"1730","10","3","JAGS","STEPHENS","robust","permutations","estim","198.645005564655"
"1731","11","3","JAGS","STEPHENS","robust","permutations","estim","198.592688045162"
"1732","12","3","JAGS","STEPHENS","robust","permutations","estim","198.644588838887"
"1733","13","3","JAGS","STEPHENS","robust","permutations","estim","198.479719440868"
"1734","14","3","JAGS","STEPHENS","robust","permutations","estim","198.528499253808"
"1735","15","3","JAGS","STEPHENS","robust","permutations","estim","198.435925387271"
"1736","16","3","JAGS","STEPHENS","robust","permutations","estim","198.431578269177"
"1737","17","3","JAGS","STEPHENS","robust","permutations","estim","198.736279750438"
"1738","18","3","JAGS","STEPHENS","robust","permutations","estim","198.550044664944"
"1739","19","3","JAGS","STEPHENS","robust","permutations","estim","198.526650466329"
"1740","20","3","JAGS","STEPHENS","robust","permutations","estim","198.803467696365"
"1741","1","4","JAGS","STEPHENS","robust","permutations","estim","198.828657023576"
"1742","2","4","JAGS","STEPHENS","robust","permutations","estim","198.883079682417"
"1743","3","4","JAGS","STEPHENS","robust","permutations","estim","198.932146319028"
"1744","4","4","JAGS","STEPHENS","robust","permutations","estim","199.3051953153"
"1745","5","4","JAGS","STEPHENS","robust","permutations","estim","198.744115440843"
"1746","6","4","JAGS","STEPHENS","robust","permutations","estim","198.983142170711"
"1747","7","4","JAGS","STEPHENS","robust","permutations","estim","199.287479782233"
"1748","8","4","JAGS","STEPHENS","robust","permutations","estim","199.146854961101"
"1749","9","4","JAGS","STEPHENS","robust","permutations","estim","198.948718038068"
"1750","10","4","JAGS","STEPHENS","robust","permutations","estim","198.966075802154"
"1751","11","4","JAGS","STEPHENS","robust","permutations","estim","199.492615530998"
"1752","12","4","JAGS","STEPHENS","robust","permutations","estim","199.248374535706"
"1753","13","4","JAGS","STEPHENS","robust","permutations","estim","199.109982811859"
"1754","14","4","JAGS","STEPHENS","robust","permutations","estim","198.755876788075"
"1755","15","4","JAGS","STEPHENS","robust","permutations","estim","199.0271148221"
"1756","16","4","JAGS","STEPHENS","robust","permutations","estim","198.934176651705"
"1757","17","4","JAGS","STEPHENS","robust","permutations","estim","199.030504715447"
"1758","18","4","JAGS","STEPHENS","robust","permutations","estim","199.174856174995"
"1759","19","4","JAGS","STEPHENS","robust","permutations","estim","199.124166890747"
"1760","20","4","JAGS","STEPHENS","robust","permutations","estim","198.989813890696"
"1761","1","5","JAGS","STEPHENS","robust","permutations","estim","200.162461197733"
"1762","2","5","JAGS","STEPHENS","robust","permutations","estim","200.220854538047"
"1763","3","5","JAGS","STEPHENS","robust","permutations","estim","199.68760346175"
"1764","4","5","JAGS","STEPHENS","robust","permutations","estim","200.154403728531"
"1765","5","5","JAGS","STEPHENS","robust","permutations","estim","199.883051189987"
"1766","6","5","JAGS","STEPHENS","robust","permutations","estim","199.477073320319"
"1767","7","5","JAGS","STEPHENS","robust","permutations","estim","200.443433847756"
"1768","8","5","JAGS","STEPHENS","robust","permutations","estim","200.272561900991"
"1769","9","5","JAGS","STEPHENS","robust","permutations","estim","199.640482078405"
"1770","10","5","JAGS","STEPHENS","robust","permutations","estim","200.294277533201"
"1771","11","5","JAGS","STEPHENS","robust","permutations","estim","200.276815056734"
"1772","12","5","JAGS","STEPHENS","robust","permutations","estim","200.085348478573"
"1773","13","5","JAGS","STEPHENS","robust","permutations","estim","202.771567946713"
"1774","14","5","JAGS","STEPHENS","robust","permutations","estim","200.270736349918"
"1775","15","5","JAGS","STEPHENS","robust","permutations","estim","199.585489188972"
"1776","16","5","JAGS","STEPHENS","robust","permutations","estim","199.881890764795"
"1777","17","5","JAGS","STEPHENS","robust","permutations","estim","199.967856222342"
"1778","18","5","JAGS","STEPHENS","robust","permutations","estim","200.142622861229"
"1779","19","5","JAGS","STEPHENS","robust","permutations","estim","200.162792710914"
"1780","20","5","JAGS","STEPHENS","robust","permutations","estim","200.285278810311"
"1781","1","6","JAGS","STEPHENS","robust","permutations","estim","201.018603132449"
"1782","2","6","JAGS","STEPHENS","robust","permutations","estim","200.810989313604"
"1783","3","6","JAGS","STEPHENS","robust","permutations","estim","201.149915797644"
"1784","4","6","JAGS","STEPHENS","robust","permutations","estim","203.829141460489"
"1785","5","6","JAGS","STEPHENS","robust","permutations","estim","200.944626924737"
"1786","6","6","JAGS","STEPHENS","robust","permutations","estim","200.862489419892"
"1787","7","6","JAGS","STEPHENS","robust","permutations","estim","201.23711544762"
"1788","8","6","JAGS","STEPHENS","robust","permutations","estim","200.646067296659"
"1789","9","6","JAGS","STEPHENS","robust","permutations","estim","201.416002966085"
"1790","10","6","JAGS","STEPHENS","robust","permutations","estim","204.361998036174"
"1791","11","6","JAGS","STEPHENS","robust","permutations","estim","201.066239795998"
"1792","12","6","JAGS","STEPHENS","robust","permutations","estim","200.876271181511"
"1793","13","6","JAGS","STEPHENS","robust","permutations","estim","200.935675077757"
"1794","14","6","JAGS","STEPHENS","robust","permutations","estim","201.295242927482"
"1795","15","6","JAGS","STEPHENS","robust","permutations","estim","200.411947463641"
"1796","16","6","JAGS","STEPHENS","robust","permutations","estim","200.86517969604"
"1797","17","6","JAGS","STEPHENS","robust","permutations","estim","200.733131729623"
"1798","18","6","JAGS","STEPHENS","robust","permutations","estim","201.308728662629"
"1799","19","6","JAGS","STEPHENS","robust","permutations","estim","200.002115501424"
"1800","20","6","JAGS","STEPHENS","robust","permutations","estim","200.433158529339"
"1801","1","2","STAN","ECR","robust","permutations","estim",NA
"1802","2","2","STAN","ECR","robust","permutations","estim",NA
"1803","3","2","STAN","ECR","robust","permutations","estim",NA
"1804","4","2","STAN","ECR","robust","permutations","estim",NA
"1805","5","2","STAN","ECR","robust","permutations","estim",NA
"1806","6","2","STAN","ECR","robust","permutations","estim",NA
"1807","7","2","STAN","ECR","robust","permutations","estim",NA
"1808","8","2","STAN","ECR","robust","permutations","estim",NA
"1809","9","2","STAN","ECR","robust","permutations","estim",NA
"1810","10","2","STAN","ECR","robust","permutations","estim",NA
"1811","11","2","STAN","ECR","robust","permutations","estim",NA
"1812","12","2","STAN","ECR","robust","permutations","estim",NA
"1813","13","2","STAN","ECR","robust","permutations","estim",NA
"1814","14","2","STAN","ECR","robust","permutations","estim",NA
"1815","15","2","STAN","ECR","robust","permutations","estim",NA
"1816","16","2","STAN","ECR","robust","permutations","estim",NA
"1817","17","2","STAN","ECR","robust","permutations","estim",NA
"1818","18","2","STAN","ECR","robust","permutations","estim",NA
"1819","19","2","STAN","ECR","robust","permutations","estim",NA
"1820","20","2","STAN","ECR","robust","permutations","estim",NA
"1821","1","3","STAN","ECR","robust","permutations","estim",NA
"1822","2","3","STAN","ECR","robust","permutations","estim",NA
"1823","3","3","STAN","ECR","robust","permutations","estim",NA
"1824","4","3","STAN","ECR","robust","permutations","estim",NA
"1825","5","3","STAN","ECR","robust","permutations","estim",NA
"1826","6","3","STAN","ECR","robust","permutations","estim",NA
"1827","7","3","STAN","ECR","robust","permutations","estim",NA
"1828","8","3","STAN","ECR","robust","permutations","estim",NA
"1829","9","3","STAN","ECR","robust","permutations","estim",NA
"1830","10","3","STAN","ECR","robust","permutations","estim",NA
"1831","11","3","STAN","ECR","robust","permutations","estim",NA
"1832","12","3","STAN","ECR","robust","permutations","estim",NA
"1833","13","3","STAN","ECR","robust","permutations","estim",NA
"1834","14","3","STAN","ECR","robust","permutations","estim",NA
"1835","15","3","STAN","ECR","robust","permutations","estim",NA
"1836","16","3","STAN","ECR","robust","permutations","estim",NA
"1837","17","3","STAN","ECR","robust","permutations","estim",NA
"1838","18","3","STAN","ECR","robust","permutations","estim",NA
"1839","19","3","STAN","ECR","robust","permutations","estim",NA
"1840","20","3","STAN","ECR","robust","permutations","estim",NA
"1841","1","4","STAN","ECR","robust","permutations","estim",NA
"1842","2","4","STAN","ECR","robust","permutations","estim",NA
"1843","3","4","STAN","ECR","robust","permutations","estim",NA
"1844","4","4","STAN","ECR","robust","permutations","estim",NA
"1845","5","4","STAN","ECR","robust","permutations","estim",NA
"1846","6","4","STAN","ECR","robust","permutations","estim",NA
"1847","7","4","STAN","ECR","robust","permutations","estim",NA
"1848","8","4","STAN","ECR","robust","permutations","estim",NA
"1849","9","4","STAN","ECR","robust","permutations","estim",NA
"1850","10","4","STAN","ECR","robust","permutations","estim",NA
"1851","11","4","STAN","ECR","robust","permutations","estim",NA
"1852","12","4","STAN","ECR","robust","permutations","estim",NA
"1853","13","4","STAN","ECR","robust","permutations","estim",NA
"1854","14","4","STAN","ECR","robust","permutations","estim",NA
"1855","15","4","STAN","ECR","robust","permutations","estim",NA
"1856","16","4","STAN","ECR","robust","permutations","estim",NA
"1857","17","4","STAN","ECR","robust","permutations","estim",NA
"1858","18","4","STAN","ECR","robust","permutations","estim",NA
"1859","19","4","STAN","ECR","robust","permutations","estim",NA
"1860","20","4","STAN","ECR","robust","permutations","estim",NA
"1861","1","5","STAN","ECR","robust","permutations","estim",NA
"1862","2","5","STAN","ECR","robust","permutations","estim",NA
"1863","3","5","STAN","ECR","robust","permutations","estim",NA
"1864","4","5","STAN","ECR","robust","permutations","estim",NA
"1865","5","5","STAN","ECR","robust","permutations","estim",NA
"1866","6","5","STAN","ECR","robust","permutations","estim",NA
"1867","7","5","STAN","ECR","robust","permutations","estim",NA
"1868","8","5","STAN","ECR","robust","permutations","estim",NA
"1869","9","5","STAN","ECR","robust","permutations","estim",NA
"1870","10","5","STAN","ECR","robust","permutations","estim",NA
"1871","11","5","STAN","ECR","robust","permutations","estim",NA
"1872","12","5","STAN","ECR","robust","permutations","estim",NA
"1873","13","5","STAN","ECR","robust","permutations","estim",NA
"1874","14","5","STAN","ECR","robust","permutations","estim",NA
"1875","15","5","STAN","ECR","robust","permutations","estim",NA
"1876","16","5","STAN","ECR","robust","permutations","estim",NA
"1877","17","5","STAN","ECR","robust","permutations","estim",NA
"1878","18","5","STAN","ECR","robust","permutations","estim",NA
"1879","19","5","STAN","ECR","robust","permutations","estim",NA
"1880","20","5","STAN","ECR","robust","permutations","estim",NA
"1881","1","6","STAN","ECR","robust","permutations","estim",NA
"1882","2","6","STAN","ECR","robust","permutations","estim",NA
"1883","3","6","STAN","ECR","robust","permutations","estim",NA
"1884","4","6","STAN","ECR","robust","permutations","estim",NA
"1885","5","6","STAN","ECR","robust","permutations","estim",NA
"1886","6","6","STAN","ECR","robust","permutations","estim",NA
"1887","7","6","STAN","ECR","robust","permutations","estim",NA
"1888","8","6","STAN","ECR","robust","permutations","estim",NA
"1889","9","6","STAN","ECR","robust","permutations","estim",NA
"1890","10","6","STAN","ECR","robust","permutations","estim",NA
"1891","11","6","STAN","ECR","robust","permutations","estim",NA
"1892","12","6","STAN","ECR","robust","permutations","estim",NA
"1893","13","6","STAN","ECR","robust","permutations","estim",NA
"1894","14","6","STAN","ECR","robust","permutations","estim",NA
"1895","15","6","STAN","ECR","robust","permutations","estim",NA
"1896","16","6","STAN","ECR","robust","permutations","estim",NA
"1897","17","6","STAN","ECR","robust","permutations","estim",NA
"1898","18","6","STAN","ECR","robust","permutations","estim",NA
"1899","19","6","STAN","ECR","robust","permutations","estim",NA
"1900","20","6","STAN","ECR","robust","permutations","estim",NA
"1901","1","2","JAGS","ECR","robust","permutations","estim","199.257931111874"
"1902","2","2","JAGS","ECR","robust","permutations","estim","199.195910474568"
"1903","3","2","JAGS","ECR","robust","permutations","estim","199.238906911025"
"1904","4","2","JAGS","ECR","robust","permutations","estim","199.278834153947"
"1905","5","2","JAGS","ECR","robust","permutations","estim","199.2472332845"
"1906","6","2","JAGS","ECR","robust","permutations","estim","199.283385026099"
"1907","7","2","JAGS","ECR","robust","permutations","estim","199.259349292258"
"1908","8","2","JAGS","ECR","robust","permutations","estim","199.389080130611"
"1909","9","2","JAGS","ECR","robust","permutations","estim","199.280767969707"
"1910","10","2","JAGS","ECR","robust","permutations","estim","199.244911439024"
"1911","11","2","JAGS","ECR","robust","permutations","estim","199.172454508591"
"1912","12","2","JAGS","ECR","robust","permutations","estim","199.390065203813"
"1913","13","2","JAGS","ECR","robust","permutations","estim","199.316256380019"
"1914","14","2","JAGS","ECR","robust","permutations","estim","199.296796720201"
"1915","15","2","JAGS","ECR","robust","permutations","estim","199.38345357014"
"1916","16","2","JAGS","ECR","robust","permutations","estim","199.290421394736"
"1917","17","2","JAGS","ECR","robust","permutations","estim","199.325342129481"
"1918","18","2","JAGS","ECR","robust","permutations","estim","199.160887443132"
"1919","19","2","JAGS","ECR","robust","permutations","estim","199.299205120158"
"1920","20","2","JAGS","ECR","robust","permutations","estim","199.184159549189"
"1921","1","3","JAGS","ECR","robust","permutations","estim","198.453922328372"
"1922","2","3","JAGS","ECR","robust","permutations","estim","198.40388091531"
"1923","3","3","JAGS","ECR","robust","permutations","estim","198.547476564638"
"1924","4","3","JAGS","ECR","robust","permutations","estim","198.381132003095"
"1925","5","3","JAGS","ECR","robust","permutations","estim","198.39947259062"
"1926","6","3","JAGS","ECR","robust","permutations","estim","198.363484017033"
"1927","7","3","JAGS","ECR","robust","permutations","estim","198.664902407057"
"1928","8","3","JAGS","ECR","robust","permutations","estim","198.532520528641"
"1929","9","3","JAGS","ECR","robust","permutations","estim","198.478205216648"
"1930","10","3","JAGS","ECR","robust","permutations","estim","198.55936176068"
"1931","11","3","JAGS","ECR","robust","permutations","estim","198.578395421382"
"1932","12","3","JAGS","ECR","robust","permutations","estim","198.393168016597"
"1933","13","3","JAGS","ECR","robust","permutations","estim","198.184575525206"
"1934","14","3","JAGS","ECR","robust","permutations","estim","198.481211054202"
"1935","15","3","JAGS","ECR","robust","permutations","estim","198.310480826675"
"1936","16","3","JAGS","ECR","robust","permutations","estim","198.433396893103"
"1937","17","3","JAGS","ECR","robust","permutations","estim","198.719860646393"
"1938","18","3","JAGS","ECR","robust","permutations","estim","198.514130735998"
"1939","19","3","JAGS","ECR","robust","permutations","estim","198.556147943022"
"1940","20","3","JAGS","ECR","robust","permutations","estim","198.711971602607"
"1941","1","4","JAGS","ECR","robust","permutations","estim","198.664294909485"
"1942","2","4","JAGS","ECR","robust","permutations","estim","198.598141569773"
"1943","3","4","JAGS","ECR","robust","permutations","estim","198.832406831992"
"1944","4","4","JAGS","ECR","robust","permutations","estim","198.228211617113"
"1945","5","4","JAGS","ECR","robust","permutations","estim","198.608008382969"
"1946","6","4","JAGS","ECR","robust","permutations","estim","198.683225004425"
"1947","7","4","JAGS","ECR","robust","permutations","estim","198.55610807335"
"1948","8","4","JAGS","ECR","robust","permutations","estim","199.6958117362"
"1949","9","4","JAGS","ECR","robust","permutations","estim","198.695140245304"
"1950","10","4","JAGS","ECR","robust","permutations","estim","198.926164510174"
"1951","11","4","JAGS","ECR","robust","permutations","estim","199.254895857458"
"1952","12","4","JAGS","ECR","robust","permutations","estim","198.92971544711"
"1953","13","4","JAGS","ECR","robust","permutations","estim","198.70088270708"
"1954","14","4","JAGS","ECR","robust","permutations","estim","198.884155489836"
"1955","15","4","JAGS","ECR","robust","permutations","estim","198.830179477561"
"1956","16","4","JAGS","ECR","robust","permutations","estim","198.98770912661"
"1957","17","4","JAGS","ECR","robust","permutations","estim","199.71361105346"
"1958","18","4","JAGS","ECR","robust","permutations","estim","198.667720722017"
"1959","19","4","JAGS","ECR","robust","permutations","estim","198.70319845206"
"1960","20","4","JAGS","ECR","robust","permutations","estim","198.958187132142"
"1961","1","5","JAGS","ECR","robust","permutations","estim","199.901642422916"
"1962","2","5","JAGS","ECR","robust","permutations","estim","199.686743301517"
"1963","3","5","JAGS","ECR","robust","permutations","estim","199.736115918379"
"1964","4","5","JAGS","ECR","robust","permutations","estim","199.740424093097"
"1965","5","5","JAGS","ECR","robust","permutations","estim","199.678023300085"
"1966","6","5","JAGS","ECR","robust","permutations","estim","199.729921214176"
"1967","7","5","JAGS","ECR","robust","permutations","estim","200.375420745974"
"1968","8","5","JAGS","ECR","robust","permutations","estim","199.869664832936"
"1969","9","5","JAGS","ECR","robust","permutations","estim","199.380938807711"
"1970","10","5","JAGS","ECR","robust","permutations","estim","199.703377229224"
"1971","11","5","JAGS","ECR","robust","permutations","estim","199.943795498768"
"1972","12","5","JAGS","ECR","robust","permutations","estim","199.953553604427"
"1973","13","5","JAGS","ECR","robust","permutations","estim","201.810874882219"
"1974","14","5","JAGS","ECR","robust","permutations","estim","200.148604355702"
"1975","15","5","JAGS","ECR","robust","permutations","estim","199.425808693101"
"1976","16","5","JAGS","ECR","robust","permutations","estim","199.83772706825"
"1977","17","5","JAGS","ECR","robust","permutations","estim","199.600534225218"
"1978","18","5","JAGS","ECR","robust","permutations","estim","199.480938062408"
"1979","19","5","JAGS","ECR","robust","permutations","estim","200.062514262376"
"1980","20","5","JAGS","ECR","robust","permutations","estim","200.205403304895"
"1981","1","6","JAGS","ECR","robust","permutations","estim","201.002707251917"
"1982","2","6","JAGS","ECR","robust","permutations","estim","200.647164521591"
"1983","3","6","JAGS","ECR","robust","permutations","estim","200.773692369132"
"1984","4","6","JAGS","ECR","robust","permutations","estim","204.48552188669"
"1985","5","6","JAGS","ECR","robust","permutations","estim","200.656518345437"
"1986","6","6","JAGS","ECR","robust","permutations","estim","200.570077800821"
"1987","7","6","JAGS","ECR","robust","permutations","estim","200.931211856374"
"1988","8","6","JAGS","ECR","robust","permutations","estim","201.097017746614"
"1989","9","6","JAGS","ECR","robust","permutations","estim","200.796377551429"
"1990","10","6","JAGS","ECR","robust","permutations","estim","203.824302643868"
"1991","11","6","JAGS","ECR","robust","permutations","estim","200.590974632187"
"1992","12","6","JAGS","ECR","robust","permutations","estim","200.543790697246"
"1993","13","6","JAGS","ECR","robust","permutations","estim","200.643071397513"
"1994","14","6","JAGS","ECR","robust","permutations","estim","200.945748749178"
"1995","15","6","JAGS","ECR","robust","permutations","estim","200.224814988579"
"1996","16","6","JAGS","ECR","robust","permutations","estim","200.97232948386"
"1997","17","6","JAGS","ECR","robust","permutations","estim","200.448181253979"
"1998","18","6","JAGS","ECR","robust","permutations","estim","201.324849262685"
"1999","19","6","JAGS","ECR","robust","permutations","estim","200.176108006505"
"2000","20","6","JAGS","ECR","robust","permutations","estim","200.043110790251"
"2001","1","2","STAN","STEPHENS","min_vol_60%HPD","permutations","estim","199.419628055"
"2002","2","2","STAN","STEPHENS","min_vol_60%HPD","permutations","estim","199.337476324348"
"2003","3","2","STAN","STEPHENS","min_vol_60%HPD","permutations","estim","199.45991754341"
"2004","4","2","STAN","STEPHENS","min_vol_60%HPD","permutations","estim","199.42243680929"
"2005","5","2","STAN","STEPHENS","min_vol_60%HPD","permutations","estim","199.375771860885"
"2006","6","2","STAN","STEPHENS","min_vol_60%HPD","permutations","estim","199.330122719531"
"2007","7","2","STAN","STEPHENS","min_vol_60%HPD","permutations","estim","199.404072687389"
"2008","8","2","STAN","STEPHENS","min_vol_60%HPD","permutations","estim","199.361709066959"
"2009","9","2","STAN","STEPHENS","min_vol_60%HPD","permutations","estim","199.367305265414"
"2010","10","2","STAN","STEPHENS","min_vol_60%HPD","permutations","estim","199.377719211009"
"2011","11","2","STAN","STEPHENS","min_vol_60%HPD","permutations","estim","199.400516121062"
"2012","12","2","STAN","STEPHENS","min_vol_60%HPD","permutations","estim","199.421022574665"
"2013","13","2","STAN","STEPHENS","min_vol_60%HPD","permutations","estim","199.376737288473"
"2014","14","2","STAN","STEPHENS","min_vol_60%HPD","permutations","estim","199.392761268859"
"2015","15","2","STAN","STEPHENS","min_vol_60%HPD","permutations","estim","199.356583748876"
"2016","16","2","STAN","STEPHENS","min_vol_60%HPD","permutations","estim","199.399406179448"
"2017","17","2","STAN","STEPHENS","min_vol_60%HPD","permutations","estim","199.417250248971"
"2018","18","2","STAN","STEPHENS","min_vol_60%HPD","permutations","estim","199.413531379829"
"2019","19","2","STAN","STEPHENS","min_vol_60%HPD","permutations","estim","199.355847138799"
"2020","20","2","STAN","STEPHENS","min_vol_60%HPD","permutations","estim","199.341085062137"
"2021","1","3","STAN","STEPHENS","min_vol_60%HPD","permutations","estim","197.91669531551"
"2022","2","3","STAN","STEPHENS","min_vol_60%HPD","permutations","estim","197.749511013172"
"2023","3","3","STAN","STEPHENS","min_vol_60%HPD","permutations","estim","198.45305176292"
"2024","4","3","STAN","STEPHENS","min_vol_60%HPD","permutations","estim","198.204554407047"
"2025","5","3","STAN","STEPHENS","min_vol_60%HPD","permutations","estim","198.046553312476"
"2026","6","3","STAN","STEPHENS","min_vol_60%HPD","permutations","estim","198.431532673244"
"2027","7","3","STAN","STEPHENS","min_vol_60%HPD","permutations","estim","197.904189746705"
"2028","8","3","STAN","STEPHENS","min_vol_60%HPD","permutations","estim","198.01410773087"
"2029","9","3","STAN","STEPHENS","min_vol_60%HPD","permutations","estim","197.710407358604"
"2030","10","3","STAN","STEPHENS","min_vol_60%HPD","permutations","estim","198.300765809632"
"2031","11","3","STAN","STEPHENS","min_vol_60%HPD","permutations","estim","198.620593193468"
"2032","12","3","STAN","STEPHENS","min_vol_60%HPD","permutations","estim","198.433048243127"
"2033","13","3","STAN","STEPHENS","min_vol_60%HPD","permutations","estim","198.807612050973"
"2034","14","3","STAN","STEPHENS","min_vol_60%HPD","permutations","estim","199.218308336005"
"2035","15","3","STAN","STEPHENS","min_vol_60%HPD","permutations","estim","197.876505624552"
"2036","16","3","STAN","STEPHENS","min_vol_60%HPD","permutations","estim","197.87510043857"
"2037","17","3","STAN","STEPHENS","min_vol_60%HPD","permutations","estim","198.717654138574"
"2038","18","3","STAN","STEPHENS","min_vol_60%HPD","permutations","estim","197.917365104333"
"2039","19","3","STAN","STEPHENS","min_vol_60%HPD","permutations","estim","198.631668814811"
"2040","20","3","STAN","STEPHENS","min_vol_60%HPD","permutations","estim","Inf"
"2041","1","4","STAN","STEPHENS","min_vol_60%HPD","permutations","estim","Inf"
"2042","2","4","STAN","STEPHENS","min_vol_60%HPD","permutations","estim","198.720314349299"
"2043","3","4","STAN","STEPHENS","min_vol_60%HPD","permutations","estim","197.63536625795"
"2044","4","4","STAN","STEPHENS","min_vol_60%HPD","permutations","estim","197.836224127114"
"2045","5","4","STAN","STEPHENS","min_vol_60%HPD","permutations","estim","198.326010312596"
"2046","6","4","STAN","STEPHENS","min_vol_60%HPD","permutations","estim","198.558621852544"
"2047","7","4","STAN","STEPHENS","min_vol_60%HPD","permutations","estim","198.764252359944"
"2048","8","4","STAN","STEPHENS","min_vol_60%HPD","permutations","estim","197.507601900177"
"2049","9","4","STAN","STEPHENS","min_vol_60%HPD","permutations","estim","199.000743328331"
"2050","10","4","STAN","STEPHENS","min_vol_60%HPD","permutations","estim","198.277346602082"
"2051","11","4","STAN","STEPHENS","min_vol_60%HPD","permutations","estim","Inf"
"2052","12","4","STAN","STEPHENS","min_vol_60%HPD","permutations","estim","197.52167110938"
"2053","13","4","STAN","STEPHENS","min_vol_60%HPD","permutations","estim","Inf"
"2054","14","4","STAN","STEPHENS","min_vol_60%HPD","permutations","estim","198.393005382518"
"2055","15","4","STAN","STEPHENS","min_vol_60%HPD","permutations","estim","Inf"
"2056","16","4","STAN","STEPHENS","min_vol_60%HPD","permutations","estim","198.210477992826"
"2057","17","4","STAN","STEPHENS","min_vol_60%HPD","permutations","estim","199.41115682481"
"2058","18","4","STAN","STEPHENS","min_vol_60%HPD","permutations","estim","Inf"
"2059","19","4","STAN","STEPHENS","min_vol_60%HPD","permutations","estim","Inf"
"2060","20","4","STAN","STEPHENS","min_vol_60%HPD","permutations","estim","198.502793128573"
"2061","1","5","STAN","STEPHENS","min_vol_60%HPD","permutations","estim","Inf"
"2062","2","5","STAN","STEPHENS","min_vol_60%HPD","permutations","estim","Inf"
"2063","3","5","STAN","STEPHENS","min_vol_60%HPD","permutations","estim","Inf"
"2064","4","5","STAN","STEPHENS","min_vol_60%HPD","permutations","estim","Inf"
"2065","5","5","STAN","STEPHENS","min_vol_60%HPD","permutations","estim","Inf"
"2066","6","5","STAN","STEPHENS","min_vol_60%HPD","permutations","estim","197.976837908645"
"2067","7","5","STAN","STEPHENS","min_vol_60%HPD","permutations","estim","Inf"
"2068","8","5","STAN","STEPHENS","min_vol_60%HPD","permutations","estim","Inf"
"2069","9","5","STAN","STEPHENS","min_vol_60%HPD","permutations","estim","Inf"
"2070","10","5","STAN","STEPHENS","min_vol_60%HPD","permutations","estim","Inf"
"2071","11","5","STAN","STEPHENS","min_vol_60%HPD","permutations","estim","Inf"
"2072","12","5","STAN","STEPHENS","min_vol_60%HPD","permutations","estim","Inf"
"2073","13","5","STAN","STEPHENS","min_vol_60%HPD","permutations","estim","Inf"
"2074","14","5","STAN","STEPHENS","min_vol_60%HPD","permutations","estim","Inf"
"2075","15","5","STAN","STEPHENS","min_vol_60%HPD","permutations","estim","Inf"
"2076","16","5","STAN","STEPHENS","min_vol_60%HPD","permutations","estim","197.591324565578"
"2077","17","5","STAN","STEPHENS","min_vol_60%HPD","permutations","estim","Inf"
"2078","18","5","STAN","STEPHENS","min_vol_60%HPD","permutations","estim","Inf"
"2079","19","5","STAN","STEPHENS","min_vol_60%HPD","permutations","estim","Inf"
"2080","20","5","STAN","STEPHENS","min_vol_60%HPD","permutations","estim","Inf"
"2081","1","6","STAN","STEPHENS","min_vol_60%HPD","permutations","estim","Inf"
"2082","2","6","STAN","STEPHENS","min_vol_60%HPD","permutations","estim","Inf"
"2083","3","6","STAN","STEPHENS","min_vol_60%HPD","permutations","estim","Inf"
"2084","4","6","STAN","STEPHENS","min_vol_60%HPD","permutations","estim","Inf"
"2085","5","6","STAN","STEPHENS","min_vol_60%HPD","permutations","estim","Inf"
"2086","6","6","STAN","STEPHENS","min_vol_60%HPD","permutations","estim","Inf"
"2087","7","6","STAN","STEPHENS","min_vol_60%HPD","permutations","estim","196.332405349788"
"2088","8","6","STAN","STEPHENS","min_vol_60%HPD","permutations","estim","Inf"
"2089","9","6","STAN","STEPHENS","min_vol_60%HPD","permutations","estim","Inf"
"2090","10","6","STAN","STEPHENS","min_vol_60%HPD","permutations","estim","Inf"
"2091","11","6","STAN","STEPHENS","min_vol_60%HPD","permutations","estim","Inf"
"2092","12","6","STAN","STEPHENS","min_vol_60%HPD","permutations","estim","Inf"
"2093","13","6","STAN","STEPHENS","min_vol_60%HPD","permutations","estim","Inf"
"2094","14","6","STAN","STEPHENS","min_vol_60%HPD","permutations","estim","Inf"
"2095","15","6","STAN","STEPHENS","min_vol_60%HPD","permutations","estim","Inf"
"2096","16","6","STAN","STEPHENS","min_vol_60%HPD","permutations","estim","Inf"
"2097","17","6","STAN","STEPHENS","min_vol_60%HPD","permutations","estim","Inf"
"2098","18","6","STAN","STEPHENS","min_vol_60%HPD","permutations","estim","Inf"
"2099","19","6","STAN","STEPHENS","min_vol_60%HPD","permutations","estim","Inf"
"2100","20","6","STAN","STEPHENS","min_vol_60%HPD","permutations","estim","Inf"
"2101","1","2","JAGS","STEPHENS","min_vol_60%HPD","permutations","estim","199.404542342327"
"2102","2","2","JAGS","STEPHENS","min_vol_60%HPD","permutations","estim","199.329647956221"
"2103","3","2","JAGS","STEPHENS","min_vol_60%HPD","permutations","estim","199.395494251752"
"2104","4","2","JAGS","STEPHENS","min_vol_60%HPD","permutations","estim","199.423312585482"
"2105","5","2","JAGS","STEPHENS","min_vol_60%HPD","permutations","estim","199.431900610467"
"2106","6","2","JAGS","STEPHENS","min_vol_60%HPD","permutations","estim","199.407822223355"
"2107","7","2","JAGS","STEPHENS","min_vol_60%HPD","permutations","estim","199.365879046488"
"2108","8","2","JAGS","STEPHENS","min_vol_60%HPD","permutations","estim","199.456845523123"
"2109","9","2","JAGS","STEPHENS","min_vol_60%HPD","permutations","estim","199.402073729846"
"2110","10","2","JAGS","STEPHENS","min_vol_60%HPD","permutations","estim","199.437283723291"
"2111","11","2","JAGS","STEPHENS","min_vol_60%HPD","permutations","estim","199.416083924113"
"2112","12","2","JAGS","STEPHENS","min_vol_60%HPD","permutations","estim","199.422087452359"
"2113","13","2","JAGS","STEPHENS","min_vol_60%HPD","permutations","estim","199.400770170101"
"2114","14","2","JAGS","STEPHENS","min_vol_60%HPD","permutations","estim","199.390319555029"
"2115","15","2","JAGS","STEPHENS","min_vol_60%HPD","permutations","estim","199.429268056652"
"2116","16","2","JAGS","STEPHENS","min_vol_60%HPD","permutations","estim","199.336806461088"
"2117","17","2","JAGS","STEPHENS","min_vol_60%HPD","permutations","estim","199.459253320891"
"2118","18","2","JAGS","STEPHENS","min_vol_60%HPD","permutations","estim","199.344978031279"
"2119","19","2","JAGS","STEPHENS","min_vol_60%HPD","permutations","estim","199.474106321668"
"2120","20","2","JAGS","STEPHENS","min_vol_60%HPD","permutations","estim","199.366871161129"
"2121","1","3","JAGS","STEPHENS","min_vol_60%HPD","permutations","estim","198.08734933423"
"2122","2","3","JAGS","STEPHENS","min_vol_60%HPD","permutations","estim","198.818193328246"
"2123","3","3","JAGS","STEPHENS","min_vol_60%HPD","permutations","estim","198.684409836399"
"2124","4","3","JAGS","STEPHENS","min_vol_60%HPD","permutations","estim","198.401941678598"
"2125","5","3","JAGS","STEPHENS","min_vol_60%HPD","permutations","estim","197.847471159543"
"2126","6","3","JAGS","STEPHENS","min_vol_60%HPD","permutations","estim","197.517248477764"
"2127","7","3","JAGS","STEPHENS","min_vol_60%HPD","permutations","estim","198.398088553776"
"2128","8","3","JAGS","STEPHENS","min_vol_60%HPD","permutations","estim","198.546472714959"
"2129","9","3","JAGS","STEPHENS","min_vol_60%HPD","permutations","estim","198.538319050756"
"2130","10","3","JAGS","STEPHENS","min_vol_60%HPD","permutations","estim","198.132228583884"
"2131","11","3","JAGS","STEPHENS","min_vol_60%HPD","permutations","estim","198.377164425087"
"2132","12","3","JAGS","STEPHENS","min_vol_60%HPD","permutations","estim","198.400498129571"
"2133","13","3","JAGS","STEPHENS","min_vol_60%HPD","permutations","estim","197.926126833383"
"2134","14","3","JAGS","STEPHENS","min_vol_60%HPD","permutations","estim","198.269351892515"
"2135","15","3","JAGS","STEPHENS","min_vol_60%HPD","permutations","estim","198.726224689423"
"2136","16","3","JAGS","STEPHENS","min_vol_60%HPD","permutations","estim","198.03302682589"
"2137","17","3","JAGS","STEPHENS","min_vol_60%HPD","permutations","estim","198.439476963819"
"2138","18","3","JAGS","STEPHENS","min_vol_60%HPD","permutations","estim","198.213943836993"
"2139","19","3","JAGS","STEPHENS","min_vol_60%HPD","permutations","estim","197.786791901221"
"2140","20","3","JAGS","STEPHENS","min_vol_60%HPD","permutations","estim","198.092555696729"
"2141","1","4","JAGS","STEPHENS","min_vol_60%HPD","permutations","estim","Inf"
"2142","2","4","JAGS","STEPHENS","min_vol_60%HPD","permutations","estim","197.960641450213"
"2143","3","4","JAGS","STEPHENS","min_vol_60%HPD","permutations","estim","198.306939590897"
"2144","4","4","JAGS","STEPHENS","min_vol_60%HPD","permutations","estim","199.525356533383"
"2145","5","4","JAGS","STEPHENS","min_vol_60%HPD","permutations","estim","198.059353133498"
"2146","6","4","JAGS","STEPHENS","min_vol_60%HPD","permutations","estim","Inf"
"2147","7","4","JAGS","STEPHENS","min_vol_60%HPD","permutations","estim","Inf"
"2148","8","4","JAGS","STEPHENS","min_vol_60%HPD","permutations","estim","198.603338316123"
"2149","9","4","JAGS","STEPHENS","min_vol_60%HPD","permutations","estim","Inf"
"2150","10","4","JAGS","STEPHENS","min_vol_60%HPD","permutations","estim","Inf"
"2151","11","4","JAGS","STEPHENS","min_vol_60%HPD","permutations","estim","197.447054375297"
"2152","12","4","JAGS","STEPHENS","min_vol_60%HPD","permutations","estim","197.841087194172"
"2153","13","4","JAGS","STEPHENS","min_vol_60%HPD","permutations","estim","197.672070704706"
"2154","14","4","JAGS","STEPHENS","min_vol_60%HPD","permutations","estim","Inf"
"2155","15","4","JAGS","STEPHENS","min_vol_60%HPD","permutations","estim","198.009761209138"
"2156","16","4","JAGS","STEPHENS","min_vol_60%HPD","permutations","estim","197.866761990523"
"2157","17","4","JAGS","STEPHENS","min_vol_60%HPD","permutations","estim","197.280785029298"
"2158","18","4","JAGS","STEPHENS","min_vol_60%HPD","permutations","estim","198.402686785092"
"2159","19","4","JAGS","STEPHENS","min_vol_60%HPD","permutations","estim","198.876817494868"
"2160","20","4","JAGS","STEPHENS","min_vol_60%HPD","permutations","estim","197.823517494986"
"2161","1","5","JAGS","STEPHENS","min_vol_60%HPD","permutations","estim","Inf"
"2162","2","5","JAGS","STEPHENS","min_vol_60%HPD","permutations","estim","197.626491838373"
"2163","3","5","JAGS","STEPHENS","min_vol_60%HPD","permutations","estim","Inf"
"2164","4","5","JAGS","STEPHENS","min_vol_60%HPD","permutations","estim","Inf"
"2165","5","5","JAGS","STEPHENS","min_vol_60%HPD","permutations","estim","Inf"
"2166","6","5","JAGS","STEPHENS","min_vol_60%HPD","permutations","estim","Inf"
"2167","7","5","JAGS","STEPHENS","min_vol_60%HPD","permutations","estim","Inf"
"2168","8","5","JAGS","STEPHENS","min_vol_60%HPD","permutations","estim","Inf"
"2169","9","5","JAGS","STEPHENS","min_vol_60%HPD","permutations","estim","Inf"
"2170","10","5","JAGS","STEPHENS","min_vol_60%HPD","permutations","estim","Inf"
"2171","11","5","JAGS","STEPHENS","min_vol_60%HPD","permutations","estim","Inf"
"2172","12","5","JAGS","STEPHENS","min_vol_60%HPD","permutations","estim","Inf"
"2173","13","5","JAGS","STEPHENS","min_vol_60%HPD","permutations","estim","199.611478740052"
"2174","14","5","JAGS","STEPHENS","min_vol_60%HPD","permutations","estim","Inf"
"2175","15","5","JAGS","STEPHENS","min_vol_60%HPD","permutations","estim","Inf"
"2176","16","5","JAGS","STEPHENS","min_vol_60%HPD","permutations","estim","197.994576705841"
"2177","17","5","JAGS","STEPHENS","min_vol_60%HPD","permutations","estim","196.897484656933"
"2178","18","5","JAGS","STEPHENS","min_vol_60%HPD","permutations","estim","Inf"
"2179","19","5","JAGS","STEPHENS","min_vol_60%HPD","permutations","estim","197.76626379585"
"2180","20","5","JAGS","STEPHENS","min_vol_60%HPD","permutations","estim","Inf"
"2181","1","6","JAGS","STEPHENS","min_vol_60%HPD","permutations","estim","Inf"
"2182","2","6","JAGS","STEPHENS","min_vol_60%HPD","permutations","estim","Inf"
"2183","3","6","JAGS","STEPHENS","min_vol_60%HPD","permutations","estim","Inf"
"2184","4","6","JAGS","STEPHENS","min_vol_60%HPD","permutations","estim","200.1730844392"
"2185","5","6","JAGS","STEPHENS","min_vol_60%HPD","permutations","estim","Inf"
"2186","6","6","JAGS","STEPHENS","min_vol_60%HPD","permutations","estim","Inf"
"2187","7","6","JAGS","STEPHENS","min_vol_60%HPD","permutations","estim","Inf"
"2188","8","6","JAGS","STEPHENS","min_vol_60%HPD","permutations","estim","Inf"
"2189","9","6","JAGS","STEPHENS","min_vol_60%HPD","permutations","estim","Inf"
"2190","10","6","JAGS","STEPHENS","min_vol_60%HPD","permutations","estim","200.653240743391"
"2191","11","6","JAGS","STEPHENS","min_vol_60%HPD","permutations","estim","Inf"
"2192","12","6","JAGS","STEPHENS","min_vol_60%HPD","permutations","estim","Inf"
"2193","13","6","JAGS","STEPHENS","min_vol_60%HPD","permutations","estim","Inf"
"2194","14","6","JAGS","STEPHENS","min_vol_60%HPD","permutations","estim","198.721520409126"
"2195","15","6","JAGS","STEPHENS","min_vol_60%HPD","permutations","estim","Inf"
"2196","16","6","JAGS","STEPHENS","min_vol_60%HPD","permutations","estim","Inf"
"2197","17","6","JAGS","STEPHENS","min_vol_60%HPD","permutations","estim","Inf"
"2198","18","6","JAGS","STEPHENS","min_vol_60%HPD","permutations","estim","Inf"
"2199","19","6","JAGS","STEPHENS","min_vol_60%HPD","permutations","estim","Inf"
"2200","20","6","JAGS","STEPHENS","min_vol_60%HPD","permutations","estim","Inf"
"2201","1","2","STAN","ECR","min_vol_60%HPD","permutations","estim",NA
"2202","2","2","STAN","ECR","min_vol_60%HPD","permutations","estim",NA
"2203","3","2","STAN","ECR","min_vol_60%HPD","permutations","estim",NA
"2204","4","2","STAN","ECR","min_vol_60%HPD","permutations","estim",NA
"2205","5","2","STAN","ECR","min_vol_60%HPD","permutations","estim",NA
"2206","6","2","STAN","ECR","min_vol_60%HPD","permutations","estim",NA
"2207","7","2","STAN","ECR","min_vol_60%HPD","permutations","estim",NA
"2208","8","2","STAN","ECR","min_vol_60%HPD","permutations","estim",NA
"2209","9","2","STAN","ECR","min_vol_60%HPD","permutations","estim",NA
"2210","10","2","STAN","ECR","min_vol_60%HPD","permutations","estim",NA
"2211","11","2","STAN","ECR","min_vol_60%HPD","permutations","estim",NA
"2212","12","2","STAN","ECR","min_vol_60%HPD","permutations","estim",NA
"2213","13","2","STAN","ECR","min_vol_60%HPD","permutations","estim",NA
"2214","14","2","STAN","ECR","min_vol_60%HPD","permutations","estim",NA
"2215","15","2","STAN","ECR","min_vol_60%HPD","permutations","estim",NA
"2216","16","2","STAN","ECR","min_vol_60%HPD","permutations","estim",NA
"2217","17","2","STAN","ECR","min_vol_60%HPD","permutations","estim",NA
"2218","18","2","STAN","ECR","min_vol_60%HPD","permutations","estim",NA
"2219","19","2","STAN","ECR","min_vol_60%HPD","permutations","estim",NA
"2220","20","2","STAN","ECR","min_vol_60%HPD","permutations","estim",NA
"2221","1","3","STAN","ECR","min_vol_60%HPD","permutations","estim",NA
"2222","2","3","STAN","ECR","min_vol_60%HPD","permutations","estim",NA
"2223","3","3","STAN","ECR","min_vol_60%HPD","permutations","estim",NA
"2224","4","3","STAN","ECR","min_vol_60%HPD","permutations","estim",NA
"2225","5","3","STAN","ECR","min_vol_60%HPD","permutations","estim",NA
"2226","6","3","STAN","ECR","min_vol_60%HPD","permutations","estim",NA
"2227","7","3","STAN","ECR","min_vol_60%HPD","permutations","estim",NA
"2228","8","3","STAN","ECR","min_vol_60%HPD","permutations","estim",NA
"2229","9","3","STAN","ECR","min_vol_60%HPD","permutations","estim",NA
"2230","10","3","STAN","ECR","min_vol_60%HPD","permutations","estim",NA
"2231","11","3","STAN","ECR","min_vol_60%HPD","permutations","estim",NA
"2232","12","3","STAN","ECR","min_vol_60%HPD","permutations","estim",NA
"2233","13","3","STAN","ECR","min_vol_60%HPD","permutations","estim",NA
"2234","14","3","STAN","ECR","min_vol_60%HPD","permutations","estim",NA
"2235","15","3","STAN","ECR","min_vol_60%HPD","permutations","estim",NA
"2236","16","3","STAN","ECR","min_vol_60%HPD","permutations","estim",NA
"2237","17","3","STAN","ECR","min_vol_60%HPD","permutations","estim",NA
"2238","18","3","STAN","ECR","min_vol_60%HPD","permutations","estim",NA
"2239","19","3","STAN","ECR","min_vol_60%HPD","permutations","estim",NA
"2240","20","3","STAN","ECR","min_vol_60%HPD","permutations","estim",NA
"2241","1","4","STAN","ECR","min_vol_60%HPD","permutations","estim",NA
"2242","2","4","STAN","ECR","min_vol_60%HPD","permutations","estim",NA
"2243","3","4","STAN","ECR","min_vol_60%HPD","permutations","estim",NA
"2244","4","4","STAN","ECR","min_vol_60%HPD","permutations","estim",NA
"2245","5","4","STAN","ECR","min_vol_60%HPD","permutations","estim",NA
"2246","6","4","STAN","ECR","min_vol_60%HPD","permutations","estim",NA
"2247","7","4","STAN","ECR","min_vol_60%HPD","permutations","estim",NA
"2248","8","4","STAN","ECR","min_vol_60%HPD","permutations","estim",NA
"2249","9","4","STAN","ECR","min_vol_60%HPD","permutations","estim",NA
"2250","10","4","STAN","ECR","min_vol_60%HPD","permutations","estim",NA
"2251","11","4","STAN","ECR","min_vol_60%HPD","permutations","estim",NA
"2252","12","4","STAN","ECR","min_vol_60%HPD","permutations","estim",NA
"2253","13","4","STAN","ECR","min_vol_60%HPD","permutations","estim",NA
"2254","14","4","STAN","ECR","min_vol_60%HPD","permutations","estim",NA
"2255","15","4","STAN","ECR","min_vol_60%HPD","permutations","estim",NA
"2256","16","4","STAN","ECR","min_vol_60%HPD","permutations","estim",NA
"2257","17","4","STAN","ECR","min_vol_60%HPD","permutations","estim",NA
"2258","18","4","STAN","ECR","min_vol_60%HPD","permutations","estim",NA
"2259","19","4","STAN","ECR","min_vol_60%HPD","permutations","estim",NA
"2260","20","4","STAN","ECR","min_vol_60%HPD","permutations","estim",NA
"2261","1","5","STAN","ECR","min_vol_60%HPD","permutations","estim",NA
"2262","2","5","STAN","ECR","min_vol_60%HPD","permutations","estim",NA
"2263","3","5","STAN","ECR","min_vol_60%HPD","permutations","estim",NA
"2264","4","5","STAN","ECR","min_vol_60%HPD","permutations","estim",NA
"2265","5","5","STAN","ECR","min_vol_60%HPD","permutations","estim",NA
"2266","6","5","STAN","ECR","min_vol_60%HPD","permutations","estim",NA
"2267","7","5","STAN","ECR","min_vol_60%HPD","permutations","estim",NA
"2268","8","5","STAN","ECR","min_vol_60%HPD","permutations","estim",NA
"2269","9","5","STAN","ECR","min_vol_60%HPD","permutations","estim",NA
"2270","10","5","STAN","ECR","min_vol_60%HPD","permutations","estim",NA
"2271","11","5","STAN","ECR","min_vol_60%HPD","permutations","estim",NA
"2272","12","5","STAN","ECR","min_vol_60%HPD","permutations","estim",NA
"2273","13","5","STAN","ECR","min_vol_60%HPD","permutations","estim",NA
"2274","14","5","STAN","ECR","min_vol_60%HPD","permutations","estim",NA
"2275","15","5","STAN","ECR","min_vol_60%HPD","permutations","estim",NA
"2276","16","5","STAN","ECR","min_vol_60%HPD","permutations","estim",NA
"2277","17","5","STAN","ECR","min_vol_60%HPD","permutations","estim",NA
"2278","18","5","STAN","ECR","min_vol_60%HPD","permutations","estim",NA
"2279","19","5","STAN","ECR","min_vol_60%HPD","permutations","estim",NA
"2280","20","5","STAN","ECR","min_vol_60%HPD","permutations","estim",NA
"2281","1","6","STAN","ECR","min_vol_60%HPD","permutations","estim",NA
"2282","2","6","STAN","ECR","min_vol_60%HPD","permutations","estim",NA
"2283","3","6","STAN","ECR","min_vol_60%HPD","permutations","estim",NA
"2284","4","6","STAN","ECR","min_vol_60%HPD","permutations","estim",NA
"2285","5","6","STAN","ECR","min_vol_60%HPD","permutations","estim",NA
"2286","6","6","STAN","ECR","min_vol_60%HPD","permutations","estim",NA
"2287","7","6","STAN","ECR","min_vol_60%HPD","permutations","estim",NA
"2288","8","6","STAN","ECR","min_vol_60%HPD","permutations","estim",NA
"2289","9","6","STAN","ECR","min_vol_60%HPD","permutations","estim",NA
"2290","10","6","STAN","ECR","min_vol_60%HPD","permutations","estim",NA
"2291","11","6","STAN","ECR","min_vol_60%HPD","permutations","estim",NA
"2292","12","6","STAN","ECR","min_vol_60%HPD","permutations","estim",NA
"2293","13","6","STAN","ECR","min_vol_60%HPD","permutations","estim",NA
"2294","14","6","STAN","ECR","min_vol_60%HPD","permutations","estim",NA
"2295","15","6","STAN","ECR","min_vol_60%HPD","permutations","estim",NA
"2296","16","6","STAN","ECR","min_vol_60%HPD","permutations","estim",NA
"2297","17","6","STAN","ECR","min_vol_60%HPD","permutations","estim",NA
"2298","18","6","STAN","ECR","min_vol_60%HPD","permutations","estim",NA
"2299","19","6","STAN","ECR","min_vol_60%HPD","permutations","estim",NA
"2300","20","6","STAN","ECR","min_vol_60%HPD","permutations","estim",NA
"2301","1","2","JAGS","ECR","min_vol_60%HPD","permutations","estim","199.404542342327"
"2302","2","2","JAGS","ECR","min_vol_60%HPD","permutations","estim","199.329647956221"
"2303","3","2","JAGS","ECR","min_vol_60%HPD","permutations","estim","199.395494251752"
"2304","4","2","JAGS","ECR","min_vol_60%HPD","permutations","estim","199.423312585482"
"2305","5","2","JAGS","ECR","min_vol_60%HPD","permutations","estim","199.431900610467"
"2306","6","2","JAGS","ECR","min_vol_60%HPD","permutations","estim","199.407822223355"
"2307","7","2","JAGS","ECR","min_vol_60%HPD","permutations","estim","199.365879046488"
"2308","8","2","JAGS","ECR","min_vol_60%HPD","permutations","estim","199.456845523123"
"2309","9","2","JAGS","ECR","min_vol_60%HPD","permutations","estim","199.402073729846"
"2310","10","2","JAGS","ECR","min_vol_60%HPD","permutations","estim","199.437283723291"
"2311","11","2","JAGS","ECR","min_vol_60%HPD","permutations","estim","199.416083924113"
"2312","12","2","JAGS","ECR","min_vol_60%HPD","permutations","estim","199.422087452359"
"2313","13","2","JAGS","ECR","min_vol_60%HPD","permutations","estim","199.400770170101"
"2314","14","2","JAGS","ECR","min_vol_60%HPD","permutations","estim","199.390319555029"
"2315","15","2","JAGS","ECR","min_vol_60%HPD","permutations","estim","199.429268056652"
"2316","16","2","JAGS","ECR","min_vol_60%HPD","permutations","estim","199.336806461088"
"2317","17","2","JAGS","ECR","min_vol_60%HPD","permutations","estim","199.459253320891"
"2318","18","2","JAGS","ECR","min_vol_60%HPD","permutations","estim","199.344978031279"
"2319","19","2","JAGS","ECR","min_vol_60%HPD","permutations","estim","199.474106321668"
"2320","20","2","JAGS","ECR","min_vol_60%HPD","permutations","estim","199.366871161129"
"2321","1","3","JAGS","ECR","min_vol_60%HPD","permutations","estim","Inf"
"2322","2","3","JAGS","ECR","min_vol_60%HPD","permutations","estim","198.535826428635"
"2323","3","3","JAGS","ECR","min_vol_60%HPD","permutations","estim","199.090400471772"
"2324","4","3","JAGS","ECR","min_vol_60%HPD","permutations","estim","197.243057352817"
"2325","5","3","JAGS","ECR","min_vol_60%HPD","permutations","estim","Inf"
"2326","6","3","JAGS","ECR","min_vol_60%HPD","permutations","estim","Inf"
"2327","7","3","JAGS","ECR","min_vol_60%HPD","permutations","estim","198.665963188864"
"2328","8","3","JAGS","ECR","min_vol_60%HPD","permutations","estim","197.597672714256"
"2329","9","3","JAGS","ECR","min_vol_60%HPD","permutations","estim","197.59159696899"
"2330","10","3","JAGS","ECR","min_vol_60%HPD","permutations","estim","Inf"
"2331","11","3","JAGS","ECR","min_vol_60%HPD","permutations","estim","197.798319899715"
"2332","12","3","JAGS","ECR","min_vol_60%HPD","permutations","estim","Inf"
"2333","13","3","JAGS","ECR","min_vol_60%HPD","permutations","estim","Inf"
"2334","14","3","JAGS","ECR","min_vol_60%HPD","permutations","estim","198.631722539979"
"2335","15","3","JAGS","ECR","min_vol_60%HPD","permutations","estim","Inf"
"2336","16","3","JAGS","ECR","min_vol_60%HPD","permutations","estim","197.343912925492"
"2337","17","3","JAGS","ECR","min_vol_60%HPD","permutations","estim","198.212175851843"
"2338","18","3","JAGS","ECR","min_vol_60%HPD","permutations","estim","197.190726680639"
"2339","19","3","JAGS","ECR","min_vol_60%HPD","permutations","estim","198.120856854625"
"2340","20","3","JAGS","ECR","min_vol_60%HPD","permutations","estim","197.962954836141"
"2341","1","4","JAGS","ECR","min_vol_60%HPD","permutations","estim","Inf"
"2342","2","4","JAGS","ECR","min_vol_60%HPD","permutations","estim","Inf"
"2343","3","4","JAGS","ECR","min_vol_60%HPD","permutations","estim","Inf"
"2344","4","4","JAGS","ECR","min_vol_60%HPD","permutations","estim","Inf"
"2345","5","4","JAGS","ECR","min_vol_60%HPD","permutations","estim","Inf"
"2346","6","4","JAGS","ECR","min_vol_60%HPD","permutations","estim","Inf"
"2347","7","4","JAGS","ECR","min_vol_60%HPD","permutations","estim","Inf"
"2348","8","4","JAGS","ECR","min_vol_60%HPD","permutations","estim","Inf"
"2349","9","4","JAGS","ECR","min_vol_60%HPD","permutations","estim","Inf"
"2350","10","4","JAGS","ECR","min_vol_60%HPD","permutations","estim","Inf"
"2351","11","4","JAGS","ECR","min_vol_60%HPD","permutations","estim","Inf"
"2352","12","4","JAGS","ECR","min_vol_60%HPD","permutations","estim","Inf"
"2353","13","4","JAGS","ECR","min_vol_60%HPD","permutations","estim","Inf"
"2354","14","4","JAGS","ECR","min_vol_60%HPD","permutations","estim","Inf"
"2355","15","4","JAGS","ECR","min_vol_60%HPD","permutations","estim","Inf"
"2356","16","4","JAGS","ECR","min_vol_60%HPD","permutations","estim","Inf"
"2357","17","4","JAGS","ECR","min_vol_60%HPD","permutations","estim","Inf"
"2358","18","4","JAGS","ECR","min_vol_60%HPD","permutations","estim","Inf"
"2359","19","4","JAGS","ECR","min_vol_60%HPD","permutations","estim","Inf"
"2360","20","4","JAGS","ECR","min_vol_60%HPD","permutations","estim","Inf"
"2361","1","5","JAGS","ECR","min_vol_60%HPD","permutations","estim","Inf"
"2362","2","5","JAGS","ECR","min_vol_60%HPD","permutations","estim","Inf"
"2363","3","5","JAGS","ECR","min_vol_60%HPD","permutations","estim","Inf"
"2364","4","5","JAGS","ECR","min_vol_60%HPD","permutations","estim","Inf"
"2365","5","5","JAGS","ECR","min_vol_60%HPD","permutations","estim","Inf"
"2366","6","5","JAGS","ECR","min_vol_60%HPD","permutations","estim","Inf"
"2367","7","5","JAGS","ECR","min_vol_60%HPD","permutations","estim","Inf"
"2368","8","5","JAGS","ECR","min_vol_60%HPD","permutations","estim","Inf"
"2369","9","5","JAGS","ECR","min_vol_60%HPD","permutations","estim","Inf"
"2370","10","5","JAGS","ECR","min_vol_60%HPD","permutations","estim","Inf"
"2371","11","5","JAGS","ECR","min_vol_60%HPD","permutations","estim","Inf"
"2372","12","5","JAGS","ECR","min_vol_60%HPD","permutations","estim","Inf"
"2373","13","5","JAGS","ECR","min_vol_60%HPD","permutations","estim","Inf"
"2374","14","5","JAGS","ECR","min_vol_60%HPD","permutations","estim","Inf"
"2375","15","5","JAGS","ECR","min_vol_60%HPD","permutations","estim","Inf"
"2376","16","5","JAGS","ECR","min_vol_60%HPD","permutations","estim","Inf"
"2377","17","5","JAGS","ECR","min_vol_60%HPD","permutations","estim","Inf"
"2378","18","5","JAGS","ECR","min_vol_60%HPD","permutations","estim","Inf"
"2379","19","5","JAGS","ECR","min_vol_60%HPD","permutations","estim","Inf"
"2380","20","5","JAGS","ECR","min_vol_60%HPD","permutations","estim","Inf"
"2381","1","6","JAGS","ECR","min_vol_60%HPD","permutations","estim","Inf"
"2382","2","6","JAGS","ECR","min_vol_60%HPD","permutations","estim","Inf"
"2383","3","6","JAGS","ECR","min_vol_60%HPD","permutations","estim","Inf"
"2384","4","6","JAGS","ECR","min_vol_60%HPD","permutations","estim","199.867688876646"
"2385","5","6","JAGS","ECR","min_vol_60%HPD","permutations","estim","Inf"
"2386","6","6","JAGS","ECR","min_vol_60%HPD","permutations","estim","Inf"
"2387","7","6","JAGS","ECR","min_vol_60%HPD","permutations","estim","Inf"
"2388","8","6","JAGS","ECR","min_vol_60%HPD","permutations","estim","Inf"
"2389","9","6","JAGS","ECR","min_vol_60%HPD","permutations","estim","Inf"
"2390","10","6","JAGS","ECR","min_vol_60%HPD","permutations","estim","Inf"
"2391","11","6","JAGS","ECR","min_vol_60%HPD","permutations","estim","Inf"
"2392","12","6","JAGS","ECR","min_vol_60%HPD","permutations","estim","Inf"
"2393","13","6","JAGS","ECR","min_vol_60%HPD","permutations","estim","Inf"
"2394","14","6","JAGS","ECR","min_vol_60%HPD","permutations","estim","Inf"
"2395","15","6","JAGS","ECR","min_vol_60%HPD","permutations","estim","Inf"
"2396","16","6","JAGS","ECR","min_vol_60%HPD","permutations","estim","Inf"
"2397","17","6","JAGS","ECR","min_vol_60%HPD","permutations","estim","Inf"
"2398","18","6","JAGS","ECR","min_vol_60%HPD","permutations","estim","Inf"
"2399","19","6","JAGS","ECR","min_vol_60%HPD","permutations","estim","Inf"
"2400","20","6","JAGS","ECR","min_vol_60%HPD","permutations","estim","Inf"
"2401","1","2","STAN","STEPHENS","standard","permutations","lower","199.47506085522"
"2402","2","2","STAN","STEPHENS","standard","permutations","lower","199.498461208402"
"2403","3","2","STAN","STEPHENS","standard","permutations","lower","199.849434387445"
"2404","4","2","STAN","STEPHENS","standard","permutations","lower","199.785299722203"
"2405","5","2","STAN","STEPHENS","standard","permutations","lower","200.177820578604"
"2406","6","2","STAN","STEPHENS","standard","permutations","lower","199.859196268363"
"2407","7","2","STAN","STEPHENS","standard","permutations","lower","199.801940001554"
"2408","8","2","STAN","STEPHENS","standard","permutations","lower","199.618360675737"
"2409","9","2","STAN","STEPHENS","standard","permutations","lower","199.521001825722"
"2410","10","2","STAN","STEPHENS","standard","permutations","lower","199.795272846262"
"2411","11","2","STAN","STEPHENS","standard","permutations","lower","199.664710268681"
"2412","12","2","STAN","STEPHENS","standard","permutations","lower","200.146025895161"
"2413","13","2","STAN","STEPHENS","standard","permutations","lower","200.22949588013"
"2414","14","2","STAN","STEPHENS","standard","permutations","lower","199.61114645227"
"2415","15","2","STAN","STEPHENS","standard","permutations","lower","199.909531068711"
"2416","16","2","STAN","STEPHENS","standard","permutations","lower","199.664535525953"
"2417","17","2","STAN","STEPHENS","standard","permutations","lower","199.954884953135"
"2418","18","2","STAN","STEPHENS","standard","permutations","lower","199.802544370041"
"2419","19","2","STAN","STEPHENS","standard","permutations","lower","199.464082130885"
"2420","20","2","STAN","STEPHENS","standard","permutations","lower","199.4864488631"
"2421","1","3","STAN","STEPHENS","standard","permutations","lower","198.90611533692"
"2422","2","3","STAN","STEPHENS","standard","permutations","lower","200.052410665841"
"2423","3","3","STAN","STEPHENS","standard","permutations","lower","198.978829266772"
"2424","4","3","STAN","STEPHENS","standard","permutations","lower","199.453682909412"
"2425","5","3","STAN","STEPHENS","standard","permutations","lower","199.386146067382"
"2426","6","3","STAN","STEPHENS","standard","permutations","lower","199.149716928128"
"2427","7","3","STAN","STEPHENS","standard","permutations","lower","199.264800061087"
"2428","8","3","STAN","STEPHENS","standard","permutations","lower","199.076704512936"
"2429","9","3","STAN","STEPHENS","standard","permutations","lower","198.997695139602"
"2430","10","3","STAN","STEPHENS","standard","permutations","lower","198.922309765267"
"2431","11","3","STAN","STEPHENS","standard","permutations","lower","198.95834970877"
"2432","12","3","STAN","STEPHENS","standard","permutations","lower","199.161870901991"
"2433","13","3","STAN","STEPHENS","standard","permutations","lower","198.836687557793"
"2434","14","3","STAN","STEPHENS","standard","permutations","lower","199.636343036435"
"2435","15","3","STAN","STEPHENS","standard","permutations","lower","199.457769521115"
"2436","16","3","STAN","STEPHENS","standard","permutations","lower","199.316293666615"
"2437","17","3","STAN","STEPHENS","standard","permutations","lower","199.082220586124"
"2438","18","3","STAN","STEPHENS","standard","permutations","lower","199.290021573498"
"2439","19","3","STAN","STEPHENS","standard","permutations","lower","199.357856921983"
"2440","20","3","STAN","STEPHENS","standard","permutations","lower","199.227183729803"
"2441","1","4","STAN","STEPHENS","standard","permutations","lower","200.036680646253"
"2442","2","4","STAN","STEPHENS","standard","permutations","lower","199.781003023558"
"2443","3","4","STAN","STEPHENS","standard","permutations","lower","199.99545258887"
"2444","4","4","STAN","STEPHENS","standard","permutations","lower","200.240656700273"
"2445","5","4","STAN","STEPHENS","standard","permutations","lower","199.979419489684"
"2446","6","4","STAN","STEPHENS","standard","permutations","lower","199.814135498199"
"2447","7","4","STAN","STEPHENS","standard","permutations","lower","199.861092095403"
"2448","8","4","STAN","STEPHENS","standard","permutations","lower","200.008791073602"
"2449","9","4","STAN","STEPHENS","standard","permutations","lower","200.444451678846"
"2450","10","4","STAN","STEPHENS","standard","permutations","lower","199.716126840455"
"2451","11","4","STAN","STEPHENS","standard","permutations","lower","199.627616256996"
"2452","12","4","STAN","STEPHENS","standard","permutations","lower","199.865445374333"
"2453","13","4","STAN","STEPHENS","standard","permutations","lower","199.780763042052"
"2454","14","4","STAN","STEPHENS","standard","permutations","lower","199.698837632122"
"2455","15","4","STAN","STEPHENS","standard","permutations","lower","199.572773186687"
"2456","16","4","STAN","STEPHENS","standard","permutations","lower","199.53811172211"
"2457","17","4","STAN","STEPHENS","standard","permutations","lower","199.687566962317"
"2458","18","4","STAN","STEPHENS","standard","permutations","lower","199.781898892628"
"2459","19","4","STAN","STEPHENS","standard","permutations","lower","200.107197637649"
"2460","20","4","STAN","STEPHENS","standard","permutations","lower","199.97409104366"
"2461","1","5","STAN","STEPHENS","standard","permutations","lower","200.805561424102"
"2462","2","5","STAN","STEPHENS","standard","permutations","lower","201.263221446779"
"2463","3","5","STAN","STEPHENS","standard","permutations","lower","201.389666392442"
"2464","4","5","STAN","STEPHENS","standard","permutations","lower","201.486410205339"
"2465","5","5","STAN","STEPHENS","standard","permutations","lower","200.781645964119"
"2466","6","5","STAN","STEPHENS","standard","permutations","lower","201.064484694724"
"2467","7","5","STAN","STEPHENS","standard","permutations","lower","201.117679572396"
"2468","8","5","STAN","STEPHENS","standard","permutations","lower","200.991023058707"
"2469","9","5","STAN","STEPHENS","standard","permutations","lower","200.769677363742"
"2470","10","5","STAN","STEPHENS","standard","permutations","lower","201.25058849567"
"2471","11","5","STAN","STEPHENS","standard","permutations","lower","200.562828393916"
"2472","12","5","STAN","STEPHENS","standard","permutations","lower","200.236402236743"
"2473","13","5","STAN","STEPHENS","standard","permutations","lower","201.051290893678"
"2474","14","5","STAN","STEPHENS","standard","permutations","lower","201.16570166421"
"2475","15","5","STAN","STEPHENS","standard","permutations","lower","200.649193080373"
"2476","16","5","STAN","STEPHENS","standard","permutations","lower","201.109908623981"
"2477","17","5","STAN","STEPHENS","standard","permutations","lower","200.784499501361"
"2478","18","5","STAN","STEPHENS","standard","permutations","lower","200.677263236151"
"2479","19","5","STAN","STEPHENS","standard","permutations","lower","201.144052522426"
"2480","20","5","STAN","STEPHENS","standard","permutations","lower","200.564735830802"
"2481","1","6","STAN","STEPHENS","standard","permutations","lower","202.003274013785"
"2482","2","6","STAN","STEPHENS","standard","permutations","lower","201.771203746824"
"2483","3","6","STAN","STEPHENS","standard","permutations","lower","201.468240986547"
"2484","4","6","STAN","STEPHENS","standard","permutations","lower","202.148119525618"
"2485","5","6","STAN","STEPHENS","standard","permutations","lower","202.037508819271"
"2486","6","6","STAN","STEPHENS","standard","permutations","lower","201.848980158393"
"2487","7","6","STAN","STEPHENS","standard","permutations","lower","201.78897368595"
"2488","8","6","STAN","STEPHENS","standard","permutations","lower","202.260006375717"
"2489","9","6","STAN","STEPHENS","standard","permutations","lower","201.900029273453"
"2490","10","6","STAN","STEPHENS","standard","permutations","lower","202.041975623743"
"2491","11","6","STAN","STEPHENS","standard","permutations","lower","201.560735798509"
"2492","12","6","STAN","STEPHENS","standard","permutations","lower","201.799518172848"
"2493","13","6","STAN","STEPHENS","standard","permutations","lower","201.764540302879"
"2494","14","6","STAN","STEPHENS","standard","permutations","lower","201.714220752912"
"2495","15","6","STAN","STEPHENS","standard","permutations","lower","201.966846405358"
"2496","16","6","STAN","STEPHENS","standard","permutations","lower","201.391685589561"
"2497","17","6","STAN","STEPHENS","standard","permutations","lower","202.109225467556"
"2498","18","6","STAN","STEPHENS","standard","permutations","lower","201.785583942735"
"2499","19","6","STAN","STEPHENS","standard","permutations","lower","201.61823874848"
"2500","20","6","STAN","STEPHENS","standard","permutations","lower","201.982979044383"
"2501","1","2","JAGS","STEPHENS","standard","permutations","lower","199.730062655012"
"2502","2","2","JAGS","STEPHENS","standard","permutations","lower","199.964521971251"
"2503","3","2","JAGS","STEPHENS","standard","permutations","lower","199.534212147347"
"2504","4","2","JAGS","STEPHENS","standard","permutations","lower","200.00006322812"
"2505","5","2","JAGS","STEPHENS","standard","permutations","lower","200.201909341355"
"2506","6","2","JAGS","STEPHENS","standard","permutations","lower","199.651779253677"
"2507","7","2","JAGS","STEPHENS","standard","permutations","lower","199.7700267279"
"2508","8","2","JAGS","STEPHENS","standard","permutations","lower","199.898475610455"
"2509","9","2","JAGS","STEPHENS","standard","permutations","lower","199.47860394314"
"2510","10","2","JAGS","STEPHENS","standard","permutations","lower","199.845070117723"
"2511","11","2","JAGS","STEPHENS","standard","permutations","lower","199.913072984134"
"2512","12","2","JAGS","STEPHENS","standard","permutations","lower","200.210962667316"
"2513","13","2","JAGS","STEPHENS","standard","permutations","lower","199.544395128042"
"2514","14","2","JAGS","STEPHENS","standard","permutations","lower","200.081074400571"
"2515","15","2","JAGS","STEPHENS","standard","permutations","lower","199.610763899369"
"2516","16","2","JAGS","STEPHENS","standard","permutations","lower","199.665006459202"
"2517","17","2","JAGS","STEPHENS","standard","permutations","lower","199.750147674616"
"2518","18","2","JAGS","STEPHENS","standard","permutations","lower","199.448668045969"
"2519","19","2","JAGS","STEPHENS","standard","permutations","lower","200.296177038436"
"2520","20","2","JAGS","STEPHENS","standard","permutations","lower","200.144681482063"
"2521","1","3","JAGS","STEPHENS","standard","permutations","lower","199.42250357413"
"2522","2","3","JAGS","STEPHENS","standard","permutations","lower","199.114803247903"
"2523","3","3","JAGS","STEPHENS","standard","permutations","lower","199.047994420268"
"2524","4","3","JAGS","STEPHENS","standard","permutations","lower","199.582634877662"
"2525","5","3","JAGS","STEPHENS","standard","permutations","lower","199.85237089344"
"2526","6","3","JAGS","STEPHENS","standard","permutations","lower","198.865750627015"
"2527","7","3","JAGS","STEPHENS","standard","permutations","lower","199.843528851937"
"2528","8","3","JAGS","STEPHENS","standard","permutations","lower","199.468088137177"
"2529","9","3","JAGS","STEPHENS","standard","permutations","lower","198.886374772855"
"2530","10","3","JAGS","STEPHENS","standard","permutations","lower","199.716379318615"
"2531","11","3","JAGS","STEPHENS","standard","permutations","lower","199.454937881212"
"2532","12","3","JAGS","STEPHENS","standard","permutations","lower","199.452917449005"
"2533","13","3","JAGS","STEPHENS","standard","permutations","lower","198.999206999384"
"2534","14","3","JAGS","STEPHENS","standard","permutations","lower","199.239260262459"
"2535","15","3","JAGS","STEPHENS","standard","permutations","lower","198.902274585885"
"2536","16","3","JAGS","STEPHENS","standard","permutations","lower","198.954713783156"
"2537","17","3","JAGS","STEPHENS","standard","permutations","lower","199.24809710418"
"2538","18","3","JAGS","STEPHENS","standard","permutations","lower","199.682384841783"
"2539","19","3","JAGS","STEPHENS","standard","permutations","lower","199.1654992756"
"2540","20","3","JAGS","STEPHENS","standard","permutations","lower","199.264839624677"
"2541","1","4","JAGS","STEPHENS","standard","permutations","lower","199.602793995618"
"2542","2","4","JAGS","STEPHENS","standard","permutations","lower","199.383482074424"
"2543","3","4","JAGS","STEPHENS","standard","permutations","lower","199.842957597755"
"2544","4","4","JAGS","STEPHENS","standard","permutations","lower","200.057931590408"
"2545","5","4","JAGS","STEPHENS","standard","permutations","lower","199.569724011992"
"2546","6","4","JAGS","STEPHENS","standard","permutations","lower","199.426703020528"
"2547","7","4","JAGS","STEPHENS","standard","permutations","lower","199.981235425997"
"2548","8","4","JAGS","STEPHENS","standard","permutations","lower","200.138171056009"
"2549","9","4","JAGS","STEPHENS","standard","permutations","lower","199.516134800023"
"2550","10","4","JAGS","STEPHENS","standard","permutations","lower","200.078256555604"
"2551","11","4","JAGS","STEPHENS","standard","permutations","lower","200.365358419897"
"2552","12","4","JAGS","STEPHENS","standard","permutations","lower","199.963361152527"
"2553","13","4","JAGS","STEPHENS","standard","permutations","lower","199.894455666104"
"2554","14","4","JAGS","STEPHENS","standard","permutations","lower","199.541428460974"
"2555","15","4","JAGS","STEPHENS","standard","permutations","lower","199.817508532736"
"2556","16","4","JAGS","STEPHENS","standard","permutations","lower","199.627159186973"
"2557","17","4","JAGS","STEPHENS","standard","permutations","lower","199.565059368778"
"2558","18","4","JAGS","STEPHENS","standard","permutations","lower","200.385940043877"
"2559","19","4","JAGS","STEPHENS","standard","permutations","lower","200.166522682787"
"2560","20","4","JAGS","STEPHENS","standard","permutations","lower","199.752396601285"
"2561","1","5","JAGS","STEPHENS","standard","permutations","lower","201.098895007024"
"2562","2","5","JAGS","STEPHENS","standard","permutations","lower","201.234385410278"
"2563","3","5","JAGS","STEPHENS","standard","permutations","lower","200.920317643441"
"2564","4","5","JAGS","STEPHENS","standard","permutations","lower","201.321092075876"
"2565","5","5","JAGS","STEPHENS","standard","permutations","lower","200.792368774037"
"2566","6","5","JAGS","STEPHENS","standard","permutations","lower","200.246127963781"
"2567","7","5","JAGS","STEPHENS","standard","permutations","lower","201.352556324803"
"2568","8","5","JAGS","STEPHENS","standard","permutations","lower","200.91171314417"
"2569","9","5","JAGS","STEPHENS","standard","permutations","lower","200.312239437086"
"2570","10","5","JAGS","STEPHENS","standard","permutations","lower","201.631299905185"
"2571","11","5","JAGS","STEPHENS","standard","permutations","lower","200.925201309291"
"2572","12","5","JAGS","STEPHENS","standard","permutations","lower","200.939856452454"
"2573","13","5","JAGS","STEPHENS","standard","permutations","lower","203.654831832452"
"2574","14","5","JAGS","STEPHENS","standard","permutations","lower","201.569371770625"
"2575","15","5","JAGS","STEPHENS","standard","permutations","lower","200.412899144006"
"2576","16","5","JAGS","STEPHENS","standard","permutations","lower","201.528052923325"
"2577","17","5","JAGS","STEPHENS","standard","permutations","lower","200.759460448305"
"2578","18","5","JAGS","STEPHENS","standard","permutations","lower","200.934994719852"
"2579","19","5","JAGS","STEPHENS","standard","permutations","lower","201.219171339458"
"2580","20","5","JAGS","STEPHENS","standard","permutations","lower","201.342335705162"
"2581","1","6","JAGS","STEPHENS","standard","permutations","lower","201.680555286635"
"2582","2","6","JAGS","STEPHENS","standard","permutations","lower","201.393327180703"
"2583","3","6","JAGS","STEPHENS","standard","permutations","lower","201.852761975485"
"2584","4","6","JAGS","STEPHENS","standard","permutations","lower","204.398710591511"
"2585","5","6","JAGS","STEPHENS","standard","permutations","lower","201.497740860488"
"2586","6","6","JAGS","STEPHENS","standard","permutations","lower","201.550995482021"
"2587","7","6","JAGS","STEPHENS","standard","permutations","lower","201.493512005899"
"2588","8","6","JAGS","STEPHENS","standard","permutations","lower","201.549733537916"
"2589","9","6","JAGS","STEPHENS","standard","permutations","lower","202.074658891292"
"2590","10","6","JAGS","STEPHENS","standard","permutations","lower","205.091746109989"
"2591","11","6","JAGS","STEPHENS","standard","permutations","lower","201.855645358807"
"2592","12","6","JAGS","STEPHENS","standard","permutations","lower","202.081520596352"
"2593","13","6","JAGS","STEPHENS","standard","permutations","lower","201.79007390601"
"2594","14","6","JAGS","STEPHENS","standard","permutations","lower","202.442093208121"
"2595","15","6","JAGS","STEPHENS","standard","permutations","lower","200.998976210588"
"2596","16","6","JAGS","STEPHENS","standard","permutations","lower","201.809019509103"
"2597","17","6","JAGS","STEPHENS","standard","permutations","lower","201.74279810431"
"2598","18","6","JAGS","STEPHENS","standard","permutations","lower","201.985262248319"
"2599","19","6","JAGS","STEPHENS","standard","permutations","lower","200.888528940131"
"2600","20","6","JAGS","STEPHENS","standard","permutations","lower","201.298004236748"
"2601","1","2","STAN","ECR","standard","permutations","lower",NA
"2602","2","2","STAN","ECR","standard","permutations","lower",NA
"2603","3","2","STAN","ECR","standard","permutations","lower",NA
"2604","4","2","STAN","ECR","standard","permutations","lower",NA
"2605","5","2","STAN","ECR","standard","permutations","lower",NA
"2606","6","2","STAN","ECR","standard","permutations","lower",NA
"2607","7","2","STAN","ECR","standard","permutations","lower",NA
"2608","8","2","STAN","ECR","standard","permutations","lower",NA
"2609","9","2","STAN","ECR","standard","permutations","lower",NA
"2610","10","2","STAN","ECR","standard","permutations","lower",NA
"2611","11","2","STAN","ECR","standard","permutations","lower",NA
"2612","12","2","STAN","ECR","standard","permutations","lower",NA
"2613","13","2","STAN","ECR","standard","permutations","lower",NA
"2614","14","2","STAN","ECR","standard","permutations","lower",NA
"2615","15","2","STAN","ECR","standard","permutations","lower",NA
"2616","16","2","STAN","ECR","standard","permutations","lower",NA
"2617","17","2","STAN","ECR","standard","permutations","lower",NA
"2618","18","2","STAN","ECR","standard","permutations","lower",NA
"2619","19","2","STAN","ECR","standard","permutations","lower",NA
"2620","20","2","STAN","ECR","standard","permutations","lower",NA
"2621","1","3","STAN","ECR","standard","permutations","lower",NA
"2622","2","3","STAN","ECR","standard","permutations","lower",NA
"2623","3","3","STAN","ECR","standard","permutations","lower",NA
"2624","4","3","STAN","ECR","standard","permutations","lower",NA
"2625","5","3","STAN","ECR","standard","permutations","lower",NA
"2626","6","3","STAN","ECR","standard","permutations","lower",NA
"2627","7","3","STAN","ECR","standard","permutations","lower",NA
"2628","8","3","STAN","ECR","standard","permutations","lower",NA
"2629","9","3","STAN","ECR","standard","permutations","lower",NA
"2630","10","3","STAN","ECR","standard","permutations","lower",NA
"2631","11","3","STAN","ECR","standard","permutations","lower",NA
"2632","12","3","STAN","ECR","standard","permutations","lower",NA
"2633","13","3","STAN","ECR","standard","permutations","lower",NA
"2634","14","3","STAN","ECR","standard","permutations","lower",NA
"2635","15","3","STAN","ECR","standard","permutations","lower",NA
"2636","16","3","STAN","ECR","standard","permutations","lower",NA
"2637","17","3","STAN","ECR","standard","permutations","lower",NA
"2638","18","3","STAN","ECR","standard","permutations","lower",NA
"2639","19","3","STAN","ECR","standard","permutations","lower",NA
"2640","20","3","STAN","ECR","standard","permutations","lower",NA
"2641","1","4","STAN","ECR","standard","permutations","lower",NA
"2642","2","4","STAN","ECR","standard","permutations","lower",NA
"2643","3","4","STAN","ECR","standard","permutations","lower",NA
"2644","4","4","STAN","ECR","standard","permutations","lower",NA
"2645","5","4","STAN","ECR","standard","permutations","lower",NA
"2646","6","4","STAN","ECR","standard","permutations","lower",NA
"2647","7","4","STAN","ECR","standard","permutations","lower",NA
"2648","8","4","STAN","ECR","standard","permutations","lower",NA
"2649","9","4","STAN","ECR","standard","permutations","lower",NA
"2650","10","4","STAN","ECR","standard","permutations","lower",NA
"2651","11","4","STAN","ECR","standard","permutations","lower",NA
"2652","12","4","STAN","ECR","standard","permutations","lower",NA
"2653","13","4","STAN","ECR","standard","permutations","lower",NA
"2654","14","4","STAN","ECR","standard","permutations","lower",NA
"2655","15","4","STAN","ECR","standard","permutations","lower",NA
"2656","16","4","STAN","ECR","standard","permutations","lower",NA
"2657","17","4","STAN","ECR","standard","permutations","lower",NA
"2658","18","4","STAN","ECR","standard","permutations","lower",NA
"2659","19","4","STAN","ECR","standard","permutations","lower",NA
"2660","20","4","STAN","ECR","standard","permutations","lower",NA
"2661","1","5","STAN","ECR","standard","permutations","lower",NA
"2662","2","5","STAN","ECR","standard","permutations","lower",NA
"2663","3","5","STAN","ECR","standard","permutations","lower",NA
"2664","4","5","STAN","ECR","standard","permutations","lower",NA
"2665","5","5","STAN","ECR","standard","permutations","lower",NA
"2666","6","5","STAN","ECR","standard","permutations","lower",NA
"2667","7","5","STAN","ECR","standard","permutations","lower",NA
"2668","8","5","STAN","ECR","standard","permutations","lower",NA
"2669","9","5","STAN","ECR","standard","permutations","lower",NA
"2670","10","5","STAN","ECR","standard","permutations","lower",NA
"2671","11","5","STAN","ECR","standard","permutations","lower",NA
"2672","12","5","STAN","ECR","standard","permutations","lower",NA
"2673","13","5","STAN","ECR","standard","permutations","lower",NA
"2674","14","5","STAN","ECR","standard","permutations","lower",NA
"2675","15","5","STAN","ECR","standard","permutations","lower",NA
"2676","16","5","STAN","ECR","standard","permutations","lower",NA
"2677","17","5","STAN","ECR","standard","permutations","lower",NA
"2678","18","5","STAN","ECR","standard","permutations","lower",NA
"2679","19","5","STAN","ECR","standard","permutations","lower",NA
"2680","20","5","STAN","ECR","standard","permutations","lower",NA
"2681","1","6","STAN","ECR","standard","permutations","lower",NA
"2682","2","6","STAN","ECR","standard","permutations","lower",NA
"2683","3","6","STAN","ECR","standard","permutations","lower",NA
"2684","4","6","STAN","ECR","standard","permutations","lower",NA
"2685","5","6","STAN","ECR","standard","permutations","lower",NA
"2686","6","6","STAN","ECR","standard","permutations","lower",NA
"2687","7","6","STAN","ECR","standard","permutations","lower",NA
"2688","8","6","STAN","ECR","standard","permutations","lower",NA
"2689","9","6","STAN","ECR","standard","permutations","lower",NA
"2690","10","6","STAN","ECR","standard","permutations","lower",NA
"2691","11","6","STAN","ECR","standard","permutations","lower",NA
"2692","12","6","STAN","ECR","standard","permutations","lower",NA
"2693","13","6","STAN","ECR","standard","permutations","lower",NA
"2694","14","6","STAN","ECR","standard","permutations","lower",NA
"2695","15","6","STAN","ECR","standard","permutations","lower",NA
"2696","16","6","STAN","ECR","standard","permutations","lower",NA
"2697","17","6","STAN","ECR","standard","permutations","lower",NA
"2698","18","6","STAN","ECR","standard","permutations","lower",NA
"2699","19","6","STAN","ECR","standard","permutations","lower",NA
"2700","20","6","STAN","ECR","standard","permutations","lower",NA
"2701","1","2","JAGS","ECR","standard","permutations","lower","199.730062655012"
"2702","2","2","JAGS","ECR","standard","permutations","lower","199.964521971251"
"2703","3","2","JAGS","ECR","standard","permutations","lower","199.534212147347"
"2704","4","2","JAGS","ECR","standard","permutations","lower","200.00006322812"
"2705","5","2","JAGS","ECR","standard","permutations","lower","200.201909341355"
"2706","6","2","JAGS","ECR","standard","permutations","lower","199.651779253677"
"2707","7","2","JAGS","ECR","standard","permutations","lower","199.7700267279"
"2708","8","2","JAGS","ECR","standard","permutations","lower","199.898475610455"
"2709","9","2","JAGS","ECR","standard","permutations","lower","199.47860394314"
"2710","10","2","JAGS","ECR","standard","permutations","lower","199.845070117723"
"2711","11","2","JAGS","ECR","standard","permutations","lower","199.913072984134"
"2712","12","2","JAGS","ECR","standard","permutations","lower","200.210962667316"
"2713","13","2","JAGS","ECR","standard","permutations","lower","199.544395128042"
"2714","14","2","JAGS","ECR","standard","permutations","lower","200.081074400571"
"2715","15","2","JAGS","ECR","standard","permutations","lower","199.610763899369"
"2716","16","2","JAGS","ECR","standard","permutations","lower","199.665006459202"
"2717","17","2","JAGS","ECR","standard","permutations","lower","199.750147674616"
"2718","18","2","JAGS","ECR","standard","permutations","lower","199.448668045969"
"2719","19","2","JAGS","ECR","standard","permutations","lower","200.296177038436"
"2720","20","2","JAGS","ECR","standard","permutations","lower","200.144681482063"
"2721","1","3","JAGS","ECR","standard","permutations","lower","199.308698277136"
"2722","2","3","JAGS","ECR","standard","permutations","lower","199.077801070562"
"2723","3","3","JAGS","ECR","standard","permutations","lower","199.046236443029"
"2724","4","3","JAGS","ECR","standard","permutations","lower","199.553338406603"
"2725","5","3","JAGS","ECR","standard","permutations","lower","199.547194476412"
"2726","6","3","JAGS","ECR","standard","permutations","lower","198.787859248349"
"2727","7","3","JAGS","ECR","standard","permutations","lower","199.788754916793"
"2728","8","3","JAGS","ECR","standard","permutations","lower","199.419397011445"
"2729","9","3","JAGS","ECR","standard","permutations","lower","198.883014236985"
"2730","10","3","JAGS","ECR","standard","permutations","lower","199.678920592033"
"2731","11","3","JAGS","ECR","standard","permutations","lower","199.419278315368"
"2732","12","3","JAGS","ECR","standard","permutations","lower","199.163938026583"
"2733","13","3","JAGS","ECR","standard","permutations","lower","198.667752263713"
"2734","14","3","JAGS","ECR","standard","permutations","lower","199.214115052536"
"2735","15","3","JAGS","ECR","standard","permutations","lower","198.778196299292"
"2736","16","3","JAGS","ECR","standard","permutations","lower","198.956618509072"
"2737","17","3","JAGS","ECR","standard","permutations","lower","199.247590497188"
"2738","18","3","JAGS","ECR","standard","permutations","lower","199.646199929883"
"2739","19","3","JAGS","ECR","standard","permutations","lower","199.120751366955"
"2740","20","3","JAGS","ECR","standard","permutations","lower","199.18778715686"
"2741","1","4","JAGS","ECR","standard","permutations","lower","199.360110814378"
"2742","2","4","JAGS","ECR","standard","permutations","lower","199.195838950018"
"2743","3","4","JAGS","ECR","standard","permutations","lower","199.624071034657"
"2744","4","4","JAGS","ECR","standard","permutations","lower","199.734399579655"
"2745","5","4","JAGS","ECR","standard","permutations","lower","199.392253053082"
"2746","6","4","JAGS","ECR","standard","permutations","lower","199.218596860611"
"2747","7","4","JAGS","ECR","standard","permutations","lower","199.576850357406"
"2748","8","4","JAGS","ECR","standard","permutations","lower","199.475985761002"
"2749","9","4","JAGS","ECR","standard","permutations","lower","199.267446772714"
"2750","10","4","JAGS","ECR","standard","permutations","lower","199.938501883403"
"2751","11","4","JAGS","ECR","standard","permutations","lower","199.920984012826"
"2752","12","4","JAGS","ECR","standard","permutations","lower","199.586487759735"
"2753","13","4","JAGS","ECR","standard","permutations","lower","199.436397813344"
"2754","14","4","JAGS","ECR","standard","permutations","lower","199.445035023356"
"2755","15","4","JAGS","ECR","standard","permutations","lower","199.565295798945"
"2756","16","4","JAGS","ECR","standard","permutations","lower","199.357873664266"
"2757","17","4","JAGS","ECR","standard","permutations","lower","199.113396146767"
"2758","18","4","JAGS","ECR","standard","permutations","lower","199.876237616432"
"2759","19","4","JAGS","ECR","standard","permutations","lower","199.637201722663"
"2760","20","4","JAGS","ECR","standard","permutations","lower","199.60776670158"
"2761","1","5","JAGS","ECR","standard","permutations","lower","200.641029334355"
"2762","2","5","JAGS","ECR","standard","permutations","lower","200.709361669669"
"2763","3","5","JAGS","ECR","standard","permutations","lower","201.059663537518"
"2764","4","5","JAGS","ECR","standard","permutations","lower","201.066238032692"
"2765","5","5","JAGS","ECR","standard","permutations","lower","200.651352408659"
"2766","6","5","JAGS","ECR","standard","permutations","lower","199.934684609014"
"2767","7","5","JAGS","ECR","standard","permutations","lower","201.199431917593"
"2768","8","5","JAGS","ECR","standard","permutations","lower","200.513063156586"
"2769","9","5","JAGS","ECR","standard","permutations","lower","200.143058819974"
"2770","10","5","JAGS","ECR","standard","permutations","lower","201.211117872248"
"2771","11","5","JAGS","ECR","standard","permutations","lower","200.518658657782"
"2772","12","5","JAGS","ECR","standard","permutations","lower","200.499967064398"
"2773","13","5","JAGS","ECR","standard","permutations","lower","202.452677698136"
"2774","14","5","JAGS","ECR","standard","permutations","lower","201.395994090884"
"2775","15","5","JAGS","ECR","standard","permutations","lower","200.306717427776"
"2776","16","5","JAGS","ECR","standard","permutations","lower","201.288750383878"
"2777","17","5","JAGS","ECR","standard","permutations","lower","200.393317490072"
"2778","18","5","JAGS","ECR","standard","permutations","lower","200.355911336012"
"2779","19","5","JAGS","ECR","standard","permutations","lower","201.087223683218"
"2780","20","5","JAGS","ECR","standard","permutations","lower","201.230274225382"
"2781","1","6","JAGS","ECR","standard","permutations","lower","201.185112705933"
"2782","2","6","JAGS","ECR","standard","permutations","lower","201.36871066262"
"2783","3","6","JAGS","ECR","standard","permutations","lower","201.702996817104"
"2784","4","6","JAGS","ECR","standard","permutations","lower","205.232845028805"
"2785","5","6","JAGS","ECR","standard","permutations","lower","201.359109155458"
"2786","6","6","JAGS","ECR","standard","permutations","lower","200.908922203994"
"2787","7","6","JAGS","ECR","standard","permutations","lower","201.262865092955"
"2788","8","6","JAGS","ECR","standard","permutations","lower","201.894047478421"
"2789","9","6","JAGS","ECR","standard","permutations","lower","201.430698965826"
"2790","10","6","JAGS","ECR","standard","permutations","lower","204.278419071652"
"2791","11","6","JAGS","ECR","standard","permutations","lower","201.215179195607"
"2792","12","6","JAGS","ECR","standard","permutations","lower","201.882269376023"
"2793","13","6","JAGS","ECR","standard","permutations","lower","201.314275029561"
"2794","14","6","JAGS","ECR","standard","permutations","lower","202.117103414766"
"2795","15","6","JAGS","ECR","standard","permutations","lower","200.837836617233"
"2796","16","6","JAGS","ECR","standard","permutations","lower","201.816324661294"
"2797","17","6","JAGS","ECR","standard","permutations","lower","201.477181757376"
"2798","18","6","JAGS","ECR","standard","permutations","lower","201.597074354343"
"2799","19","6","JAGS","ECR","standard","permutations","lower","200.67924847359"
"2800","20","6","JAGS","ECR","standard","permutations","lower","201.007764101698"
"2801","1","2","STAN","STEPHENS","robust","permutations","lower","199.524721645879"
"2802","2","2","STAN","STEPHENS","robust","permutations","lower","199.611262796599"
"2803","3","2","STAN","STEPHENS","robust","permutations","lower","199.891812012846"
"2804","4","2","STAN","STEPHENS","robust","permutations","lower","199.873387912334"
"2805","5","2","STAN","STEPHENS","robust","permutations","lower","200.212244566497"
"2806","6","2","STAN","STEPHENS","robust","permutations","lower","199.933601639425"
"2807","7","2","STAN","STEPHENS","robust","permutations","lower","199.877913416434"
"2808","8","2","STAN","STEPHENS","robust","permutations","lower","199.672966151273"
"2809","9","2","STAN","STEPHENS","robust","permutations","lower","199.608999279322"
"2810","10","2","STAN","STEPHENS","robust","permutations","lower","199.853448943605"
"2811","11","2","STAN","STEPHENS","robust","permutations","lower","199.700226289674"
"2812","12","2","STAN","STEPHENS","robust","permutations","lower","200.206619151214"
"2813","13","2","STAN","STEPHENS","robust","permutations","lower","200.2747501221"
"2814","14","2","STAN","STEPHENS","robust","permutations","lower","199.705769556857"
"2815","15","2","STAN","STEPHENS","robust","permutations","lower","199.965876490203"
"2816","16","2","STAN","STEPHENS","robust","permutations","lower","199.75599350547"
"2817","17","2","STAN","STEPHENS","robust","permutations","lower","200.065307245111"
"2818","18","2","STAN","STEPHENS","robust","permutations","lower","199.845856953822"
"2819","19","2","STAN","STEPHENS","robust","permutations","lower","199.517242146055"
"2820","20","2","STAN","STEPHENS","robust","permutations","lower","199.543246376371"
"2821","1","3","STAN","STEPHENS","robust","permutations","lower","198.827303455583"
"2822","2","3","STAN","STEPHENS","robust","permutations","lower","199.932556463137"
"2823","3","3","STAN","STEPHENS","robust","permutations","lower","198.980076922933"
"2824","4","3","STAN","STEPHENS","robust","permutations","lower","199.335400084646"
"2825","5","3","STAN","STEPHENS","robust","permutations","lower","199.443270248977"
"2826","6","3","STAN","STEPHENS","robust","permutations","lower","199.192029879324"
"2827","7","3","STAN","STEPHENS","robust","permutations","lower","199.264150427195"
"2828","8","3","STAN","STEPHENS","robust","permutations","lower","199.095219693143"
"2829","9","3","STAN","STEPHENS","robust","permutations","lower","199.005544720689"
"2830","10","3","STAN","STEPHENS","robust","permutations","lower","198.868559375743"
"2831","11","3","STAN","STEPHENS","robust","permutations","lower","198.923839402253"
"2832","12","3","STAN","STEPHENS","robust","permutations","lower","199.210203167593"
"2833","13","3","STAN","STEPHENS","robust","permutations","lower","198.768274385843"
"2834","14","3","STAN","STEPHENS","robust","permutations","lower","199.621109462502"
"2835","15","3","STAN","STEPHENS","robust","permutations","lower","199.39317324048"
"2836","16","3","STAN","STEPHENS","robust","permutations","lower","199.331102079166"
"2837","17","3","STAN","STEPHENS","robust","permutations","lower","199.072014029751"
"2838","18","3","STAN","STEPHENS","robust","permutations","lower","199.197881052027"
"2839","19","3","STAN","STEPHENS","robust","permutations","lower","199.425518282425"
"2840","20","3","STAN","STEPHENS","robust","permutations","lower","199.238016476429"
"2841","1","4","STAN","STEPHENS","robust","permutations","lower","199.973393606073"
"2842","2","4","STAN","STEPHENS","robust","permutations","lower","199.669465060025"
"2843","3","4","STAN","STEPHENS","robust","permutations","lower","199.833030204505"
"2844","4","4","STAN","STEPHENS","robust","permutations","lower","200.107135964439"
"2845","5","4","STAN","STEPHENS","robust","permutations","lower","199.976948940083"
"2846","6","4","STAN","STEPHENS","robust","permutations","lower","199.838535266992"
"2847","7","4","STAN","STEPHENS","robust","permutations","lower","199.862059739501"
"2848","8","4","STAN","STEPHENS","robust","permutations","lower","199.842305606734"
"2849","9","4","STAN","STEPHENS","robust","permutations","lower","200.382062100479"
"2850","10","4","STAN","STEPHENS","robust","permutations","lower","199.784649791201"
"2851","11","4","STAN","STEPHENS","robust","permutations","lower","199.790183627452"
"2852","12","4","STAN","STEPHENS","robust","permutations","lower","199.869078262719"
"2853","13","4","STAN","STEPHENS","robust","permutations","lower","199.706922719811"
"2854","14","4","STAN","STEPHENS","robust","permutations","lower","199.684205716107"
"2855","15","4","STAN","STEPHENS","robust","permutations","lower","199.617427315791"
"2856","16","4","STAN","STEPHENS","robust","permutations","lower","199.507974606905"
"2857","17","4","STAN","STEPHENS","robust","permutations","lower","199.700697910554"
"2858","18","4","STAN","STEPHENS","robust","permutations","lower","199.810518025858"
"2859","19","4","STAN","STEPHENS","robust","permutations","lower","200.071443605036"
"2860","20","4","STAN","STEPHENS","robust","permutations","lower","199.953596606131"
"2861","1","5","STAN","STEPHENS","robust","permutations","lower","201.01421983807"
"2862","2","5","STAN","STEPHENS","robust","permutations","lower","201.166393921763"
"2863","3","5","STAN","STEPHENS","robust","permutations","lower","201.334892341573"
"2864","4","5","STAN","STEPHENS","robust","permutations","lower","201.371105176704"
"2865","5","5","STAN","STEPHENS","robust","permutations","lower","200.637392512879"
"2866","6","5","STAN","STEPHENS","robust","permutations","lower","200.997782900922"
"2867","7","5","STAN","STEPHENS","robust","permutations","lower","201.1993504919"
"2868","8","5","STAN","STEPHENS","robust","permutations","lower","200.806909926836"
"2869","9","5","STAN","STEPHENS","robust","permutations","lower","200.598743905999"
"2870","10","5","STAN","STEPHENS","robust","permutations","lower","201.200026376481"
"2871","11","5","STAN","STEPHENS","robust","permutations","lower","200.580799670862"
"2872","12","5","STAN","STEPHENS","robust","permutations","lower","200.073601605254"
"2873","13","5","STAN","STEPHENS","robust","permutations","lower","201.049865225447"
"2874","14","5","STAN","STEPHENS","robust","permutations","lower","200.977940336055"
"2875","15","5","STAN","STEPHENS","robust","permutations","lower","200.75023015279"
"2876","16","5","STAN","STEPHENS","robust","permutations","lower","201.062999743734"
"2877","17","5","STAN","STEPHENS","robust","permutations","lower","200.74062646352"
"2878","18","5","STAN","STEPHENS","robust","permutations","lower","200.858045106053"
"2879","19","5","STAN","STEPHENS","robust","permutations","lower","201.140984401319"
"2880","20","5","STAN","STEPHENS","robust","permutations","lower","200.587525961512"
"2881","1","6","STAN","STEPHENS","robust","permutations","lower","202.013963253132"
"2882","2","6","STAN","STEPHENS","robust","permutations","lower","201.839720277313"
"2883","3","6","STAN","STEPHENS","robust","permutations","lower","201.505506686355"
"2884","4","6","STAN","STEPHENS","robust","permutations","lower","201.816894834519"
"2885","5","6","STAN","STEPHENS","robust","permutations","lower","201.718432288795"
"2886","6","6","STAN","STEPHENS","robust","permutations","lower","201.783280589378"
"2887","7","6","STAN","STEPHENS","robust","permutations","lower","201.766211526358"
"2888","8","6","STAN","STEPHENS","robust","permutations","lower","202.125892850863"
"2889","9","6","STAN","STEPHENS","robust","permutations","lower","201.748688098039"
"2890","10","6","STAN","STEPHENS","robust","permutations","lower","202.073064645524"
"2891","11","6","STAN","STEPHENS","robust","permutations","lower","201.591686008181"
"2892","12","6","STAN","STEPHENS","robust","permutations","lower","201.821753505378"
"2893","13","6","STAN","STEPHENS","robust","permutations","lower","201.637161426231"
"2894","14","6","STAN","STEPHENS","robust","permutations","lower","201.727799474219"
"2895","15","6","STAN","STEPHENS","robust","permutations","lower","202.065836930478"
"2896","16","6","STAN","STEPHENS","robust","permutations","lower","201.494328267977"
"2897","17","6","STAN","STEPHENS","robust","permutations","lower","202.086303602544"
"2898","18","6","STAN","STEPHENS","robust","permutations","lower","202.277450655052"
"2899","19","6","STAN","STEPHENS","robust","permutations","lower","201.375066218858"
"2900","20","6","STAN","STEPHENS","robust","permutations","lower","201.916161558912"
"2901","1","2","JAGS","STEPHENS","robust","permutations","lower","199.799351773198"
"2902","2","2","JAGS","STEPHENS","robust","permutations","lower","199.980441674543"
"2903","3","2","JAGS","STEPHENS","robust","permutations","lower","199.596738024755"
"2904","4","2","JAGS","STEPHENS","robust","permutations","lower","200.062927721609"
"2905","5","2","JAGS","STEPHENS","robust","permutations","lower","200.272270375188"
"2906","6","2","JAGS","STEPHENS","robust","permutations","lower","199.747938792732"
"2907","7","2","JAGS","STEPHENS","robust","permutations","lower","199.84011432494"
"2908","8","2","JAGS","STEPHENS","robust","permutations","lower","199.954544226833"
"2909","9","2","JAGS","STEPHENS","robust","permutations","lower","199.552818290877"
"2910","10","2","JAGS","STEPHENS","robust","permutations","lower","199.932328407523"
"2911","11","2","JAGS","STEPHENS","robust","permutations","lower","199.982343190893"
"2912","12","2","JAGS","STEPHENS","robust","permutations","lower","200.288556691426"
"2913","13","2","JAGS","STEPHENS","robust","permutations","lower","199.646097037418"
"2914","14","2","JAGS","STEPHENS","robust","permutations","lower","200.16022609334"
"2915","15","2","JAGS","STEPHENS","robust","permutations","lower","199.644914175157"
"2916","16","2","JAGS","STEPHENS","robust","permutations","lower","199.742713763113"
"2917","17","2","JAGS","STEPHENS","robust","permutations","lower","199.84678200847"
"2918","18","2","JAGS","STEPHENS","robust","permutations","lower","199.517401225729"
"2919","19","2","JAGS","STEPHENS","robust","permutations","lower","200.330342134809"
"2920","20","2","JAGS","STEPHENS","robust","permutations","lower","200.175655478612"
"2921","1","3","JAGS","STEPHENS","robust","permutations","lower","199.449615796717"
"2922","2","3","JAGS","STEPHENS","robust","permutations","lower","199.090268775755"
"2923","3","3","JAGS","STEPHENS","robust","permutations","lower","199.004704306656"
"2924","4","3","JAGS","STEPHENS","robust","permutations","lower","199.58294744707"
"2925","5","3","JAGS","STEPHENS","robust","permutations","lower","199.865569337617"
"2926","6","3","JAGS","STEPHENS","robust","permutations","lower","198.840266645606"
"2927","7","3","JAGS","STEPHENS","robust","permutations","lower","199.884598540038"
"2928","8","3","JAGS","STEPHENS","robust","permutations","lower","199.42386792364"
"2929","9","3","JAGS","STEPHENS","robust","permutations","lower","198.864307104414"
"2930","10","3","JAGS","STEPHENS","robust","permutations","lower","199.746051963426"
"2931","11","3","JAGS","STEPHENS","robust","permutations","lower","199.474587331623"
"2932","12","3","JAGS","STEPHENS","robust","permutations","lower","199.369619241407"
"2933","13","3","JAGS","STEPHENS","robust","permutations","lower","199.005291850815"
"2934","14","3","JAGS","STEPHENS","robust","permutations","lower","199.20944758723"
"2935","15","3","JAGS","STEPHENS","robust","permutations","lower","198.873642990103"
"2936","16","3","JAGS","STEPHENS","robust","permutations","lower","198.962804755781"
"2937","17","3","JAGS","STEPHENS","robust","permutations","lower","199.238081524313"
"2938","18","3","JAGS","STEPHENS","robust","permutations","lower","199.683653331443"
"2939","19","3","JAGS","STEPHENS","robust","permutations","lower","199.142873650911"
"2940","20","3","JAGS","STEPHENS","robust","permutations","lower","199.302451681606"
"2941","1","4","JAGS","STEPHENS","robust","permutations","lower","199.433638155239"
"2942","2","4","JAGS","STEPHENS","robust","permutations","lower","199.347964838944"
"2943","3","4","JAGS","STEPHENS","robust","permutations","lower","199.630022318159"
"2944","4","4","JAGS","STEPHENS","robust","permutations","lower","200.036470118115"
"2945","5","4","JAGS","STEPHENS","robust","permutations","lower","199.534857713404"
"2946","6","4","JAGS","STEPHENS","robust","permutations","lower","199.448117457064"
"2947","7","4","JAGS","STEPHENS","robust","permutations","lower","199.985661562121"
"2948","8","4","JAGS","STEPHENS","robust","permutations","lower","200.017226711343"
"2949","9","4","JAGS","STEPHENS","robust","permutations","lower","199.493760718221"
"2950","10","4","JAGS","STEPHENS","robust","permutations","lower","200.118044177166"
"2951","11","4","JAGS","STEPHENS","robust","permutations","lower","200.326501191679"
"2952","12","4","JAGS","STEPHENS","robust","permutations","lower","199.913297116782"
"2953","13","4","JAGS","STEPHENS","robust","permutations","lower","199.898428403051"
"2954","14","4","JAGS","STEPHENS","robust","permutations","lower","199.299733996046"
"2955","15","4","JAGS","STEPHENS","robust","permutations","lower","199.825962939067"
"2956","16","4","JAGS","STEPHENS","robust","permutations","lower","199.561767651637"
"2957","17","4","JAGS","STEPHENS","robust","permutations","lower","199.577387204306"
"2958","18","4","JAGS","STEPHENS","robust","permutations","lower","200.352375435729"
"2959","19","4","JAGS","STEPHENS","robust","permutations","lower","200.155778984202"
"2960","20","4","JAGS","STEPHENS","robust","permutations","lower","199.743394600177"
"2961","1","5","JAGS","STEPHENS","robust","permutations","lower","200.92591283374"
"2962","2","5","JAGS","STEPHENS","robust","permutations","lower","201.109214150487"
"2963","3","5","JAGS","STEPHENS","robust","permutations","lower","200.764915215586"
"2964","4","5","JAGS","STEPHENS","robust","permutations","lower","201.245245909507"
"2965","5","5","JAGS","STEPHENS","robust","permutations","lower","200.823625021598"
"2966","6","5","JAGS","STEPHENS","robust","permutations","lower","200.111882195476"
"2967","7","5","JAGS","STEPHENS","robust","permutations","lower","201.320467229606"
"2968","8","5","JAGS","STEPHENS","robust","permutations","lower","200.960327152838"
"2969","9","5","JAGS","STEPHENS","robust","permutations","lower","200.203808183677"
"2970","10","5","JAGS","STEPHENS","robust","permutations","lower","201.373389540233"
"2971","11","5","JAGS","STEPHENS","robust","permutations","lower","200.914532674976"
"2972","12","5","JAGS","STEPHENS","robust","permutations","lower","200.669301371867"
"2973","13","5","JAGS","STEPHENS","robust","permutations","lower","203.34302323434"
"2974","14","5","JAGS","STEPHENS","robust","permutations","lower","201.406468805001"
"2975","15","5","JAGS","STEPHENS","robust","permutations","lower","200.391499405735"
"2976","16","5","JAGS","STEPHENS","robust","permutations","lower","200.909562881162"
"2977","17","5","JAGS","STEPHENS","robust","permutations","lower","200.659575460289"
"2978","18","5","JAGS","STEPHENS","robust","permutations","lower","200.918215238954"
"2979","19","5","JAGS","STEPHENS","robust","permutations","lower","201.151630014772"
"2980","20","5","JAGS","STEPHENS","robust","permutations","lower","201.317163082013"
"2981","1","6","JAGS","STEPHENS","robust","permutations","lower","201.805255653087"
"2982","2","6","JAGS","STEPHENS","robust","permutations","lower","201.550780866932"
"2983","3","6","JAGS","STEPHENS","robust","permutations","lower","201.904920798662"
"2984","4","6","JAGS","STEPHENS","robust","permutations","lower","204.39006077877"
"2985","5","6","JAGS","STEPHENS","robust","permutations","lower","201.671618325476"
"2986","6","6","JAGS","STEPHENS","robust","permutations","lower","201.555206270183"
"2987","7","6","JAGS","STEPHENS","robust","permutations","lower","201.727177282202"
"2988","8","6","JAGS","STEPHENS","robust","permutations","lower","201.43165024311"
"2989","9","6","JAGS","STEPHENS","robust","permutations","lower","201.938995049097"
"2990","10","6","JAGS","STEPHENS","robust","permutations","lower","204.81550381826"
"2991","11","6","JAGS","STEPHENS","robust","permutations","lower","201.920838528317"
"2992","12","6","JAGS","STEPHENS","robust","permutations","lower","201.892222529494"
"2993","13","6","JAGS","STEPHENS","robust","permutations","lower","201.513153525197"
"2994","14","6","JAGS","STEPHENS","robust","permutations","lower","202.400886657064"
"2995","15","6","JAGS","STEPHENS","robust","permutations","lower","201.092405385182"
"2996","16","6","JAGS","STEPHENS","robust","permutations","lower","201.910915567914"
"2997","17","6","JAGS","STEPHENS","robust","permutations","lower","201.441705365774"
"2998","18","6","JAGS","STEPHENS","robust","permutations","lower","201.878145983351"
"2999","19","6","JAGS","STEPHENS","robust","permutations","lower","200.718179816439"
"3000","20","6","JAGS","STEPHENS","robust","permutations","lower","200.898810856037"
"3001","1","2","STAN","ECR","robust","permutations","lower",NA
"3002","2","2","STAN","ECR","robust","permutations","lower",NA
"3003","3","2","STAN","ECR","robust","permutations","lower",NA
"3004","4","2","STAN","ECR","robust","permutations","lower",NA
"3005","5","2","STAN","ECR","robust","permutations","lower",NA
"3006","6","2","STAN","ECR","robust","permutations","lower",NA
"3007","7","2","STAN","ECR","robust","permutations","lower",NA
"3008","8","2","STAN","ECR","robust","permutations","lower",NA
"3009","9","2","STAN","ECR","robust","permutations","lower",NA
"3010","10","2","STAN","ECR","robust","permutations","lower",NA
"3011","11","2","STAN","ECR","robust","permutations","lower",NA
"3012","12","2","STAN","ECR","robust","permutations","lower",NA
"3013","13","2","STAN","ECR","robust","permutations","lower",NA
"3014","14","2","STAN","ECR","robust","permutations","lower",NA
"3015","15","2","STAN","ECR","robust","permutations","lower",NA
"3016","16","2","STAN","ECR","robust","permutations","lower",NA
"3017","17","2","STAN","ECR","robust","permutations","lower",NA
"3018","18","2","STAN","ECR","robust","permutations","lower",NA
"3019","19","2","STAN","ECR","robust","permutations","lower",NA
"3020","20","2","STAN","ECR","robust","permutations","lower",NA
"3021","1","3","STAN","ECR","robust","permutations","lower",NA
"3022","2","3","STAN","ECR","robust","permutations","lower",NA
"3023","3","3","STAN","ECR","robust","permutations","lower",NA
"3024","4","3","STAN","ECR","robust","permutations","lower",NA
"3025","5","3","STAN","ECR","robust","permutations","lower",NA
"3026","6","3","STAN","ECR","robust","permutations","lower",NA
"3027","7","3","STAN","ECR","robust","permutations","lower",NA
"3028","8","3","STAN","ECR","robust","permutations","lower",NA
"3029","9","3","STAN","ECR","robust","permutations","lower",NA
"3030","10","3","STAN","ECR","robust","permutations","lower",NA
"3031","11","3","STAN","ECR","robust","permutations","lower",NA
"3032","12","3","STAN","ECR","robust","permutations","lower",NA
"3033","13","3","STAN","ECR","robust","permutations","lower",NA
"3034","14","3","STAN","ECR","robust","permutations","lower",NA
"3035","15","3","STAN","ECR","robust","permutations","lower",NA
"3036","16","3","STAN","ECR","robust","permutations","lower",NA
"3037","17","3","STAN","ECR","robust","permutations","lower",NA
"3038","18","3","STAN","ECR","robust","permutations","lower",NA
"3039","19","3","STAN","ECR","robust","permutations","lower",NA
"3040","20","3","STAN","ECR","robust","permutations","lower",NA
"3041","1","4","STAN","ECR","robust","permutations","lower",NA
"3042","2","4","STAN","ECR","robust","permutations","lower",NA
"3043","3","4","STAN","ECR","robust","permutations","lower",NA
"3044","4","4","STAN","ECR","robust","permutations","lower",NA
"3045","5","4","STAN","ECR","robust","permutations","lower",NA
"3046","6","4","STAN","ECR","robust","permutations","lower",NA
"3047","7","4","STAN","ECR","robust","permutations","lower",NA
"3048","8","4","STAN","ECR","robust","permutations","lower",NA
"3049","9","4","STAN","ECR","robust","permutations","lower",NA
"3050","10","4","STAN","ECR","robust","permutations","lower",NA
"3051","11","4","STAN","ECR","robust","permutations","lower",NA
"3052","12","4","STAN","ECR","robust","permutations","lower",NA
"3053","13","4","STAN","ECR","robust","permutations","lower",NA
"3054","14","4","STAN","ECR","robust","permutations","lower",NA
"3055","15","4","STAN","ECR","robust","permutations","lower",NA
"3056","16","4","STAN","ECR","robust","permutations","lower",NA
"3057","17","4","STAN","ECR","robust","permutations","lower",NA
"3058","18","4","STAN","ECR","robust","permutations","lower",NA
"3059","19","4","STAN","ECR","robust","permutations","lower",NA
"3060","20","4","STAN","ECR","robust","permutations","lower",NA
"3061","1","5","STAN","ECR","robust","permutations","lower",NA
"3062","2","5","STAN","ECR","robust","permutations","lower",NA
"3063","3","5","STAN","ECR","robust","permutations","lower",NA
"3064","4","5","STAN","ECR","robust","permutations","lower",NA
"3065","5","5","STAN","ECR","robust","permutations","lower",NA
"3066","6","5","STAN","ECR","robust","permutations","lower",NA
"3067","7","5","STAN","ECR","robust","permutations","lower",NA
"3068","8","5","STAN","ECR","robust","permutations","lower",NA
"3069","9","5","STAN","ECR","robust","permutations","lower",NA
"3070","10","5","STAN","ECR","robust","permutations","lower",NA
"3071","11","5","STAN","ECR","robust","permutations","lower",NA
"3072","12","5","STAN","ECR","robust","permutations","lower",NA
"3073","13","5","STAN","ECR","robust","permutations","lower",NA
"3074","14","5","STAN","ECR","robust","permutations","lower",NA
"3075","15","5","STAN","ECR","robust","permutations","lower",NA
"3076","16","5","STAN","ECR","robust","permutations","lower",NA
"3077","17","5","STAN","ECR","robust","permutations","lower",NA
"3078","18","5","STAN","ECR","robust","permutations","lower",NA
"3079","19","5","STAN","ECR","robust","permutations","lower",NA
"3080","20","5","STAN","ECR","robust","permutations","lower",NA
"3081","1","6","STAN","ECR","robust","permutations","lower",NA
"3082","2","6","STAN","ECR","robust","permutations","lower",NA
"3083","3","6","STAN","ECR","robust","permutations","lower",NA
"3084","4","6","STAN","ECR","robust","permutations","lower",NA
"3085","5","6","STAN","ECR","robust","permutations","lower",NA
"3086","6","6","STAN","ECR","robust","permutations","lower",NA
"3087","7","6","STAN","ECR","robust","permutations","lower",NA
"3088","8","6","STAN","ECR","robust","permutations","lower",NA
"3089","9","6","STAN","ECR","robust","permutations","lower",NA
"3090","10","6","STAN","ECR","robust","permutations","lower",NA
"3091","11","6","STAN","ECR","robust","permutations","lower",NA
"3092","12","6","STAN","ECR","robust","permutations","lower",NA
"3093","13","6","STAN","ECR","robust","permutations","lower",NA
"3094","14","6","STAN","ECR","robust","permutations","lower",NA
"3095","15","6","STAN","ECR","robust","permutations","lower",NA
"3096","16","6","STAN","ECR","robust","permutations","lower",NA
"3097","17","6","STAN","ECR","robust","permutations","lower",NA
"3098","18","6","STAN","ECR","robust","permutations","lower",NA
"3099","19","6","STAN","ECR","robust","permutations","lower",NA
"3100","20","6","STAN","ECR","robust","permutations","lower",NA
"3101","1","2","JAGS","ECR","robust","permutations","lower","199.799351773198"
"3102","2","2","JAGS","ECR","robust","permutations","lower","199.980441674543"
"3103","3","2","JAGS","ECR","robust","permutations","lower","199.596738024755"
"3104","4","2","JAGS","ECR","robust","permutations","lower","200.062927721609"
"3105","5","2","JAGS","ECR","robust","permutations","lower","200.272270375188"
"3106","6","2","JAGS","ECR","robust","permutations","lower","199.747938792732"
"3107","7","2","JAGS","ECR","robust","permutations","lower","199.84011432494"
"3108","8","2","JAGS","ECR","robust","permutations","lower","199.954544226833"
"3109","9","2","JAGS","ECR","robust","permutations","lower","199.552818290877"
"3110","10","2","JAGS","ECR","robust","permutations","lower","199.932328407523"
"3111","11","2","JAGS","ECR","robust","permutations","lower","199.982343190893"
"3112","12","2","JAGS","ECR","robust","permutations","lower","200.288556691426"
"3113","13","2","JAGS","ECR","robust","permutations","lower","199.646097037418"
"3114","14","2","JAGS","ECR","robust","permutations","lower","200.16022609334"
"3115","15","2","JAGS","ECR","robust","permutations","lower","199.644914175157"
"3116","16","2","JAGS","ECR","robust","permutations","lower","199.742713763113"
"3117","17","2","JAGS","ECR","robust","permutations","lower","199.84678200847"
"3118","18","2","JAGS","ECR","robust","permutations","lower","199.517401225729"
"3119","19","2","JAGS","ECR","robust","permutations","lower","200.330342134809"
"3120","20","2","JAGS","ECR","robust","permutations","lower","200.175655478612"
"3121","1","3","JAGS","ECR","robust","permutations","lower","199.317193884628"
"3122","2","3","JAGS","ECR","robust","permutations","lower","198.97444450752"
"3123","3","3","JAGS","ECR","robust","permutations","lower","198.997318379229"
"3124","4","3","JAGS","ECR","robust","permutations","lower","199.508682091022"
"3125","5","3","JAGS","ECR","robust","permutations","lower","199.583427737809"
"3126","6","3","JAGS","ECR","robust","permutations","lower","198.823480960422"
"3127","7","3","JAGS","ECR","robust","permutations","lower","199.833242792882"
"3128","8","3","JAGS","ECR","robust","permutations","lower","199.402885651544"
"3129","9","3","JAGS","ECR","robust","permutations","lower","198.869317191611"
"3130","10","3","JAGS","ECR","robust","permutations","lower","199.67015680446"
"3131","11","3","JAGS","ECR","robust","permutations","lower","199.465810985956"
"3132","12","3","JAGS","ECR","robust","permutations","lower","199.117255153942"
"3133","13","3","JAGS","ECR","robust","permutations","lower","198.710633576529"
"3134","14","3","JAGS","ECR","robust","permutations","lower","199.162720277075"
"3135","15","3","JAGS","ECR","robust","permutations","lower","198.749384046718"
"3136","16","3","JAGS","ECR","robust","permutations","lower","198.964429643486"
"3137","17","3","JAGS","ECR","robust","permutations","lower","199.219500515264"
"3138","18","3","JAGS","ECR","robust","permutations","lower","199.648359273091"
"3139","19","3","JAGS","ECR","robust","permutations","lower","199.167741379377"
"3140","20","3","JAGS","ECR","robust","permutations","lower","199.209433269628"
"3141","1","4","JAGS","ECR","robust","permutations","lower","199.273286510078"
"3142","2","4","JAGS","ECR","robust","permutations","lower","199.063725433619"
"3143","3","4","JAGS","ECR","robust","permutations","lower","199.542838292294"
"3144","4","4","JAGS","ECR","robust","permutations","lower","198.942068285679"
"3145","5","4","JAGS","ECR","robust","permutations","lower","199.403866975643"
"3146","6","4","JAGS","ECR","robust","permutations","lower","199.141006764675"
"3147","7","4","JAGS","ECR","robust","permutations","lower","199.229747528845"
"3148","8","4","JAGS","ECR","robust","permutations","lower","200.545719803213"
"3149","9","4","JAGS","ECR","robust","permutations","lower","199.233823240382"
"3150","10","4","JAGS","ECR","robust","permutations","lower","200.082477781877"
"3151","11","4","JAGS","ECR","robust","permutations","lower","200.090279843285"
"3152","12","4","JAGS","ECR","robust","permutations","lower","199.583671382863"
"3153","13","4","JAGS","ECR","robust","permutations","lower","199.481330707887"
"3154","14","4","JAGS","ECR","robust","permutations","lower","199.421697541734"
"3155","15","4","JAGS","ECR","robust","permutations","lower","199.618594824449"
"3156","16","4","JAGS","ECR","robust","permutations","lower","199.605424120998"
"3157","17","4","JAGS","ECR","robust","permutations","lower","200.25378152725"
"3158","18","4","JAGS","ECR","robust","permutations","lower","199.870362112733"
"3159","19","4","JAGS","ECR","robust","permutations","lower","199.754111101905"
"3160","20","4","JAGS","ECR","robust","permutations","lower","199.711816313603"
"3161","1","5","JAGS","ECR","robust","permutations","lower","200.658542710226"
"3162","2","5","JAGS","ECR","robust","permutations","lower","200.544977303367"
"3163","3","5","JAGS","ECR","robust","permutations","lower","200.815781567835"
"3164","4","5","JAGS","ECR","robust","permutations","lower","200.828235489569"
"3165","5","5","JAGS","ECR","robust","permutations","lower","200.605145341396"
"3166","6","5","JAGS","ECR","robust","permutations","lower","200.38268043084"
"3167","7","5","JAGS","ECR","robust","permutations","lower","201.264142670723"
"3168","8","5","JAGS","ECR","robust","permutations","lower","200.554061947894"
"3169","9","5","JAGS","ECR","robust","permutations","lower","199.940387771959"
"3170","10","5","JAGS","ECR","robust","permutations","lower","200.771267167342"
"3171","11","5","JAGS","ECR","robust","permutations","lower","200.574662859193"
"3172","12","5","JAGS","ECR","robust","permutations","lower","200.532866757995"
"3173","13","5","JAGS","ECR","robust","permutations","lower","202.307705842992"
"3174","14","5","JAGS","ECR","robust","permutations","lower","201.313630704349"
"3175","15","5","JAGS","ECR","robust","permutations","lower","200.23016294042"
"3176","16","5","JAGS","ECR","robust","permutations","lower","200.865246303479"
"3177","17","5","JAGS","ECR","robust","permutations","lower","200.256354678678"
"3178","18","5","JAGS","ECR","robust","permutations","lower","200.25285826758"
"3179","19","5","JAGS","ECR","robust","permutations","lower","201.069632105119"
"3180","20","5","JAGS","ECR","robust","permutations","lower","201.237750157278"
"3181","1","6","JAGS","ECR","robust","permutations","lower","201.789101601132"
"3182","2","6","JAGS","ECR","robust","permutations","lower","201.390886300337"
"3183","3","6","JAGS","ECR","robust","permutations","lower","201.515719680811"
"3184","4","6","JAGS","ECR","robust","permutations","lower","205.104451169509"
"3185","5","6","JAGS","ECR","robust","permutations","lower","201.378084670157"
"3186","6","6","JAGS","ECR","robust","permutations","lower","201.238241662681"
"3187","7","6","JAGS","ECR","robust","permutations","lower","201.326427414523"
"3188","8","6","JAGS","ECR","robust","permutations","lower","201.868173048389"
"3189","9","6","JAGS","ECR","robust","permutations","lower","201.263116872535"
"3190","10","6","JAGS","ECR","robust","permutations","lower","204.40351721753"
"3191","11","6","JAGS","ECR","robust","permutations","lower","201.413721465426"
"3192","12","6","JAGS","ECR","robust","permutations","lower","201.564241993448"
"3193","13","6","JAGS","ECR","robust","permutations","lower","201.209547304205"
"3194","14","6","JAGS","ECR","robust","permutations","lower","202.046543300243"
"3195","15","6","JAGS","ECR","robust","permutations","lower","200.901916674276"
"3196","16","6","JAGS","ECR","robust","permutations","lower","202.022430457989"
"3197","17","6","JAGS","ECR","robust","permutations","lower","201.150671455796"
"3198","18","6","JAGS","ECR","robust","permutations","lower","201.878756900854"
"3199","19","6","JAGS","ECR","robust","permutations","lower","200.809213357957"
"3200","20","6","JAGS","ECR","robust","permutations","lower","200.370124386463"
"3201","1","2","STAN","STEPHENS","min_vol_60%HPD","permutations","lower","199.785452504383"
"3202","2","2","STAN","STEPHENS","min_vol_60%HPD","permutations","lower","199.736485432735"
"3203","3","2","STAN","STEPHENS","min_vol_60%HPD","permutations","lower","199.942439706299"
"3204","4","2","STAN","STEPHENS","min_vol_60%HPD","permutations","lower","199.993672074865"
"3205","5","2","STAN","STEPHENS","min_vol_60%HPD","permutations","lower","200.169316211022"
"3206","6","2","STAN","STEPHENS","min_vol_60%HPD","permutations","lower","200.000386080165"
"3207","7","2","STAN","STEPHENS","min_vol_60%HPD","permutations","lower","200.062620094862"
"3208","8","2","STAN","STEPHENS","min_vol_60%HPD","permutations","lower","199.839124194363"
"3209","9","2","STAN","STEPHENS","min_vol_60%HPD","permutations","lower","199.72288991808"
"3210","10","2","STAN","STEPHENS","min_vol_60%HPD","permutations","lower","200.085789749046"
"3211","11","2","STAN","STEPHENS","min_vol_60%HPD","permutations","lower","199.734129389538"
"3212","12","2","STAN","STEPHENS","min_vol_60%HPD","permutations","lower","200.34206148764"
"3213","13","2","STAN","STEPHENS","min_vol_60%HPD","permutations","lower","200.255422382283"
"3214","14","2","STAN","STEPHENS","min_vol_60%HPD","permutations","lower","199.822898025461"
"3215","15","2","STAN","STEPHENS","min_vol_60%HPD","permutations","lower","200.092139574574"
"3216","16","2","STAN","STEPHENS","min_vol_60%HPD","permutations","lower","199.836238674398"
"3217","17","2","STAN","STEPHENS","min_vol_60%HPD","permutations","lower","200.265223961247"
"3218","18","2","STAN","STEPHENS","min_vol_60%HPD","permutations","lower","199.975753438136"
"3219","19","2","STAN","STEPHENS","min_vol_60%HPD","permutations","lower","199.640921814078"
"3220","20","2","STAN","STEPHENS","min_vol_60%HPD","permutations","lower","199.692697685304"
"3221","1","3","STAN","STEPHENS","min_vol_60%HPD","permutations","lower","198.340414442982"
"3222","2","3","STAN","STEPHENS","min_vol_60%HPD","permutations","lower","198.63601875466"
"3223","3","3","STAN","STEPHENS","min_vol_60%HPD","permutations","lower","198.897270748963"
"3224","4","3","STAN","STEPHENS","min_vol_60%HPD","permutations","lower","199.033810980042"
"3225","5","3","STAN","STEPHENS","min_vol_60%HPD","permutations","lower","199.096380319399"
"3226","6","3","STAN","STEPHENS","min_vol_60%HPD","permutations","lower","199.067691528236"
"3227","7","3","STAN","STEPHENS","min_vol_60%HPD","permutations","lower","198.721136386003"
"3228","8","3","STAN","STEPHENS","min_vol_60%HPD","permutations","lower","198.521141750914"
"3229","9","3","STAN","STEPHENS","min_vol_60%HPD","permutations","lower","198.296548415692"
"3230","10","3","STAN","STEPHENS","min_vol_60%HPD","permutations","lower","198.76298615134"
"3231","11","3","STAN","STEPHENS","min_vol_60%HPD","permutations","lower","199.078768044964"
"3232","12","3","STAN","STEPHENS","min_vol_60%HPD","permutations","lower","199.072015674471"
"3233","13","3","STAN","STEPHENS","min_vol_60%HPD","permutations","lower","199.126134188806"
"3234","14","3","STAN","STEPHENS","min_vol_60%HPD","permutations","lower","200.104453756256"
"3235","15","3","STAN","STEPHENS","min_vol_60%HPD","permutations","lower","198.701266089754"
"3236","16","3","STAN","STEPHENS","min_vol_60%HPD","permutations","lower","198.77017262371"
"3237","17","3","STAN","STEPHENS","min_vol_60%HPD","permutations","lower","199.279391154787"
"3238","18","3","STAN","STEPHENS","min_vol_60%HPD","permutations","lower","198.572922950759"
"3239","19","3","STAN","STEPHENS","min_vol_60%HPD","permutations","lower","199.472500265786"
"3240","20","3","STAN","STEPHENS","min_vol_60%HPD","permutations","lower","Inf"
"3241","1","4","STAN","STEPHENS","min_vol_60%HPD","permutations","lower","Inf"
"3242","2","4","STAN","STEPHENS","min_vol_60%HPD","permutations","lower","199.319961984485"
"3243","3","4","STAN","STEPHENS","min_vol_60%HPD","permutations","lower","198.316795265565"
"3244","4","4","STAN","STEPHENS","min_vol_60%HPD","permutations","lower","198.830830675474"
"3245","5","4","STAN","STEPHENS","min_vol_60%HPD","permutations","lower","199.134957882727"
"3246","6","4","STAN","STEPHENS","min_vol_60%HPD","permutations","lower","199.184513400748"
"3247","7","4","STAN","STEPHENS","min_vol_60%HPD","permutations","lower","199.51436859656"
"3248","8","4","STAN","STEPHENS","min_vol_60%HPD","permutations","lower","198.180362134494"
"3249","9","4","STAN","STEPHENS","min_vol_60%HPD","permutations","lower","199.583472726843"
"3250","10","4","STAN","STEPHENS","min_vol_60%HPD","permutations","lower","199.05847438235"
"3251","11","4","STAN","STEPHENS","min_vol_60%HPD","permutations","lower","Inf"
"3252","12","4","STAN","STEPHENS","min_vol_60%HPD","permutations","lower","198.207775972306"
"3253","13","4","STAN","STEPHENS","min_vol_60%HPD","permutations","lower","Inf"
"3254","14","4","STAN","STEPHENS","min_vol_60%HPD","permutations","lower","198.949055388682"
"3255","15","4","STAN","STEPHENS","min_vol_60%HPD","permutations","lower","Inf"
"3256","16","4","STAN","STEPHENS","min_vol_60%HPD","permutations","lower","198.711014185973"
"3257","17","4","STAN","STEPHENS","min_vol_60%HPD","permutations","lower","199.948739159042"
"3258","18","4","STAN","STEPHENS","min_vol_60%HPD","permutations","lower","Inf"
"3259","19","4","STAN","STEPHENS","min_vol_60%HPD","permutations","lower","Inf"
"3260","20","4","STAN","STEPHENS","min_vol_60%HPD","permutations","lower","199.322777519271"
"3261","1","5","STAN","STEPHENS","min_vol_60%HPD","permutations","lower","Inf"
"3262","2","5","STAN","STEPHENS","min_vol_60%HPD","permutations","lower","Inf"
"3263","3","5","STAN","STEPHENS","min_vol_60%HPD","permutations","lower","Inf"
"3264","4","5","STAN","STEPHENS","min_vol_60%HPD","permutations","lower","Inf"
"3265","5","5","STAN","STEPHENS","min_vol_60%HPD","permutations","lower","Inf"
"3266","6","5","STAN","STEPHENS","min_vol_60%HPD","permutations","lower","198.615551648181"
"3267","7","5","STAN","STEPHENS","min_vol_60%HPD","permutations","lower","Inf"
"3268","8","5","STAN","STEPHENS","min_vol_60%HPD","permutations","lower","Inf"
"3269","9","5","STAN","STEPHENS","min_vol_60%HPD","permutations","lower","Inf"
"3270","10","5","STAN","STEPHENS","min_vol_60%HPD","permutations","lower","Inf"
"3271","11","5","STAN","STEPHENS","min_vol_60%HPD","permutations","lower","Inf"
"3272","12","5","STAN","STEPHENS","min_vol_60%HPD","permutations","lower","Inf"
"3273","13","5","STAN","STEPHENS","min_vol_60%HPD","permutations","lower","Inf"
"3274","14","5","STAN","STEPHENS","min_vol_60%HPD","permutations","lower","Inf"
"3275","15","5","STAN","STEPHENS","min_vol_60%HPD","permutations","lower","Inf"
"3276","16","5","STAN","STEPHENS","min_vol_60%HPD","permutations","lower","198.332553053784"
"3277","17","5","STAN","STEPHENS","min_vol_60%HPD","permutations","lower","Inf"
"3278","18","5","STAN","STEPHENS","min_vol_60%HPD","permutations","lower","Inf"
"3279","19","5","STAN","STEPHENS","min_vol_60%HPD","permutations","lower","Inf"
"3280","20","5","STAN","STEPHENS","min_vol_60%HPD","permutations","lower","Inf"
"3281","1","6","STAN","STEPHENS","min_vol_60%HPD","permutations","lower","Inf"
"3282","2","6","STAN","STEPHENS","min_vol_60%HPD","permutations","lower","Inf"
"3283","3","6","STAN","STEPHENS","min_vol_60%HPD","permutations","lower","Inf"
"3284","4","6","STAN","STEPHENS","min_vol_60%HPD","permutations","lower","Inf"
"3285","5","6","STAN","STEPHENS","min_vol_60%HPD","permutations","lower","Inf"
"3286","6","6","STAN","STEPHENS","min_vol_60%HPD","permutations","lower","Inf"
"3287","7","6","STAN","STEPHENS","min_vol_60%HPD","permutations","lower","197.286362073337"
"3288","8","6","STAN","STEPHENS","min_vol_60%HPD","permutations","lower","Inf"
"3289","9","6","STAN","STEPHENS","min_vol_60%HPD","permutations","lower","Inf"
"3290","10","6","STAN","STEPHENS","min_vol_60%HPD","permutations","lower","Inf"
"3291","11","6","STAN","STEPHENS","min_vol_60%HPD","permutations","lower","Inf"
"3292","12","6","STAN","STEPHENS","min_vol_60%HPD","permutations","lower","Inf"
"3293","13","6","STAN","STEPHENS","min_vol_60%HPD","permutations","lower","Inf"
"3294","14","6","STAN","STEPHENS","min_vol_60%HPD","permutations","lower","Inf"
"3295","15","6","STAN","STEPHENS","min_vol_60%HPD","permutations","lower","Inf"
"3296","16","6","STAN","STEPHENS","min_vol_60%HPD","permutations","lower","Inf"
"3297","17","6","STAN","STEPHENS","min_vol_60%HPD","permutations","lower","Inf"
"3298","18","6","STAN","STEPHENS","min_vol_60%HPD","permutations","lower","Inf"
"3299","19","6","STAN","STEPHENS","min_vol_60%HPD","permutations","lower","Inf"
"3300","20","6","STAN","STEPHENS","min_vol_60%HPD","permutations","lower","Inf"
"3301","1","2","JAGS","STEPHENS","min_vol_60%HPD","permutations","lower","199.940405616382"
"3302","2","2","JAGS","STEPHENS","min_vol_60%HPD","permutations","lower","200.113373805193"
"3303","3","2","JAGS","STEPHENS","min_vol_60%HPD","permutations","lower","199.754316800021"
"3304","4","2","JAGS","STEPHENS","min_vol_60%HPD","permutations","lower","200.214500710509"
"3305","5","2","JAGS","STEPHENS","min_vol_60%HPD","permutations","lower","200.4595956458"
"3306","6","2","JAGS","STEPHENS","min_vol_60%HPD","permutations","lower","199.866475071347"
"3307","7","2","JAGS","STEPHENS","min_vol_60%HPD","permutations","lower","199.954010189389"
"3308","8","2","JAGS","STEPHENS","min_vol_60%HPD","permutations","lower","200.018890643293"
"3309","9","2","JAGS","STEPHENS","min_vol_60%HPD","permutations","lower","199.676912002795"
"3310","10","2","JAGS","STEPHENS","min_vol_60%HPD","permutations","lower","200.129006708527"
"3311","11","2","JAGS","STEPHENS","min_vol_60%HPD","permutations","lower","200.243580909577"
"3312","12","2","JAGS","STEPHENS","min_vol_60%HPD","permutations","lower","200.335078394994"
"3313","13","2","JAGS","STEPHENS","min_vol_60%HPD","permutations","lower","199.734864421618"
"3314","14","2","JAGS","STEPHENS","min_vol_60%HPD","permutations","lower","200.249079638582"
"3315","15","2","JAGS","STEPHENS","min_vol_60%HPD","permutations","lower","199.689658077533"
"3316","16","2","JAGS","STEPHENS","min_vol_60%HPD","permutations","lower","199.791351554367"
"3317","17","2","JAGS","STEPHENS","min_vol_60%HPD","permutations","lower","199.987146822736"
"3318","18","2","JAGS","STEPHENS","min_vol_60%HPD","permutations","lower","199.705411993289"
"3319","19","2","JAGS","STEPHENS","min_vol_60%HPD","permutations","lower","200.52268424"
"3320","20","2","JAGS","STEPHENS","min_vol_60%HPD","permutations","lower","200.37353535298"
"3321","1","3","JAGS","STEPHENS","min_vol_60%HPD","permutations","lower","198.963769893745"
"3322","2","3","JAGS","STEPHENS","min_vol_60%HPD","permutations","lower","199.413581172123"
"3323","3","3","JAGS","STEPHENS","min_vol_60%HPD","permutations","lower","199.13899057546"
"3324","4","3","JAGS","STEPHENS","min_vol_60%HPD","permutations","lower","199.565366616519"
"3325","5","3","JAGS","STEPHENS","min_vol_60%HPD","permutations","lower","199.042853021503"
"3326","6","3","JAGS","STEPHENS","min_vol_60%HPD","permutations","lower","197.977803848675"
"3327","7","3","JAGS","STEPHENS","min_vol_60%HPD","permutations","lower","199.599115602121"
"3328","8","3","JAGS","STEPHENS","min_vol_60%HPD","permutations","lower","199.418375028052"
"3329","9","3","JAGS","STEPHENS","min_vol_60%HPD","permutations","lower","198.927644435015"
"3330","10","3","JAGS","STEPHENS","min_vol_60%HPD","permutations","lower","199.268645031028"
"3331","11","3","JAGS","STEPHENS","min_vol_60%HPD","permutations","lower","199.277032336638"
"3332","12","3","JAGS","STEPHENS","min_vol_60%HPD","permutations","lower","199.129787080624"
"3333","13","3","JAGS","STEPHENS","min_vol_60%HPD","permutations","lower","198.474957937715"
"3334","14","3","JAGS","STEPHENS","min_vol_60%HPD","permutations","lower","198.957733209862"
"3335","15","3","JAGS","STEPHENS","min_vol_60%HPD","permutations","lower","199.178333546509"
"3336","16","3","JAGS","STEPHENS","min_vol_60%HPD","permutations","lower","198.576343805033"
"3337","17","3","JAGS","STEPHENS","min_vol_60%HPD","permutations","lower","198.951209581931"
"3338","18","3","JAGS","STEPHENS","min_vol_60%HPD","permutations","lower","199.343397477836"
"3339","19","3","JAGS","STEPHENS","min_vol_60%HPD","permutations","lower","198.401757551091"
"3340","20","3","JAGS","STEPHENS","min_vol_60%HPD","permutations","lower","198.596061733232"
"3341","1","4","JAGS","STEPHENS","min_vol_60%HPD","permutations","lower","Inf"
"3342","2","4","JAGS","STEPHENS","min_vol_60%HPD","permutations","lower","198.409397304947"
"3343","3","4","JAGS","STEPHENS","min_vol_60%HPD","permutations","lower","199.027851725886"
"3344","4","4","JAGS","STEPHENS","min_vol_60%HPD","permutations","lower","200.243189644454"
"3345","5","4","JAGS","STEPHENS","min_vol_60%HPD","permutations","lower","198.837585196817"
"3346","6","4","JAGS","STEPHENS","min_vol_60%HPD","permutations","lower","Inf"
"3347","7","4","JAGS","STEPHENS","min_vol_60%HPD","permutations","lower","Inf"
"3348","8","4","JAGS","STEPHENS","min_vol_60%HPD","permutations","lower","199.483454817978"
"3349","9","4","JAGS","STEPHENS","min_vol_60%HPD","permutations","lower","Inf"
"3350","10","4","JAGS","STEPHENS","min_vol_60%HPD","permutations","lower","Inf"
"3351","11","4","JAGS","STEPHENS","min_vol_60%HPD","permutations","lower","198.296108978901"
"3352","12","4","JAGS","STEPHENS","min_vol_60%HPD","permutations","lower","198.48222274611"
"3353","13","4","JAGS","STEPHENS","min_vol_60%HPD","permutations","lower","198.448485464392"
"3354","14","4","JAGS","STEPHENS","min_vol_60%HPD","permutations","lower","Inf"
"3355","15","4","JAGS","STEPHENS","min_vol_60%HPD","permutations","lower","198.813590458023"
"3356","16","4","JAGS","STEPHENS","min_vol_60%HPD","permutations","lower","198.489053574319"
"3357","17","4","JAGS","STEPHENS","min_vol_60%HPD","permutations","lower","197.826369905512"
"3358","18","4","JAGS","STEPHENS","min_vol_60%HPD","permutations","lower","199.611752999134"
"3359","19","4","JAGS","STEPHENS","min_vol_60%HPD","permutations","lower","199.938423715457"
"3360","20","4","JAGS","STEPHENS","min_vol_60%HPD","permutations","lower","198.579421925943"
"3361","1","5","JAGS","STEPHENS","min_vol_60%HPD","permutations","lower","Inf"
"3362","2","5","JAGS","STEPHENS","min_vol_60%HPD","permutations","lower","198.492725204769"
"3363","3","5","JAGS","STEPHENS","min_vol_60%HPD","permutations","lower","Inf"
"3364","4","5","JAGS","STEPHENS","min_vol_60%HPD","permutations","lower","Inf"
"3365","5","5","JAGS","STEPHENS","min_vol_60%HPD","permutations","lower","Inf"
"3366","6","5","JAGS","STEPHENS","min_vol_60%HPD","permutations","lower","Inf"
"3367","7","5","JAGS","STEPHENS","min_vol_60%HPD","permutations","lower","Inf"
"3368","8","5","JAGS","STEPHENS","min_vol_60%HPD","permutations","lower","Inf"
"3369","9","5","JAGS","STEPHENS","min_vol_60%HPD","permutations","lower","Inf"
"3370","10","5","JAGS","STEPHENS","min_vol_60%HPD","permutations","lower","Inf"
"3371","11","5","JAGS","STEPHENS","min_vol_60%HPD","permutations","lower","Inf"
"3372","12","5","JAGS","STEPHENS","min_vol_60%HPD","permutations","lower","Inf"
"3373","13","5","JAGS","STEPHENS","min_vol_60%HPD","permutations","lower","200.081616596157"
"3374","14","5","JAGS","STEPHENS","min_vol_60%HPD","permutations","lower","Inf"
"3375","15","5","JAGS","STEPHENS","min_vol_60%HPD","permutations","lower","Inf"
"3376","16","5","JAGS","STEPHENS","min_vol_60%HPD","permutations","lower","199.043531248758"
"3377","17","5","JAGS","STEPHENS","min_vol_60%HPD","permutations","lower","197.496542743642"
"3378","18","5","JAGS","STEPHENS","min_vol_60%HPD","permutations","lower","Inf"
"3379","19","5","JAGS","STEPHENS","min_vol_60%HPD","permutations","lower","198.734709843096"
"3380","20","5","JAGS","STEPHENS","min_vol_60%HPD","permutations","lower","Inf"
"3381","1","6","JAGS","STEPHENS","min_vol_60%HPD","permutations","lower","Inf"
"3382","2","6","JAGS","STEPHENS","min_vol_60%HPD","permutations","lower","Inf"
"3383","3","6","JAGS","STEPHENS","min_vol_60%HPD","permutations","lower","Inf"
"3384","4","6","JAGS","STEPHENS","min_vol_60%HPD","permutations","lower","200.884580614277"
"3385","5","6","JAGS","STEPHENS","min_vol_60%HPD","permutations","lower","Inf"
"3386","6","6","JAGS","STEPHENS","min_vol_60%HPD","permutations","lower","Inf"
"3387","7","6","JAGS","STEPHENS","min_vol_60%HPD","permutations","lower","Inf"
"3388","8","6","JAGS","STEPHENS","min_vol_60%HPD","permutations","lower","Inf"
"3389","9","6","JAGS","STEPHENS","min_vol_60%HPD","permutations","lower","Inf"
"3390","10","6","JAGS","STEPHENS","min_vol_60%HPD","permutations","lower","201.149614903904"
"3391","11","6","JAGS","STEPHENS","min_vol_60%HPD","permutations","lower","Inf"
"3392","12","6","JAGS","STEPHENS","min_vol_60%HPD","permutations","lower","Inf"
"3393","13","6","JAGS","STEPHENS","min_vol_60%HPD","permutations","lower","Inf"
"3394","14","6","JAGS","STEPHENS","min_vol_60%HPD","permutations","lower","199.856714764655"
"3395","15","6","JAGS","STEPHENS","min_vol_60%HPD","permutations","lower","Inf"
"3396","16","6","JAGS","STEPHENS","min_vol_60%HPD","permutations","lower","Inf"
"3397","17","6","JAGS","STEPHENS","min_vol_60%HPD","permutations","lower","Inf"
"3398","18","6","JAGS","STEPHENS","min_vol_60%HPD","permutations","lower","Inf"
"3399","19","6","JAGS","STEPHENS","min_vol_60%HPD","permutations","lower","Inf"
"3400","20","6","JAGS","STEPHENS","min_vol_60%HPD","permutations","lower","Inf"
"3401","1","2","STAN","ECR","min_vol_60%HPD","permutations","lower",NA
"3402","2","2","STAN","ECR","min_vol_60%HPD","permutations","lower",NA
"3403","3","2","STAN","ECR","min_vol_60%HPD","permutations","lower",NA
"3404","4","2","STAN","ECR","min_vol_60%HPD","permutations","lower",NA
"3405","5","2","STAN","ECR","min_vol_60%HPD","permutations","lower",NA
"3406","6","2","STAN","ECR","min_vol_60%HPD","permutations","lower",NA
"3407","7","2","STAN","ECR","min_vol_60%HPD","permutations","lower",NA
"3408","8","2","STAN","ECR","min_vol_60%HPD","permutations","lower",NA
"3409","9","2","STAN","ECR","min_vol_60%HPD","permutations","lower",NA
"3410","10","2","STAN","ECR","min_vol_60%HPD","permutations","lower",NA
"3411","11","2","STAN","ECR","min_vol_60%HPD","permutations","lower",NA
"3412","12","2","STAN","ECR","min_vol_60%HPD","permutations","lower",NA
"3413","13","2","STAN","ECR","min_vol_60%HPD","permutations","lower",NA
"3414","14","2","STAN","ECR","min_vol_60%HPD","permutations","lower",NA
"3415","15","2","STAN","ECR","min_vol_60%HPD","permutations","lower",NA
"3416","16","2","STAN","ECR","min_vol_60%HPD","permutations","lower",NA
"3417","17","2","STAN","ECR","min_vol_60%HPD","permutations","lower",NA
"3418","18","2","STAN","ECR","min_vol_60%HPD","permutations","lower",NA
"3419","19","2","STAN","ECR","min_vol_60%HPD","permutations","lower",NA
"3420","20","2","STAN","ECR","min_vol_60%HPD","permutations","lower",NA
"3421","1","3","STAN","ECR","min_vol_60%HPD","permutations","lower",NA
"3422","2","3","STAN","ECR","min_vol_60%HPD","permutations","lower",NA
"3423","3","3","STAN","ECR","min_vol_60%HPD","permutations","lower",NA
"3424","4","3","STAN","ECR","min_vol_60%HPD","permutations","lower",NA
"3425","5","3","STAN","ECR","min_vol_60%HPD","permutations","lower",NA
"3426","6","3","STAN","ECR","min_vol_60%HPD","permutations","lower",NA
"3427","7","3","STAN","ECR","min_vol_60%HPD","permutations","lower",NA
"3428","8","3","STAN","ECR","min_vol_60%HPD","permutations","lower",NA
"3429","9","3","STAN","ECR","min_vol_60%HPD","permutations","lower",NA
"3430","10","3","STAN","ECR","min_vol_60%HPD","permutations","lower",NA
"3431","11","3","STAN","ECR","min_vol_60%HPD","permutations","lower",NA
"3432","12","3","STAN","ECR","min_vol_60%HPD","permutations","lower",NA
"3433","13","3","STAN","ECR","min_vol_60%HPD","permutations","lower",NA
"3434","14","3","STAN","ECR","min_vol_60%HPD","permutations","lower",NA
"3435","15","3","STAN","ECR","min_vol_60%HPD","permutations","lower",NA
"3436","16","3","STAN","ECR","min_vol_60%HPD","permutations","lower",NA
"3437","17","3","STAN","ECR","min_vol_60%HPD","permutations","lower",NA
"3438","18","3","STAN","ECR","min_vol_60%HPD","permutations","lower",NA
"3439","19","3","STAN","ECR","min_vol_60%HPD","permutations","lower",NA
"3440","20","3","STAN","ECR","min_vol_60%HPD","permutations","lower",NA
"3441","1","4","STAN","ECR","min_vol_60%HPD","permutations","lower",NA
"3442","2","4","STAN","ECR","min_vol_60%HPD","permutations","lower",NA
"3443","3","4","STAN","ECR","min_vol_60%HPD","permutations","lower",NA
"3444","4","4","STAN","ECR","min_vol_60%HPD","permutations","lower",NA
"3445","5","4","STAN","ECR","min_vol_60%HPD","permutations","lower",NA
"3446","6","4","STAN","ECR","min_vol_60%HPD","permutations","lower",NA
"3447","7","4","STAN","ECR","min_vol_60%HPD","permutations","lower",NA
"3448","8","4","STAN","ECR","min_vol_60%HPD","permutations","lower",NA
"3449","9","4","STAN","ECR","min_vol_60%HPD","permutations","lower",NA
"3450","10","4","STAN","ECR","min_vol_60%HPD","permutations","lower",NA
"3451","11","4","STAN","ECR","min_vol_60%HPD","permutations","lower",NA
"3452","12","4","STAN","ECR","min_vol_60%HPD","permutations","lower",NA
"3453","13","4","STAN","ECR","min_vol_60%HPD","permutations","lower",NA
"3454","14","4","STAN","ECR","min_vol_60%HPD","permutations","lower",NA
"3455","15","4","STAN","ECR","min_vol_60%HPD","permutations","lower",NA
"3456","16","4","STAN","ECR","min_vol_60%HPD","permutations","lower",NA
"3457","17","4","STAN","ECR","min_vol_60%HPD","permutations","lower",NA
"3458","18","4","STAN","ECR","min_vol_60%HPD","permutations","lower",NA
"3459","19","4","STAN","ECR","min_vol_60%HPD","permutations","lower",NA
"3460","20","4","STAN","ECR","min_vol_60%HPD","permutations","lower",NA
"3461","1","5","STAN","ECR","min_vol_60%HPD","permutations","lower",NA
"3462","2","5","STAN","ECR","min_vol_60%HPD","permutations","lower",NA
"3463","3","5","STAN","ECR","min_vol_60%HPD","permutations","lower",NA
"3464","4","5","STAN","ECR","min_vol_60%HPD","permutations","lower",NA
"3465","5","5","STAN","ECR","min_vol_60%HPD","permutations","lower",NA
"3466","6","5","STAN","ECR","min_vol_60%HPD","permutations","lower",NA
"3467","7","5","STAN","ECR","min_vol_60%HPD","permutations","lower",NA
"3468","8","5","STAN","ECR","min_vol_60%HPD","permutations","lower",NA
"3469","9","5","STAN","ECR","min_vol_60%HPD","permutations","lower",NA
"3470","10","5","STAN","ECR","min_vol_60%HPD","permutations","lower",NA
"3471","11","5","STAN","ECR","min_vol_60%HPD","permutations","lower",NA
"3472","12","5","STAN","ECR","min_vol_60%HPD","permutations","lower",NA
"3473","13","5","STAN","ECR","min_vol_60%HPD","permutations","lower",NA
"3474","14","5","STAN","ECR","min_vol_60%HPD","permutations","lower",NA
"3475","15","5","STAN","ECR","min_vol_60%HPD","permutations","lower",NA
"3476","16","5","STAN","ECR","min_vol_60%HPD","permutations","lower",NA
"3477","17","5","STAN","ECR","min_vol_60%HPD","permutations","lower",NA
"3478","18","5","STAN","ECR","min_vol_60%HPD","permutations","lower",NA
"3479","19","5","STAN","ECR","min_vol_60%HPD","permutations","lower",NA
"3480","20","5","STAN","ECR","min_vol_60%HPD","permutations","lower",NA
"3481","1","6","STAN","ECR","min_vol_60%HPD","permutations","lower",NA
"3482","2","6","STAN","ECR","min_vol_60%HPD","permutations","lower",NA
"3483","3","6","STAN","ECR","min_vol_60%HPD","permutations","lower",NA
"3484","4","6","STAN","ECR","min_vol_60%HPD","permutations","lower",NA
"3485","5","6","STAN","ECR","min_vol_60%HPD","permutations","lower",NA
"3486","6","6","STAN","ECR","min_vol_60%HPD","permutations","lower",NA
"3487","7","6","STAN","ECR","min_vol_60%HPD","permutations","lower",NA
"3488","8","6","STAN","ECR","min_vol_60%HPD","permutations","lower",NA
"3489","9","6","STAN","ECR","min_vol_60%HPD","permutations","lower",NA
"3490","10","6","STAN","ECR","min_vol_60%HPD","permutations","lower",NA
"3491","11","6","STAN","ECR","min_vol_60%HPD","permutations","lower",NA
"3492","12","6","STAN","ECR","min_vol_60%HPD","permutations","lower",NA
"3493","13","6","STAN","ECR","min_vol_60%HPD","permutations","lower",NA
"3494","14","6","STAN","ECR","min_vol_60%HPD","permutations","lower",NA
"3495","15","6","STAN","ECR","min_vol_60%HPD","permutations","lower",NA
"3496","16","6","STAN","ECR","min_vol_60%HPD","permutations","lower",NA
"3497","17","6","STAN","ECR","min_vol_60%HPD","permutations","lower",NA
"3498","18","6","STAN","ECR","min_vol_60%HPD","permutations","lower",NA
"3499","19","6","STAN","ECR","min_vol_60%HPD","permutations","lower",NA
"3500","20","6","STAN","ECR","min_vol_60%HPD","permutations","lower",NA
"3501","1","2","JAGS","ECR","min_vol_60%HPD","permutations","lower","199.940405616382"
"3502","2","2","JAGS","ECR","min_vol_60%HPD","permutations","lower","200.113373805193"
"3503","3","2","JAGS","ECR","min_vol_60%HPD","permutations","lower","199.754316800021"
"3504","4","2","JAGS","ECR","min_vol_60%HPD","permutations","lower","200.214500710509"
"3505","5","2","JAGS","ECR","min_vol_60%HPD","permutations","lower","200.4595956458"
"3506","6","2","JAGS","ECR","min_vol_60%HPD","permutations","lower","199.866475071347"
"3507","7","2","JAGS","ECR","min_vol_60%HPD","permutations","lower","199.954010189389"
"3508","8","2","JAGS","ECR","min_vol_60%HPD","permutations","lower","200.018890643293"
"3509","9","2","JAGS","ECR","min_vol_60%HPD","permutations","lower","199.676912002795"
"3510","10","2","JAGS","ECR","min_vol_60%HPD","permutations","lower","200.129006708527"
"3511","11","2","JAGS","ECR","min_vol_60%HPD","permutations","lower","200.243580909577"
"3512","12","2","JAGS","ECR","min_vol_60%HPD","permutations","lower","200.335078394994"
"3513","13","2","JAGS","ECR","min_vol_60%HPD","permutations","lower","199.734864421618"
"3514","14","2","JAGS","ECR","min_vol_60%HPD","permutations","lower","200.249079638582"
"3515","15","2","JAGS","ECR","min_vol_60%HPD","permutations","lower","199.689658077533"
"3516","16","2","JAGS","ECR","min_vol_60%HPD","permutations","lower","199.791351554367"
"3517","17","2","JAGS","ECR","min_vol_60%HPD","permutations","lower","199.987146822736"
"3518","18","2","JAGS","ECR","min_vol_60%HPD","permutations","lower","199.705411993289"
"3519","19","2","JAGS","ECR","min_vol_60%HPD","permutations","lower","200.52268424"
"3520","20","2","JAGS","ECR","min_vol_60%HPD","permutations","lower","200.37353535298"
"3521","1","3","JAGS","ECR","min_vol_60%HPD","permutations","lower","Inf"
"3522","2","3","JAGS","ECR","min_vol_60%HPD","permutations","lower","199.130599288855"
"3523","3","3","JAGS","ECR","min_vol_60%HPD","permutations","lower","199.543988383673"
"3524","4","3","JAGS","ECR","min_vol_60%HPD","permutations","lower","198.399497706433"
"3525","5","3","JAGS","ECR","min_vol_60%HPD","permutations","lower","Inf"
"3526","6","3","JAGS","ECR","min_vol_60%HPD","permutations","lower","Inf"
"3527","7","3","JAGS","ECR","min_vol_60%HPD","permutations","lower","199.873107445266"
"3528","8","3","JAGS","ECR","min_vol_60%HPD","permutations","lower","198.469931285378"
"3529","9","3","JAGS","ECR","min_vol_60%HPD","permutations","lower","197.985868836478"
"3530","10","3","JAGS","ECR","min_vol_60%HPD","permutations","lower","Inf"
"3531","11","3","JAGS","ECR","min_vol_60%HPD","permutations","lower","198.705145657099"
"3532","12","3","JAGS","ECR","min_vol_60%HPD","permutations","lower","Inf"
"3533","13","3","JAGS","ECR","min_vol_60%HPD","permutations","lower","Inf"
"3534","14","3","JAGS","ECR","min_vol_60%HPD","permutations","lower","199.315465741359"
"3535","15","3","JAGS","ECR","min_vol_60%HPD","permutations","lower","Inf"
"3536","16","3","JAGS","ECR","min_vol_60%HPD","permutations","lower","197.890322408894"
"3537","17","3","JAGS","ECR","min_vol_60%HPD","permutations","lower","198.725518501736"
"3538","18","3","JAGS","ECR","min_vol_60%HPD","permutations","lower","198.321445883789"
"3539","19","3","JAGS","ECR","min_vol_60%HPD","permutations","lower","198.726758959399"
"3540","20","3","JAGS","ECR","min_vol_60%HPD","permutations","lower","198.464570915659"
"3541","1","4","JAGS","ECR","min_vol_60%HPD","permutations","lower","Inf"
"3542","2","4","JAGS","ECR","min_vol_60%HPD","permutations","lower","Inf"
"3543","3","4","JAGS","ECR","min_vol_60%HPD","permutations","lower","Inf"
"3544","4","4","JAGS","ECR","min_vol_60%HPD","permutations","lower","Inf"
"3545","5","4","JAGS","ECR","min_vol_60%HPD","permutations","lower","Inf"
"3546","6","4","JAGS","ECR","min_vol_60%HPD","permutations","lower","Inf"
"3547","7","4","JAGS","ECR","min_vol_60%HPD","permutations","lower","Inf"
"3548","8","4","JAGS","ECR","min_vol_60%HPD","permutations","lower","Inf"
"3549","9","4","JAGS","ECR","min_vol_60%HPD","permutations","lower","Inf"
"3550","10","4","JAGS","ECR","min_vol_60%HPD","permutations","lower","Inf"
"3551","11","4","JAGS","ECR","min_vol_60%HPD","permutations","lower","Inf"
"3552","12","4","JAGS","ECR","min_vol_60%HPD","permutations","lower","Inf"
"3553","13","4","JAGS","ECR","min_vol_60%HPD","permutations","lower","Inf"
"3554","14","4","JAGS","ECR","min_vol_60%HPD","permutations","lower","Inf"
"3555","15","4","JAGS","ECR","min_vol_60%HPD","permutations","lower","Inf"
"3556","16","4","JAGS","ECR","min_vol_60%HPD","permutations","lower","Inf"
"3557","17","4","JAGS","ECR","min_vol_60%HPD","permutations","lower","Inf"
"3558","18","4","JAGS","ECR","min_vol_60%HPD","permutations","lower","Inf"
"3559","19","4","JAGS","ECR","min_vol_60%HPD","permutations","lower","Inf"
"3560","20","4","JAGS","ECR","min_vol_60%HPD","permutations","lower","Inf"
"3561","1","5","JAGS","ECR","min_vol_60%HPD","permutations","lower","Inf"
"3562","2","5","JAGS","ECR","min_vol_60%HPD","permutations","lower","Inf"
"3563","3","5","JAGS","ECR","min_vol_60%HPD","permutations","lower","Inf"
"3564","4","5","JAGS","ECR","min_vol_60%HPD","permutations","lower","Inf"
"3565","5","5","JAGS","ECR","min_vol_60%HPD","permutations","lower","Inf"
"3566","6","5","JAGS","ECR","min_vol_60%HPD","permutations","lower","Inf"
"3567","7","5","JAGS","ECR","min_vol_60%HPD","permutations","lower","Inf"
"3568","8","5","JAGS","ECR","min_vol_60%HPD","permutations","lower","Inf"
"3569","9","5","JAGS","ECR","min_vol_60%HPD","permutations","lower","Inf"
"3570","10","5","JAGS","ECR","min_vol_60%HPD","permutations","lower","Inf"
"3571","11","5","JAGS","ECR","min_vol_60%HPD","permutations","lower","Inf"
"3572","12","5","JAGS","ECR","min_vol_60%HPD","permutations","lower","Inf"
"3573","13","5","JAGS","ECR","min_vol_60%HPD","permutations","lower","Inf"
"3574","14","5","JAGS","ECR","min_vol_60%HPD","permutations","lower","Inf"
"3575","15","5","JAGS","ECR","min_vol_60%HPD","permutations","lower","Inf"
"3576","16","5","JAGS","ECR","min_vol_60%HPD","permutations","lower","Inf"
"3577","17","5","JAGS","ECR","min_vol_60%HPD","permutations","lower","Inf"
"3578","18","5","JAGS","ECR","min_vol_60%HPD","permutations","lower","Inf"
"3579","19","5","JAGS","ECR","min_vol_60%HPD","permutations","lower","Inf"
"3580","20","5","JAGS","ECR","min_vol_60%HPD","permutations","lower","Inf"
"3581","1","6","JAGS","ECR","min_vol_60%HPD","permutations","lower","Inf"
"3582","2","6","JAGS","ECR","min_vol_60%HPD","permutations","lower","Inf"
"3583","3","6","JAGS","ECR","min_vol_60%HPD","permutations","lower","Inf"
"3584","4","6","JAGS","ECR","min_vol_60%HPD","permutations","lower","200.5369085629"
"3585","5","6","JAGS","ECR","min_vol_60%HPD","permutations","lower","Inf"
"3586","6","6","JAGS","ECR","min_vol_60%HPD","permutations","lower","Inf"
"3587","7","6","JAGS","ECR","min_vol_60%HPD","permutations","lower","Inf"
"3588","8","6","JAGS","ECR","min_vol_60%HPD","permutations","lower","Inf"
"3589","9","6","JAGS","ECR","min_vol_60%HPD","permutations","lower","Inf"
"3590","10","6","JAGS","ECR","min_vol_60%HPD","permutations","lower","Inf"
"3591","11","6","JAGS","ECR","min_vol_60%HPD","permutations","lower","Inf"
"3592","12","6","JAGS","ECR","min_vol_60%HPD","permutations","lower","Inf"
"3593","13","6","JAGS","ECR","min_vol_60%HPD","permutations","lower","Inf"
"3594","14","6","JAGS","ECR","min_vol_60%HPD","permutations","lower","Inf"
"3595","15","6","JAGS","ECR","min_vol_60%HPD","permutations","lower","Inf"
"3596","16","6","JAGS","ECR","min_vol_60%HPD","permutations","lower","Inf"
"3597","17","6","JAGS","ECR","min_vol_60%HPD","permutations","lower","Inf"
"3598","18","6","JAGS","ECR","min_vol_60%HPD","permutations","lower","Inf"
"3599","19","6","JAGS","ECR","min_vol_60%HPD","permutations","lower","Inf"
"3600","20","6","JAGS","ECR","min_vol_60%HPD","permutations","lower","Inf"
"3601","1","2","STAN","STEPHENS","standard","permutations","logcor","-0.379651173215185"
"3602","2","2","STAN","STEPHENS","standard","permutations","logcor","-0.454917991827695"
"3603","3","2","STAN","STEPHENS","standard","permutations","logcor","-0.127265351045876"
"3604","4","2","STAN","STEPHENS","standard","permutations","logcor","-0.347856795487851"
"3605","5","2","STAN","STEPHENS","standard","permutations","logcor","-0.133188594243745"
"3606","6","2","STAN","STEPHENS","standard","permutations","logcor","-0.290753450976267"
"3607","7","2","STAN","STEPHENS","standard","permutations","logcor","-0.325176276879361"
"3608","8","2","STAN","STEPHENS","standard","permutations","logcor","-0.484995447064973"
"3609","9","2","STAN","STEPHENS","standard","permutations","logcor","-0.389493338598466"
"3610","10","2","STAN","STEPHENS","standard","permutations","logcor","-0.579818495252942"
"3611","11","2","STAN","STEPHENS","standard","permutations","logcor","-0.174353387144778"
"3612","12","2","STAN","STEPHENS","standard","permutations","logcor","-0.211709173688547"
"3613","13","2","STAN","STEPHENS","standard","permutations","logcor","-0.154550759848598"
"3614","14","2","STAN","STEPHENS","standard","permutations","logcor","-0.326284310233723"
"3615","15","2","STAN","STEPHENS","standard","permutations","logcor","-0.281434959691314"
"3616","16","2","STAN","STEPHENS","standard","permutations","logcor","-0.35724653583769"
"3617","17","2","STAN","STEPHENS","standard","permutations","logcor","-0.596565082713701"
"3618","18","2","STAN","STEPHENS","standard","permutations","logcor","-0.211091470290068"
"3619","19","2","STAN","STEPHENS","standard","permutations","logcor","-0.244622582991334"
"3620","20","2","STAN","STEPHENS","standard","permutations","logcor","-0.370918764355581"
"3621","1","3","STAN","STEPHENS","standard","permutations","logcor","-1.18941265299461"
"3622","2","3","STAN","STEPHENS","standard","permutations","logcor","-0.851908472944887"
"3623","3","3","STAN","STEPHENS","standard","permutations","logcor","-1.12239281733351"
"3624","4","3","STAN","STEPHENS","standard","permutations","logcor","-0.965218405497579"
"3625","5","3","STAN","STEPHENS","standard","permutations","logcor","-1.4558588245058"
"3626","6","3","STAN","STEPHENS","standard","permutations","logcor","-1.25211317965387"
"3627","7","3","STAN","STEPHENS","standard","permutations","logcor","-1.27511083215928"
"3628","8","3","STAN","STEPHENS","standard","permutations","logcor","-1.01832345743931"
"3629","9","3","STAN","STEPHENS","standard","permutations","logcor","-1.26478494372269"
"3630","10","3","STAN","STEPHENS","standard","permutations","logcor","-1.1523295711741"
"3631","11","3","STAN","STEPHENS","standard","permutations","logcor","-1.18908419183219"
"3632","12","3","STAN","STEPHENS","standard","permutations","logcor","-1.32350737302113"
"3633","13","3","STAN","STEPHENS","standard","permutations","logcor","-1.08234531620424"
"3634","14","3","STAN","STEPHENS","standard","permutations","logcor","-1.10593906405457"
"3635","15","3","STAN","STEPHENS","standard","permutations","logcor","-1.0418539548495"
"3636","16","3","STAN","STEPHENS","standard","permutations","logcor","-1.35712398382011"
"3637","17","3","STAN","STEPHENS","standard","permutations","logcor","-1.06595150642856"
"3638","18","3","STAN","STEPHENS","standard","permutations","logcor","-0.985372893061599"
"3639","19","3","STAN","STEPHENS","standard","permutations","logcor","-1.1999807830564"
"3640","20","3","STAN","STEPHENS","standard","permutations","logcor","-1.3649243353837"
"3641","1","4","STAN","STEPHENS","standard","permutations","logcor","-2.1294724752854"
"3642","2","4","STAN","STEPHENS","standard","permutations","logcor","-2.14986400597638"
"3643","3","4","STAN","STEPHENS","standard","permutations","logcor","-1.76843364392456"
"3644","4","4","STAN","STEPHENS","standard","permutations","logcor","-1.78319623856757"
"3645","5","4","STAN","STEPHENS","standard","permutations","logcor","-1.81400507817537"
"3646","6","4","STAN","STEPHENS","standard","permutations","logcor","-2.10455424249491"
"3647","7","4","STAN","STEPHENS","standard","permutations","logcor","-1.84769510155836"
"3648","8","4","STAN","STEPHENS","standard","permutations","logcor","-1.70265029415628"
"3649","9","4","STAN","STEPHENS","standard","permutations","logcor","-1.60146974278492"
"3650","10","4","STAN","STEPHENS","standard","permutations","logcor","-1.98704469241387"
"3651","11","4","STAN","STEPHENS","standard","permutations","logcor","-2.09882825548003"
"3652","12","4","STAN","STEPHENS","standard","permutations","logcor","-2.01590352087585"
"3653","13","4","STAN","STEPHENS","standard","permutations","logcor","-3.41428262121081"
"3654","14","4","STAN","STEPHENS","standard","permutations","logcor","-1.79215954924939"
"3655","15","4","STAN","STEPHENS","standard","permutations","logcor","-2.26915031690781"
"3656","16","4","STAN","STEPHENS","standard","permutations","logcor","-2.10455424249491"
"3657","17","4","STAN","STEPHENS","standard","permutations","logcor","-2.04099035530558"
"3658","18","4","STAN","STEPHENS","standard","permutations","logcor","-1.99363088526673"
"3659","19","4","STAN","STEPHENS","standard","permutations","logcor","-2.13031387205359"
"3660","20","4","STAN","STEPHENS","standard","permutations","logcor","-2.0572887370387"
"3661","1","5","STAN","STEPHENS","standard","permutations","logcor","-2.57965698633381"
"3662","2","5","STAN","STEPHENS","standard","permutations","logcor","-2.67800607975383"
"3663","3","5","STAN","STEPHENS","standard","permutations","logcor","-2.74575206828622"
"3664","4","5","STAN","STEPHENS","standard","permutations","logcor","-2.39032400730205"
"3665","5","5","STAN","STEPHENS","standard","permutations","logcor","-2.27496992596107"
"3666","6","5","STAN","STEPHENS","standard","permutations","logcor","-2.52572864430826"
"3667","7","5","STAN","STEPHENS","standard","permutations","logcor","-2.70008203145303"
"3668","8","5","STAN","STEPHENS","standard","permutations","logcor","-3.48024058900261"
"3669","9","5","STAN","STEPHENS","standard","permutations","logcor","-2.44299724671079"
"3670","10","5","STAN","STEPHENS","standard","permutations","logcor","-2.45340798272863"
"3671","11","5","STAN","STEPHENS","standard","permutations","logcor","-3.05760767727208"
"3672","12","5","STAN","STEPHENS","standard","permutations","logcor","-3.13960264397369"
"3673","13","5","STAN","STEPHENS","standard","permutations","logcor","-2.67364877438488"
"3674","14","5","STAN","STEPHENS","standard","permutations","logcor","-2.45573627248822"
"3675","15","5","STAN","STEPHENS","standard","permutations","logcor","-2.74109005518041"
"3676","16","5","STAN","STEPHENS","standard","permutations","logcor","-2.66355496121566"
"3677","17","5","STAN","STEPHENS","standard","permutations","logcor","-2.62141389444266"
"3678","18","5","STAN","STEPHENS","standard","permutations","logcor","-2.46275384514687"
"3679","19","5","STAN","STEPHENS","standard","permutations","logcor","-2.56135582195141"
"3680","20","5","STAN","STEPHENS","standard","permutations","logcor","-3.57912859015482"
"3681","1","6","STAN","STEPHENS","standard","permutations","logcor","-3.11226608980994"
"3682","2","6","STAN","STEPHENS","standard","permutations","logcor","-3.25969781938846"
"3683","3","6","STAN","STEPHENS","standard","permutations","logcor","-3.45459815838927"
"3684","4","6","STAN","STEPHENS","standard","permutations","logcor","-3.31318650433944"
"3685","5","6","STAN","STEPHENS","standard","permutations","logcor","-2.91139112512024"
"3686","6","6","STAN","STEPHENS","standard","permutations","logcor","-3.63061054598996"
"3687","7","6","STAN","STEPHENS","standard","permutations","logcor","-3.66907682681776"
"3688","8","6","STAN","STEPHENS","standard","permutations","logcor","-3.21637894466961"
"3689","9","6","STAN","STEPHENS","standard","permutations","logcor","-4.02295456613543"
"3690","10","6","STAN","STEPHENS","standard","permutations","logcor","-3.28341434600577"
"3691","11","6","STAN","STEPHENS","standard","permutations","logcor","-3.50323010722731"
"3692","12","6","STAN","STEPHENS","standard","permutations","logcor","-3.9954046143672"
"3693","13","6","STAN","STEPHENS","standard","permutations","logcor","-3.79423996977176"
"3694","14","6","STAN","STEPHENS","standard","permutations","logcor","-3.3270179834879"
"3695","15","6","STAN","STEPHENS","standard","permutations","logcor","-3.04913305028111"
"3696","16","6","STAN","STEPHENS","standard","permutations","logcor","-4.33514304877503"
"3697","17","6","STAN","STEPHENS","standard","permutations","logcor","-4.06867681547352"
"3698","18","6","STAN","STEPHENS","standard","permutations","logcor","-4.13516655674236"
"3699","19","6","STAN","STEPHENS","standard","permutations","logcor","-3.64199586821509"
"3700","20","6","STAN","STEPHENS","standard","permutations","logcor","-4.17990245058375"
"3701","1","2","JAGS","STEPHENS","standard","permutations","logcor","-0.1542006810773"
"3702","2","2","JAGS","STEPHENS","standard","permutations","logcor","-0.369760183487388"
"3703","3","2","JAGS","STEPHENS","standard","permutations","logcor","-0.291422392067504"
"3704","4","2","JAGS","STEPHENS","standard","permutations","logcor","-0.32545317013878"
"3705","5","2","JAGS","STEPHENS","standard","permutations","logcor","-0.273121921120451"
"3706","6","2","JAGS","STEPHENS","standard","permutations","logcor","-0.349557476169868"
"3707","7","2","JAGS","STEPHENS","standard","permutations","logcor","-0.240162556483805"
"3708","8","2","JAGS","STEPHENS","standard","permutations","logcor","-0.135132673991496"
"3709","9","2","JAGS","STEPHENS","standard","permutations","logcor","-0.204689872655963"
"3710","10","2","JAGS","STEPHENS","standard","permutations","logcor","-0.357961485464197"
"3711","11","2","JAGS","STEPHENS","standard","permutations","logcor","-0.451142621604817"
"3712","12","2","JAGS","STEPHENS","standard","permutations","logcor","-0.210597582145691"
"3713","13","2","JAGS","STEPHENS","standard","permutations","logcor","-0.376586148557788"
"3714","14","2","JAGS","STEPHENS","standard","permutations","logcor","-0.287548748006546"
"3715","15","2","JAGS","STEPHENS","standard","permutations","logcor","-0.142716302201595"
"3716","16","2","JAGS","STEPHENS","standard","permutations","logcor","-0.171500318162371"
"3717","17","2","JAGS","STEPHENS","standard","permutations","logcor","-0.230545881080972"
"3718","18","2","JAGS","STEPHENS","standard","permutations","logcor","-0.61803970807314"
"3719","19","2","JAGS","STEPHENS","standard","permutations","logcor","-0.190676361176708"
"3720","20","2","JAGS","STEPHENS","standard","permutations","logcor","-0.28342448219914"
"3721","1","3","JAGS","STEPHENS","standard","permutations","logcor","-1.2120049760232"
"3722","2","3","JAGS","STEPHENS","standard","permutations","logcor","-1.32238103537624"
"3723","3","3","JAGS","STEPHENS","standard","permutations","logcor","-1.14444682501191"
"3724","4","3","JAGS","STEPHENS","standard","permutations","logcor","-1.28482139218926"
"3725","5","3","JAGS","STEPHENS","standard","permutations","logcor","-0.983499481567605"
"3726","6","3","JAGS","STEPHENS","standard","permutations","logcor","-1.19468275741884"
"3727","7","3","JAGS","STEPHENS","standard","permutations","logcor","-1.24827306322252"
"3728","8","3","JAGS","STEPHENS","standard","permutations","logcor","-1.27797821763643"
"3729","9","3","JAGS","STEPHENS","standard","permutations","logcor","-1.24548948452887"
"3730","10","3","JAGS","STEPHENS","standard","permutations","logcor","-1.22145811866696"
"3731","11","3","JAGS","STEPHENS","standard","permutations","logcor","-1.15581776243889"
"3732","12","3","JAGS","STEPHENS","standard","permutations","logcor","-1.19072757757592"
"3733","13","3","JAGS","STEPHENS","standard","permutations","logcor","-1.37476112530622"
"3734","14","3","JAGS","STEPHENS","standard","permutations","logcor","-1.34822816031343"
"3735","15","3","JAGS","STEPHENS","standard","permutations","logcor","-1.30048370470678"
"3736","16","3","JAGS","STEPHENS","standard","permutations","logcor","-1.49968704847498"
"3737","17","3","JAGS","STEPHENS","standard","permutations","logcor","-0.74128755588788"
"3738","18","3","JAGS","STEPHENS","standard","permutations","logcor","-1.17247413726657"
"3739","19","3","JAGS","STEPHENS","standard","permutations","logcor","-1.14570389620196"
"3740","20","3","JAGS","STEPHENS","standard","permutations","logcor","-0.950364712207907"
"3741","1","4","JAGS","STEPHENS","standard","permutations","logcor","-2.05885490807145"
"3742","2","4","JAGS","STEPHENS","standard","permutations","logcor","-2.02117263355586"
"3743","3","4","JAGS","STEPHENS","standard","permutations","logcor","-1.73386799081228"
"3744","4","4","JAGS","STEPHENS","standard","permutations","logcor","-1.85661804157655"
"3745","5","4","JAGS","STEPHENS","standard","permutations","logcor","-2.18836394890402"
"3746","6","4","JAGS","STEPHENS","standard","permutations","logcor","-2.15675464478251"
"3747","7","4","JAGS","STEPHENS","standard","permutations","logcor","-2.01590352087585"
"3748","8","4","JAGS","STEPHENS","standard","permutations","logcor","-1.79637008178574"
"3749","9","4","JAGS","STEPHENS","standard","permutations","logcor","-2.02798826009092"
"3750","10","4","JAGS","STEPHENS","standard","permutations","logcor","-2.30860316531961"
"3751","11","4","JAGS","STEPHENS","standard","permutations","logcor","-1.83008458354972"
"3752","12","4","JAGS","STEPHENS","standard","permutations","logcor","-1.95899538860397"
"3753","13","4","JAGS","STEPHENS","standard","permutations","logcor","-2.09151412291411"
"3754","14","4","JAGS","STEPHENS","standard","permutations","logcor","-2.27011790285654"
"3755","15","4","JAGS","STEPHENS","standard","permutations","logcor","-2.04716798112954"
"3756","16","4","JAGS","STEPHENS","standard","permutations","logcor","-1.78617509093415"
"3757","17","4","JAGS","STEPHENS","standard","permutations","logcor","-2.09638426241015"
"3758","18","4","JAGS","STEPHENS","standard","permutations","logcor","-1.78438671489864"
"3759","19","4","JAGS","STEPHENS","standard","permutations","logcor","-2.22933463125445"
"3760","20","4","JAGS","STEPHENS","standard","permutations","logcor","-1.87601102167565"
"3761","1","5","JAGS","STEPHENS","standard","permutations","logcor","-2.3870542496205"
"3762","2","5","JAGS","STEPHENS","standard","permutations","logcor","-2.57177258280966"
"3763","3","5","JAGS","STEPHENS","standard","permutations","logcor","-3.0988730324735"
"3764","4","5","JAGS","STEPHENS","standard","permutations","logcor","-2.82683373709218"
"3765","5","5","JAGS","STEPHENS","standard","permutations","logcor","-3.2114038100295"
"3766","6","5","JAGS","STEPHENS","standard","permutations","logcor","-3.18206185174548"
"3767","7","5","JAGS","STEPHENS","standard","permutations","logcor","-2.29859307172451"
"3768","8","5","JAGS","STEPHENS","standard","permutations","logcor","-2.46982101236996"
"3769","9","5","JAGS","STEPHENS","standard","permutations","logcor","-2.68531071413272"
"3770","10","5","JAGS","STEPHENS","standard","permutations","logcor","-2.57177258280966"
"3771","11","5","JAGS","STEPHENS","standard","permutations","logcor","-2.48530672980934"
"3772","12","5","JAGS","STEPHENS","standard","permutations","logcor","-2.86470401114759"
"3773","13","5","JAGS","STEPHENS","standard","permutations","logcor","-1.66231140204117"
"3774","14","5","JAGS","STEPHENS","standard","permutations","logcor","-2.69711026106388"
"3775","15","5","JAGS","STEPHENS","standard","permutations","logcor","-3.37260992481024"
"3776","16","5","JAGS","STEPHENS","standard","permutations","logcor","-2.53199825732185"
"3777","17","5","JAGS","STEPHENS","standard","permutations","logcor","-2.72417958303209"
"3778","18","5","JAGS","STEPHENS","standard","permutations","logcor","-2.30158559266096"
"3779","19","5","JAGS","STEPHENS","standard","permutations","logcor","-2.75200208863139"
"3780","20","5","JAGS","STEPHENS","standard","permutations","logcor","-2.22562405185792"
"3781","1","6","JAGS","STEPHENS","standard","permutations","logcor","-3.9792317551216"
"3782","2","6","JAGS","STEPHENS","standard","permutations","logcor","-3.94248221291285"
"3783","3","6","JAGS","STEPHENS","standard","permutations","logcor","-3.83970234384852"
"3784","4","6","JAGS","STEPHENS","standard","permutations","logcor","-2.59964432725842"
"3785","5","6","JAGS","STEPHENS","standard","permutations","logcor","-4.25451331437492"
"3786","6","6","JAGS","STEPHENS","standard","permutations","logcor","-3.71727892863563"
"3787","7","6","JAGS","STEPHENS","standard","permutations","logcor","-3.8076629901039"
"3788","8","6","JAGS","STEPHENS","standard","permutations","logcor","-4.00085421913476"
"3789","9","6","JAGS","STEPHENS","standard","permutations","logcor","-3.17725415017738"
"3790","10","6","JAGS","STEPHENS","standard","permutations","logcor","-2.06120877341878"
"3791","11","6","JAGS","STEPHENS","standard","permutations","logcor","-3.09004295302523"
"3792","12","6","JAGS","STEPHENS","standard","permutations","logcor","-3.87280229227486"
"3793","13","6","JAGS","STEPHENS","standard","permutations","logcor","-3.45776773315055"
"3794","14","6","JAGS","STEPHENS","standard","permutations","logcor","-2.68971924441749"
"3795","15","6","JAGS","STEPHENS","standard","permutations","logcor","-3.9954046143672"
"3796","16","6","JAGS","STEPHENS","standard","permutations","logcor","-3.88733039283777"
"3797","17","6","JAGS","STEPHENS","standard","permutations","logcor","-3.94248221291285"
"3798","18","6","JAGS","STEPHENS","standard","permutations","logcor","-3.67300610495765"
"3799","19","6","JAGS","STEPHENS","standard","permutations","logcor","-4.50986000618377"
"3800","20","6","JAGS","STEPHENS","standard","permutations","logcor","-4.35831010805657"
"3801","1","2","STAN","ECR","standard","permutations","logcor",NA
"3802","2","2","STAN","ECR","standard","permutations","logcor",NA
"3803","3","2","STAN","ECR","standard","permutations","logcor",NA
"3804","4","2","STAN","ECR","standard","permutations","logcor",NA
"3805","5","2","STAN","ECR","standard","permutations","logcor",NA
"3806","6","2","STAN","ECR","standard","permutations","logcor",NA
"3807","7","2","STAN","ECR","standard","permutations","logcor",NA
"3808","8","2","STAN","ECR","standard","permutations","logcor",NA
"3809","9","2","STAN","ECR","standard","permutations","logcor",NA
"3810","10","2","STAN","ECR","standard","permutations","logcor",NA
"3811","11","2","STAN","ECR","standard","permutations","logcor",NA
"3812","12","2","STAN","ECR","standard","permutations","logcor",NA
"3813","13","2","STAN","ECR","standard","permutations","logcor",NA
"3814","14","2","STAN","ECR","standard","permutations","logcor",NA
"3815","15","2","STAN","ECR","standard","permutations","logcor",NA
"3816","16","2","STAN","ECR","standard","permutations","logcor",NA
"3817","17","2","STAN","ECR","standard","permutations","logcor",NA
"3818","18","2","STAN","ECR","standard","permutations","logcor",NA
"3819","19","2","STAN","ECR","standard","permutations","logcor",NA
"3820","20","2","STAN","ECR","standard","permutations","logcor",NA
"3821","1","3","STAN","ECR","standard","permutations","logcor",NA
"3822","2","3","STAN","ECR","standard","permutations","logcor",NA
"3823","3","3","STAN","ECR","standard","permutations","logcor",NA
"3824","4","3","STAN","ECR","standard","permutations","logcor",NA
"3825","5","3","STAN","ECR","standard","permutations","logcor",NA
"3826","6","3","STAN","ECR","standard","permutations","logcor",NA
"3827","7","3","STAN","ECR","standard","permutations","logcor",NA
"3828","8","3","STAN","ECR","standard","permutations","logcor",NA
"3829","9","3","STAN","ECR","standard","permutations","logcor",NA
"3830","10","3","STAN","ECR","standard","permutations","logcor",NA
"3831","11","3","STAN","ECR","standard","permutations","logcor",NA
"3832","12","3","STAN","ECR","standard","permutations","logcor",NA
"3833","13","3","STAN","ECR","standard","permutations","logcor",NA
"3834","14","3","STAN","ECR","standard","permutations","logcor",NA
"3835","15","3","STAN","ECR","standard","permutations","logcor",NA
"3836","16","3","STAN","ECR","standard","permutations","logcor",NA
"3837","17","3","STAN","ECR","standard","permutations","logcor",NA
"3838","18","3","STAN","ECR","standard","permutations","logcor",NA
"3839","19","3","STAN","ECR","standard","permutations","logcor",NA
"3840","20","3","STAN","ECR","standard","permutations","logcor",NA
"3841","1","4","STAN","ECR","standard","permutations","logcor",NA
"3842","2","4","STAN","ECR","standard","permutations","logcor",NA
"3843","3","4","STAN","ECR","standard","permutations","logcor",NA
"3844","4","4","STAN","ECR","standard","permutations","logcor",NA
"3845","5","4","STAN","ECR","standard","permutations","logcor",NA
"3846","6","4","STAN","ECR","standard","permutations","logcor",NA
"3847","7","4","STAN","ECR","standard","permutations","logcor",NA
"3848","8","4","STAN","ECR","standard","permutations","logcor",NA
"3849","9","4","STAN","ECR","standard","permutations","logcor",NA
"3850","10","4","STAN","ECR","standard","permutations","logcor",NA
"3851","11","4","STAN","ECR","standard","permutations","logcor",NA
"3852","12","4","STAN","ECR","standard","permutations","logcor",NA
"3853","13","4","STAN","ECR","standard","permutations","logcor",NA
"3854","14","4","STAN","ECR","standard","permutations","logcor",NA
"3855","15","4","STAN","ECR","standard","permutations","logcor",NA
"3856","16","4","STAN","ECR","standard","permutations","logcor",NA
"3857","17","4","STAN","ECR","standard","permutations","logcor",NA
"3858","18","4","STAN","ECR","standard","permutations","logcor",NA
"3859","19","4","STAN","ECR","standard","permutations","logcor",NA
"3860","20","4","STAN","ECR","standard","permutations","logcor",NA
"3861","1","5","STAN","ECR","standard","permutations","logcor",NA
"3862","2","5","STAN","ECR","standard","permutations","logcor",NA
"3863","3","5","STAN","ECR","standard","permutations","logcor",NA
"3864","4","5","STAN","ECR","standard","permutations","logcor",NA
"3865","5","5","STAN","ECR","standard","permutations","logcor",NA
"3866","6","5","STAN","ECR","standard","permutations","logcor",NA
"3867","7","5","STAN","ECR","standard","permutations","logcor",NA
"3868","8","5","STAN","ECR","standard","permutations","logcor",NA
"3869","9","5","STAN","ECR","standard","permutations","logcor",NA
"3870","10","5","STAN","ECR","standard","permutations","logcor",NA
"3871","11","5","STAN","ECR","standard","permutations","logcor",NA
"3872","12","5","STAN","ECR","standard","permutations","logcor",NA
"3873","13","5","STAN","ECR","standard","permutations","logcor",NA
"3874","14","5","STAN","ECR","standard","permutations","logcor",NA
"3875","15","5","STAN","ECR","standard","permutations","logcor",NA
"3876","16","5","STAN","ECR","standard","permutations","logcor",NA
"3877","17","5","STAN","ECR","standard","permutations","logcor",NA
"3878","18","5","STAN","ECR","standard","permutations","logcor",NA
"3879","19","5","STAN","ECR","standard","permutations","logcor",NA
"3880","20","5","STAN","ECR","standard","permutations","logcor",NA
"3881","1","6","STAN","ECR","standard","permutations","logcor",NA
"3882","2","6","STAN","ECR","standard","permutations","logcor",NA
"3883","3","6","STAN","ECR","standard","permutations","logcor",NA
"3884","4","6","STAN","ECR","standard","permutations","logcor",NA
"3885","5","6","STAN","ECR","standard","permutations","logcor",NA
"3886","6","6","STAN","ECR","standard","permutations","logcor",NA
"3887","7","6","STAN","ECR","standard","permutations","logcor",NA
"3888","8","6","STAN","ECR","standard","permutations","logcor",NA
"3889","9","6","STAN","ECR","standard","permutations","logcor",NA
"3890","10","6","STAN","ECR","standard","permutations","logcor",NA
"3891","11","6","STAN","ECR","standard","permutations","logcor",NA
"3892","12","6","STAN","ECR","standard","permutations","logcor",NA
"3893","13","6","STAN","ECR","standard","permutations","logcor",NA
"3894","14","6","STAN","ECR","standard","permutations","logcor",NA
"3895","15","6","STAN","ECR","standard","permutations","logcor",NA
"3896","16","6","STAN","ECR","standard","permutations","logcor",NA
"3897","17","6","STAN","ECR","standard","permutations","logcor",NA
"3898","18","6","STAN","ECR","standard","permutations","logcor",NA
"3899","19","6","STAN","ECR","standard","permutations","logcor",NA
"3900","20","6","STAN","ECR","standard","permutations","logcor",NA
"3901","1","2","JAGS","ECR","standard","permutations","logcor","-0.1542006810773"
"3902","2","2","JAGS","ECR","standard","permutations","logcor","-0.369760183487388"
"3903","3","2","JAGS","ECR","standard","permutations","logcor","-0.291422392067504"
"3904","4","2","JAGS","ECR","standard","permutations","logcor","-0.32545317013878"
"3905","5","2","JAGS","ECR","standard","permutations","logcor","-0.273121921120451"
"3906","6","2","JAGS","ECR","standard","permutations","logcor","-0.349557476169868"
"3907","7","2","JAGS","ECR","standard","permutations","logcor","-0.240162556483805"
"3908","8","2","JAGS","ECR","standard","permutations","logcor","-0.135132673991496"
"3909","9","2","JAGS","ECR","standard","permutations","logcor","-0.204689872655963"
"3910","10","2","JAGS","ECR","standard","permutations","logcor","-0.357961485464197"
"3911","11","2","JAGS","ECR","standard","permutations","logcor","-0.451142621604817"
"3912","12","2","JAGS","ECR","standard","permutations","logcor","-0.210597582145691"
"3913","13","2","JAGS","ECR","standard","permutations","logcor","-0.376586148557788"
"3914","14","2","JAGS","ECR","standard","permutations","logcor","-0.287548748006546"
"3915","15","2","JAGS","ECR","standard","permutations","logcor","-0.142716302201595"
"3916","16","2","JAGS","ECR","standard","permutations","logcor","-0.171500318162371"
"3917","17","2","JAGS","ECR","standard","permutations","logcor","-0.230545881080972"
"3918","18","2","JAGS","ECR","standard","permutations","logcor","-0.61803970807314"
"3919","19","2","JAGS","ECR","standard","permutations","logcor","-0.190676361176708"
"3920","20","2","JAGS","ECR","standard","permutations","logcor","-0.28342448219914"
"3921","1","3","JAGS","ECR","standard","permutations","logcor","-1.69772282730167"
"3922","2","3","JAGS","ECR","standard","permutations","logcor","-1.54458694011448"
"3923","3","3","JAGS","ECR","standard","permutations","logcor","-1.21976349023226"
"3924","4","3","JAGS","ECR","standard","permutations","logcor","-1.52924137043982"
"3925","5","3","JAGS","ECR","standard","permutations","logcor","-3.06187207605854"
"3926","6","3","JAGS","ECR","standard","permutations","logcor","-4.66704558970618"
"3927","7","3","JAGS","ECR","standard","permutations","logcor","-1.33104888689391"
"3928","8","3","JAGS","ECR","standard","permutations","logcor","-1.43548460531066"
"3929","9","3","JAGS","ECR","standard","permutations","logcor","-1.37872309562357"
"3930","10","3","JAGS","ECR","standard","permutations","logcor","-1.35945770716633"
"3931","11","3","JAGS","ECR","standard","permutations","logcor","-1.28880473984263"
"3932","12","3","JAGS","ECR","standard","permutations","logcor","-2.89860556282327"
"3933","13","3","JAGS","ECR","standard","permutations","logcor","-3.9954046143672"
"3934","14","3","JAGS","ECR","standard","permutations","logcor","-1.43800879680657"
"3935","15","3","JAGS","ECR","standard","permutations","logcor","-1.77904069682028"
"3936","16","3","JAGS","ECR","standard","permutations","logcor","-1.57262393931138"
"3937","17","3","JAGS","ECR","standard","permutations","logcor","-0.801846597483286"
"3938","18","3","JAGS","ECR","standard","permutations","logcor","-1.28229477110141"
"3939","19","3","JAGS","ECR","standard","permutations","logcor","-1.31900961431429"
"3940","20","3","JAGS","ECR","standard","permutations","logcor","-1.09034654425108"
"3941","1","4","JAGS","ECR","standard","permutations","logcor","-2.808423175249"
"3942","2","4","JAGS","ECR","standard","permutations","logcor","-3.3214624136433"
"3943","3","4","JAGS","ECR","standard","permutations","logcor","-2.15158221945752"
"3944","4","4","JAGS","ECR","standard","permutations","logcor","-7.41858090274813"
"3945","5","4","JAGS","ECR","standard","permutations","logcor","-3.18689277901515"
"3946","6","4","JAGS","ECR","standard","permutations","logcor","-4.60517018598809"
"3947","7","4","JAGS","ECR","standard","permutations","logcor","-6.21460809842219"
"3948","8","4","JAGS","ECR","standard","permutations","logcor","-7.13089883029635"
"3949","9","4","JAGS","ECR","standard","permutations","logcor","-3.48024058900261"
"3950","10","4","JAGS","ECR","standard","permutations","logcor","-3.02825546525955"
"3951","11","4","JAGS","ECR","standard","permutations","logcor","-4.39005880637115"
"3952","12","4","JAGS","ECR","standard","permutations","logcor","-3.11903048989848"
"3953","13","4","JAGS","ECR","standard","permutations","logcor","-4.6356293934728"
"3954","14","4","JAGS","ECR","standard","permutations","logcor","-2.62693114981742"
"3955","15","4","JAGS","ECR","standard","permutations","logcor","-3.63061054598996"
"3956","16","4","JAGS","ECR","standard","permutations","logcor","-5.7138328105097"
"3957","17","4","JAGS","ECR","standard","permutations","logcor","-6.72543372218818"
"3958","18","4","JAGS","ECR","standard","permutations","logcor","-4.77952357313287"
"3959","19","4","JAGS","ECR","standard","permutations","logcor","-5.74460446917646"
"3960","20","4","JAGS","ECR","standard","permutations","logcor","-2.35598586972116"
"3961","1","5","JAGS","ECR","standard","permutations","logcor","-3.62684406319448"
"3962","2","5","JAGS","ECR","standard","permutations","logcor","-3.72970144863419"
"3963","3","5","JAGS","ECR","standard","permutations","logcor","-3.19418321227783"
"3964","4","5","JAGS","ECR","standard","permutations","logcor","-4.26158048159801"
"3965","5","5","JAGS","ECR","standard","permutations","logcor","-2.93181894781034"
"3966","6","5","JAGS","ECR","standard","permutations","logcor","-5.13280292807046"
"3967","7","5","JAGS","ECR","standard","permutations","logcor","-2.45224586754845"
"3968","8","5","JAGS","ECR","standard","permutations","logcor","-3.2519156789464"
"3969","9","5","JAGS","ECR","standard","permutations","logcor","-3.8971343929344"
"3970","10","5","JAGS","ECR","standard","permutations","logcor","-4.3740584650247"
"3971","11","5","JAGS","ECR","standard","permutations","logcor","-3.56136613381498"
"3972","12","5","JAGS","ECR","standard","permutations","logcor","-3.80316860051606"
"3973","13","5","JAGS","ECR","standard","permutations","logcor","-2.76780020550798"
"3974","14","5","JAGS","ECR","standard","permutations","logcor","-2.60911025324731"
"3975","15","5","JAGS","ECR","standard","permutations","logcor","-3.38729447649316"
"3976","16","5","JAGS","ECR","standard","permutations","logcor","-2.63805782928218"
"3977","17","5","JAGS","ECR","standard","permutations","logcor","-3.9528449999484"
"3978","18","5","JAGS","ECR","standard","permutations","logcor","-3.98998454689786"
"3979","19","5","JAGS","ECR","standard","permutations","logcor","-2.86998106824843"
"3980","20","5","JAGS","ECR","standard","permutations","logcor","-2.58097711853873"
"3981","1","6","JAGS","ECR","standard","permutations","logcor","-5.14989736142976"
"3982","2","6","JAGS","ECR","standard","permutations","logcor","-4.24749574171628"
"3983","3","6","JAGS","ECR","standard","permutations","logcor","-4.11047394415198"
"3984","4","6","JAGS","ECR","standard","permutations","logcor","-2.37515578582888"
"3985","5","6","JAGS","ECR","standard","permutations","logcor","-5.06720564558465"
"3986","6","6","JAGS","ECR","standard","permutations","logcor","-5.24004845842406"
"3987","7","6","JAGS","ECR","standard","permutations","logcor","-4.67774087882293"
"3988","8","6","JAGS","ECR","standard","permutations","logcor","-8.11172808330807"
"3989","9","6","JAGS","ECR","standard","permutations","logcor","-4.21312809821207"
"3990","10","6","JAGS","ECR","standard","permutations","logcor","-3.74228023084105"
"3991","11","6","JAGS","ECR","standard","permutations","logcor","-5.40367788220586"
"3992","12","6","JAGS","ECR","standard","permutations","logcor","-5.02068562994976"
"3993","13","6","JAGS","ECR","standard","permutations","logcor","-3.88733039283777"
"3994","14","6","JAGS","ECR","standard","permutations","logcor","-3.53016776295912"
"3995","15","6","JAGS","ECR","standard","permutations","logcor","-4.46540824361293"
"3996","16","6","JAGS","ECR","standard","permutations","logcor","-4.26158048159801"
"3997","17","6","JAGS","ECR","standard","permutations","logcor","-4.85363154528659"
"3998","18","6","JAGS","ECR","standard","permutations","logcor","-4.14143616975595"
"3999","19","6","JAGS","ECR","standard","permutations","logcor","-7.01311579463996"
"4000","20","6","JAGS","ECR","standard","permutations","logcor","-5.7138328105097"
"4001","1","2","STAN","STEPHENS","robust","permutations","logcor","-1.20430619322717"
"4002","2","2","STAN","STEPHENS","robust","permutations","logcor","-1.70760216122133"
"4003","3","2","STAN","STEPHENS","robust","permutations","logcor","-0.818937186618245"
"4004","4","2","STAN","STEPHENS","robust","permutations","logcor","-2.1663074747015"
"4005","5","2","STAN","STEPHENS","robust","permutations","logcor","-0.86916862480542"
"4006","6","2","STAN","STEPHENS","robust","permutations","logcor","-1.19006989915694"
"4007","7","2","STAN","STEPHENS","robust","permutations","logcor","-1.12485359987334"
"4008","8","2","STAN","STEPHENS","robust","permutations","logcor","-1.23787435600162"
"4009","9","2","STAN","STEPHENS","robust","permutations","logcor","-1.09781260849755"
"4010","10","2","STAN","STEPHENS","robust","permutations","logcor","-1.55637119149741"
"4011","11","2","STAN","STEPHENS","robust","permutations","logcor","-0.718464988544235"
"4012","12","2","STAN","STEPHENS","robust","permutations","logcor","-1.10805674749611"
"4013","13","2","STAN","STEPHENS","robust","permutations","logcor","-0.671777154823753"
"4014","14","2","STAN","STEPHENS","robust","permutations","logcor","-0.678652734409493"
"4015","15","2","STAN","STEPHENS","robust","permutations","logcor","-0.953733027350025"
"4016","16","2","STAN","STEPHENS","robust","permutations","logcor","-1.33522109093589"
"4017","17","2","STAN","STEPHENS","robust","permutations","logcor","-1.64144470856919"
"4018","18","2","STAN","STEPHENS","robust","permutations","logcor","-1.03310548646599"
"4019","19","2","STAN","STEPHENS","robust","permutations","logcor","-1.2964536571201"
"4020","20","2","STAN","STEPHENS","robust","permutations","logcor","-1.53618745069451"
"4021","1","3","STAN","STEPHENS","robust","permutations","logcor","-2.52697942620991"
"4022","2","3","STAN","STEPHENS","robust","permutations","logcor","-1.58620978631489"
"4023","3","3","STAN","STEPHENS","robust","permutations","logcor","-1.8496004689179"
"4024","4","3","STAN","STEPHENS","robust","permutations","logcor","-1.8766639763185"
"4025","5","3","STAN","STEPHENS","robust","permutations","logcor","-2.05807151594364"
"4026","6","3","STAN","STEPHENS","robust","permutations","logcor","-1.88849065818783"
"4027","7","3","STAN","STEPHENS","robust","permutations","logcor","-1.67184537256272"
"4028","8","3","STAN","STEPHENS","robust","permutations","logcor","-1.77195684193188"
"4029","9","3","STAN","STEPHENS","robust","permutations","logcor","-2.08666758677158"
"4030","10","3","STAN","STEPHENS","robust","permutations","logcor","-2.46745973618428"
"4031","11","3","STAN","STEPHENS","robust","permutations","logcor","-2.21365888379964"
"4032","12","3","STAN","STEPHENS","robust","permutations","logcor","-2.74575206828622"
"4033","13","3","STAN","STEPHENS","robust","permutations","logcor","-2.18836394890402"
"4034","14","3","STAN","STEPHENS","robust","permutations","logcor","-1.85023639898703"
"4035","15","3","STAN","STEPHENS","robust","permutations","logcor","-1.48854859515865"
"4036","16","3","STAN","STEPHENS","robust","permutations","logcor","-2.41463459680267"
"4037","17","3","STAN","STEPHENS","robust","permutations","logcor","-2.36446049671213"
"4038","18","3","STAN","STEPHENS","robust","permutations","logcor","-2.00470519556582"
"4039","19","3","STAN","STEPHENS","robust","permutations","logcor","-2.60639654737571"
"4040","20","3","STAN","STEPHENS","robust","permutations","logcor","-2.27691734624547"
"4041","1","4","STAN","STEPHENS","robust","permutations","logcor","-2.94694210938456"
"4042","2","4","STAN","STEPHENS","robust","permutations","logcor","-3.02413174807569"
"4043","3","4","STAN","STEPHENS","robust","permutations","logcor","-2.87528612047812"
"4044","4","4","STAN","STEPHENS","robust","permutations","logcor","-2.69711026106388"
"4045","5","4","STAN","STEPHENS","robust","permutations","logcor","-3.07477548089444"
"4046","6","4","STAN","STEPHENS","robust","permutations","logcor","-3.16060691674423"
"4047","7","4","STAN","STEPHENS","robust","permutations","logcor","-2.93935194011788"
"4048","8","4","STAN","STEPHENS","robust","permutations","logcor","-2.79360808946386"
"4049","9","4","STAN","STEPHENS","robust","permutations","logcor","-2.59964432725842"
"4050","10","4","STAN","STEPHENS","robust","permutations","logcor","-2.82852435457008"
"4051","11","4","STAN","STEPHENS","robust","permutations","logcor","-3.35240721749272"
"4052","12","4","STAN","STEPHENS","robust","permutations","logcor","-3.16533505794017"
"4053","13","4","STAN","STEPHENS","robust","permutations","logcor","-4.80362112471193"
"4054","14","4","STAN","STEPHENS","robust","permutations","logcor","-3.02207624889359"
"4055","15","4","STAN","STEPHENS","robust","permutations","logcor","-3.33540964112415"
"4056","16","4","STAN","STEPHENS","robust","permutations","logcor","-3.24676102835774"
"4057","17","4","STAN","STEPHENS","robust","permutations","logcor","-3.09224317393483"
"4058","18","4","STAN","STEPHENS","robust","permutations","logcor","-2.87528612047812"
"4059","19","4","STAN","STEPHENS","robust","permutations","logcor","-3.09224317393483"
"4060","20","4","STAN","STEPHENS","robust","permutations","logcor","-3.09224317393483"
"4061","1","5","STAN","STEPHENS","robust","permutations","logcor","-3.77226106305299"
"4062","2","5","STAN","STEPHENS","robust","permutations","logcor","-3.61562899237434"
"4063","3","5","STAN","STEPHENS","robust","permutations","logcor","-3.62309171357593"
"4064","4","5","STAN","STEPHENS","robust","permutations","logcor","-3.60822155109648"
"4065","5","5","STAN","STEPHENS","robust","permutations","logcor","-3.5335865697079"
"4066","6","5","STAN","STEPHENS","robust","permutations","logcor","-3.39025744162382"
"4067","7","5","STAN","STEPHENS","robust","permutations","logcor","-3.94248221291285"
"4068","8","5","STAN","STEPHENS","robust","permutations","logcor","-4.29035944614806"
"4069","9","5","STAN","STEPHENS","robust","permutations","logcor","-3.64581996465349"
"4070","10","5","STAN","STEPHENS","robust","permutations","logcor","-3.69288747551148"
"4071","11","5","STAN","STEPHENS","robust","permutations","logcor","-4.32753844938981"
"4072","12","5","STAN","STEPHENS","robust","permutations","logcor","-3.97389840914623"
"4073","13","5","STAN","STEPHENS","robust","permutations","logcor","-3.71317214668298"
"4074","14","5","STAN","STEPHENS","robust","permutations","logcor","-3.85848223850012"
"4075","15","5","STAN","STEPHENS","robust","permutations","logcor","-3.96859335691654"
"4076","16","5","STAN","STEPHENS","robust","permutations","logcor","-3.85375409730417"
"4077","17","5","STAN","STEPHENS","robust","permutations","logcor","-3.57912859015482"
"4078","18","5","STAN","STEPHENS","robust","permutations","logcor","-3.82584530918709"
"4079","19","5","STAN","STEPHENS","robust","permutations","logcor","-3.68887945411394"
"4080","20","5","STAN","STEPHENS","robust","permutations","logcor","-4.81589121730374"
"4081","1","6","STAN","STEPHENS","robust","permutations","logcor","-4.18645985112991"
"4082","2","6","STAN","STEPHENS","robust","permutations","logcor","-4.53751153751428"
"4083","3","6","STAN","STEPHENS","robust","permutations","logcor","-4.43965574751052"
"4084","4","6","STAN","STEPHENS","robust","permutations","logcor","-4.32753844938981"
"4085","5","6","STAN","STEPHENS","robust","permutations","logcor","-4.11659017116942"
"4086","6","6","STAN","STEPHENS","robust","permutations","logcor","-4.84089251950916"
"4087","7","6","STAN","STEPHENS","robust","permutations","logcor","-4.48295255326384"
"4088","8","6","STAN","STEPHENS","robust","permutations","logcor","-4.31250057202527"
"4089","9","6","STAN","STEPHENS","robust","permutations","logcor","-5.03595310208055"
"4090","10","6","STAN","STEPHENS","robust","permutations","logcor","-4.8283137373023"
"4091","11","6","STAN","STEPHENS","robust","permutations","logcor","-5.25909665339476"
"4092","12","6","STAN","STEPHENS","robust","permutations","logcor","-5.18498868124103"
"4093","13","6","STAN","STEPHENS","robust","permutations","logcor","-4.94766049493487"
"4094","14","6","STAN","STEPHENS","robust","permutations","logcor","-3.9792317551216"
"4095","15","6","STAN","STEPHENS","robust","permutations","logcor","-4.43121687886465"
"4096","16","6","STAN","STEPHENS","robust","permutations","logcor","-5.49676830527187"
"4097","17","6","STAN","STEPHENS","robust","permutations","logcor","-4.64599218050835"
"4098","18","6","STAN","STEPHENS","robust","permutations","logcor","-6.37712702791997"
"4099","19","6","STAN","STEPHENS","robust","permutations","logcor","-4.53751153751428"
"4100","20","6","STAN","STEPHENS","robust","permutations","logcor","-5.18498868124103"
"4101","1","2","JAGS","STEPHENS","robust","permutations","logcor","-1.63526867246862"
"4102","2","2","JAGS","STEPHENS","robust","permutations","logcor","-0.7339691750802"
"4103","3","2","JAGS","STEPHENS","robust","permutations","logcor","-0.603855073081184"
"4104","4","2","JAGS","STEPHENS","robust","permutations","logcor","-1.54271428039119"
"4105","5","2","JAGS","STEPHENS","robust","permutations","logcor","-1.17862999665414"
"4106","6","2","JAGS","STEPHENS","robust","permutations","logcor","-1.24931890609281"
"4107","7","2","JAGS","STEPHENS","robust","permutations","logcor","-1.24618465313525"
"4108","8","2","JAGS","STEPHENS","robust","permutations","logcor","-1.1282470937978"
"4109","9","2","JAGS","STEPHENS","robust","permutations","logcor","-0.667674384586914"
"4110","10","2","JAGS","STEPHENS","robust","permutations","logcor","-1.36766889699673"
"4111","11","2","JAGS","STEPHENS","robust","permutations","logcor","-1.03987179364551"
"4112","12","2","JAGS","STEPHENS","robust","permutations","logcor","-1.18711568725951"
"4113","13","2","JAGS","STEPHENS","robust","permutations","logcor","-1.9604148352582"
"4114","14","2","JAGS","STEPHENS","robust","permutations","logcor","-0.770244230944912"
"4115","15","2","JAGS","STEPHENS","robust","permutations","logcor","-1.27011260683048"
"4116","16","2","JAGS","STEPHENS","robust","permutations","logcor","-1.32802545299591"
"4117","17","2","JAGS","STEPHENS","robust","permutations","logcor","-0.797175250983993"
"4118","18","2","JAGS","STEPHENS","robust","permutations","logcor","-1.13382504442385"
"4119","19","2","JAGS","STEPHENS","robust","permutations","logcor","-1.06885933051876"
"4120","20","2","JAGS","STEPHENS","robust","permutations","logcor","-1.17765549600856"
"4121","1","3","JAGS","STEPHENS","robust","permutations","logcor","-1.89113791320833"
"4122","2","3","JAGS","STEPHENS","robust","permutations","logcor","-2.36765708973776"
"4123","3","3","JAGS","STEPHENS","robust","permutations","logcor","-1.3704210119636"
"4124","4","3","JAGS","STEPHENS","robust","permutations","logcor","-3.15355635874756"
"4125","5","3","JAGS","STEPHENS","robust","permutations","logcor","-2.54211212355878"
"4126","6","3","JAGS","STEPHENS","robust","permutations","logcor","-2.09232416751085"
"4127","7","3","JAGS","STEPHENS","robust","permutations","logcor","-1.84452753476671"
"4128","8","3","JAGS","STEPHENS","robust","permutations","logcor","-2.52823177452637"
"4129","9","3","JAGS","STEPHENS","robust","permutations","logcor","-2.1803674602698"
"4130","10","3","JAGS","STEPHENS","robust","permutations","logcor","-2.28868218782505"
"4131","11","3","JAGS","STEPHENS","robust","permutations","logcor","-1.4401171678174"
"4132","12","3","JAGS","STEPHENS","robust","permutations","logcor","-2.23867176725039"
"4133","13","3","JAGS","STEPHENS","robust","permutations","logcor","-2.42701517137222"
"4134","14","3","JAGS","STEPHENS","robust","permutations","logcor","-2.26721794915675"
"4135","15","3","JAGS","STEPHENS","robust","permutations","logcor","-2.31061726469131"
"4136","16","3","JAGS","STEPHENS","robust","permutations","logcor","-2.89860556282327"
"4137","17","3","JAGS","STEPHENS","robust","permutations","logcor","-1.25141387892607"
"4138","18","3","JAGS","STEPHENS","robust","permutations","logcor","-2.23119509690737"
"4139","19","3","JAGS","STEPHENS","robust","permutations","logcor","-2.20455135272268"
"4140","20","3","JAGS","STEPHENS","robust","permutations","logcor","-2.32176791241082"
"4141","1","4","JAGS","STEPHENS","robust","permutations","logcor","-3.15590102570681"
"4142","2","4","JAGS","STEPHENS","robust","permutations","logcor","-2.7333680090865"
"4143","3","4","JAGS","STEPHENS","robust","permutations","logcor","-2.84215318562569"
"4144","4","4","JAGS","STEPHENS","robust","permutations","logcor","-2.42928274604"
"4145","5","4","JAGS","STEPHENS","robust","permutations","logcor","-2.89679232569909"
"4146","6","4","JAGS","STEPHENS","robust","permutations","logcor","-3.07261331788995"
"4147","7","4","JAGS","STEPHENS","robust","permutations","logcor","-3.27809518452817"
"4148","8","4","JAGS","STEPHENS","robust","permutations","logcor","-2.79852210426629"
"4149","9","4","JAGS","STEPHENS","robust","permutations","logcor","-3.20645330486964"
"4150","10","4","JAGS","STEPHENS","robust","permutations","logcor","-3.04282388108784"
"4151","11","4","JAGS","STEPHENS","robust","permutations","logcor","-2.68677806582667"
"4152","12","4","JAGS","STEPHENS","robust","permutations","logcor","-3.57912859015482"
"4153","13","4","JAGS","STEPHENS","robust","permutations","logcor","-3.0988730324735"
"4154","14","4","JAGS","STEPHENS","robust","permutations","logcor","-3.09444824649315"
"4155","15","4","JAGS","STEPHENS","robust","permutations","logcor","-3.11451580954396"
"4156","16","4","JAGS","STEPHENS","robust","permutations","logcor","-2.34549259400532"
"4157","17","4","JAGS","STEPHENS","robust","permutations","logcor","-3.52336501563636"
"4158","18","4","JAGS","STEPHENS","robust","permutations","logcor","-2.85076650330381"
"4159","19","4","JAGS","STEPHENS","robust","permutations","logcor","-3.39620984015112"
"4160","20","4","JAGS","STEPHENS","robust","permutations","logcor","-3.40219788199574"
"4161","1","5","JAGS","STEPHENS","robust","permutations","logcor","-3.67695088324866"
"4162","2","5","JAGS","STEPHENS","robust","permutations","logcor","-4.17990245058375"
"4163","3","5","JAGS","STEPHENS","robust","permutations","logcor","-3.93734081341244"
"4164","4","5","JAGS","STEPHENS","robust","permutations","logcor","-4.0570487774784"
"4165","5","5","JAGS","STEPHENS","robust","permutations","logcor","-4.45675018086982"
"4166","6","5","JAGS","STEPHENS","robust","permutations","logcor","-4.18645985112991"
"4167","7","5","JAGS","STEPHENS","robust","permutations","logcor","-3.03239625792558"
"4168","8","5","JAGS","STEPHENS","robust","permutations","logcor","-3.81671282562382"
"4169","9","5","JAGS","STEPHENS","robust","permutations","logcor","-3.9792317551216"
"4170","10","5","JAGS","STEPHENS","robust","permutations","logcor","-3.95806694392955"
"4171","11","5","JAGS","STEPHENS","robust","permutations","logcor","-3.83506196429202"
"4172","12","5","JAGS","STEPHENS","robust","permutations","logcor","-3.78099474302174"
"4173","13","5","JAGS","STEPHENS","robust","permutations","logcor","-3.23145460707506"
"4174","14","5","JAGS","STEPHENS","robust","permutations","logcor","-3.49002859536877"
"4175","15","5","JAGS","STEPHENS","robust","permutations","logcor","-4.29768548624013"
"4176","16","5","JAGS","STEPHENS","robust","permutations","logcor","-3.70908216143146"
"4177","17","5","JAGS","STEPHENS","robust","permutations","logcor","-3.8076629901039"
"4178","18","5","JAGS","STEPHENS","robust","permutations","logcor","-3.44828898919601"
"4179","19","5","JAGS","STEPHENS","robust","permutations","logcor","-3.59356927430961"
"4180","20","5","JAGS","STEPHENS","robust","permutations","logcor","-3.15825120305177"
"4181","1","6","JAGS","STEPHENS","robust","permutations","logcor","-6.4377516497364"
"4182","2","6","JAGS","STEPHENS","robust","permutations","logcor","-5.20300718674371"
"4183","3","6","JAGS","STEPHENS","robust","permutations","logcor","-5.38169897548709"
"4184","4","6","JAGS","STEPHENS","robust","permutations","logcor","-3.82126864215968"
"4185","5","6","JAGS","STEPHENS","robust","permutations","logcor","-7.01311579463996"
"4186","6","6","JAGS","STEPHENS","robust","permutations","logcor","-4.55638002181866"
"4187","7","6","JAGS","STEPHENS","robust","permutations","logcor","-5.25909665339476"
"4188","8","6","JAGS","STEPHENS","robust","permutations","logcor","-5.13280292807046"
"4189","9","6","JAGS","STEPHENS","robust","permutations","logcor","-4.18645985112991"
"4190","10","6","JAGS","STEPHENS","robust","permutations","logcor","-3.08129016191564"
"4191","11","6","JAGS","STEPHENS","robust","permutations","logcor","-4.8665349501225"
"4192","12","6","JAGS","STEPHENS","robust","permutations","logcor","-4.89285225843987"
"4193","13","6","JAGS","STEPHENS","robust","permutations","logcor","-4.66704558970618"
"4194","14","6","JAGS","STEPHENS","robust","permutations","logcor","-3.86800612001137"
"4195","15","6","JAGS","STEPHENS","robust","permutations","logcor","-5.29831736654804"
"4196","16","6","JAGS","STEPHENS","robust","permutations","logcor","-5.44914025628262"
"4197","17","6","JAGS","STEPHENS","robust","permutations","logcor","-4.68855179492714"
"4198","18","6","JAGS","STEPHENS","robust","permutations","logcor","-4.80362112471193"
"4199","19","6","JAGS","STEPHENS","robust","permutations","logcor","-6.31996861408002"
"4200","20","6","JAGS","STEPHENS","robust","permutations","logcor","-5.74460446917646"
"4201","1","2","STAN","ECR","robust","permutations","logcor",NA
"4202","2","2","STAN","ECR","robust","permutations","logcor",NA
"4203","3","2","STAN","ECR","robust","permutations","logcor",NA
"4204","4","2","STAN","ECR","robust","permutations","logcor",NA
"4205","5","2","STAN","ECR","robust","permutations","logcor",NA
"4206","6","2","STAN","ECR","robust","permutations","logcor",NA
"4207","7","2","STAN","ECR","robust","permutations","logcor",NA
"4208","8","2","STAN","ECR","robust","permutations","logcor",NA
"4209","9","2","STAN","ECR","robust","permutations","logcor",NA
"4210","10","2","STAN","ECR","robust","permutations","logcor",NA
"4211","11","2","STAN","ECR","robust","permutations","logcor",NA
"4212","12","2","STAN","ECR","robust","permutations","logcor",NA
"4213","13","2","STAN","ECR","robust","permutations","logcor",NA
"4214","14","2","STAN","ECR","robust","permutations","logcor",NA
"4215","15","2","STAN","ECR","robust","permutations","logcor",NA
"4216","16","2","STAN","ECR","robust","permutations","logcor",NA
"4217","17","2","STAN","ECR","robust","permutations","logcor",NA
"4218","18","2","STAN","ECR","robust","permutations","logcor",NA
"4219","19","2","STAN","ECR","robust","permutations","logcor",NA
"4220","20","2","STAN","ECR","robust","permutations","logcor",NA
"4221","1","3","STAN","ECR","robust","permutations","logcor",NA
"4222","2","3","STAN","ECR","robust","permutations","logcor",NA
"4223","3","3","STAN","ECR","robust","permutations","logcor",NA
"4224","4","3","STAN","ECR","robust","permutations","logcor",NA
"4225","5","3","STAN","ECR","robust","permutations","logcor",NA
"4226","6","3","STAN","ECR","robust","permutations","logcor",NA
"4227","7","3","STAN","ECR","robust","permutations","logcor",NA
"4228","8","3","STAN","ECR","robust","permutations","logcor",NA
"4229","9","3","STAN","ECR","robust","permutations","logcor",NA
"4230","10","3","STAN","ECR","robust","permutations","logcor",NA
"4231","11","3","STAN","ECR","robust","permutations","logcor",NA
"4232","12","3","STAN","ECR","robust","permutations","logcor",NA
"4233","13","3","STAN","ECR","robust","permutations","logcor",NA
"4234","14","3","STAN","ECR","robust","permutations","logcor",NA
"4235","15","3","STAN","ECR","robust","permutations","logcor",NA
"4236","16","3","STAN","ECR","robust","permutations","logcor",NA
"4237","17","3","STAN","ECR","robust","permutations","logcor",NA
"4238","18","3","STAN","ECR","robust","permutations","logcor",NA
"4239","19","3","STAN","ECR","robust","permutations","logcor",NA
"4240","20","3","STAN","ECR","robust","permutations","logcor",NA
"4241","1","4","STAN","ECR","robust","permutations","logcor",NA
"4242","2","4","STAN","ECR","robust","permutations","logcor",NA
"4243","3","4","STAN","ECR","robust","permutations","logcor",NA
"4244","4","4","STAN","ECR","robust","permutations","logcor",NA
"4245","5","4","STAN","ECR","robust","permutations","logcor",NA
"4246","6","4","STAN","ECR","robust","permutations","logcor",NA
"4247","7","4","STAN","ECR","robust","permutations","logcor",NA
"4248","8","4","STAN","ECR","robust","permutations","logcor",NA
"4249","9","4","STAN","ECR","robust","permutations","logcor",NA
"4250","10","4","STAN","ECR","robust","permutations","logcor",NA
"4251","11","4","STAN","ECR","robust","permutations","logcor",NA
"4252","12","4","STAN","ECR","robust","permutations","logcor",NA
"4253","13","4","STAN","ECR","robust","permutations","logcor",NA
"4254","14","4","STAN","ECR","robust","permutations","logcor",NA
"4255","15","4","STAN","ECR","robust","permutations","logcor",NA
"4256","16","4","STAN","ECR","robust","permutations","logcor",NA
"4257","17","4","STAN","ECR","robust","permutations","logcor",NA
"4258","18","4","STAN","ECR","robust","permutations","logcor",NA
"4259","19","4","STAN","ECR","robust","permutations","logcor",NA
"4260","20","4","STAN","ECR","robust","permutations","logcor",NA
"4261","1","5","STAN","ECR","robust","permutations","logcor",NA
"4262","2","5","STAN","ECR","robust","permutations","logcor",NA
"4263","3","5","STAN","ECR","robust","permutations","logcor",NA
"4264","4","5","STAN","ECR","robust","permutations","logcor",NA
"4265","5","5","STAN","ECR","robust","permutations","logcor",NA
"4266","6","5","STAN","ECR","robust","permutations","logcor",NA
"4267","7","5","STAN","ECR","robust","permutations","logcor",NA
"4268","8","5","STAN","ECR","robust","permutations","logcor",NA
"4269","9","5","STAN","ECR","robust","permutations","logcor",NA
"4270","10","5","STAN","ECR","robust","permutations","logcor",NA
"4271","11","5","STAN","ECR","robust","permutations","logcor",NA
"4272","12","5","STAN","ECR","robust","permutations","logcor",NA
"4273","13","5","STAN","ECR","robust","permutations","logcor",NA
"4274","14","5","STAN","ECR","robust","permutations","logcor",NA
"4275","15","5","STAN","ECR","robust","permutations","logcor",NA
"4276","16","5","STAN","ECR","robust","permutations","logcor",NA
"4277","17","5","STAN","ECR","robust","permutations","logcor",NA
"4278","18","5","STAN","ECR","robust","permutations","logcor",NA
"4279","19","5","STAN","ECR","robust","permutations","logcor",NA
"4280","20","5","STAN","ECR","robust","permutations","logcor",NA
"4281","1","6","STAN","ECR","robust","permutations","logcor",NA
"4282","2","6","STAN","ECR","robust","permutations","logcor",NA
"4283","3","6","STAN","ECR","robust","permutations","logcor",NA
"4284","4","6","STAN","ECR","robust","permutations","logcor",NA
"4285","5","6","STAN","ECR","robust","permutations","logcor",NA
"4286","6","6","STAN","ECR","robust","permutations","logcor",NA
"4287","7","6","STAN","ECR","robust","permutations","logcor",NA
"4288","8","6","STAN","ECR","robust","permutations","logcor",NA
"4289","9","6","STAN","ECR","robust","permutations","logcor",NA
"4290","10","6","STAN","ECR","robust","permutations","logcor",NA
"4291","11","6","STAN","ECR","robust","permutations","logcor",NA
"4292","12","6","STAN","ECR","robust","permutations","logcor",NA
"4293","13","6","STAN","ECR","robust","permutations","logcor",NA
"4294","14","6","STAN","ECR","robust","permutations","logcor",NA
"4295","15","6","STAN","ECR","robust","permutations","logcor",NA
"4296","16","6","STAN","ECR","robust","permutations","logcor",NA
"4297","17","6","STAN","ECR","robust","permutations","logcor",NA
"4298","18","6","STAN","ECR","robust","permutations","logcor",NA
"4299","19","6","STAN","ECR","robust","permutations","logcor",NA
"4300","20","6","STAN","ECR","robust","permutations","logcor",NA
"4301","1","2","JAGS","ECR","robust","permutations","logcor","-1.63526867246862"
"4302","2","2","JAGS","ECR","robust","permutations","logcor","-0.7339691750802"
"4303","3","2","JAGS","ECR","robust","permutations","logcor","-0.603855073081184"
"4304","4","2","JAGS","ECR","robust","permutations","logcor","-1.54271428039119"
"4305","5","2","JAGS","ECR","robust","permutations","logcor","-1.17862999665414"
"4306","6","2","JAGS","ECR","robust","permutations","logcor","-1.24931890609281"
"4307","7","2","JAGS","ECR","robust","permutations","logcor","-1.24618465313525"
"4308","8","2","JAGS","ECR","robust","permutations","logcor","-1.1282470937978"
"4309","9","2","JAGS","ECR","robust","permutations","logcor","-0.667674384586914"
"4310","10","2","JAGS","ECR","robust","permutations","logcor","-1.36766889699673"
"4311","11","2","JAGS","ECR","robust","permutations","logcor","-1.03987179364551"
"4312","12","2","JAGS","ECR","robust","permutations","logcor","-1.18711568725951"
"4313","13","2","JAGS","ECR","robust","permutations","logcor","-1.9604148352582"
"4314","14","2","JAGS","ECR","robust","permutations","logcor","-0.770244230944912"
"4315","15","2","JAGS","ECR","robust","permutations","logcor","-1.27011260683048"
"4316","16","2","JAGS","ECR","robust","permutations","logcor","-1.32802545299591"
"4317","17","2","JAGS","ECR","robust","permutations","logcor","-0.797175250983993"
"4318","18","2","JAGS","ECR","robust","permutations","logcor","-1.13382504442385"
"4319","19","2","JAGS","ECR","robust","permutations","logcor","-1.06885933051876"
"4320","20","2","JAGS","ECR","robust","permutations","logcor","-1.17765549600856"
"4321","1","3","JAGS","ECR","robust","permutations","logcor","-2.26818366627671"
"4322","2","3","JAGS","ECR","robust","permutations","logcor","-2.52323176410967"
"4323","3","3","JAGS","ECR","robust","permutations","logcor","-1.45157982781852"
"4324","4","3","JAGS","ECR","robust","permutations","logcor","-3.34104345884241"
"4325","5","3","JAGS","ECR","robust","permutations","logcor","-5.36019277026612"
"4326","6","3","JAGS","ECR","robust","permutations","logcor","-5.14989736142976"
"4327","7","3","JAGS","ECR","robust","permutations","logcor","-1.91054300521802"
"4328","8","3","JAGS","ECR","robust","permutations","logcor","-2.69119308403579"
"4329","9","3","JAGS","ECR","robust","permutations","logcor","-2.29065652212877"
"4330","10","3","JAGS","ECR","robust","permutations","logcor","-2.37515578582888"
"4331","11","3","JAGS","ECR","robust","permutations","logcor","-1.55542332412786"
"4332","12","3","JAGS","ECR","robust","permutations","logcor","-3.70500883604382"
"4333","13","3","JAGS","ECR","robust","permutations","logcor","-4.93367425296013"
"4334","14","3","JAGS","ECR","robust","permutations","logcor","-2.33717653776366"
"4335","15","3","JAGS","ECR","robust","permutations","logcor","-3.72554343848553"
"4336","16","3","JAGS","ECR","robust","permutations","logcor","-2.96423360649462"
"4337","17","3","JAGS","ECR","robust","permutations","logcor","-1.26372280873171"
"4338","18","3","JAGS","ECR","robust","permutations","logcor","-2.3496767005279"
"4339","19","3","JAGS","ECR","robust","permutations","logcor","-2.38923289971972"
"4340","20","3","JAGS","ECR","robust","permutations","logcor","-2.4615808244845"
"4341","1","4","JAGS","ECR","robust","permutations","logcor","-3.9528449999484"
"4342","2","4","JAGS","ECR","robust","permutations","logcor","-3.84436435695433"
"4343","3","4","JAGS","ECR","robust","permutations","logcor","-3.43578882643177"
"4344","4","4","JAGS","ECR","robust","permutations","logcor","-7.01311579463996"
"4345","5","4","JAGS","ECR","robust","permutations","logcor","-3.8076629901039"
"4346","6","4","JAGS","ECR","robust","permutations","logcor","-5.36019277026612"
"4347","7","4","JAGS","ECR","robust","permutations","logcor","-6.90775527898214"
"4348","8","4","JAGS","ECR","robust","permutations","logcor","-9.21034037197618"
"4349","9","4","JAGS","ECR","robust","permutations","logcor","-4.51899248974704"
"4350","10","4","JAGS","ECR","robust","permutations","logcor","-3.86323284125871"
"4351","11","4","JAGS","ECR","robust","permutations","logcor","-5.38169897548709"
"4352","12","4","JAGS","ECR","robust","permutations","logcor","-4.42284862919414"
"4353","13","4","JAGS","ECR","robust","permutations","logcor","-5.52146091786225"
"4354","14","4","JAGS","ECR","robust","permutations","logcor","-3.98998454689786"
"4355","15","4","JAGS","ECR","robust","permutations","logcor","-4.67774087882293"
"4356","16","4","JAGS","ECR","robust","permutations","logcor","-6.4377516497364"
"4357","17","4","JAGS","ECR","robust","permutations","logcor","-9.21034037197618"
"4358","18","4","JAGS","ECR","robust","permutations","logcor","-5.9522438339547"
"4359","19","4","JAGS","ECR","robust","permutations","logcor","-6.90775527898214"
"4360","20","4","JAGS","ECR","robust","permutations","logcor","-3.9633162998157"
"4361","1","5","JAGS","ECR","robust","permutations","logcor","-4.75599307572268"
"4362","2","5","JAGS","ECR","robust","permutations","logcor","-5.20300718674371"
"4363","3","5","JAGS","ECR","robust","permutations","logcor","-3.92713664323819"
"4364","4","5","JAGS","ECR","robust","permutations","logcor","-5.52146091786225"
"4365","5","5","JAGS","ECR","robust","permutations","logcor","-4.12893600699172"
"4366","6","5","JAGS","ECR","robust","permutations","logcor","-6.64539101451465"
"4367","7","5","JAGS","ECR","robust","permutations","logcor","-3.25450300251135"
"4368","8","5","JAGS","ECR","robust","permutations","logcor","-4.36615328551759"
"4369","9","5","JAGS","ECR","robust","permutations","logcor","-4.75599307572268"
"4370","10","5","JAGS","ECR","robust","permutations","logcor","-5.9522438339547"
"4371","11","5","JAGS","ECR","robust","permutations","logcor","-5.03595310208055"
"4372","12","5","JAGS","ECR","robust","permutations","logcor","-4.93367425296013"
"4373","13","5","JAGS","ECR","robust","permutations","logcor","-4.39005880637115"
"4374","14","5","JAGS","ECR","robust","permutations","logcor","-3.65351231027664"
"4375","15","5","JAGS","ECR","robust","permutations","logcor","-4.16691525505694"
"4376","16","5","JAGS","ECR","robust","permutations","logcor","-4.03419063940235"
"4377","17","5","JAGS","ECR","robust","permutations","logcor","-4.8283137373023"
"4378","18","5","JAGS","ECR","robust","permutations","logcor","-5.13280292807046"
"4379","19","5","JAGS","ECR","robust","permutations","logcor","-3.78099474302174"
"4380","20","5","JAGS","ECR","robust","permutations","logcor","-3.54737989184024"
"4381","1","6","JAGS","ECR","robust","permutations","logcor","-8.51719319141624"
"4382","2","6","JAGS","ECR","robust","permutations","logcor","-5.31852007386556"
"4383","3","6","JAGS","ECR","robust","permutations","logcor","-5.38169897548709"
"4384","4","6","JAGS","ECR","robust","permutations","logcor","-3.56489347433295"
"4385","5","6","JAGS","ECR","robust","permutations","logcor","-7.41858090274813"
"4386","6","6","JAGS","ECR","robust","permutations","logcor","-6.57128304236092"
"4387","7","6","JAGS","ECR","robust","permutations","logcor","-5.99146454710798"
"4388","8","6","JAGS","ECR","robust","permutations","logcor","-9.21034037197618"
"4389","9","6","JAGS","ECR","robust","permutations","logcor","-5.20300718674371"
"4390","10","6","JAGS","ECR","robust","permutations","logcor","-5.06720564558465"
"4391","11","6","JAGS","ECR","robust","permutations","logcor","-7.26443022292087"
"4392","12","6","JAGS","ECR","robust","permutations","logcor","-6.26590139280974"
"4393","13","6","JAGS","ECR","robust","permutations","logcor","-5.09946650780287"
"4394","14","6","JAGS","ECR","robust","permutations","logcor","-4.66704558970618"
"4395","15","6","JAGS","ECR","robust","permutations","logcor","-5.62682143352007"
"4396","16","6","JAGS","ECR","robust","permutations","logcor","-5.84304454198971"
"4397","17","6","JAGS","ECR","robust","permutations","logcor","-5.47267075369281"
"4398","18","6","JAGS","ECR","robust","permutations","logcor","-5.7138328105097"
"4399","19","6","JAGS","ECR","robust","permutations","logcor","-9.21034037197618"
"4400","20","6","JAGS","ECR","robust","permutations","logcor","-7.01311579463996"
"4401","1","2","STAN","STEPHENS","min_vol_60%HPD","permutations","logcor","-3.76792266145439"
"4402","2","2","STAN","STEPHENS","min_vol_60%HPD","permutations","logcor","-3.92207334128165"
"4403","3","2","STAN","STEPHENS","min_vol_60%HPD","permutations","logcor","-3.79869432012114"
"4404","4","2","STAN","STEPHENS","min_vol_60%HPD","permutations","logcor","-3.98459369826298"
"4405","5","2","STAN","STEPHENS","min_vol_60%HPD","permutations","logcor","-3.37845789469267"
"4406","6","2","STAN","STEPHENS","min_vol_60%HPD","permutations","logcor","-4.18645985112991"
"4407","7","2","STAN","STEPHENS","min_vol_60%HPD","permutations","logcor","-3.84436435695433"
"4408","8","2","STAN","STEPHENS","min_vol_60%HPD","permutations","logcor","-4.3428059215206"
"4409","9","2","STAN","STEPHENS","min_vol_60%HPD","permutations","logcor","-3.86323284125871"
"4410","10","2","STAN","STEPHENS","min_vol_60%HPD","permutations","logcor","-4.03419063940235"
"4411","11","2","STAN","STEPHENS","min_vol_60%HPD","permutations","logcor","-3.70095203534821"
"4412","12","2","STAN","STEPHENS","min_vol_60%HPD","permutations","logcor","-3.93222571274567"
"4413","13","2","STAN","STEPHENS","min_vol_60%HPD","permutations","logcor","-3.53701710480469"
"4414","14","2","STAN","STEPHENS","min_vol_60%HPD","permutations","logcor","-3.9528449999484"
"4415","15","2","STAN","STEPHENS","min_vol_60%HPD","permutations","logcor","-3.97389840914623"
"4416","16","2","STAN","STEPHENS","min_vol_60%HPD","permutations","logcor","-3.63439126882987"
"4417","17","2","STAN","STEPHENS","min_vol_60%HPD","permutations","logcor","-4.48295255326384"
"4418","18","2","STAN","STEPHENS","min_vol_60%HPD","permutations","logcor","-3.70095203534821"
"4419","19","2","STAN","STEPHENS","min_vol_60%HPD","permutations","logcor","-3.66516292749662"
"4420","20","2","STAN","STEPHENS","min_vol_60%HPD","permutations","logcor","-3.9633162998157"
"4421","1","3","STAN","STEPHENS","min_vol_60%HPD","permutations","logcor","-7.01311579463996"
"4422","2","3","STAN","STEPHENS","min_vol_60%HPD","permutations","logcor","-7.01311579463996"
"4423","3","3","STAN","STEPHENS","min_vol_60%HPD","permutations","logcor","-6.90775527898214"
"4424","4","3","STAN","STEPHENS","min_vol_60%HPD","permutations","logcor","-6.50229017087397"
"4425","5","3","STAN","STEPHENS","min_vol_60%HPD","permutations","logcor","-7.01311579463996"
"4426","6","3","STAN","STEPHENS","min_vol_60%HPD","permutations","logcor","-7.41858090274813"
"4427","7","3","STAN","STEPHENS","min_vol_60%HPD","permutations","logcor","-7.60090245954208"
"4428","8","3","STAN","STEPHENS","min_vol_60%HPD","permutations","logcor","-6.50229017087397"
"4429","9","3","STAN","STEPHENS","min_vol_60%HPD","permutations","logcor","-7.60090245954208"
"4430","10","3","STAN","STEPHENS","min_vol_60%HPD","permutations","logcor","-7.13089883029635"
"4431","11","3","STAN","STEPHENS","min_vol_60%HPD","permutations","logcor","-8.11172808330807"
"4432","12","3","STAN","STEPHENS","min_vol_60%HPD","permutations","logcor","-8.51719319141624"
"4433","13","3","STAN","STEPHENS","min_vol_60%HPD","permutations","logcor","-7.26443022292087"
"4434","14","3","STAN","STEPHENS","min_vol_60%HPD","permutations","logcor","-8.51719319141624"
"4435","15","3","STAN","STEPHENS","min_vol_60%HPD","permutations","logcor","-6.31996861408002"
"4436","16","3","STAN","STEPHENS","min_vol_60%HPD","permutations","logcor","-8.11172808330807"
"4437","17","3","STAN","STEPHENS","min_vol_60%HPD","permutations","logcor","-7.13089883029635"
"4438","18","3","STAN","STEPHENS","min_vol_60%HPD","permutations","logcor","-7.01311579463996"
"4439","19","3","STAN","STEPHENS","min_vol_60%HPD","permutations","logcor","-7.82404601085629"
"4440","20","3","STAN","STEPHENS","min_vol_60%HPD","permutations","logcor","-Inf"
"4441","1","4","STAN","STEPHENS","min_vol_60%HPD","permutations","logcor","-Inf"
"4442","2","4","STAN","STEPHENS","min_vol_60%HPD","permutations","logcor","-9.21034037197618"
"4443","3","4","STAN","STEPHENS","min_vol_60%HPD","permutations","logcor","-7.26443022292087"
"4444","4","4","STAN","STEPHENS","min_vol_60%HPD","permutations","logcor","-7.82404601085629"
"4445","5","4","STAN","STEPHENS","min_vol_60%HPD","permutations","logcor","-7.41858090274813"
"4446","6","4","STAN","STEPHENS","min_vol_60%HPD","permutations","logcor","-8.51719319141624"
"4447","7","4","STAN","STEPHENS","min_vol_60%HPD","permutations","logcor","-8.51719319141624"
"4448","8","4","STAN","STEPHENS","min_vol_60%HPD","permutations","logcor","-7.26443022292087"
"4449","9","4","STAN","STEPHENS","min_vol_60%HPD","permutations","logcor","-8.11172808330807"
"4450","10","4","STAN","STEPHENS","min_vol_60%HPD","permutations","logcor","-9.21034037197618"
"4451","11","4","STAN","STEPHENS","min_vol_60%HPD","permutations","logcor","-Inf"
"4452","12","4","STAN","STEPHENS","min_vol_60%HPD","permutations","logcor","-8.51719319141624"
"4453","13","4","STAN","STEPHENS","min_vol_60%HPD","permutations","logcor","-Inf"
"4454","14","4","STAN","STEPHENS","min_vol_60%HPD","permutations","logcor","-8.51719319141624"
"4455","15","4","STAN","STEPHENS","min_vol_60%HPD","permutations","logcor","-Inf"
"4456","16","4","STAN","STEPHENS","min_vol_60%HPD","permutations","logcor","-8.51719319141624"
"4457","17","4","STAN","STEPHENS","min_vol_60%HPD","permutations","logcor","-9.21034037197618"
"4458","18","4","STAN","STEPHENS","min_vol_60%HPD","permutations","logcor","-Inf"
"4459","19","4","STAN","STEPHENS","min_vol_60%HPD","permutations","logcor","-Inf"
"4460","20","4","STAN","STEPHENS","min_vol_60%HPD","permutations","logcor","-9.21034037197618"
"4461","1","5","STAN","STEPHENS","min_vol_60%HPD","permutations","logcor","-Inf"
"4462","2","5","STAN","STEPHENS","min_vol_60%HPD","permutations","logcor","-Inf"
"4463","3","5","STAN","STEPHENS","min_vol_60%HPD","permutations","logcor","-Inf"
"4464","4","5","STAN","STEPHENS","min_vol_60%HPD","permutations","logcor","-Inf"
"4465","5","5","STAN","STEPHENS","min_vol_60%HPD","permutations","logcor","-Inf"
"4466","6","5","STAN","STEPHENS","min_vol_60%HPD","permutations","logcor","-9.21034037197618"
"4467","7","5","STAN","STEPHENS","min_vol_60%HPD","permutations","logcor","-Inf"
"4468","8","5","STAN","STEPHENS","min_vol_60%HPD","permutations","logcor","-Inf"
"4469","9","5","STAN","STEPHENS","min_vol_60%HPD","permutations","logcor","-Inf"
"4470","10","5","STAN","STEPHENS","min_vol_60%HPD","permutations","logcor","-Inf"
"4471","11","5","STAN","STEPHENS","min_vol_60%HPD","permutations","logcor","-Inf"
"4472","12","5","STAN","STEPHENS","min_vol_60%HPD","permutations","logcor","-Inf"
"4473","13","5","STAN","STEPHENS","min_vol_60%HPD","permutations","logcor","-Inf"
"4474","14","5","STAN","STEPHENS","min_vol_60%HPD","permutations","logcor","-Inf"
"4475","15","5","STAN","STEPHENS","min_vol_60%HPD","permutations","logcor","-Inf"
"4476","16","5","STAN","STEPHENS","min_vol_60%HPD","permutations","logcor","-8.51719319141624"
"4477","17","5","STAN","STEPHENS","min_vol_60%HPD","permutations","logcor","-Inf"
"4478","18","5","STAN","STEPHENS","min_vol_60%HPD","permutations","logcor","-Inf"
"4479","19","5","STAN","STEPHENS","min_vol_60%HPD","permutations","logcor","-Inf"
"4480","20","5","STAN","STEPHENS","min_vol_60%HPD","permutations","logcor","-Inf"
"4481","1","6","STAN","STEPHENS","min_vol_60%HPD","permutations","logcor","-Inf"
"4482","2","6","STAN","STEPHENS","min_vol_60%HPD","permutations","logcor","-Inf"
"4483","3","6","STAN","STEPHENS","min_vol_60%HPD","permutations","logcor","-Inf"
"4484","4","6","STAN","STEPHENS","min_vol_60%HPD","permutations","logcor","-Inf"
"4485","5","6","STAN","STEPHENS","min_vol_60%HPD","permutations","logcor","-Inf"
"4486","6","6","STAN","STEPHENS","min_vol_60%HPD","permutations","logcor","-Inf"
"4487","7","6","STAN","STEPHENS","min_vol_60%HPD","permutations","logcor","-9.21034037197618"
"4488","8","6","STAN","STEPHENS","min_vol_60%HPD","permutations","logcor","-Inf"
"4489","9","6","STAN","STEPHENS","min_vol_60%HPD","permutations","logcor","-Inf"
"4490","10","6","STAN","STEPHENS","min_vol_60%HPD","permutations","logcor","-Inf"
"4491","11","6","STAN","STEPHENS","min_vol_60%HPD","permutations","logcor","-Inf"
"4492","12","6","STAN","STEPHENS","min_vol_60%HPD","permutations","logcor","-Inf"
"4493","13","6","STAN","STEPHENS","min_vol_60%HPD","permutations","logcor","-Inf"
"4494","14","6","STAN","STEPHENS","min_vol_60%HPD","permutations","logcor","-Inf"
"4495","15","6","STAN","STEPHENS","min_vol_60%HPD","permutations","logcor","-Inf"
"4496","16","6","STAN","STEPHENS","min_vol_60%HPD","permutations","logcor","-Inf"
"4497","17","6","STAN","STEPHENS","min_vol_60%HPD","permutations","logcor","-Inf"
"4498","18","6","STAN","STEPHENS","min_vol_60%HPD","permutations","logcor","-Inf"
"4499","19","6","STAN","STEPHENS","min_vol_60%HPD","permutations","logcor","-Inf"
"4500","20","6","STAN","STEPHENS","min_vol_60%HPD","permutations","logcor","-Inf"
"4501","1","2","JAGS","STEPHENS","min_vol_60%HPD","permutations","logcor","-3.62309171357593"
"4502","2","2","JAGS","STEPHENS","min_vol_60%HPD","permutations","logcor","-3.55785119170753"
"4503","3","2","JAGS","STEPHENS","min_vol_60%HPD","permutations","logcor","-3.46094738606793"
"4504","4","2","JAGS","STEPHENS","min_vol_60%HPD","permutations","logcor","-3.68887945411394"
"4505","5","2","JAGS","STEPHENS","min_vol_60%HPD","permutations","logcor","-3.84436435695433"
"4506","6","2","JAGS","STEPHENS","min_vol_60%HPD","permutations","logcor","-4.13516655674236"
"4507","7","2","JAGS","STEPHENS","min_vol_60%HPD","permutations","logcor","-3.92207334128165"
"4508","8","2","JAGS","STEPHENS","min_vol_60%HPD","permutations","logcor","-3.50655789731998"
"4509","9","2","JAGS","STEPHENS","min_vol_60%HPD","permutations","logcor","-3.72554343848553"
"4510","10","2","JAGS","STEPHENS","min_vol_60%HPD","permutations","logcor","-3.88733039283777"
"4511","11","2","JAGS","STEPHENS","min_vol_60%HPD","permutations","logcor","-3.9633162998157"
"4512","12","2","JAGS","STEPHENS","min_vol_60%HPD","permutations","logcor","-4.1227440367438"
"4513","13","2","JAGS","STEPHENS","min_vol_60%HPD","permutations","logcor","-3.75075485783202"
"4514","14","2","JAGS","STEPHENS","min_vol_60%HPD","permutations","logcor","-3.74650856695057"
"4515","15","2","JAGS","STEPHENS","min_vol_60%HPD","permutations","logcor","-3.41428262121081"
"4516","16","2","JAGS","STEPHENS","min_vol_60%HPD","permutations","logcor","-3.80316860051606"
"4517","17","2","JAGS","STEPHENS","min_vol_60%HPD","permutations","logcor","-4.09835258361964"
"4518","18","2","JAGS","STEPHENS","min_vol_60%HPD","permutations","logcor","-4.15409456662788"
"4519","19","2","JAGS","STEPHENS","min_vol_60%HPD","permutations","logcor","-3.67695088324866"
"4520","20","2","JAGS","STEPHENS","min_vol_60%HPD","permutations","logcor","-4.16048436472665"
"4521","1","3","JAGS","STEPHENS","min_vol_60%HPD","permutations","logcor","-7.82404601085629"
"4522","2","3","JAGS","STEPHENS","min_vol_60%HPD","permutations","logcor","-8.51719319141624"
"4523","3","3","JAGS","STEPHENS","min_vol_60%HPD","permutations","logcor","-7.41858090274813"
"4524","4","3","JAGS","STEPHENS","min_vol_60%HPD","permutations","logcor","-7.82404601085629"
"4525","5","3","JAGS","STEPHENS","min_vol_60%HPD","permutations","logcor","-6.03228654162824"
"4526","6","3","JAGS","STEPHENS","min_vol_60%HPD","permutations","logcor","-6.81244509917781"
"4527","7","3","JAGS","STEPHENS","min_vol_60%HPD","permutations","logcor","-6.72543372218818"
"4528","8","3","JAGS","STEPHENS","min_vol_60%HPD","permutations","logcor","-7.41858090274813"
"4529","9","3","JAGS","STEPHENS","min_vol_60%HPD","permutations","logcor","-8.51719319141624"
"4530","10","3","JAGS","STEPHENS","min_vol_60%HPD","permutations","logcor","-6.90775527898214"
"4531","11","3","JAGS","STEPHENS","min_vol_60%HPD","permutations","logcor","-7.13089883029635"
"4532","12","3","JAGS","STEPHENS","min_vol_60%HPD","permutations","logcor","-6.57128304236092"
"4533","13","3","JAGS","STEPHENS","min_vol_60%HPD","permutations","logcor","-7.01311579463996"
"4534","14","3","JAGS","STEPHENS","min_vol_60%HPD","permutations","logcor","-7.26443022292087"
"4535","15","3","JAGS","STEPHENS","min_vol_60%HPD","permutations","logcor","-8.51719319141624"
"4536","16","3","JAGS","STEPHENS","min_vol_60%HPD","permutations","logcor","-7.26443022292087"
"4537","17","3","JAGS","STEPHENS","min_vol_60%HPD","permutations","logcor","-7.01311579463996"
"4538","18","3","JAGS","STEPHENS","min_vol_60%HPD","permutations","logcor","-7.41858090274813"
"4539","19","3","JAGS","STEPHENS","min_vol_60%HPD","permutations","logcor","-6.50229017087397"
"4540","20","3","JAGS","STEPHENS","min_vol_60%HPD","permutations","logcor","-6.64539101451465"
"4541","1","4","JAGS","STEPHENS","min_vol_60%HPD","permutations","logcor","-Inf"
"4542","2","4","JAGS","STEPHENS","min_vol_60%HPD","permutations","logcor","-8.11172808330807"
"4543","3","4","JAGS","STEPHENS","min_vol_60%HPD","permutations","logcor","-9.21034037197618"
"4544","4","4","JAGS","STEPHENS","min_vol_60%HPD","permutations","logcor","-9.21034037197618"
"4545","5","4","JAGS","STEPHENS","min_vol_60%HPD","permutations","logcor","-8.11172808330807"
"4546","6","4","JAGS","STEPHENS","min_vol_60%HPD","permutations","logcor","-Inf"
"4547","7","4","JAGS","STEPHENS","min_vol_60%HPD","permutations","logcor","-Inf"
"4548","8","4","JAGS","STEPHENS","min_vol_60%HPD","permutations","logcor","-8.51719319141624"
"4549","9","4","JAGS","STEPHENS","min_vol_60%HPD","permutations","logcor","-Inf"
"4550","10","4","JAGS","STEPHENS","min_vol_60%HPD","permutations","logcor","-Inf"
"4551","11","4","JAGS","STEPHENS","min_vol_60%HPD","permutations","logcor","-8.51719319141624"
"4552","12","4","JAGS","STEPHENS","min_vol_60%HPD","permutations","logcor","-9.21034037197618"
"4553","13","4","JAGS","STEPHENS","min_vol_60%HPD","permutations","logcor","-8.11172808330807"
"4554","14","4","JAGS","STEPHENS","min_vol_60%HPD","permutations","logcor","-Inf"
"4555","15","4","JAGS","STEPHENS","min_vol_60%HPD","permutations","logcor","-9.21034037197618"
"4556","16","4","JAGS","STEPHENS","min_vol_60%HPD","permutations","logcor","-8.51719319141624"
"4557","17","4","JAGS","STEPHENS","min_vol_60%HPD","permutations","logcor","-9.21034037197618"
"4558","18","4","JAGS","STEPHENS","min_vol_60%HPD","permutations","logcor","-9.21034037197618"
"4559","19","4","JAGS","STEPHENS","min_vol_60%HPD","permutations","logcor","-8.51719319141624"
"4560","20","4","JAGS","STEPHENS","min_vol_60%HPD","permutations","logcor","-8.51719319141624"
"4561","1","5","JAGS","STEPHENS","min_vol_60%HPD","permutations","logcor","-Inf"
"4562","2","5","JAGS","STEPHENS","min_vol_60%HPD","permutations","logcor","-9.21034037197618"
"4563","3","5","JAGS","STEPHENS","min_vol_60%HPD","permutations","logcor","-Inf"
"4564","4","5","JAGS","STEPHENS","min_vol_60%HPD","permutations","logcor","-Inf"
"4565","5","5","JAGS","STEPHENS","min_vol_60%HPD","permutations","logcor","-Inf"
"4566","6","5","JAGS","STEPHENS","min_vol_60%HPD","permutations","logcor","-Inf"
"4567","7","5","JAGS","STEPHENS","min_vol_60%HPD","permutations","logcor","-Inf"
"4568","8","5","JAGS","STEPHENS","min_vol_60%HPD","permutations","logcor","-Inf"
"4569","9","5","JAGS","STEPHENS","min_vol_60%HPD","permutations","logcor","-Inf"
"4570","10","5","JAGS","STEPHENS","min_vol_60%HPD","permutations","logcor","-Inf"
"4571","11","5","JAGS","STEPHENS","min_vol_60%HPD","permutations","logcor","-Inf"
"4572","12","5","JAGS","STEPHENS","min_vol_60%HPD","permutations","logcor","-Inf"
"4573","13","5","JAGS","STEPHENS","min_vol_60%HPD","permutations","logcor","-6.21460809842219"
"4574","14","5","JAGS","STEPHENS","min_vol_60%HPD","permutations","logcor","-Inf"
"4575","15","5","JAGS","STEPHENS","min_vol_60%HPD","permutations","logcor","-Inf"
"4576","16","5","JAGS","STEPHENS","min_vol_60%HPD","permutations","logcor","-8.51719319141624"
"4577","17","5","JAGS","STEPHENS","min_vol_60%HPD","permutations","logcor","-8.51719319141624"
"4578","18","5","JAGS","STEPHENS","min_vol_60%HPD","permutations","logcor","-Inf"
"4579","19","5","JAGS","STEPHENS","min_vol_60%HPD","permutations","logcor","-9.21034037197618"
"4580","20","5","JAGS","STEPHENS","min_vol_60%HPD","permutations","logcor","-Inf"
"4581","1","6","JAGS","STEPHENS","min_vol_60%HPD","permutations","logcor","-Inf"
"4582","2","6","JAGS","STEPHENS","min_vol_60%HPD","permutations","logcor","-Inf"
"4583","3","6","JAGS","STEPHENS","min_vol_60%HPD","permutations","logcor","-Inf"
"4584","4","6","JAGS","STEPHENS","min_vol_60%HPD","permutations","logcor","-7.60090245954208"
"4585","5","6","JAGS","STEPHENS","min_vol_60%HPD","permutations","logcor","-Inf"
"4586","6","6","JAGS","STEPHENS","min_vol_60%HPD","permutations","logcor","-Inf"
"4587","7","6","JAGS","STEPHENS","min_vol_60%HPD","permutations","logcor","-Inf"
"4588","8","6","JAGS","STEPHENS","min_vol_60%HPD","permutations","logcor","-Inf"
"4589","9","6","JAGS","STEPHENS","min_vol_60%HPD","permutations","logcor","-Inf"
"4590","10","6","JAGS","STEPHENS","min_vol_60%HPD","permutations","logcor","-9.21034037197618"
"4591","11","6","JAGS","STEPHENS","min_vol_60%HPD","permutations","logcor","-Inf"
"4592","12","6","JAGS","STEPHENS","min_vol_60%HPD","permutations","logcor","-Inf"
"4593","13","6","JAGS","STEPHENS","min_vol_60%HPD","permutations","logcor","-Inf"
"4594","14","6","JAGS","STEPHENS","min_vol_60%HPD","permutations","logcor","-9.21034037197618"
"4595","15","6","JAGS","STEPHENS","min_vol_60%HPD","permutations","logcor","-Inf"
"4596","16","6","JAGS","STEPHENS","min_vol_60%HPD","permutations","logcor","-Inf"
"4597","17","6","JAGS","STEPHENS","min_vol_60%HPD","permutations","logcor","-Inf"
"4598","18","6","JAGS","STEPHENS","min_vol_60%HPD","permutations","logcor","-Inf"
"4599","19","6","JAGS","STEPHENS","min_vol_60%HPD","permutations","logcor","-Inf"
"4600","20","6","JAGS","STEPHENS","min_vol_60%HPD","permutations","logcor","-Inf"
"4601","1","2","STAN","ECR","min_vol_60%HPD","permutations","logcor",NA
"4602","2","2","STAN","ECR","min_vol_60%HPD","permutations","logcor",NA
"4603","3","2","STAN","ECR","min_vol_60%HPD","permutations","logcor",NA
"4604","4","2","STAN","ECR","min_vol_60%HPD","permutations","logcor",NA
"4605","5","2","STAN","ECR","min_vol_60%HPD","permutations","logcor",NA
"4606","6","2","STAN","ECR","min_vol_60%HPD","permutations","logcor",NA
"4607","7","2","STAN","ECR","min_vol_60%HPD","permutations","logcor",NA
"4608","8","2","STAN","ECR","min_vol_60%HPD","permutations","logcor",NA
"4609","9","2","STAN","ECR","min_vol_60%HPD","permutations","logcor",NA
"4610","10","2","STAN","ECR","min_vol_60%HPD","permutations","logcor",NA
"4611","11","2","STAN","ECR","min_vol_60%HPD","permutations","logcor",NA
"4612","12","2","STAN","ECR","min_vol_60%HPD","permutations","logcor",NA
"4613","13","2","STAN","ECR","min_vol_60%HPD","permutations","logcor",NA
"4614","14","2","STAN","ECR","min_vol_60%HPD","permutations","logcor",NA
"4615","15","2","STAN","ECR","min_vol_60%HPD","permutations","logcor",NA
"4616","16","2","STAN","ECR","min_vol_60%HPD","permutations","logcor",NA
"4617","17","2","STAN","ECR","min_vol_60%HPD","permutations","logcor",NA
"4618","18","2","STAN","ECR","min_vol_60%HPD","permutations","logcor",NA
"4619","19","2","STAN","ECR","min_vol_60%HPD","permutations","logcor",NA
"4620","20","2","STAN","ECR","min_vol_60%HPD","permutations","logcor",NA
"4621","1","3","STAN","ECR","min_vol_60%HPD","permutations","logcor",NA
"4622","2","3","STAN","ECR","min_vol_60%HPD","permutations","logcor",NA
"4623","3","3","STAN","ECR","min_vol_60%HPD","permutations","logcor",NA
"4624","4","3","STAN","ECR","min_vol_60%HPD","permutations","logcor",NA
"4625","5","3","STAN","ECR","min_vol_60%HPD","permutations","logcor",NA
"4626","6","3","STAN","ECR","min_vol_60%HPD","permutations","logcor",NA
"4627","7","3","STAN","ECR","min_vol_60%HPD","permutations","logcor",NA
"4628","8","3","STAN","ECR","min_vol_60%HPD","permutations","logcor",NA
"4629","9","3","STAN","ECR","min_vol_60%HPD","permutations","logcor",NA
"4630","10","3","STAN","ECR","min_vol_60%HPD","permutations","logcor",NA
"4631","11","3","STAN","ECR","min_vol_60%HPD","permutations","logcor",NA
"4632","12","3","STAN","ECR","min_vol_60%HPD","permutations","logcor",NA
"4633","13","3","STAN","ECR","min_vol_60%HPD","permutations","logcor",NA
"4634","14","3","STAN","ECR","min_vol_60%HPD","permutations","logcor",NA
"4635","15","3","STAN","ECR","min_vol_60%HPD","permutations","logcor",NA
"4636","16","3","STAN","ECR","min_vol_60%HPD","permutations","logcor",NA
"4637","17","3","STAN","ECR","min_vol_60%HPD","permutations","logcor",NA
"4638","18","3","STAN","ECR","min_vol_60%HPD","permutations","logcor",NA
"4639","19","3","STAN","ECR","min_vol_60%HPD","permutations","logcor",NA
"4640","20","3","STAN","ECR","min_vol_60%HPD","permutations","logcor",NA
"4641","1","4","STAN","ECR","min_vol_60%HPD","permutations","logcor",NA
"4642","2","4","STAN","ECR","min_vol_60%HPD","permutations","logcor",NA
"4643","3","4","STAN","ECR","min_vol_60%HPD","permutations","logcor",NA
"4644","4","4","STAN","ECR","min_vol_60%HPD","permutations","logcor",NA
"4645","5","4","STAN","ECR","min_vol_60%HPD","permutations","logcor",NA
"4646","6","4","STAN","ECR","min_vol_60%HPD","permutations","logcor",NA
"4647","7","4","STAN","ECR","min_vol_60%HPD","permutations","logcor",NA
"4648","8","4","STAN","ECR","min_vol_60%HPD","permutations","logcor",NA
"4649","9","4","STAN","ECR","min_vol_60%HPD","permutations","logcor",NA
"4650","10","4","STAN","ECR","min_vol_60%HPD","permutations","logcor",NA
"4651","11","4","STAN","ECR","min_vol_60%HPD","permutations","logcor",NA
"4652","12","4","STAN","ECR","min_vol_60%HPD","permutations","logcor",NA
"4653","13","4","STAN","ECR","min_vol_60%HPD","permutations","logcor",NA
"4654","14","4","STAN","ECR","min_vol_60%HPD","permutations","logcor",NA
"4655","15","4","STAN","ECR","min_vol_60%HPD","permutations","logcor",NA
"4656","16","4","STAN","ECR","min_vol_60%HPD","permutations","logcor",NA
"4657","17","4","STAN","ECR","min_vol_60%HPD","permutations","logcor",NA
"4658","18","4","STAN","ECR","min_vol_60%HPD","permutations","logcor",NA
"4659","19","4","STAN","ECR","min_vol_60%HPD","permutations","logcor",NA
"4660","20","4","STAN","ECR","min_vol_60%HPD","permutations","logcor",NA
"4661","1","5","STAN","ECR","min_vol_60%HPD","permutations","logcor",NA
"4662","2","5","STAN","ECR","min_vol_60%HPD","permutations","logcor",NA
"4663","3","5","STAN","ECR","min_vol_60%HPD","permutations","logcor",NA
"4664","4","5","STAN","ECR","min_vol_60%HPD","permutations","logcor",NA
"4665","5","5","STAN","ECR","min_vol_60%HPD","permutations","logcor",NA
"4666","6","5","STAN","ECR","min_vol_60%HPD","permutations","logcor",NA
"4667","7","5","STAN","ECR","min_vol_60%HPD","permutations","logcor",NA
"4668","8","5","STAN","ECR","min_vol_60%HPD","permutations","logcor",NA
"4669","9","5","STAN","ECR","min_vol_60%HPD","permutations","logcor",NA
"4670","10","5","STAN","ECR","min_vol_60%HPD","permutations","logcor",NA
"4671","11","5","STAN","ECR","min_vol_60%HPD","permutations","logcor",NA
"4672","12","5","STAN","ECR","min_vol_60%HPD","permutations","logcor",NA
"4673","13","5","STAN","ECR","min_vol_60%HPD","permutations","logcor",NA
"4674","14","5","STAN","ECR","min_vol_60%HPD","permutations","logcor",NA
"4675","15","5","STAN","ECR","min_vol_60%HPD","permutations","logcor",NA
"4676","16","5","STAN","ECR","min_vol_60%HPD","permutations","logcor",NA
"4677","17","5","STAN","ECR","min_vol_60%HPD","permutations","logcor",NA
"4678","18","5","STAN","ECR","min_vol_60%HPD","permutations","logcor",NA
"4679","19","5","STAN","ECR","min_vol_60%HPD","permutations","logcor",NA
"4680","20","5","STAN","ECR","min_vol_60%HPD","permutations","logcor",NA
"4681","1","6","STAN","ECR","min_vol_60%HPD","permutations","logcor",NA
"4682","2","6","STAN","ECR","min_vol_60%HPD","permutations","logcor",NA
"4683","3","6","STAN","ECR","min_vol_60%HPD","permutations","logcor",NA
"4684","4","6","STAN","ECR","min_vol_60%HPD","permutations","logcor",NA
"4685","5","6","STAN","ECR","min_vol_60%HPD","permutations","logcor",NA
"4686","6","6","STAN","ECR","min_vol_60%HPD","permutations","logcor",NA
"4687","7","6","STAN","ECR","min_vol_60%HPD","permutations","logcor",NA
"4688","8","6","STAN","ECR","min_vol_60%HPD","permutations","logcor",NA
"4689","9","6","STAN","ECR","min_vol_60%HPD","permutations","logcor",NA
"4690","10","6","STAN","ECR","min_vol_60%HPD","permutations","logcor",NA
"4691","11","6","STAN","ECR","min_vol_60%HPD","permutations","logcor",NA
"4692","12","6","STAN","ECR","min_vol_60%HPD","permutations","logcor",NA
"4693","13","6","STAN","ECR","min_vol_60%HPD","permutations","logcor",NA
"4694","14","6","STAN","ECR","min_vol_60%HPD","permutations","logcor",NA
"4695","15","6","STAN","ECR","min_vol_60%HPD","permutations","logcor",NA
"4696","16","6","STAN","ECR","min_vol_60%HPD","permutations","logcor",NA
"4697","17","6","STAN","ECR","min_vol_60%HPD","permutations","logcor",NA
"4698","18","6","STAN","ECR","min_vol_60%HPD","permutations","logcor",NA
"4699","19","6","STAN","ECR","min_vol_60%HPD","permutations","logcor",NA
"4700","20","6","STAN","ECR","min_vol_60%HPD","permutations","logcor",NA
"4701","1","2","JAGS","ECR","min_vol_60%HPD","permutations","logcor","-3.62309171357593"
"4702","2","2","JAGS","ECR","min_vol_60%HPD","permutations","logcor","-3.55785119170753"
"4703","3","2","JAGS","ECR","min_vol_60%HPD","permutations","logcor","-3.46094738606793"
"4704","4","2","JAGS","ECR","min_vol_60%HPD","permutations","logcor","-3.68887945411394"
"4705","5","2","JAGS","ECR","min_vol_60%HPD","permutations","logcor","-3.84436435695433"
"4706","6","2","JAGS","ECR","min_vol_60%HPD","permutations","logcor","-4.13516655674236"
"4707","7","2","JAGS","ECR","min_vol_60%HPD","permutations","logcor","-3.92207334128165"
"4708","8","2","JAGS","ECR","min_vol_60%HPD","permutations","logcor","-3.50655789731998"
"4709","9","2","JAGS","ECR","min_vol_60%HPD","permutations","logcor","-3.72554343848553"
"4710","10","2","JAGS","ECR","min_vol_60%HPD","permutations","logcor","-3.88733039283777"
"4711","11","2","JAGS","ECR","min_vol_60%HPD","permutations","logcor","-3.9633162998157"
"4712","12","2","JAGS","ECR","min_vol_60%HPD","permutations","logcor","-4.1227440367438"
"4713","13","2","JAGS","ECR","min_vol_60%HPD","permutations","logcor","-3.75075485783202"
"4714","14","2","JAGS","ECR","min_vol_60%HPD","permutations","logcor","-3.74650856695057"
"4715","15","2","JAGS","ECR","min_vol_60%HPD","permutations","logcor","-3.41428262121081"
"4716","16","2","JAGS","ECR","min_vol_60%HPD","permutations","logcor","-3.80316860051606"
"4717","17","2","JAGS","ECR","min_vol_60%HPD","permutations","logcor","-4.09835258361964"
"4718","18","2","JAGS","ECR","min_vol_60%HPD","permutations","logcor","-4.15409456662788"
"4719","19","2","JAGS","ECR","min_vol_60%HPD","permutations","logcor","-3.67695088324866"
"4720","20","2","JAGS","ECR","min_vol_60%HPD","permutations","logcor","-4.16048436472665"
"4721","1","3","JAGS","ECR","min_vol_60%HPD","permutations","logcor","-Inf"
"4722","2","3","JAGS","ECR","min_vol_60%HPD","permutations","logcor","-9.21034037197618"
"4723","3","3","JAGS","ECR","min_vol_60%HPD","permutations","logcor","-7.82404601085629"
"4724","4","3","JAGS","ECR","min_vol_60%HPD","permutations","logcor","-8.11172808330807"
"4725","5","3","JAGS","ECR","min_vol_60%HPD","permutations","logcor","-Inf"
"4726","6","3","JAGS","ECR","min_vol_60%HPD","permutations","logcor","-Inf"
"4727","7","3","JAGS","ECR","min_vol_60%HPD","permutations","logcor","-7.13089883029635"
"4728","8","3","JAGS","ECR","min_vol_60%HPD","permutations","logcor","-6.90775527898214"
"4729","9","3","JAGS","ECR","min_vol_60%HPD","permutations","logcor","-7.26443022292087"
"4730","10","3","JAGS","ECR","min_vol_60%HPD","permutations","logcor","-Inf"
"4731","11","3","JAGS","ECR","min_vol_60%HPD","permutations","logcor","-7.13089883029635"
"4732","12","3","JAGS","ECR","min_vol_60%HPD","permutations","logcor","-Inf"
"4733","13","3","JAGS","ECR","min_vol_60%HPD","permutations","logcor","-Inf"
"4734","14","3","JAGS","ECR","min_vol_60%HPD","permutations","logcor","-8.51719319141624"
"4735","15","3","JAGS","ECR","min_vol_60%HPD","permutations","logcor","-Inf"
"4736","16","3","JAGS","ECR","min_vol_60%HPD","permutations","logcor","-8.11172808330807"
"4737","17","3","JAGS","ECR","min_vol_60%HPD","permutations","logcor","-6.90775527898214"
"4738","18","3","JAGS","ECR","min_vol_60%HPD","permutations","logcor","-7.26443022292087"
"4739","19","3","JAGS","ECR","min_vol_60%HPD","permutations","logcor","-8.11172808330807"
"4740","20","3","JAGS","ECR","min_vol_60%HPD","permutations","logcor","-7.41858090274813"
"4741","1","4","JAGS","ECR","min_vol_60%HPD","permutations","logcor","-Inf"
"4742","2","4","JAGS","ECR","min_vol_60%HPD","permutations","logcor","-Inf"
"4743","3","4","JAGS","ECR","min_vol_60%HPD","permutations","logcor","-Inf"
"4744","4","4","JAGS","ECR","min_vol_60%HPD","permutations","logcor","-Inf"
"4745","5","4","JAGS","ECR","min_vol_60%HPD","permutations","logcor","-Inf"
"4746","6","4","JAGS","ECR","min_vol_60%HPD","permutations","logcor","-Inf"
"4747","7","4","JAGS","ECR","min_vol_60%HPD","permutations","logcor","-Inf"
"4748","8","4","JAGS","ECR","min_vol_60%HPD","permutations","logcor","-Inf"
"4749","9","4","JAGS","ECR","min_vol_60%HPD","permutations","logcor","-Inf"
"4750","10","4","JAGS","ECR","min_vol_60%HPD","permutations","logcor","-Inf"
"4751","11","4","JAGS","ECR","min_vol_60%HPD","permutations","logcor","-Inf"
"4752","12","4","JAGS","ECR","min_vol_60%HPD","permutations","logcor","-Inf"
"4753","13","4","JAGS","ECR","min_vol_60%HPD","permutations","logcor","-Inf"
"4754","14","4","JAGS","ECR","min_vol_60%HPD","permutations","logcor","-Inf"
"4755","15","4","JAGS","ECR","min_vol_60%HPD","permutations","logcor","-Inf"
"4756","16","4","JAGS","ECR","min_vol_60%HPD","permutations","logcor","-Inf"
"4757","17","4","JAGS","ECR","min_vol_60%HPD","permutations","logcor","-Inf"
"4758","18","4","JAGS","ECR","min_vol_60%HPD","permutations","logcor","-Inf"
"4759","19","4","JAGS","ECR","min_vol_60%HPD","permutations","logcor","-Inf"
"4760","20","4","JAGS","ECR","min_vol_60%HPD","permutations","logcor","-Inf"
"4761","1","5","JAGS","ECR","min_vol_60%HPD","permutations","logcor","-Inf"
"4762","2","5","JAGS","ECR","min_vol_60%HPD","permutations","logcor","-Inf"
"4763","3","5","JAGS","ECR","min_vol_60%HPD","permutations","logcor","-Inf"
"4764","4","5","JAGS","ECR","min_vol_60%HPD","permutations","logcor","-Inf"
"4765","5","5","JAGS","ECR","min_vol_60%HPD","permutations","logcor","-Inf"
"4766","6","5","JAGS","ECR","min_vol_60%HPD","permutations","logcor","-Inf"
"4767","7","5","JAGS","ECR","min_vol_60%HPD","permutations","logcor","-Inf"
"4768","8","5","JAGS","ECR","min_vol_60%HPD","permutations","logcor","-Inf"
"4769","9","5","JAGS","ECR","min_vol_60%HPD","permutations","logcor","-Inf"
"4770","10","5","JAGS","ECR","min_vol_60%HPD","permutations","logcor","-Inf"
"4771","11","5","JAGS","ECR","min_vol_60%HPD","permutations","logcor","-Inf"
"4772","12","5","JAGS","ECR","min_vol_60%HPD","permutations","logcor","-Inf"
"4773","13","5","JAGS","ECR","min_vol_60%HPD","permutations","logcor","-Inf"
"4774","14","5","JAGS","ECR","min_vol_60%HPD","permutations","logcor","-Inf"
"4775","15","5","JAGS","ECR","min_vol_60%HPD","permutations","logcor","-Inf"
"4776","16","5","JAGS","ECR","min_vol_60%HPD","permutations","logcor","-Inf"
"4777","17","5","JAGS","ECR","min_vol_60%HPD","permutations","logcor","-Inf"
"4778","18","5","JAGS","ECR","min_vol_60%HPD","permutations","logcor","-Inf"
"4779","19","5","JAGS","ECR","min_vol_60%HPD","permutations","logcor","-Inf"
"4780","20","5","JAGS","ECR","min_vol_60%HPD","permutations","logcor","-Inf"
"4781","1","6","JAGS","ECR","min_vol_60%HPD","permutations","logcor","-Inf"
"4782","2","6","JAGS","ECR","min_vol_60%HPD","permutations","logcor","-Inf"
"4783","3","6","JAGS","ECR","min_vol_60%HPD","permutations","logcor","-Inf"
"4784","4","6","JAGS","ECR","min_vol_60%HPD","permutations","logcor","-8.51719319141624"
"4785","5","6","JAGS","ECR","min_vol_60%HPD","permutations","logcor","-Inf"
"4786","6","6","JAGS","ECR","min_vol_60%HPD","permutations","logcor","-Inf"
"4787","7","6","JAGS","ECR","min_vol_60%HPD","permutations","logcor","-Inf"
"4788","8","6","JAGS","ECR","min_vol_60%HPD","permutations","logcor","-Inf"
"4789","9","6","JAGS","ECR","min_vol_60%HPD","permutations","logcor","-Inf"
"4790","10","6","JAGS","ECR","min_vol_60%HPD","permutations","logcor","-Inf"
"4791","11","6","JAGS","ECR","min_vol_60%HPD","permutations","logcor","-Inf"
"4792","12","6","JAGS","ECR","min_vol_60%HPD","permutations","logcor","-Inf"
"4793","13","6","JAGS","ECR","min_vol_60%HPD","permutations","logcor","-Inf"
"4794","14","6","JAGS","ECR","min_vol_60%HPD","permutations","logcor","-Inf"
"4795","15","6","JAGS","ECR","min_vol_60%HPD","permutations","logcor","-Inf"
"4796","16","6","JAGS","ECR","min_vol_60%HPD","permutations","logcor","-Inf"
"4797","17","6","JAGS","ECR","min_vol_60%HPD","permutations","logcor","-Inf"
"4798","18","6","JAGS","ECR","min_vol_60%HPD","permutations","logcor","-Inf"
"4799","19","6","JAGS","ECR","min_vol_60%HPD","permutations","logcor","-Inf"
"4800","20","6","JAGS","ECR","min_vol_60%HPD","permutations","logcor","-Inf"
"4801","1","2","STAN","STEPHENS","standard","permutations","permlen","2"
"4802","2","2","STAN","STEPHENS","standard","permutations","permlen","2"
"4803","3","2","STAN","STEPHENS","standard","permutations","permlen","2"
"4804","4","2","STAN","STEPHENS","standard","permutations","permlen","2"
"4805","5","2","STAN","STEPHENS","standard","permutations","permlen","2"
"4806","6","2","STAN","STEPHENS","standard","permutations","permlen","2"
"4807","7","2","STAN","STEPHENS","standard","permutations","permlen","2"
"4808","8","2","STAN","STEPHENS","standard","permutations","permlen","2"
"4809","9","2","STAN","STEPHENS","standard","permutations","permlen","2"
"4810","10","2","STAN","STEPHENS","standard","permutations","permlen","2"
"4811","11","2","STAN","STEPHENS","standard","permutations","permlen","2"
"4812","12","2","STAN","STEPHENS","standard","permutations","permlen","2"
"4813","13","2","STAN","STEPHENS","standard","permutations","permlen","2"
"4814","14","2","STAN","STEPHENS","standard","permutations","permlen","2"
"4815","15","2","STAN","STEPHENS","standard","permutations","permlen","2"
"4816","16","2","STAN","STEPHENS","standard","permutations","permlen","2"
"4817","17","2","STAN","STEPHENS","standard","permutations","permlen","2"
"4818","18","2","STAN","STEPHENS","standard","permutations","permlen","2"
"4819","19","2","STAN","STEPHENS","standard","permutations","permlen","2"
"4820","20","2","STAN","STEPHENS","standard","permutations","permlen","2"
"4821","1","3","STAN","STEPHENS","standard","permutations","permlen","6"
"4822","2","3","STAN","STEPHENS","standard","permutations","permlen","6"
"4823","3","3","STAN","STEPHENS","standard","permutations","permlen","6"
"4824","4","3","STAN","STEPHENS","standard","permutations","permlen","6"
"4825","5","3","STAN","STEPHENS","standard","permutations","permlen","6"
"4826","6","3","STAN","STEPHENS","standard","permutations","permlen","6"
"4827","7","3","STAN","STEPHENS","standard","permutations","permlen","6"
"4828","8","3","STAN","STEPHENS","standard","permutations","permlen","6"
"4829","9","3","STAN","STEPHENS","standard","permutations","permlen","6"
"4830","10","3","STAN","STEPHENS","standard","permutations","permlen","6"
"4831","11","3","STAN","STEPHENS","standard","permutations","permlen","6"
"4832","12","3","STAN","STEPHENS","standard","permutations","permlen","6"
"4833","13","3","STAN","STEPHENS","standard","permutations","permlen","6"
"4834","14","3","STAN","STEPHENS","standard","permutations","permlen","6"
"4835","15","3","STAN","STEPHENS","standard","permutations","permlen","6"
"4836","16","3","STAN","STEPHENS","standard","permutations","permlen","6"
"4837","17","3","STAN","STEPHENS","standard","permutations","permlen","6"
"4838","18","3","STAN","STEPHENS","standard","permutations","permlen","6"
"4839","19","3","STAN","STEPHENS","standard","permutations","permlen","6"
"4840","20","3","STAN","STEPHENS","standard","permutations","permlen","6"
"4841","1","4","STAN","STEPHENS","standard","permutations","permlen","24"
"4842","2","4","STAN","STEPHENS","standard","permutations","permlen","24"
"4843","3","4","STAN","STEPHENS","standard","permutations","permlen","24"
"4844","4","4","STAN","STEPHENS","standard","permutations","permlen","24"
"4845","5","4","STAN","STEPHENS","standard","permutations","permlen","24"
"4846","6","4","STAN","STEPHENS","standard","permutations","permlen","24"
"4847","7","4","STAN","STEPHENS","standard","permutations","permlen","24"
"4848","8","4","STAN","STEPHENS","standard","permutations","permlen","24"
"4849","9","4","STAN","STEPHENS","standard","permutations","permlen","24"
"4850","10","4","STAN","STEPHENS","standard","permutations","permlen","24"
"4851","11","4","STAN","STEPHENS","standard","permutations","permlen","24"
"4852","12","4","STAN","STEPHENS","standard","permutations","permlen","24"
"4853","13","4","STAN","STEPHENS","standard","permutations","permlen","24"
"4854","14","4","STAN","STEPHENS","standard","permutations","permlen","24"
"4855","15","4","STAN","STEPHENS","standard","permutations","permlen","24"
"4856","16","4","STAN","STEPHENS","standard","permutations","permlen","24"
"4857","17","4","STAN","STEPHENS","standard","permutations","permlen","24"
"4858","18","4","STAN","STEPHENS","standard","permutations","permlen","24"
"4859","19","4","STAN","STEPHENS","standard","permutations","permlen","24"
"4860","20","4","STAN","STEPHENS","standard","permutations","permlen","24"
"4861","1","5","STAN","STEPHENS","standard","permutations","permlen","120"
"4862","2","5","STAN","STEPHENS","standard","permutations","permlen","120"
"4863","3","5","STAN","STEPHENS","standard","permutations","permlen","120"
"4864","4","5","STAN","STEPHENS","standard","permutations","permlen","120"
"4865","5","5","STAN","STEPHENS","standard","permutations","permlen","120"
"4866","6","5","STAN","STEPHENS","standard","permutations","permlen","120"
"4867","7","5","STAN","STEPHENS","standard","permutations","permlen","120"
"4868","8","5","STAN","STEPHENS","standard","permutations","permlen","120"
"4869","9","5","STAN","STEPHENS","standard","permutations","permlen","120"
"4870","10","5","STAN","STEPHENS","standard","permutations","permlen","120"
"4871","11","5","STAN","STEPHENS","standard","permutations","permlen","120"
"4872","12","5","STAN","STEPHENS","standard","permutations","permlen","120"
"4873","13","5","STAN","STEPHENS","standard","permutations","permlen","120"
"4874","14","5","STAN","STEPHENS","standard","permutations","permlen","120"
"4875","15","5","STAN","STEPHENS","standard","permutations","permlen","120"
"4876","16","5","STAN","STEPHENS","standard","permutations","permlen","120"
"4877","17","5","STAN","STEPHENS","standard","permutations","permlen","120"
"4878","18","5","STAN","STEPHENS","standard","permutations","permlen","120"
"4879","19","5","STAN","STEPHENS","standard","permutations","permlen","120"
"4880","20","5","STAN","STEPHENS","standard","permutations","permlen","120"
"4881","1","6","STAN","STEPHENS","standard","permutations","permlen","720"
"4882","2","6","STAN","STEPHENS","standard","permutations","permlen","720"
"4883","3","6","STAN","STEPHENS","standard","permutations","permlen","720"
"4884","4","6","STAN","STEPHENS","standard","permutations","permlen","720"
"4885","5","6","STAN","STEPHENS","standard","permutations","permlen","720"
"4886","6","6","STAN","STEPHENS","standard","permutations","permlen","720"
"4887","7","6","STAN","STEPHENS","standard","permutations","permlen","720"
"4888","8","6","STAN","STEPHENS","standard","permutations","permlen","720"
"4889","9","6","STAN","STEPHENS","standard","permutations","permlen","720"
"4890","10","6","STAN","STEPHENS","standard","permutations","permlen","720"
"4891","11","6","STAN","STEPHENS","standard","permutations","permlen","720"
"4892","12","6","STAN","STEPHENS","standard","permutations","permlen","720"
"4893","13","6","STAN","STEPHENS","standard","permutations","permlen","720"
"4894","14","6","STAN","STEPHENS","standard","permutations","permlen","720"
"4895","15","6","STAN","STEPHENS","standard","permutations","permlen","720"
"4896","16","6","STAN","STEPHENS","standard","permutations","permlen","720"
"4897","17","6","STAN","STEPHENS","standard","permutations","permlen","720"
"4898","18","6","STAN","STEPHENS","standard","permutations","permlen","720"
"4899","19","6","STAN","STEPHENS","standard","permutations","permlen","720"
"4900","20","6","STAN","STEPHENS","standard","permutations","permlen","720"
"4901","1","2","JAGS","STEPHENS","standard","permutations","permlen","2"
"4902","2","2","JAGS","STEPHENS","standard","permutations","permlen","2"
"4903","3","2","JAGS","STEPHENS","standard","permutations","permlen","2"
"4904","4","2","JAGS","STEPHENS","standard","permutations","permlen","2"
"4905","5","2","JAGS","STEPHENS","standard","permutations","permlen","2"
"4906","6","2","JAGS","STEPHENS","standard","permutations","permlen","2"
"4907","7","2","JAGS","STEPHENS","standard","permutations","permlen","2"
"4908","8","2","JAGS","STEPHENS","standard","permutations","permlen","2"
"4909","9","2","JAGS","STEPHENS","standard","permutations","permlen","2"
"4910","10","2","JAGS","STEPHENS","standard","permutations","permlen","2"
"4911","11","2","JAGS","STEPHENS","standard","permutations","permlen","2"
"4912","12","2","JAGS","STEPHENS","standard","permutations","permlen","2"
"4913","13","2","JAGS","STEPHENS","standard","permutations","permlen","2"
"4914","14","2","JAGS","STEPHENS","standard","permutations","permlen","2"
"4915","15","2","JAGS","STEPHENS","standard","permutations","permlen","2"
"4916","16","2","JAGS","STEPHENS","standard","permutations","permlen","2"
"4917","17","2","JAGS","STEPHENS","standard","permutations","permlen","2"
"4918","18","2","JAGS","STEPHENS","standard","permutations","permlen","2"
"4919","19","2","JAGS","STEPHENS","standard","permutations","permlen","2"
"4920","20","2","JAGS","STEPHENS","standard","permutations","permlen","2"
"4921","1","3","JAGS","STEPHENS","standard","permutations","permlen","6"
"4922","2","3","JAGS","STEPHENS","standard","permutations","permlen","6"
"4923","3","3","JAGS","STEPHENS","standard","permutations","permlen","6"
"4924","4","3","JAGS","STEPHENS","standard","permutations","permlen","6"
"4925","5","3","JAGS","STEPHENS","standard","permutations","permlen","6"
"4926","6","3","JAGS","STEPHENS","standard","permutations","permlen","6"
"4927","7","3","JAGS","STEPHENS","standard","permutations","permlen","6"
"4928","8","3","JAGS","STEPHENS","standard","permutations","permlen","6"
"4929","9","3","JAGS","STEPHENS","standard","permutations","permlen","6"
"4930","10","3","JAGS","STEPHENS","standard","permutations","permlen","6"
"4931","11","3","JAGS","STEPHENS","standard","permutations","permlen","6"
"4932","12","3","JAGS","STEPHENS","standard","permutations","permlen","6"
"4933","13","3","JAGS","STEPHENS","standard","permutations","permlen","6"
"4934","14","3","JAGS","STEPHENS","standard","permutations","permlen","6"
"4935","15","3","JAGS","STEPHENS","standard","permutations","permlen","6"
"4936","16","3","JAGS","STEPHENS","standard","permutations","permlen","6"
"4937","17","3","JAGS","STEPHENS","standard","permutations","permlen","6"
"4938","18","3","JAGS","STEPHENS","standard","permutations","permlen","6"
"4939","19","3","JAGS","STEPHENS","standard","permutations","permlen","6"
"4940","20","3","JAGS","STEPHENS","standard","permutations","permlen","6"
"4941","1","4","JAGS","STEPHENS","standard","permutations","permlen","24"
"4942","2","4","JAGS","STEPHENS","standard","permutations","permlen","24"
"4943","3","4","JAGS","STEPHENS","standard","permutations","permlen","24"
"4944","4","4","JAGS","STEPHENS","standard","permutations","permlen","24"
"4945","5","4","JAGS","STEPHENS","standard","permutations","permlen","24"
"4946","6","4","JAGS","STEPHENS","standard","permutations","permlen","24"
"4947","7","4","JAGS","STEPHENS","standard","permutations","permlen","24"
"4948","8","4","JAGS","STEPHENS","standard","permutations","permlen","24"
"4949","9","4","JAGS","STEPHENS","standard","permutations","permlen","24"
"4950","10","4","JAGS","STEPHENS","standard","permutations","permlen","24"
"4951","11","4","JAGS","STEPHENS","standard","permutations","permlen","24"
"4952","12","4","JAGS","STEPHENS","standard","permutations","permlen","24"
"4953","13","4","JAGS","STEPHENS","standard","permutations","permlen","24"
"4954","14","4","JAGS","STEPHENS","standard","permutations","permlen","24"
"4955","15","4","JAGS","STEPHENS","standard","permutations","permlen","24"
"4956","16","4","JAGS","STEPHENS","standard","permutations","permlen","24"
"4957","17","4","JAGS","STEPHENS","standard","permutations","permlen","24"
"4958","18","4","JAGS","STEPHENS","standard","permutations","permlen","24"
"4959","19","4","JAGS","STEPHENS","standard","permutations","permlen","24"
"4960","20","4","JAGS","STEPHENS","standard","permutations","permlen","24"
"4961","1","5","JAGS","STEPHENS","standard","permutations","permlen","120"
"4962","2","5","JAGS","STEPHENS","standard","permutations","permlen","120"
"4963","3","5","JAGS","STEPHENS","standard","permutations","permlen","120"
"4964","4","5","JAGS","STEPHENS","standard","permutations","permlen","120"
"4965","5","5","JAGS","STEPHENS","standard","permutations","permlen","120"
"4966","6","5","JAGS","STEPHENS","standard","permutations","permlen","120"
"4967","7","5","JAGS","STEPHENS","standard","permutations","permlen","120"
"4968","8","5","JAGS","STEPHENS","standard","permutations","permlen","120"
"4969","9","5","JAGS","STEPHENS","standard","permutations","permlen","120"
"4970","10","5","JAGS","STEPHENS","standard","permutations","permlen","120"
"4971","11","5","JAGS","STEPHENS","standard","permutations","permlen","120"
"4972","12","5","JAGS","STEPHENS","standard","permutations","permlen","120"
"4973","13","5","JAGS","STEPHENS","standard","permutations","permlen","120"
"4974","14","5","JAGS","STEPHENS","standard","permutations","permlen","120"
"4975","15","5","JAGS","STEPHENS","standard","permutations","permlen","120"
"4976","16","5","JAGS","STEPHENS","standard","permutations","permlen","120"
"4977","17","5","JAGS","STEPHENS","standard","permutations","permlen","120"
"4978","18","5","JAGS","STEPHENS","standard","permutations","permlen","120"
"4979","19","5","JAGS","STEPHENS","standard","permutations","permlen","120"
"4980","20","5","JAGS","STEPHENS","standard","permutations","permlen","120"
"4981","1","6","JAGS","STEPHENS","standard","permutations","permlen","720"
"4982","2","6","JAGS","STEPHENS","standard","permutations","permlen","720"
"4983","3","6","JAGS","STEPHENS","standard","permutations","permlen","720"
"4984","4","6","JAGS","STEPHENS","standard","permutations","permlen","720"
"4985","5","6","JAGS","STEPHENS","standard","permutations","permlen","720"
"4986","6","6","JAGS","STEPHENS","standard","permutations","permlen","720"
"4987","7","6","JAGS","STEPHENS","standard","permutations","permlen","720"
"4988","8","6","JAGS","STEPHENS","standard","permutations","permlen","720"
"4989","9","6","JAGS","STEPHENS","standard","permutations","permlen","720"
"4990","10","6","JAGS","STEPHENS","standard","permutations","permlen","720"
"4991","11","6","JAGS","STEPHENS","standard","permutations","permlen","720"
"4992","12","6","JAGS","STEPHENS","standard","permutations","permlen","720"
"4993","13","6","JAGS","STEPHENS","standard","permutations","permlen","720"
"4994","14","6","JAGS","STEPHENS","standard","permutations","permlen","720"
"4995","15","6","JAGS","STEPHENS","standard","permutations","permlen","720"
"4996","16","6","JAGS","STEPHENS","standard","permutations","permlen","720"
"4997","17","6","JAGS","STEPHENS","standard","permutations","permlen","720"
"4998","18","6","JAGS","STEPHENS","standard","permutations","permlen","720"
"4999","19","6","JAGS","STEPHENS","standard","permutations","permlen","720"
"5000","20","6","JAGS","STEPHENS","standard","permutations","permlen","720"
"5001","1","2","STAN","ECR","standard","permutations","permlen",NA
"5002","2","2","STAN","ECR","standard","permutations","permlen",NA
"5003","3","2","STAN","ECR","standard","permutations","permlen",NA
"5004","4","2","STAN","ECR","standard","permutations","permlen",NA
"5005","5","2","STAN","ECR","standard","permutations","permlen",NA
"5006","6","2","STAN","ECR","standard","permutations","permlen",NA
"5007","7","2","STAN","ECR","standard","permutations","permlen",NA
"5008","8","2","STAN","ECR","standard","permutations","permlen",NA
"5009","9","2","STAN","ECR","standard","permutations","permlen",NA
"5010","10","2","STAN","ECR","standard","permutations","permlen",NA
"5011","11","2","STAN","ECR","standard","permutations","permlen",NA
"5012","12","2","STAN","ECR","standard","permutations","permlen",NA
"5013","13","2","STAN","ECR","standard","permutations","permlen",NA
"5014","14","2","STAN","ECR","standard","permutations","permlen",NA
"5015","15","2","STAN","ECR","standard","permutations","permlen",NA
"5016","16","2","STAN","ECR","standard","permutations","permlen",NA
"5017","17","2","STAN","ECR","standard","permutations","permlen",NA
"5018","18","2","STAN","ECR","standard","permutations","permlen",NA
"5019","19","2","STAN","ECR","standard","permutations","permlen",NA
"5020","20","2","STAN","ECR","standard","permutations","permlen",NA
"5021","1","3","STAN","ECR","standard","permutations","permlen",NA
"5022","2","3","STAN","ECR","standard","permutations","permlen",NA
"5023","3","3","STAN","ECR","standard","permutations","permlen",NA
"5024","4","3","STAN","ECR","standard","permutations","permlen",NA
"5025","5","3","STAN","ECR","standard","permutations","permlen",NA
"5026","6","3","STAN","ECR","standard","permutations","permlen",NA
"5027","7","3","STAN","ECR","standard","permutations","permlen",NA
"5028","8","3","STAN","ECR","standard","permutations","permlen",NA
"5029","9","3","STAN","ECR","standard","permutations","permlen",NA
"5030","10","3","STAN","ECR","standard","permutations","permlen",NA
"5031","11","3","STAN","ECR","standard","permutations","permlen",NA
"5032","12","3","STAN","ECR","standard","permutations","permlen",NA
"5033","13","3","STAN","ECR","standard","permutations","permlen",NA
"5034","14","3","STAN","ECR","standard","permutations","permlen",NA
"5035","15","3","STAN","ECR","standard","permutations","permlen",NA
"5036","16","3","STAN","ECR","standard","permutations","permlen",NA
"5037","17","3","STAN","ECR","standard","permutations","permlen",NA
"5038","18","3","STAN","ECR","standard","permutations","permlen",NA
"5039","19","3","STAN","ECR","standard","permutations","permlen",NA
"5040","20","3","STAN","ECR","standard","permutations","permlen",NA
"5041","1","4","STAN","ECR","standard","permutations","permlen",NA
"5042","2","4","STAN","ECR","standard","permutations","permlen",NA
"5043","3","4","STAN","ECR","standard","permutations","permlen",NA
"5044","4","4","STAN","ECR","standard","permutations","permlen",NA
"5045","5","4","STAN","ECR","standard","permutations","permlen",NA
"5046","6","4","STAN","ECR","standard","permutations","permlen",NA
"5047","7","4","STAN","ECR","standard","permutations","permlen",NA
"5048","8","4","STAN","ECR","standard","permutations","permlen",NA
"5049","9","4","STAN","ECR","standard","permutations","permlen",NA
"5050","10","4","STAN","ECR","standard","permutations","permlen",NA
"5051","11","4","STAN","ECR","standard","permutations","permlen",NA
"5052","12","4","STAN","ECR","standard","permutations","permlen",NA
"5053","13","4","STAN","ECR","standard","permutations","permlen",NA
"5054","14","4","STAN","ECR","standard","permutations","permlen",NA
"5055","15","4","STAN","ECR","standard","permutations","permlen",NA
"5056","16","4","STAN","ECR","standard","permutations","permlen",NA
"5057","17","4","STAN","ECR","standard","permutations","permlen",NA
"5058","18","4","STAN","ECR","standard","permutations","permlen",NA
"5059","19","4","STAN","ECR","standard","permutations","permlen",NA
"5060","20","4","STAN","ECR","standard","permutations","permlen",NA
"5061","1","5","STAN","ECR","standard","permutations","permlen",NA
"5062","2","5","STAN","ECR","standard","permutations","permlen",NA
"5063","3","5","STAN","ECR","standard","permutations","permlen",NA
"5064","4","5","STAN","ECR","standard","permutations","permlen",NA
"5065","5","5","STAN","ECR","standard","permutations","permlen",NA
"5066","6","5","STAN","ECR","standard","permutations","permlen",NA
"5067","7","5","STAN","ECR","standard","permutations","permlen",NA
"5068","8","5","STAN","ECR","standard","permutations","permlen",NA
"5069","9","5","STAN","ECR","standard","permutations","permlen",NA
"5070","10","5","STAN","ECR","standard","permutations","permlen",NA
"5071","11","5","STAN","ECR","standard","permutations","permlen",NA
"5072","12","5","STAN","ECR","standard","permutations","permlen",NA
"5073","13","5","STAN","ECR","standard","permutations","permlen",NA
"5074","14","5","STAN","ECR","standard","permutations","permlen",NA
"5075","15","5","STAN","ECR","standard","permutations","permlen",NA
"5076","16","5","STAN","ECR","standard","permutations","permlen",NA
"5077","17","5","STAN","ECR","standard","permutations","permlen",NA
"5078","18","5","STAN","ECR","standard","permutations","permlen",NA
"5079","19","5","STAN","ECR","standard","permutations","permlen",NA
"5080","20","5","STAN","ECR","standard","permutations","permlen",NA
"5081","1","6","STAN","ECR","standard","permutations","permlen",NA
"5082","2","6","STAN","ECR","standard","permutations","permlen",NA
"5083","3","6","STAN","ECR","standard","permutations","permlen",NA
"5084","4","6","STAN","ECR","standard","permutations","permlen",NA
"5085","5","6","STAN","ECR","standard","permutations","permlen",NA
"5086","6","6","STAN","ECR","standard","permutations","permlen",NA
"5087","7","6","STAN","ECR","standard","permutations","permlen",NA
"5088","8","6","STAN","ECR","standard","permutations","permlen",NA
"5089","9","6","STAN","ECR","standard","permutations","permlen",NA
"5090","10","6","STAN","ECR","standard","permutations","permlen",NA
"5091","11","6","STAN","ECR","standard","permutations","permlen",NA
"5092","12","6","STAN","ECR","standard","permutations","permlen",NA
"5093","13","6","STAN","ECR","standard","permutations","permlen",NA
"5094","14","6","STAN","ECR","standard","permutations","permlen",NA
"5095","15","6","STAN","ECR","standard","permutations","permlen",NA
"5096","16","6","STAN","ECR","standard","permutations","permlen",NA
"5097","17","6","STAN","ECR","standard","permutations","permlen",NA
"5098","18","6","STAN","ECR","standard","permutations","permlen",NA
"5099","19","6","STAN","ECR","standard","permutations","permlen",NA
"5100","20","6","STAN","ECR","standard","permutations","permlen",NA
"5101","1","2","JAGS","ECR","standard","permutations","permlen","2"
"5102","2","2","JAGS","ECR","standard","permutations","permlen","2"
"5103","3","2","JAGS","ECR","standard","permutations","permlen","2"
"5104","4","2","JAGS","ECR","standard","permutations","permlen","2"
"5105","5","2","JAGS","ECR","standard","permutations","permlen","2"
"5106","6","2","JAGS","ECR","standard","permutations","permlen","2"
"5107","7","2","JAGS","ECR","standard","permutations","permlen","2"
"5108","8","2","JAGS","ECR","standard","permutations","permlen","2"
"5109","9","2","JAGS","ECR","standard","permutations","permlen","2"
"5110","10","2","JAGS","ECR","standard","permutations","permlen","2"
"5111","11","2","JAGS","ECR","standard","permutations","permlen","2"
"5112","12","2","JAGS","ECR","standard","permutations","permlen","2"
"5113","13","2","JAGS","ECR","standard","permutations","permlen","2"
"5114","14","2","JAGS","ECR","standard","permutations","permlen","2"
"5115","15","2","JAGS","ECR","standard","permutations","permlen","2"
"5116","16","2","JAGS","ECR","standard","permutations","permlen","2"
"5117","17","2","JAGS","ECR","standard","permutations","permlen","2"
"5118","18","2","JAGS","ECR","standard","permutations","permlen","2"
"5119","19","2","JAGS","ECR","standard","permutations","permlen","2"
"5120","20","2","JAGS","ECR","standard","permutations","permlen","2"
"5121","1","3","JAGS","ECR","standard","permutations","permlen","6"
"5122","2","3","JAGS","ECR","standard","permutations","permlen","6"
"5123","3","3","JAGS","ECR","standard","permutations","permlen","6"
"5124","4","3","JAGS","ECR","standard","permutations","permlen","6"
"5125","5","3","JAGS","ECR","standard","permutations","permlen","6"
"5126","6","3","JAGS","ECR","standard","permutations","permlen","6"
"5127","7","3","JAGS","ECR","standard","permutations","permlen","6"
"5128","8","3","JAGS","ECR","standard","permutations","permlen","6"
"5129","9","3","JAGS","ECR","standard","permutations","permlen","6"
"5130","10","3","JAGS","ECR","standard","permutations","permlen","6"
"5131","11","3","JAGS","ECR","standard","permutations","permlen","6"
"5132","12","3","JAGS","ECR","standard","permutations","permlen","6"
"5133","13","3","JAGS","ECR","standard","permutations","permlen","6"
"5134","14","3","JAGS","ECR","standard","permutations","permlen","6"
"5135","15","3","JAGS","ECR","standard","permutations","permlen","6"
"5136","16","3","JAGS","ECR","standard","permutations","permlen","6"
"5137","17","3","JAGS","ECR","standard","permutations","permlen","6"
"5138","18","3","JAGS","ECR","standard","permutations","permlen","6"
"5139","19","3","JAGS","ECR","standard","permutations","permlen","6"
"5140","20","3","JAGS","ECR","standard","permutations","permlen","6"
"5141","1","4","JAGS","ECR","standard","permutations","permlen","24"
"5142","2","4","JAGS","ECR","standard","permutations","permlen","24"
"5143","3","4","JAGS","ECR","standard","permutations","permlen","24"
"5144","4","4","JAGS","ECR","standard","permutations","permlen","24"
"5145","5","4","JAGS","ECR","standard","permutations","permlen","24"
"5146","6","4","JAGS","ECR","standard","permutations","permlen","24"
"5147","7","4","JAGS","ECR","standard","permutations","permlen","24"
"5148","8","4","JAGS","ECR","standard","permutations","permlen","24"
"5149","9","4","JAGS","ECR","standard","permutations","permlen","24"
"5150","10","4","JAGS","ECR","standard","permutations","permlen","24"
"5151","11","4","JAGS","ECR","standard","permutations","permlen","24"
"5152","12","4","JAGS","ECR","standard","permutations","permlen","24"
"5153","13","4","JAGS","ECR","standard","permutations","permlen","24"
"5154","14","4","JAGS","ECR","standard","permutations","permlen","24"
"5155","15","4","JAGS","ECR","standard","permutations","permlen","24"
"5156","16","4","JAGS","ECR","standard","permutations","permlen","24"
"5157","17","4","JAGS","ECR","standard","permutations","permlen","24"
"5158","18","4","JAGS","ECR","standard","permutations","permlen","24"
"5159","19","4","JAGS","ECR","standard","permutations","permlen","24"
"5160","20","4","JAGS","ECR","standard","permutations","permlen","24"
"5161","1","5","JAGS","ECR","standard","permutations","permlen","120"
"5162","2","5","JAGS","ECR","standard","permutations","permlen","120"
"5163","3","5","JAGS","ECR","standard","permutations","permlen","120"
"5164","4","5","JAGS","ECR","standard","permutations","permlen","120"
"5165","5","5","JAGS","ECR","standard","permutations","permlen","120"
"5166","6","5","JAGS","ECR","standard","permutations","permlen","120"
"5167","7","5","JAGS","ECR","standard","permutations","permlen","120"
"5168","8","5","JAGS","ECR","standard","permutations","permlen","120"
"5169","9","5","JAGS","ECR","standard","permutations","permlen","120"
"5170","10","5","JAGS","ECR","standard","permutations","permlen","120"
"5171","11","5","JAGS","ECR","standard","permutations","permlen","120"
"5172","12","5","JAGS","ECR","standard","permutations","permlen","120"
"5173","13","5","JAGS","ECR","standard","permutations","permlen","120"
"5174","14","5","JAGS","ECR","standard","permutations","permlen","120"
"5175","15","5","JAGS","ECR","standard","permutations","permlen","120"
"5176","16","5","JAGS","ECR","standard","permutations","permlen","120"
"5177","17","5","JAGS","ECR","standard","permutations","permlen","120"
"5178","18","5","JAGS","ECR","standard","permutations","permlen","120"
"5179","19","5","JAGS","ECR","standard","permutations","permlen","120"
"5180","20","5","JAGS","ECR","standard","permutations","permlen","120"
"5181","1","6","JAGS","ECR","standard","permutations","permlen","720"
"5182","2","6","JAGS","ECR","standard","permutations","permlen","720"
"5183","3","6","JAGS","ECR","standard","permutations","permlen","720"
"5184","4","6","JAGS","ECR","standard","permutations","permlen","720"
"5185","5","6","JAGS","ECR","standard","permutations","permlen","720"
"5186","6","6","JAGS","ECR","standard","permutations","permlen","720"
"5187","7","6","JAGS","ECR","standard","permutations","permlen","720"
"5188","8","6","JAGS","ECR","standard","permutations","permlen","720"
"5189","9","6","JAGS","ECR","standard","permutations","permlen","720"
"5190","10","6","JAGS","ECR","standard","permutations","permlen","720"
"5191","11","6","JAGS","ECR","standard","permutations","permlen","720"
"5192","12","6","JAGS","ECR","standard","permutations","permlen","720"
"5193","13","6","JAGS","ECR","standard","permutations","permlen","720"
"5194","14","6","JAGS","ECR","standard","permutations","permlen","720"
"5195","15","6","JAGS","ECR","standard","permutations","permlen","720"
"5196","16","6","JAGS","ECR","standard","permutations","permlen","720"
"5197","17","6","JAGS","ECR","standard","permutations","permlen","720"
"5198","18","6","JAGS","ECR","standard","permutations","permlen","720"
"5199","19","6","JAGS","ECR","standard","permutations","permlen","720"
"5200","20","6","JAGS","ECR","standard","permutations","permlen","720"
"5201","1","2","STAN","STEPHENS","robust","permutations","permlen","2"
"5202","2","2","STAN","STEPHENS","robust","permutations","permlen","2"
"5203","3","2","STAN","STEPHENS","robust","permutations","permlen","2"
"5204","4","2","STAN","STEPHENS","robust","permutations","permlen","2"
"5205","5","2","STAN","STEPHENS","robust","permutations","permlen","2"
"5206","6","2","STAN","STEPHENS","robust","permutations","permlen","2"
"5207","7","2","STAN","STEPHENS","robust","permutations","permlen","2"
"5208","8","2","STAN","STEPHENS","robust","permutations","permlen","2"
"5209","9","2","STAN","STEPHENS","robust","permutations","permlen","2"
"5210","10","2","STAN","STEPHENS","robust","permutations","permlen","2"
"5211","11","2","STAN","STEPHENS","robust","permutations","permlen","2"
"5212","12","2","STAN","STEPHENS","robust","permutations","permlen","2"
"5213","13","2","STAN","STEPHENS","robust","permutations","permlen","2"
"5214","14","2","STAN","STEPHENS","robust","permutations","permlen","2"
"5215","15","2","STAN","STEPHENS","robust","permutations","permlen","2"
"5216","16","2","STAN","STEPHENS","robust","permutations","permlen","2"
"5217","17","2","STAN","STEPHENS","robust","permutations","permlen","2"
"5218","18","2","STAN","STEPHENS","robust","permutations","permlen","2"
"5219","19","2","STAN","STEPHENS","robust","permutations","permlen","2"
"5220","20","2","STAN","STEPHENS","robust","permutations","permlen","2"
"5221","1","3","STAN","STEPHENS","robust","permutations","permlen","6"
"5222","2","3","STAN","STEPHENS","robust","permutations","permlen","6"
"5223","3","3","STAN","STEPHENS","robust","permutations","permlen","6"
"5224","4","3","STAN","STEPHENS","robust","permutations","permlen","6"
"5225","5","3","STAN","STEPHENS","robust","permutations","permlen","6"
"5226","6","3","STAN","STEPHENS","robust","permutations","permlen","6"
"5227","7","3","STAN","STEPHENS","robust","permutations","permlen","6"
"5228","8","3","STAN","STEPHENS","robust","permutations","permlen","6"
"5229","9","3","STAN","STEPHENS","robust","permutations","permlen","6"
"5230","10","3","STAN","STEPHENS","robust","permutations","permlen","6"
"5231","11","3","STAN","STEPHENS","robust","permutations","permlen","6"
"5232","12","3","STAN","STEPHENS","robust","permutations","permlen","6"
"5233","13","3","STAN","STEPHENS","robust","permutations","permlen","6"
"5234","14","3","STAN","STEPHENS","robust","permutations","permlen","6"
"5235","15","3","STAN","STEPHENS","robust","permutations","permlen","6"
"5236","16","3","STAN","STEPHENS","robust","permutations","permlen","6"
"5237","17","3","STAN","STEPHENS","robust","permutations","permlen","6"
"5238","18","3","STAN","STEPHENS","robust","permutations","permlen","6"
"5239","19","3","STAN","STEPHENS","robust","permutations","permlen","6"
"5240","20","3","STAN","STEPHENS","robust","permutations","permlen","6"
"5241","1","4","STAN","STEPHENS","robust","permutations","permlen","24"
"5242","2","4","STAN","STEPHENS","robust","permutations","permlen","24"
"5243","3","4","STAN","STEPHENS","robust","permutations","permlen","24"
"5244","4","4","STAN","STEPHENS","robust","permutations","permlen","24"
"5245","5","4","STAN","STEPHENS","robust","permutations","permlen","24"
"5246","6","4","STAN","STEPHENS","robust","permutations","permlen","24"
"5247","7","4","STAN","STEPHENS","robust","permutations","permlen","24"
"5248","8","4","STAN","STEPHENS","robust","permutations","permlen","24"
"5249","9","4","STAN","STEPHENS","robust","permutations","permlen","24"
"5250","10","4","STAN","STEPHENS","robust","permutations","permlen","24"
"5251","11","4","STAN","STEPHENS","robust","permutations","permlen","24"
"5252","12","4","STAN","STEPHENS","robust","permutations","permlen","24"
"5253","13","4","STAN","STEPHENS","robust","permutations","permlen","24"
"5254","14","4","STAN","STEPHENS","robust","permutations","permlen","24"
"5255","15","4","STAN","STEPHENS","robust","permutations","permlen","24"
"5256","16","4","STAN","STEPHENS","robust","permutations","permlen","24"
"5257","17","4","STAN","STEPHENS","robust","permutations","permlen","24"
"5258","18","4","STAN","STEPHENS","robust","permutations","permlen","24"
"5259","19","4","STAN","STEPHENS","robust","permutations","permlen","24"
"5260","20","4","STAN","STEPHENS","robust","permutations","permlen","24"
"5261","1","5","STAN","STEPHENS","robust","permutations","permlen","120"
"5262","2","5","STAN","STEPHENS","robust","permutations","permlen","120"
"5263","3","5","STAN","STEPHENS","robust","permutations","permlen","120"
"5264","4","5","STAN","STEPHENS","robust","permutations","permlen","120"
"5265","5","5","STAN","STEPHENS","robust","permutations","permlen","120"
"5266","6","5","STAN","STEPHENS","robust","permutations","permlen","120"
"5267","7","5","STAN","STEPHENS","robust","permutations","permlen","120"
"5268","8","5","STAN","STEPHENS","robust","permutations","permlen","120"
"5269","9","5","STAN","STEPHENS","robust","permutations","permlen","120"
"5270","10","5","STAN","STEPHENS","robust","permutations","permlen","120"
"5271","11","5","STAN","STEPHENS","robust","permutations","permlen","120"
"5272","12","5","STAN","STEPHENS","robust","permutations","permlen","120"
"5273","13","5","STAN","STEPHENS","robust","permutations","permlen","120"
"5274","14","5","STAN","STEPHENS","robust","permutations","permlen","120"
"5275","15","5","STAN","STEPHENS","robust","permutations","permlen","120"
"5276","16","5","STAN","STEPHENS","robust","permutations","permlen","120"
"5277","17","5","STAN","STEPHENS","robust","permutations","permlen","120"
"5278","18","5","STAN","STEPHENS","robust","permutations","permlen","120"
"5279","19","5","STAN","STEPHENS","robust","permutations","permlen","120"
"5280","20","5","STAN","STEPHENS","robust","permutations","permlen","120"
"5281","1","6","STAN","STEPHENS","robust","permutations","permlen","720"
"5282","2","6","STAN","STEPHENS","robust","permutations","permlen","720"
"5283","3","6","STAN","STEPHENS","robust","permutations","permlen","720"
"5284","4","6","STAN","STEPHENS","robust","permutations","permlen","720"
"5285","5","6","STAN","STEPHENS","robust","permutations","permlen","720"
"5286","6","6","STAN","STEPHENS","robust","permutations","permlen","720"
"5287","7","6","STAN","STEPHENS","robust","permutations","permlen","720"
"5288","8","6","STAN","STEPHENS","robust","permutations","permlen","720"
"5289","9","6","STAN","STEPHENS","robust","permutations","permlen","720"
"5290","10","6","STAN","STEPHENS","robust","permutations","permlen","720"
"5291","11","6","STAN","STEPHENS","robust","permutations","permlen","720"
"5292","12","6","STAN","STEPHENS","robust","permutations","permlen","720"
"5293","13","6","STAN","STEPHENS","robust","permutations","permlen","720"
"5294","14","6","STAN","STEPHENS","robust","permutations","permlen","720"
"5295","15","6","STAN","STEPHENS","robust","permutations","permlen","720"
"5296","16","6","STAN","STEPHENS","robust","permutations","permlen","720"
"5297","17","6","STAN","STEPHENS","robust","permutations","permlen","720"
"5298","18","6","STAN","STEPHENS","robust","permutations","permlen","720"
"5299","19","6","STAN","STEPHENS","robust","permutations","permlen","720"
"5300","20","6","STAN","STEPHENS","robust","permutations","permlen","720"
"5301","1","2","JAGS","STEPHENS","robust","permutations","permlen","2"
"5302","2","2","JAGS","STEPHENS","robust","permutations","permlen","2"
"5303","3","2","JAGS","STEPHENS","robust","permutations","permlen","2"
"5304","4","2","JAGS","STEPHENS","robust","permutations","permlen","2"
"5305","5","2","JAGS","STEPHENS","robust","permutations","permlen","2"
"5306","6","2","JAGS","STEPHENS","robust","permutations","permlen","2"
"5307","7","2","JAGS","STEPHENS","robust","permutations","permlen","2"
"5308","8","2","JAGS","STEPHENS","robust","permutations","permlen","2"
"5309","9","2","JAGS","STEPHENS","robust","permutations","permlen","2"
"5310","10","2","JAGS","STEPHENS","robust","permutations","permlen","2"
"5311","11","2","JAGS","STEPHENS","robust","permutations","permlen","2"
"5312","12","2","JAGS","STEPHENS","robust","permutations","permlen","2"
"5313","13","2","JAGS","STEPHENS","robust","permutations","permlen","2"
"5314","14","2","JAGS","STEPHENS","robust","permutations","permlen","2"
"5315","15","2","JAGS","STEPHENS","robust","permutations","permlen","2"
"5316","16","2","JAGS","STEPHENS","robust","permutations","permlen","2"
"5317","17","2","JAGS","STEPHENS","robust","permutations","permlen","2"
"5318","18","2","JAGS","STEPHENS","robust","permutations","permlen","2"
"5319","19","2","JAGS","STEPHENS","robust","permutations","permlen","2"
"5320","20","2","JAGS","STEPHENS","robust","permutations","permlen","2"
"5321","1","3","JAGS","STEPHENS","robust","permutations","permlen","6"
"5322","2","3","JAGS","STEPHENS","robust","permutations","permlen","6"
"5323","3","3","JAGS","STEPHENS","robust","permutations","permlen","6"
"5324","4","3","JAGS","STEPHENS","robust","permutations","permlen","6"
"5325","5","3","JAGS","STEPHENS","robust","permutations","permlen","6"
"5326","6","3","JAGS","STEPHENS","robust","permutations","permlen","6"
"5327","7","3","JAGS","STEPHENS","robust","permutations","permlen","6"
"5328","8","3","JAGS","STEPHENS","robust","permutations","permlen","6"
"5329","9","3","JAGS","STEPHENS","robust","permutations","permlen","6"
"5330","10","3","JAGS","STEPHENS","robust","permutations","permlen","6"
"5331","11","3","JAGS","STEPHENS","robust","permutations","permlen","6"
"5332","12","3","JAGS","STEPHENS","robust","permutations","permlen","6"
"5333","13","3","JAGS","STEPHENS","robust","permutations","permlen","6"
"5334","14","3","JAGS","STEPHENS","robust","permutations","permlen","6"
"5335","15","3","JAGS","STEPHENS","robust","permutations","permlen","6"
"5336","16","3","JAGS","STEPHENS","robust","permutations","permlen","6"
"5337","17","3","JAGS","STEPHENS","robust","permutations","permlen","6"
"5338","18","3","JAGS","STEPHENS","robust","permutations","permlen","6"
"5339","19","3","JAGS","STEPHENS","robust","permutations","permlen","6"
"5340","20","3","JAGS","STEPHENS","robust","permutations","permlen","6"
"5341","1","4","JAGS","STEPHENS","robust","permutations","permlen","24"
"5342","2","4","JAGS","STEPHENS","robust","permutations","permlen","24"
"5343","3","4","JAGS","STEPHENS","robust","permutations","permlen","24"
"5344","4","4","JAGS","STEPHENS","robust","permutations","permlen","24"
"5345","5","4","JAGS","STEPHENS","robust","permutations","permlen","24"
"5346","6","4","JAGS","STEPHENS","robust","permutations","permlen","24"
"5347","7","4","JAGS","STEPHENS","robust","permutations","permlen","24"
"5348","8","4","JAGS","STEPHENS","robust","permutations","permlen","24"
"5349","9","4","JAGS","STEPHENS","robust","permutations","permlen","24"
"5350","10","4","JAGS","STEPHENS","robust","permutations","permlen","24"
"5351","11","4","JAGS","STEPHENS","robust","permutations","permlen","24"
"5352","12","4","JAGS","STEPHENS","robust","permutations","permlen","24"
"5353","13","4","JAGS","STEPHENS","robust","permutations","permlen","24"
"5354","14","4","JAGS","STEPHENS","robust","permutations","permlen","24"
"5355","15","4","JAGS","STEPHENS","robust","permutations","permlen","24"
"5356","16","4","JAGS","STEPHENS","robust","permutations","permlen","24"
"5357","17","4","JAGS","STEPHENS","robust","permutations","permlen","24"
"5358","18","4","JAGS","STEPHENS","robust","permutations","permlen","24"
"5359","19","4","JAGS","STEPHENS","robust","permutations","permlen","24"
"5360","20","4","JAGS","STEPHENS","robust","permutations","permlen","24"
"5361","1","5","JAGS","STEPHENS","robust","permutations","permlen","120"
"5362","2","5","JAGS","STEPHENS","robust","permutations","permlen","120"
"5363","3","5","JAGS","STEPHENS","robust","permutations","permlen","120"
"5364","4","5","JAGS","STEPHENS","robust","permutations","permlen","120"
"5365","5","5","JAGS","STEPHENS","robust","permutations","permlen","120"
"5366","6","5","JAGS","STEPHENS","robust","permutations","permlen","120"
"5367","7","5","JAGS","STEPHENS","robust","permutations","permlen","120"
"5368","8","5","JAGS","STEPHENS","robust","permutations","permlen","120"
"5369","9","5","JAGS","STEPHENS","robust","permutations","permlen","120"
"5370","10","5","JAGS","STEPHENS","robust","permutations","permlen","120"
"5371","11","5","JAGS","STEPHENS","robust","permutations","permlen","120"
"5372","12","5","JAGS","STEPHENS","robust","permutations","permlen","120"
"5373","13","5","JAGS","STEPHENS","robust","permutations","permlen","120"
"5374","14","5","JAGS","STEPHENS","robust","permutations","permlen","120"
"5375","15","5","JAGS","STEPHENS","robust","permutations","permlen","120"
"5376","16","5","JAGS","STEPHENS","robust","permutations","permlen","120"
"5377","17","5","JAGS","STEPHENS","robust","permutations","permlen","120"
"5378","18","5","JAGS","STEPHENS","robust","permutations","permlen","120"
"5379","19","5","JAGS","STEPHENS","robust","permutations","permlen","120"
"5380","20","5","JAGS","STEPHENS","robust","permutations","permlen","120"
"5381","1","6","JAGS","STEPHENS","robust","permutations","permlen","720"
"5382","2","6","JAGS","STEPHENS","robust","permutations","permlen","720"
"5383","3","6","JAGS","STEPHENS","robust","permutations","permlen","720"
"5384","4","6","JAGS","STEPHENS","robust","permutations","permlen","720"
"5385","5","6","JAGS","STEPHENS","robust","permutations","permlen","720"
"5386","6","6","JAGS","STEPHENS","robust","permutations","permlen","720"
"5387","7","6","JAGS","STEPHENS","robust","permutations","permlen","720"
"5388","8","6","JAGS","STEPHENS","robust","permutations","permlen","720"
"5389","9","6","JAGS","STEPHENS","robust","permutations","permlen","720"
"5390","10","6","JAGS","STEPHENS","robust","permutations","permlen","720"
"5391","11","6","JAGS","STEPHENS","robust","permutations","permlen","720"
"5392","12","6","JAGS","STEPHENS","robust","permutations","permlen","720"
"5393","13","6","JAGS","STEPHENS","robust","permutations","permlen","720"
"5394","14","6","JAGS","STEPHENS","robust","permutations","permlen","720"
"5395","15","6","JAGS","STEPHENS","robust","permutations","permlen","720"
"5396","16","6","JAGS","STEPHENS","robust","permutations","permlen","720"
"5397","17","6","JAGS","STEPHENS","robust","permutations","permlen","720"
"5398","18","6","JAGS","STEPHENS","robust","permutations","permlen","720"
"5399","19","6","JAGS","STEPHENS","robust","permutations","permlen","720"
"5400","20","6","JAGS","STEPHENS","robust","permutations","permlen","720"
"5401","1","2","STAN","ECR","robust","permutations","permlen",NA
"5402","2","2","STAN","ECR","robust","permutations","permlen",NA
"5403","3","2","STAN","ECR","robust","permutations","permlen",NA
"5404","4","2","STAN","ECR","robust","permutations","permlen",NA
"5405","5","2","STAN","ECR","robust","permutations","permlen",NA
"5406","6","2","STAN","ECR","robust","permutations","permlen",NA
"5407","7","2","STAN","ECR","robust","permutations","permlen",NA
"5408","8","2","STAN","ECR","robust","permutations","permlen",NA
"5409","9","2","STAN","ECR","robust","permutations","permlen",NA
"5410","10","2","STAN","ECR","robust","permutations","permlen",NA
"5411","11","2","STAN","ECR","robust","permutations","permlen",NA
"5412","12","2","STAN","ECR","robust","permutations","permlen",NA
"5413","13","2","STAN","ECR","robust","permutations","permlen",NA
"5414","14","2","STAN","ECR","robust","permutations","permlen",NA
"5415","15","2","STAN","ECR","robust","permutations","permlen",NA
"5416","16","2","STAN","ECR","robust","permutations","permlen",NA
"5417","17","2","STAN","ECR","robust","permutations","permlen",NA
"5418","18","2","STAN","ECR","robust","permutations","permlen",NA
"5419","19","2","STAN","ECR","robust","permutations","permlen",NA
"5420","20","2","STAN","ECR","robust","permutations","permlen",NA
"5421","1","3","STAN","ECR","robust","permutations","permlen",NA
"5422","2","3","STAN","ECR","robust","permutations","permlen",NA
"5423","3","3","STAN","ECR","robust","permutations","permlen",NA
"5424","4","3","STAN","ECR","robust","permutations","permlen",NA
"5425","5","3","STAN","ECR","robust","permutations","permlen",NA
"5426","6","3","STAN","ECR","robust","permutations","permlen",NA
"5427","7","3","STAN","ECR","robust","permutations","permlen",NA
"5428","8","3","STAN","ECR","robust","permutations","permlen",NA
"5429","9","3","STAN","ECR","robust","permutations","permlen",NA
"5430","10","3","STAN","ECR","robust","permutations","permlen",NA
"5431","11","3","STAN","ECR","robust","permutations","permlen",NA
"5432","12","3","STAN","ECR","robust","permutations","permlen",NA
"5433","13","3","STAN","ECR","robust","permutations","permlen",NA
"5434","14","3","STAN","ECR","robust","permutations","permlen",NA
"5435","15","3","STAN","ECR","robust","permutations","permlen",NA
"5436","16","3","STAN","ECR","robust","permutations","permlen",NA
"5437","17","3","STAN","ECR","robust","permutations","permlen",NA
"5438","18","3","STAN","ECR","robust","permutations","permlen",NA
"5439","19","3","STAN","ECR","robust","permutations","permlen",NA
"5440","20","3","STAN","ECR","robust","permutations","permlen",NA
"5441","1","4","STAN","ECR","robust","permutations","permlen",NA
"5442","2","4","STAN","ECR","robust","permutations","permlen",NA
"5443","3","4","STAN","ECR","robust","permutations","permlen",NA
"5444","4","4","STAN","ECR","robust","permutations","permlen",NA
"5445","5","4","STAN","ECR","robust","permutations","permlen",NA
"5446","6","4","STAN","ECR","robust","permutations","permlen",NA
"5447","7","4","STAN","ECR","robust","permutations","permlen",NA
"5448","8","4","STAN","ECR","robust","permutations","permlen",NA
"5449","9","4","STAN","ECR","robust","permutations","permlen",NA
"5450","10","4","STAN","ECR","robust","permutations","permlen",NA
"5451","11","4","STAN","ECR","robust","permutations","permlen",NA
"5452","12","4","STAN","ECR","robust","permutations","permlen",NA
"5453","13","4","STAN","ECR","robust","permutations","permlen",NA
"5454","14","4","STAN","ECR","robust","permutations","permlen",NA
"5455","15","4","STAN","ECR","robust","permutations","permlen",NA
"5456","16","4","STAN","ECR","robust","permutations","permlen",NA
"5457","17","4","STAN","ECR","robust","permutations","permlen",NA
"5458","18","4","STAN","ECR","robust","permutations","permlen",NA
"5459","19","4","STAN","ECR","robust","permutations","permlen",NA
"5460","20","4","STAN","ECR","robust","permutations","permlen",NA
"5461","1","5","STAN","ECR","robust","permutations","permlen",NA
"5462","2","5","STAN","ECR","robust","permutations","permlen",NA
"5463","3","5","STAN","ECR","robust","permutations","permlen",NA
"5464","4","5","STAN","ECR","robust","permutations","permlen",NA
"5465","5","5","STAN","ECR","robust","permutations","permlen",NA
"5466","6","5","STAN","ECR","robust","permutations","permlen",NA
"5467","7","5","STAN","ECR","robust","permutations","permlen",NA
"5468","8","5","STAN","ECR","robust","permutations","permlen",NA
"5469","9","5","STAN","ECR","robust","permutations","permlen",NA
"5470","10","5","STAN","ECR","robust","permutations","permlen",NA
"5471","11","5","STAN","ECR","robust","permutations","permlen",NA
"5472","12","5","STAN","ECR","robust","permutations","permlen",NA
"5473","13","5","STAN","ECR","robust","permutations","permlen",NA
"5474","14","5","STAN","ECR","robust","permutations","permlen",NA
"5475","15","5","STAN","ECR","robust","permutations","permlen",NA
"5476","16","5","STAN","ECR","robust","permutations","permlen",NA
"5477","17","5","STAN","ECR","robust","permutations","permlen",NA
"5478","18","5","STAN","ECR","robust","permutations","permlen",NA
"5479","19","5","STAN","ECR","robust","permutations","permlen",NA
"5480","20","5","STAN","ECR","robust","permutations","permlen",NA
"5481","1","6","STAN","ECR","robust","permutations","permlen",NA
"5482","2","6","STAN","ECR","robust","permutations","permlen",NA
"5483","3","6","STAN","ECR","robust","permutations","permlen",NA
"5484","4","6","STAN","ECR","robust","permutations","permlen",NA
"5485","5","6","STAN","ECR","robust","permutations","permlen",NA
"5486","6","6","STAN","ECR","robust","permutations","permlen",NA
"5487","7","6","STAN","ECR","robust","permutations","permlen",NA
"5488","8","6","STAN","ECR","robust","permutations","permlen",NA
"5489","9","6","STAN","ECR","robust","permutations","permlen",NA
"5490","10","6","STAN","ECR","robust","permutations","permlen",NA
"5491","11","6","STAN","ECR","robust","permutations","permlen",NA
"5492","12","6","STAN","ECR","robust","permutations","permlen",NA
"5493","13","6","STAN","ECR","robust","permutations","permlen",NA
"5494","14","6","STAN","ECR","robust","permutations","permlen",NA
"5495","15","6","STAN","ECR","robust","permutations","permlen",NA
"5496","16","6","STAN","ECR","robust","permutations","permlen",NA
"5497","17","6","STAN","ECR","robust","permutations","permlen",NA
"5498","18","6","STAN","ECR","robust","permutations","permlen",NA
"5499","19","6","STAN","ECR","robust","permutations","permlen",NA
"5500","20","6","STAN","ECR","robust","permutations","permlen",NA
"5501","1","2","JAGS","ECR","robust","permutations","permlen","2"
"5502","2","2","JAGS","ECR","robust","permutations","permlen","2"
"5503","3","2","JAGS","ECR","robust","permutations","permlen","2"
"5504","4","2","JAGS","ECR","robust","permutations","permlen","2"
"5505","5","2","JAGS","ECR","robust","permutations","permlen","2"
"5506","6","2","JAGS","ECR","robust","permutations","permlen","2"
"5507","7","2","JAGS","ECR","robust","permutations","permlen","2"
"5508","8","2","JAGS","ECR","robust","permutations","permlen","2"
"5509","9","2","JAGS","ECR","robust","permutations","permlen","2"
"5510","10","2","JAGS","ECR","robust","permutations","permlen","2"
"5511","11","2","JAGS","ECR","robust","permutations","permlen","2"
"5512","12","2","JAGS","ECR","robust","permutations","permlen","2"
"5513","13","2","JAGS","ECR","robust","permutations","permlen","2"
"5514","14","2","JAGS","ECR","robust","permutations","permlen","2"
"5515","15","2","JAGS","ECR","robust","permutations","permlen","2"
"5516","16","2","JAGS","ECR","robust","permutations","permlen","2"
"5517","17","2","JAGS","ECR","robust","permutations","permlen","2"
"5518","18","2","JAGS","ECR","robust","permutations","permlen","2"
"5519","19","2","JAGS","ECR","robust","permutations","permlen","2"
"5520","20","2","JAGS","ECR","robust","permutations","permlen","2"
"5521","1","3","JAGS","ECR","robust","permutations","permlen","6"
"5522","2","3","JAGS","ECR","robust","permutations","permlen","6"
"5523","3","3","JAGS","ECR","robust","permutations","permlen","6"
"5524","4","3","JAGS","ECR","robust","permutations","permlen","6"
"5525","5","3","JAGS","ECR","robust","permutations","permlen","6"
"5526","6","3","JAGS","ECR","robust","permutations","permlen","6"
"5527","7","3","JAGS","ECR","robust","permutations","permlen","6"
"5528","8","3","JAGS","ECR","robust","permutations","permlen","6"
"5529","9","3","JAGS","ECR","robust","permutations","permlen","6"
"5530","10","3","JAGS","ECR","robust","permutations","permlen","6"
"5531","11","3","JAGS","ECR","robust","permutations","permlen","6"
"5532","12","3","JAGS","ECR","robust","permutations","permlen","6"
"5533","13","3","JAGS","ECR","robust","permutations","permlen","6"
"5534","14","3","JAGS","ECR","robust","permutations","permlen","6"
"5535","15","3","JAGS","ECR","robust","permutations","permlen","6"
"5536","16","3","JAGS","ECR","robust","permutations","permlen","6"
"5537","17","3","JAGS","ECR","robust","permutations","permlen","6"
"5538","18","3","JAGS","ECR","robust","permutations","permlen","6"
"5539","19","3","JAGS","ECR","robust","permutations","permlen","6"
"5540","20","3","JAGS","ECR","robust","permutations","permlen","6"
"5541","1","4","JAGS","ECR","robust","permutations","permlen","24"
"5542","2","4","JAGS","ECR","robust","permutations","permlen","24"
"5543","3","4","JAGS","ECR","robust","permutations","permlen","24"
"5544","4","4","JAGS","ECR","robust","permutations","permlen","24"
"5545","5","4","JAGS","ECR","robust","permutations","permlen","24"
"5546","6","4","JAGS","ECR","robust","permutations","permlen","24"
"5547","7","4","JAGS","ECR","robust","permutations","permlen","24"
"5548","8","4","JAGS","ECR","robust","permutations","permlen","24"
"5549","9","4","JAGS","ECR","robust","permutations","permlen","24"
"5550","10","4","JAGS","ECR","robust","permutations","permlen","24"
"5551","11","4","JAGS","ECR","robust","permutations","permlen","24"
"5552","12","4","JAGS","ECR","robust","permutations","permlen","24"
"5553","13","4","JAGS","ECR","robust","permutations","permlen","24"
"5554","14","4","JAGS","ECR","robust","permutations","permlen","24"
"5555","15","4","JAGS","ECR","robust","permutations","permlen","24"
"5556","16","4","JAGS","ECR","robust","permutations","permlen","24"
"5557","17","4","JAGS","ECR","robust","permutations","permlen","24"
"5558","18","4","JAGS","ECR","robust","permutations","permlen","24"
"5559","19","4","JAGS","ECR","robust","permutations","permlen","24"
"5560","20","4","JAGS","ECR","robust","permutations","permlen","24"
"5561","1","5","JAGS","ECR","robust","permutations","permlen","120"
"5562","2","5","JAGS","ECR","robust","permutations","permlen","120"
"5563","3","5","JAGS","ECR","robust","permutations","permlen","120"
"5564","4","5","JAGS","ECR","robust","permutations","permlen","120"
"5565","5","5","JAGS","ECR","robust","permutations","permlen","120"
"5566","6","5","JAGS","ECR","robust","permutations","permlen","120"
"5567","7","5","JAGS","ECR","robust","permutations","permlen","120"
"5568","8","5","JAGS","ECR","robust","permutations","permlen","120"
"5569","9","5","JAGS","ECR","robust","permutations","permlen","120"
"5570","10","5","JAGS","ECR","robust","permutations","permlen","120"
"5571","11","5","JAGS","ECR","robust","permutations","permlen","120"
"5572","12","5","JAGS","ECR","robust","permutations","permlen","120"
"5573","13","5","JAGS","ECR","robust","permutations","permlen","120"
"5574","14","5","JAGS","ECR","robust","permutations","permlen","120"
"5575","15","5","JAGS","ECR","robust","permutations","permlen","120"
"5576","16","5","JAGS","ECR","robust","permutations","permlen","120"
"5577","17","5","JAGS","ECR","robust","permutations","permlen","120"
"5578","18","5","JAGS","ECR","robust","permutations","permlen","120"
"5579","19","5","JAGS","ECR","robust","permutations","permlen","120"
"5580","20","5","JAGS","ECR","robust","permutations","permlen","120"
"5581","1","6","JAGS","ECR","robust","permutations","permlen","720"
"5582","2","6","JAGS","ECR","robust","permutations","permlen","720"
"5583","3","6","JAGS","ECR","robust","permutations","permlen","720"
"5584","4","6","JAGS","ECR","robust","permutations","permlen","720"
"5585","5","6","JAGS","ECR","robust","permutations","permlen","720"
"5586","6","6","JAGS","ECR","robust","permutations","permlen","720"
"5587","7","6","JAGS","ECR","robust","permutations","permlen","720"
"5588","8","6","JAGS","ECR","robust","permutations","permlen","720"
"5589","9","6","JAGS","ECR","robust","permutations","permlen","720"
"5590","10","6","JAGS","ECR","robust","permutations","permlen","720"
"5591","11","6","JAGS","ECR","robust","permutations","permlen","720"
"5592","12","6","JAGS","ECR","robust","permutations","permlen","720"
"5593","13","6","JAGS","ECR","robust","permutations","permlen","720"
"5594","14","6","JAGS","ECR","robust","permutations","permlen","720"
"5595","15","6","JAGS","ECR","robust","permutations","permlen","720"
"5596","16","6","JAGS","ECR","robust","permutations","permlen","720"
"5597","17","6","JAGS","ECR","robust","permutations","permlen","720"
"5598","18","6","JAGS","ECR","robust","permutations","permlen","720"
"5599","19","6","JAGS","ECR","robust","permutations","permlen","720"
"5600","20","6","JAGS","ECR","robust","permutations","permlen","720"
"5601","1","2","STAN","STEPHENS","min_vol_60%HPD","permutations","permlen","2"
"5602","2","2","STAN","STEPHENS","min_vol_60%HPD","permutations","permlen","2"
"5603","3","2","STAN","STEPHENS","min_vol_60%HPD","permutations","permlen","2"
"5604","4","2","STAN","STEPHENS","min_vol_60%HPD","permutations","permlen","2"
"5605","5","2","STAN","STEPHENS","min_vol_60%HPD","permutations","permlen","2"
"5606","6","2","STAN","STEPHENS","min_vol_60%HPD","permutations","permlen","2"
"5607","7","2","STAN","STEPHENS","min_vol_60%HPD","permutations","permlen","2"
"5608","8","2","STAN","STEPHENS","min_vol_60%HPD","permutations","permlen","2"
"5609","9","2","STAN","STEPHENS","min_vol_60%HPD","permutations","permlen","2"
"5610","10","2","STAN","STEPHENS","min_vol_60%HPD","permutations","permlen","2"
"5611","11","2","STAN","STEPHENS","min_vol_60%HPD","permutations","permlen","2"
"5612","12","2","STAN","STEPHENS","min_vol_60%HPD","permutations","permlen","2"
"5613","13","2","STAN","STEPHENS","min_vol_60%HPD","permutations","permlen","2"
"5614","14","2","STAN","STEPHENS","min_vol_60%HPD","permutations","permlen","2"
"5615","15","2","STAN","STEPHENS","min_vol_60%HPD","permutations","permlen","2"
"5616","16","2","STAN","STEPHENS","min_vol_60%HPD","permutations","permlen","2"
"5617","17","2","STAN","STEPHENS","min_vol_60%HPD","permutations","permlen","2"
"5618","18","2","STAN","STEPHENS","min_vol_60%HPD","permutations","permlen","2"
"5619","19","2","STAN","STEPHENS","min_vol_60%HPD","permutations","permlen","2"
"5620","20","2","STAN","STEPHENS","min_vol_60%HPD","permutations","permlen","2"
"5621","1","3","STAN","STEPHENS","min_vol_60%HPD","permutations","permlen","6"
"5622","2","3","STAN","STEPHENS","min_vol_60%HPD","permutations","permlen","6"
"5623","3","3","STAN","STEPHENS","min_vol_60%HPD","permutations","permlen","6"
"5624","4","3","STAN","STEPHENS","min_vol_60%HPD","permutations","permlen","6"
"5625","5","3","STAN","STEPHENS","min_vol_60%HPD","permutations","permlen","6"
"5626","6","3","STAN","STEPHENS","min_vol_60%HPD","permutations","permlen","6"
"5627","7","3","STAN","STEPHENS","min_vol_60%HPD","permutations","permlen","6"
"5628","8","3","STAN","STEPHENS","min_vol_60%HPD","permutations","permlen","6"
"5629","9","3","STAN","STEPHENS","min_vol_60%HPD","permutations","permlen","6"
"5630","10","3","STAN","STEPHENS","min_vol_60%HPD","permutations","permlen","6"
"5631","11","3","STAN","STEPHENS","min_vol_60%HPD","permutations","permlen","6"
"5632","12","3","STAN","STEPHENS","min_vol_60%HPD","permutations","permlen","6"
"5633","13","3","STAN","STEPHENS","min_vol_60%HPD","permutations","permlen","6"
"5634","14","3","STAN","STEPHENS","min_vol_60%HPD","permutations","permlen","6"
"5635","15","3","STAN","STEPHENS","min_vol_60%HPD","permutations","permlen","6"
"5636","16","3","STAN","STEPHENS","min_vol_60%HPD","permutations","permlen","6"
"5637","17","3","STAN","STEPHENS","min_vol_60%HPD","permutations","permlen","6"
"5638","18","3","STAN","STEPHENS","min_vol_60%HPD","permutations","permlen","6"
"5639","19","3","STAN","STEPHENS","min_vol_60%HPD","permutations","permlen","6"
"5640","20","3","STAN","STEPHENS","min_vol_60%HPD","permutations","permlen","6"
"5641","1","4","STAN","STEPHENS","min_vol_60%HPD","permutations","permlen","24"
"5642","2","4","STAN","STEPHENS","min_vol_60%HPD","permutations","permlen","24"
"5643","3","4","STAN","STEPHENS","min_vol_60%HPD","permutations","permlen","24"
"5644","4","4","STAN","STEPHENS","min_vol_60%HPD","permutations","permlen","24"
"5645","5","4","STAN","STEPHENS","min_vol_60%HPD","permutations","permlen","24"
"5646","6","4","STAN","STEPHENS","min_vol_60%HPD","permutations","permlen","24"
"5647","7","4","STAN","STEPHENS","min_vol_60%HPD","permutations","permlen","24"
"5648","8","4","STAN","STEPHENS","min_vol_60%HPD","permutations","permlen","24"
"5649","9","4","STAN","STEPHENS","min_vol_60%HPD","permutations","permlen","24"
"5650","10","4","STAN","STEPHENS","min_vol_60%HPD","permutations","permlen","24"
"5651","11","4","STAN","STEPHENS","min_vol_60%HPD","permutations","permlen","24"
"5652","12","4","STAN","STEPHENS","min_vol_60%HPD","permutations","permlen","24"
"5653","13","4","STAN","STEPHENS","min_vol_60%HPD","permutations","permlen","24"
"5654","14","4","STAN","STEPHENS","min_vol_60%HPD","permutations","permlen","24"
"5655","15","4","STAN","STEPHENS","min_vol_60%HPD","permutations","permlen","24"
"5656","16","4","STAN","STEPHENS","min_vol_60%HPD","permutations","permlen","24"
"5657","17","4","STAN","STEPHENS","min_vol_60%HPD","permutations","permlen","24"
"5658","18","4","STAN","STEPHENS","min_vol_60%HPD","permutations","permlen","24"
"5659","19","4","STAN","STEPHENS","min_vol_60%HPD","permutations","permlen","24"
"5660","20","4","STAN","STEPHENS","min_vol_60%HPD","permutations","permlen","24"
"5661","1","5","STAN","STEPHENS","min_vol_60%HPD","permutations","permlen","120"
"5662","2","5","STAN","STEPHENS","min_vol_60%HPD","permutations","permlen","120"
"5663","3","5","STAN","STEPHENS","min_vol_60%HPD","permutations","permlen","120"
"5664","4","5","STAN","STEPHENS","min_vol_60%HPD","permutations","permlen","120"
"5665","5","5","STAN","STEPHENS","min_vol_60%HPD","permutations","permlen","120"
"5666","6","5","STAN","STEPHENS","min_vol_60%HPD","permutations","permlen","120"
"5667","7","5","STAN","STEPHENS","min_vol_60%HPD","permutations","permlen","120"
"5668","8","5","STAN","STEPHENS","min_vol_60%HPD","permutations","permlen","120"
"5669","9","5","STAN","STEPHENS","min_vol_60%HPD","permutations","permlen","120"
"5670","10","5","STAN","STEPHENS","min_vol_60%HPD","permutations","permlen","120"
"5671","11","5","STAN","STEPHENS","min_vol_60%HPD","permutations","permlen","120"
"5672","12","5","STAN","STEPHENS","min_vol_60%HPD","permutations","permlen","120"
"5673","13","5","STAN","STEPHENS","min_vol_60%HPD","permutations","permlen","120"
"5674","14","5","STAN","STEPHENS","min_vol_60%HPD","permutations","permlen","120"
"5675","15","5","STAN","STEPHENS","min_vol_60%HPD","permutations","permlen","120"
"5676","16","5","STAN","STEPHENS","min_vol_60%HPD","permutations","permlen","120"
"5677","17","5","STAN","STEPHENS","min_vol_60%HPD","permutations","permlen","120"
"5678","18","5","STAN","STEPHENS","min_vol_60%HPD","permutations","permlen","120"
"5679","19","5","STAN","STEPHENS","min_vol_60%HPD","permutations","permlen","120"
"5680","20","5","STAN","STEPHENS","min_vol_60%HPD","permutations","permlen","120"
"5681","1","6","STAN","STEPHENS","min_vol_60%HPD","permutations","permlen","720"
"5682","2","6","STAN","STEPHENS","min_vol_60%HPD","permutations","permlen","720"
"5683","3","6","STAN","STEPHENS","min_vol_60%HPD","permutations","permlen","720"
"5684","4","6","STAN","STEPHENS","min_vol_60%HPD","permutations","permlen","720"
"5685","5","6","STAN","STEPHENS","min_vol_60%HPD","permutations","permlen","720"
"5686","6","6","STAN","STEPHENS","min_vol_60%HPD","permutations","permlen","720"
"5687","7","6","STAN","STEPHENS","min_vol_60%HPD","permutations","permlen","720"
"5688","8","6","STAN","STEPHENS","min_vol_60%HPD","permutations","permlen","720"
"5689","9","6","STAN","STEPHENS","min_vol_60%HPD","permutations","permlen","720"
"5690","10","6","STAN","STEPHENS","min_vol_60%HPD","permutations","permlen","720"
"5691","11","6","STAN","STEPHENS","min_vol_60%HPD","permutations","permlen","720"
"5692","12","6","STAN","STEPHENS","min_vol_60%HPD","permutations","permlen","720"
"5693","13","6","STAN","STEPHENS","min_vol_60%HPD","permutations","permlen","720"
"5694","14","6","STAN","STEPHENS","min_vol_60%HPD","permutations","permlen","720"
"5695","15","6","STAN","STEPHENS","min_vol_60%HPD","permutations","permlen","720"
"5696","16","6","STAN","STEPHENS","min_vol_60%HPD","permutations","permlen","720"
"5697","17","6","STAN","STEPHENS","min_vol_60%HPD","permutations","permlen","720"
"5698","18","6","STAN","STEPHENS","min_vol_60%HPD","permutations","permlen","720"
"5699","19","6","STAN","STEPHENS","min_vol_60%HPD","permutations","permlen","720"
"5700","20","6","STAN","STEPHENS","min_vol_60%HPD","permutations","permlen","720"
"5701","1","2","JAGS","STEPHENS","min_vol_60%HPD","permutations","permlen","2"
"5702","2","2","JAGS","STEPHENS","min_vol_60%HPD","permutations","permlen","2"
"5703","3","2","JAGS","STEPHENS","min_vol_60%HPD","permutations","permlen","2"
"5704","4","2","JAGS","STEPHENS","min_vol_60%HPD","permutations","permlen","2"
"5705","5","2","JAGS","STEPHENS","min_vol_60%HPD","permutations","permlen","2"
"5706","6","2","JAGS","STEPHENS","min_vol_60%HPD","permutations","permlen","2"
"5707","7","2","JAGS","STEPHENS","min_vol_60%HPD","permutations","permlen","2"
"5708","8","2","JAGS","STEPHENS","min_vol_60%HPD","permutations","permlen","2"
"5709","9","2","JAGS","STEPHENS","min_vol_60%HPD","permutations","permlen","2"
"5710","10","2","JAGS","STEPHENS","min_vol_60%HPD","permutations","permlen","2"
"5711","11","2","JAGS","STEPHENS","min_vol_60%HPD","permutations","permlen","2"
"5712","12","2","JAGS","STEPHENS","min_vol_60%HPD","permutations","permlen","2"
"5713","13","2","JAGS","STEPHENS","min_vol_60%HPD","permutations","permlen","2"
"5714","14","2","JAGS","STEPHENS","min_vol_60%HPD","permutations","permlen","2"
"5715","15","2","JAGS","STEPHENS","min_vol_60%HPD","permutations","permlen","2"
"5716","16","2","JAGS","STEPHENS","min_vol_60%HPD","permutations","permlen","2"
"5717","17","2","JAGS","STEPHENS","min_vol_60%HPD","permutations","permlen","2"
"5718","18","2","JAGS","STEPHENS","min_vol_60%HPD","permutations","permlen","2"
"5719","19","2","JAGS","STEPHENS","min_vol_60%HPD","permutations","permlen","2"
"5720","20","2","JAGS","STEPHENS","min_vol_60%HPD","permutations","permlen","2"
"5721","1","3","JAGS","STEPHENS","min_vol_60%HPD","permutations","permlen","6"
"5722","2","3","JAGS","STEPHENS","min_vol_60%HPD","permutations","permlen","6"
"5723","3","3","JAGS","STEPHENS","min_vol_60%HPD","permutations","permlen","6"
"5724","4","3","JAGS","STEPHENS","min_vol_60%HPD","permutations","permlen","6"
"5725","5","3","JAGS","STEPHENS","min_vol_60%HPD","permutations","permlen","6"
"5726","6","3","JAGS","STEPHENS","min_vol_60%HPD","permutations","permlen","6"
"5727","7","3","JAGS","STEPHENS","min_vol_60%HPD","permutations","permlen","6"
"5728","8","3","JAGS","STEPHENS","min_vol_60%HPD","permutations","permlen","6"
"5729","9","3","JAGS","STEPHENS","min_vol_60%HPD","permutations","permlen","6"
"5730","10","3","JAGS","STEPHENS","min_vol_60%HPD","permutations","permlen","6"
"5731","11","3","JAGS","STEPHENS","min_vol_60%HPD","permutations","permlen","6"
"5732","12","3","JAGS","STEPHENS","min_vol_60%HPD","permutations","permlen","6"
"5733","13","3","JAGS","STEPHENS","min_vol_60%HPD","permutations","permlen","6"
"5734","14","3","JAGS","STEPHENS","min_vol_60%HPD","permutations","permlen","6"
"5735","15","3","JAGS","STEPHENS","min_vol_60%HPD","permutations","permlen","6"
"5736","16","3","JAGS","STEPHENS","min_vol_60%HPD","permutations","permlen","6"
"5737","17","3","JAGS","STEPHENS","min_vol_60%HPD","permutations","permlen","6"
"5738","18","3","JAGS","STEPHENS","min_vol_60%HPD","permutations","permlen","6"
"5739","19","3","JAGS","STEPHENS","min_vol_60%HPD","permutations","permlen","6"
"5740","20","3","JAGS","STEPHENS","min_vol_60%HPD","permutations","permlen","6"
"5741","1","4","JAGS","STEPHENS","min_vol_60%HPD","permutations","permlen","24"
"5742","2","4","JAGS","STEPHENS","min_vol_60%HPD","permutations","permlen","24"
"5743","3","4","JAGS","STEPHENS","min_vol_60%HPD","permutations","permlen","24"
"5744","4","4","JAGS","STEPHENS","min_vol_60%HPD","permutations","permlen","24"
"5745","5","4","JAGS","STEPHENS","min_vol_60%HPD","permutations","permlen","24"
"5746","6","4","JAGS","STEPHENS","min_vol_60%HPD","permutations","permlen","24"
"5747","7","4","JAGS","STEPHENS","min_vol_60%HPD","permutations","permlen","24"
"5748","8","4","JAGS","STEPHENS","min_vol_60%HPD","permutations","permlen","24"
"5749","9","4","JAGS","STEPHENS","min_vol_60%HPD","permutations","permlen","24"
"5750","10","4","JAGS","STEPHENS","min_vol_60%HPD","permutations","permlen","24"
"5751","11","4","JAGS","STEPHENS","min_vol_60%HPD","permutations","permlen","24"
"5752","12","4","JAGS","STEPHENS","min_vol_60%HPD","permutations","permlen","24"
"5753","13","4","JAGS","STEPHENS","min_vol_60%HPD","permutations","permlen","24"
"5754","14","4","JAGS","STEPHENS","min_vol_60%HPD","permutations","permlen","24"
"5755","15","4","JAGS","STEPHENS","min_vol_60%HPD","permutations","permlen","24"
"5756","16","4","JAGS","STEPHENS","min_vol_60%HPD","permutations","permlen","24"
"5757","17","4","JAGS","STEPHENS","min_vol_60%HPD","permutations","permlen","24"
"5758","18","4","JAGS","STEPHENS","min_vol_60%HPD","permutations","permlen","24"
"5759","19","4","JAGS","STEPHENS","min_vol_60%HPD","permutations","permlen","24"
"5760","20","4","JAGS","STEPHENS","min_vol_60%HPD","permutations","permlen","24"
"5761","1","5","JAGS","STEPHENS","min_vol_60%HPD","permutations","permlen","120"
"5762","2","5","JAGS","STEPHENS","min_vol_60%HPD","permutations","permlen","120"
"5763","3","5","JAGS","STEPHENS","min_vol_60%HPD","permutations","permlen","120"
"5764","4","5","JAGS","STEPHENS","min_vol_60%HPD","permutations","permlen","120"
"5765","5","5","JAGS","STEPHENS","min_vol_60%HPD","permutations","permlen","120"
"5766","6","5","JAGS","STEPHENS","min_vol_60%HPD","permutations","permlen","120"
"5767","7","5","JAGS","STEPHENS","min_vol_60%HPD","permutations","permlen","120"
"5768","8","5","JAGS","STEPHENS","min_vol_60%HPD","permutations","permlen","120"
"5769","9","5","JAGS","STEPHENS","min_vol_60%HPD","permutations","permlen","120"
"5770","10","5","JAGS","STEPHENS","min_vol_60%HPD","permutations","permlen","120"
"5771","11","5","JAGS","STEPHENS","min_vol_60%HPD","permutations","permlen","120"
"5772","12","5","JAGS","STEPHENS","min_vol_60%HPD","permutations","permlen","120"
"5773","13","5","JAGS","STEPHENS","min_vol_60%HPD","permutations","permlen","120"
"5774","14","5","JAGS","STEPHENS","min_vol_60%HPD","permutations","permlen","120"
"5775","15","5","JAGS","STEPHENS","min_vol_60%HPD","permutations","permlen","120"
"5776","16","5","JAGS","STEPHENS","min_vol_60%HPD","permutations","permlen","120"
"5777","17","5","JAGS","STEPHENS","min_vol_60%HPD","permutations","permlen","120"
"5778","18","5","JAGS","STEPHENS","min_vol_60%HPD","permutations","permlen","120"
"5779","19","5","JAGS","STEPHENS","min_vol_60%HPD","permutations","permlen","120"
"5780","20","5","JAGS","STEPHENS","min_vol_60%HPD","permutations","permlen","120"
"5781","1","6","JAGS","STEPHENS","min_vol_60%HPD","permutations","permlen","720"
"5782","2","6","JAGS","STEPHENS","min_vol_60%HPD","permutations","permlen","720"
"5783","3","6","JAGS","STEPHENS","min_vol_60%HPD","permutations","permlen","720"
"5784","4","6","JAGS","STEPHENS","min_vol_60%HPD","permutations","permlen","720"
"5785","5","6","JAGS","STEPHENS","min_vol_60%HPD","permutations","permlen","720"
"5786","6","6","JAGS","STEPHENS","min_vol_60%HPD","permutations","permlen","720"
"5787","7","6","JAGS","STEPHENS","min_vol_60%HPD","permutations","permlen","720"
"5788","8","6","JAGS","STEPHENS","min_vol_60%HPD","permutations","permlen","720"
"5789","9","6","JAGS","STEPHENS","min_vol_60%HPD","permutations","permlen","720"
"5790","10","6","JAGS","STEPHENS","min_vol_60%HPD","permutations","permlen","720"
"5791","11","6","JAGS","STEPHENS","min_vol_60%HPD","permutations","permlen","720"
"5792","12","6","JAGS","STEPHENS","min_vol_60%HPD","permutations","permlen","720"
"5793","13","6","JAGS","STEPHENS","min_vol_60%HPD","permutations","permlen","720"
"5794","14","6","JAGS","STEPHENS","min_vol_60%HPD","permutations","permlen","720"
"5795","15","6","JAGS","STEPHENS","min_vol_60%HPD","permutations","permlen","720"
"5796","16","6","JAGS","STEPHENS","min_vol_60%HPD","permutations","permlen","720"
"5797","17","6","JAGS","STEPHENS","min_vol_60%HPD","permutations","permlen","720"
"5798","18","6","JAGS","STEPHENS","min_vol_60%HPD","permutations","permlen","720"
"5799","19","6","JAGS","STEPHENS","min_vol_60%HPD","permutations","permlen","720"
"5800","20","6","JAGS","STEPHENS","min_vol_60%HPD","permutations","permlen","720"
"5801","1","2","STAN","ECR","min_vol_60%HPD","permutations","permlen",NA
"5802","2","2","STAN","ECR","min_vol_60%HPD","permutations","permlen",NA
"5803","3","2","STAN","ECR","min_vol_60%HPD","permutations","permlen",NA
"5804","4","2","STAN","ECR","min_vol_60%HPD","permutations","permlen",NA
"5805","5","2","STAN","ECR","min_vol_60%HPD","permutations","permlen",NA
"5806","6","2","STAN","ECR","min_vol_60%HPD","permutations","permlen",NA
"5807","7","2","STAN","ECR","min_vol_60%HPD","permutations","permlen",NA
"5808","8","2","STAN","ECR","min_vol_60%HPD","permutations","permlen",NA
"5809","9","2","STAN","ECR","min_vol_60%HPD","permutations","permlen",NA
"5810","10","2","STAN","ECR","min_vol_60%HPD","permutations","permlen",NA
"5811","11","2","STAN","ECR","min_vol_60%HPD","permutations","permlen",NA
"5812","12","2","STAN","ECR","min_vol_60%HPD","permutations","permlen",NA
"5813","13","2","STAN","ECR","min_vol_60%HPD","permutations","permlen",NA
"5814","14","2","STAN","ECR","min_vol_60%HPD","permutations","permlen",NA
"5815","15","2","STAN","ECR","min_vol_60%HPD","permutations","permlen",NA
"5816","16","2","STAN","ECR","min_vol_60%HPD","permutations","permlen",NA
"5817","17","2","STAN","ECR","min_vol_60%HPD","permutations","permlen",NA
"5818","18","2","STAN","ECR","min_vol_60%HPD","permutations","permlen",NA
"5819","19","2","STAN","ECR","min_vol_60%HPD","permutations","permlen",NA
"5820","20","2","STAN","ECR","min_vol_60%HPD","permutations","permlen",NA
"5821","1","3","STAN","ECR","min_vol_60%HPD","permutations","permlen",NA
"5822","2","3","STAN","ECR","min_vol_60%HPD","permutations","permlen",NA
"5823","3","3","STAN","ECR","min_vol_60%HPD","permutations","permlen",NA
"5824","4","3","STAN","ECR","min_vol_60%HPD","permutations","permlen",NA
"5825","5","3","STAN","ECR","min_vol_60%HPD","permutations","permlen",NA
"5826","6","3","STAN","ECR","min_vol_60%HPD","permutations","permlen",NA
"5827","7","3","STAN","ECR","min_vol_60%HPD","permutations","permlen",NA
"5828","8","3","STAN","ECR","min_vol_60%HPD","permutations","permlen",NA
"5829","9","3","STAN","ECR","min_vol_60%HPD","permutations","permlen",NA
"5830","10","3","STAN","ECR","min_vol_60%HPD","permutations","permlen",NA
"5831","11","3","STAN","ECR","min_vol_60%HPD","permutations","permlen",NA
"5832","12","3","STAN","ECR","min_vol_60%HPD","permutations","permlen",NA
"5833","13","3","STAN","ECR","min_vol_60%HPD","permutations","permlen",NA
"5834","14","3","STAN","ECR","min_vol_60%HPD","permutations","permlen",NA
"5835","15","3","STAN","ECR","min_vol_60%HPD","permutations","permlen",NA
"5836","16","3","STAN","ECR","min_vol_60%HPD","permutations","permlen",NA
"5837","17","3","STAN","ECR","min_vol_60%HPD","permutations","permlen",NA
"5838","18","3","STAN","ECR","min_vol_60%HPD","permutations","permlen",NA
"5839","19","3","STAN","ECR","min_vol_60%HPD","permutations","permlen",NA
"5840","20","3","STAN","ECR","min_vol_60%HPD","permutations","permlen",NA
"5841","1","4","STAN","ECR","min_vol_60%HPD","permutations","permlen",NA
"5842","2","4","STAN","ECR","min_vol_60%HPD","permutations","permlen",NA
"5843","3","4","STAN","ECR","min_vol_60%HPD","permutations","permlen",NA
"5844","4","4","STAN","ECR","min_vol_60%HPD","permutations","permlen",NA
"5845","5","4","STAN","ECR","min_vol_60%HPD","permutations","permlen",NA
"5846","6","4","STAN","ECR","min_vol_60%HPD","permutations","permlen",NA
"5847","7","4","STAN","ECR","min_vol_60%HPD","permutations","permlen",NA
"5848","8","4","STAN","ECR","min_vol_60%HPD","permutations","permlen",NA
"5849","9","4","STAN","ECR","min_vol_60%HPD","permutations","permlen",NA
"5850","10","4","STAN","ECR","min_vol_60%HPD","permutations","permlen",NA
"5851","11","4","STAN","ECR","min_vol_60%HPD","permutations","permlen",NA
"5852","12","4","STAN","ECR","min_vol_60%HPD","permutations","permlen",NA
"5853","13","4","STAN","ECR","min_vol_60%HPD","permutations","permlen",NA
"5854","14","4","STAN","ECR","min_vol_60%HPD","permutations","permlen",NA
"5855","15","4","STAN","ECR","min_vol_60%HPD","permutations","permlen",NA
"5856","16","4","STAN","ECR","min_vol_60%HPD","permutations","permlen",NA
"5857","17","4","STAN","ECR","min_vol_60%HPD","permutations","permlen",NA
"5858","18","4","STAN","ECR","min_vol_60%HPD","permutations","permlen",NA
"5859","19","4","STAN","ECR","min_vol_60%HPD","permutations","permlen",NA
"5860","20","4","STAN","ECR","min_vol_60%HPD","permutations","permlen",NA
"5861","1","5","STAN","ECR","min_vol_60%HPD","permutations","permlen",NA
"5862","2","5","STAN","ECR","min_vol_60%HPD","permutations","permlen",NA
"5863","3","5","STAN","ECR","min_vol_60%HPD","permutations","permlen",NA
"5864","4","5","STAN","ECR","min_vol_60%HPD","permutations","permlen",NA
"5865","5","5","STAN","ECR","min_vol_60%HPD","permutations","permlen",NA
"5866","6","5","STAN","ECR","min_vol_60%HPD","permutations","permlen",NA
"5867","7","5","STAN","ECR","min_vol_60%HPD","permutations","permlen",NA
"5868","8","5","STAN","ECR","min_vol_60%HPD","permutations","permlen",NA
"5869","9","5","STAN","ECR","min_vol_60%HPD","permutations","permlen",NA
"5870","10","5","STAN","ECR","min_vol_60%HPD","permutations","permlen",NA
"5871","11","5","STAN","ECR","min_vol_60%HPD","permutations","permlen",NA
"5872","12","5","STAN","ECR","min_vol_60%HPD","permutations","permlen",NA
"5873","13","5","STAN","ECR","min_vol_60%HPD","permutations","permlen",NA
"5874","14","5","STAN","ECR","min_vol_60%HPD","permutations","permlen",NA
"5875","15","5","STAN","ECR","min_vol_60%HPD","permutations","permlen",NA
"5876","16","5","STAN","ECR","min_vol_60%HPD","permutations","permlen",NA
"5877","17","5","STAN","ECR","min_vol_60%HPD","permutations","permlen",NA
"5878","18","5","STAN","ECR","min_vol_60%HPD","permutations","permlen",NA
"5879","19","5","STAN","ECR","min_vol_60%HPD","permutations","permlen",NA
"5880","20","5","STAN","ECR","min_vol_60%HPD","permutations","permlen",NA
"5881","1","6","STAN","ECR","min_vol_60%HPD","permutations","permlen",NA
"5882","2","6","STAN","ECR","min_vol_60%HPD","permutations","permlen",NA
"5883","3","6","STAN","ECR","min_vol_60%HPD","permutations","permlen",NA
"5884","4","6","STAN","ECR","min_vol_60%HPD","permutations","permlen",NA
"5885","5","6","STAN","ECR","min_vol_60%HPD","permutations","permlen",NA
"5886","6","6","STAN","ECR","min_vol_60%HPD","permutations","permlen",NA
"5887","7","6","STAN","ECR","min_vol_60%HPD","permutations","permlen",NA
"5888","8","6","STAN","ECR","min_vol_60%HPD","permutations","permlen",NA
"5889","9","6","STAN","ECR","min_vol_60%HPD","permutations","permlen",NA
"5890","10","6","STAN","ECR","min_vol_60%HPD","permutations","permlen",NA
"5891","11","6","STAN","ECR","min_vol_60%HPD","permutations","permlen",NA
"5892","12","6","STAN","ECR","min_vol_60%HPD","permutations","permlen",NA
"5893","13","6","STAN","ECR","min_vol_60%HPD","permutations","permlen",NA
"5894","14","6","STAN","ECR","min_vol_60%HPD","permutations","permlen",NA
"5895","15","6","STAN","ECR","min_vol_60%HPD","permutations","permlen",NA
"5896","16","6","STAN","ECR","min_vol_60%HPD","permutations","permlen",NA
"5897","17","6","STAN","ECR","min_vol_60%HPD","permutations","permlen",NA
"5898","18","6","STAN","ECR","min_vol_60%HPD","permutations","permlen",NA
"5899","19","6","STAN","ECR","min_vol_60%HPD","permutations","permlen",NA
"5900","20","6","STAN","ECR","min_vol_60%HPD","permutations","permlen",NA
"5901","1","2","JAGS","ECR","min_vol_60%HPD","permutations","permlen","2"
"5902","2","2","JAGS","ECR","min_vol_60%HPD","permutations","permlen","2"
"5903","3","2","JAGS","ECR","min_vol_60%HPD","permutations","permlen","2"
"5904","4","2","JAGS","ECR","min_vol_60%HPD","permutations","permlen","2"
"5905","5","2","JAGS","ECR","min_vol_60%HPD","permutations","permlen","2"
"5906","6","2","JAGS","ECR","min_vol_60%HPD","permutations","permlen","2"
"5907","7","2","JAGS","ECR","min_vol_60%HPD","permutations","permlen","2"
"5908","8","2","JAGS","ECR","min_vol_60%HPD","permutations","permlen","2"
"5909","9","2","JAGS","ECR","min_vol_60%HPD","permutations","permlen","2"
"5910","10","2","JAGS","ECR","min_vol_60%HPD","permutations","permlen","2"
"5911","11","2","JAGS","ECR","min_vol_60%HPD","permutations","permlen","2"
"5912","12","2","JAGS","ECR","min_vol_60%HPD","permutations","permlen","2"
"5913","13","2","JAGS","ECR","min_vol_60%HPD","permutations","permlen","2"
"5914","14","2","JAGS","ECR","min_vol_60%HPD","permutations","permlen","2"
"5915","15","2","JAGS","ECR","min_vol_60%HPD","permutations","permlen","2"
"5916","16","2","JAGS","ECR","min_vol_60%HPD","permutations","permlen","2"
"5917","17","2","JAGS","ECR","min_vol_60%HPD","permutations","permlen","2"
"5918","18","2","JAGS","ECR","min_vol_60%HPD","permutations","permlen","2"
"5919","19","2","JAGS","ECR","min_vol_60%HPD","permutations","permlen","2"
"5920","20","2","JAGS","ECR","min_vol_60%HPD","permutations","permlen","2"
"5921","1","3","JAGS","ECR","min_vol_60%HPD","permutations","permlen","6"
"5922","2","3","JAGS","ECR","min_vol_60%HPD","permutations","permlen","6"
"5923","3","3","JAGS","ECR","min_vol_60%HPD","permutations","permlen","6"
"5924","4","3","JAGS","ECR","min_vol_60%HPD","permutations","permlen","6"
"5925","5","3","JAGS","ECR","min_vol_60%HPD","permutations","permlen","6"
"5926","6","3","JAGS","ECR","min_vol_60%HPD","permutations","permlen","6"
"5927","7","3","JAGS","ECR","min_vol_60%HPD","permutations","permlen","6"
"5928","8","3","JAGS","ECR","min_vol_60%HPD","permutations","permlen","6"
"5929","9","3","JAGS","ECR","min_vol_60%HPD","permutations","permlen","6"
"5930","10","3","JAGS","ECR","min_vol_60%HPD","permutations","permlen","6"
"5931","11","3","JAGS","ECR","min_vol_60%HPD","permutations","permlen","6"
"5932","12","3","JAGS","ECR","min_vol_60%HPD","permutations","permlen","6"
"5933","13","3","JAGS","ECR","min_vol_60%HPD","permutations","permlen","6"
"5934","14","3","JAGS","ECR","min_vol_60%HPD","permutations","permlen","6"
"5935","15","3","JAGS","ECR","min_vol_60%HPD","permutations","permlen","6"
"5936","16","3","JAGS","ECR","min_vol_60%HPD","permutations","permlen","6"
"5937","17","3","JAGS","ECR","min_vol_60%HPD","permutations","permlen","6"
"5938","18","3","JAGS","ECR","min_vol_60%HPD","permutations","permlen","6"
"5939","19","3","JAGS","ECR","min_vol_60%HPD","permutations","permlen","6"
"5940","20","3","JAGS","ECR","min_vol_60%HPD","permutations","permlen","6"
"5941","1","4","JAGS","ECR","min_vol_60%HPD","permutations","permlen","24"
"5942","2","4","JAGS","ECR","min_vol_60%HPD","permutations","permlen","24"
"5943","3","4","JAGS","ECR","min_vol_60%HPD","permutations","permlen","24"
"5944","4","4","JAGS","ECR","min_vol_60%HPD","permutations","permlen","24"
"5945","5","4","JAGS","ECR","min_vol_60%HPD","permutations","permlen","24"
"5946","6","4","JAGS","ECR","min_vol_60%HPD","permutations","permlen","24"
"5947","7","4","JAGS","ECR","min_vol_60%HPD","permutations","permlen","24"
"5948","8","4","JAGS","ECR","min_vol_60%HPD","permutations","permlen","24"
"5949","9","4","JAGS","ECR","min_vol_60%HPD","permutations","permlen","24"
"5950","10","4","JAGS","ECR","min_vol_60%HPD","permutations","permlen","24"
"5951","11","4","JAGS","ECR","min_vol_60%HPD","permutations","permlen","24"
"5952","12","4","JAGS","ECR","min_vol_60%HPD","permutations","permlen","24"
"5953","13","4","JAGS","ECR","min_vol_60%HPD","permutations","permlen","24"
"5954","14","4","JAGS","ECR","min_vol_60%HPD","permutations","permlen","24"
"5955","15","4","JAGS","ECR","min_vol_60%HPD","permutations","permlen","24"
"5956","16","4","JAGS","ECR","min_vol_60%HPD","permutations","permlen","24"
"5957","17","4","JAGS","ECR","min_vol_60%HPD","permutations","permlen","24"
"5958","18","4","JAGS","ECR","min_vol_60%HPD","permutations","permlen","24"
"5959","19","4","JAGS","ECR","min_vol_60%HPD","permutations","permlen","24"
"5960","20","4","JAGS","ECR","min_vol_60%HPD","permutations","permlen","24"
"5961","1","5","JAGS","ECR","min_vol_60%HPD","permutations","permlen","120"
"5962","2","5","JAGS","ECR","min_vol_60%HPD","permutations","permlen","120"
"5963","3","5","JAGS","ECR","min_vol_60%HPD","permutations","permlen","120"
"5964","4","5","JAGS","ECR","min_vol_60%HPD","permutations","permlen","120"
"5965","5","5","JAGS","ECR","min_vol_60%HPD","permutations","permlen","120"
"5966","6","5","JAGS","ECR","min_vol_60%HPD","permutations","permlen","120"
"5967","7","5","JAGS","ECR","min_vol_60%HPD","permutations","permlen","120"
"5968","8","5","JAGS","ECR","min_vol_60%HPD","permutations","permlen","120"
"5969","9","5","JAGS","ECR","min_vol_60%HPD","permutations","permlen","120"
"5970","10","5","JAGS","ECR","min_vol_60%HPD","permutations","permlen","120"
"5971","11","5","JAGS","ECR","min_vol_60%HPD","permutations","permlen","120"
"5972","12","5","JAGS","ECR","min_vol_60%HPD","permutations","permlen","120"
"5973","13","5","JAGS","ECR","min_vol_60%HPD","permutations","permlen","120"
"5974","14","5","JAGS","ECR","min_vol_60%HPD","permutations","permlen","120"
"5975","15","5","JAGS","ECR","min_vol_60%HPD","permutations","permlen","120"
"5976","16","5","JAGS","ECR","min_vol_60%HPD","permutations","permlen","120"
"5977","17","5","JAGS","ECR","min_vol_60%HPD","permutations","permlen","120"
"5978","18","5","JAGS","ECR","min_vol_60%HPD","permutations","permlen","120"
"5979","19","5","JAGS","ECR","min_vol_60%HPD","permutations","permlen","120"
"5980","20","5","JAGS","ECR","min_vol_60%HPD","permutations","permlen","120"
"5981","1","6","JAGS","ECR","min_vol_60%HPD","permutations","permlen","720"
"5982","2","6","JAGS","ECR","min_vol_60%HPD","permutations","permlen","720"
"5983","3","6","JAGS","ECR","min_vol_60%HPD","permutations","permlen","720"
"5984","4","6","JAGS","ECR","min_vol_60%HPD","permutations","permlen","720"
"5985","5","6","JAGS","ECR","min_vol_60%HPD","permutations","permlen","720"
"5986","6","6","JAGS","ECR","min_vol_60%HPD","permutations","permlen","720"
"5987","7","6","JAGS","ECR","min_vol_60%HPD","permutations","permlen","720"
"5988","8","6","JAGS","ECR","min_vol_60%HPD","permutations","permlen","720"
"5989","9","6","JAGS","ECR","min_vol_60%HPD","permutations","permlen","720"
"5990","10","6","JAGS","ECR","min_vol_60%HPD","permutations","permlen","720"
"5991","11","6","JAGS","ECR","min_vol_60%HPD","permutations","permlen","720"
"5992","12","6","JAGS","ECR","min_vol_60%HPD","permutations","permlen","720"
"5993","13","6","JAGS","ECR","min_vol_60%HPD","permutations","permlen","720"
"5994","14","6","JAGS","ECR","min_vol_60%HPD","permutations","permlen","720"
"5995","15","6","JAGS","ECR","min_vol_60%HPD","permutations","permlen","720"
"5996","16","6","JAGS","ECR","min_vol_60%HPD","permutations","permlen","720"
"5997","17","6","JAGS","ECR","min_vol_60%HPD","permutations","permlen","720"
"5998","18","6","JAGS","ECR","min_vol_60%HPD","permutations","permlen","720"
"5999","19","6","JAGS","ECR","min_vol_60%HPD","permutations","permlen","720"
"6000","20","6","JAGS","ECR","min_vol_60%HPD","permutations","permlen","720"
"6001","1","2","STAN","STEPHENS","standard","permutations","alpha","0.6898"
"6002","2","2","STAN","STEPHENS","standard","permutations","alpha","0.6698"
"6003","3","2","STAN","STEPHENS","standard","permutations","alpha","0.7898"
"6004","4","2","STAN","STEPHENS","standard","permutations","alpha","0.7398"
"6005","5","2","STAN","STEPHENS","standard","permutations","alpha","0.7998"
"6006","6","2","STAN","STEPHENS","standard","permutations","alpha","0.7498"
"6007","7","2","STAN","STEPHENS","standard","permutations","alpha","0.7198"
"6008","8","2","STAN","STEPHENS","standard","permutations","alpha","0.6998"
"6009","9","2","STAN","STEPHENS","standard","permutations","alpha","0.7198"
"6010","10","2","STAN","STEPHENS","standard","permutations","alpha","0.6598"
"6011","11","2","STAN","STEPHENS","standard","permutations","alpha","0.7898"
"6012","12","2","STAN","STEPHENS","standard","permutations","alpha","0.7698"
"6013","13","2","STAN","STEPHENS","standard","permutations","alpha","0.7898"
"6014","14","2","STAN","STEPHENS","standard","permutations","alpha","0.7198"
"6015","15","2","STAN","STEPHENS","standard","permutations","alpha","0.7398"
"6016","16","2","STAN","STEPHENS","standard","permutations","alpha","0.7398"
"6017","17","2","STAN","STEPHENS","standard","permutations","alpha","0.6798"
"6018","18","2","STAN","STEPHENS","standard","permutations","alpha","0.7498"
"6019","19","2","STAN","STEPHENS","standard","permutations","alpha","0.7398"
"6020","20","2","STAN","STEPHENS","standard","permutations","alpha","0.6998"
"6021","1","3","STAN","STEPHENS","standard","permutations","alpha","0.8998"
"6022","2","3","STAN","STEPHENS","standard","permutations","alpha","0.9698"
"6023","3","3","STAN","STEPHENS","standard","permutations","alpha","0.9098"
"6024","4","3","STAN","STEPHENS","standard","permutations","alpha","0.9298"
"6025","5","3","STAN","STEPHENS","standard","permutations","alpha","0.8798"
"6026","6","3","STAN","STEPHENS","standard","permutations","alpha","0.8898"
"6027","7","3","STAN","STEPHENS","standard","permutations","alpha","0.8898"
"6028","8","3","STAN","STEPHENS","standard","permutations","alpha","0.9098"
"6029","9","3","STAN","STEPHENS","standard","permutations","alpha","0.8998"
"6030","10","3","STAN","STEPHENS","standard","permutations","alpha","0.9098"
"6031","11","3","STAN","STEPHENS","standard","permutations","alpha","0.8998"
"6032","12","3","STAN","STEPHENS","standard","permutations","alpha","0.8998"
"6033","13","3","STAN","STEPHENS","standard","permutations","alpha","0.9098"
"6034","14","3","STAN","STEPHENS","standard","permutations","alpha","0.9398"
"6035","15","3","STAN","STEPHENS","standard","permutations","alpha","0.9198"
"6036","16","3","STAN","STEPHENS","standard","permutations","alpha","0.8898"
"6037","17","3","STAN","STEPHENS","standard","permutations","alpha","0.9098"
"6038","18","3","STAN","STEPHENS","standard","permutations","alpha","0.9298"
"6039","19","3","STAN","STEPHENS","standard","permutations","alpha","0.8998"
"6040","20","3","STAN","STEPHENS","standard","permutations","alpha","0.9098"
"6041","1","4","STAN","STEPHENS","standard","permutations","alpha","0.9698"
"6042","2","4","STAN","STEPHENS","standard","permutations","alpha","0.9798"
"6043","3","4","STAN","STEPHENS","standard","permutations","alpha","0.9798"
"6044","4","4","STAN","STEPHENS","standard","permutations","alpha","0.9798"
"6045","5","4","STAN","STEPHENS","standard","permutations","alpha","0.9798"
"6046","6","4","STAN","STEPHENS","standard","permutations","alpha","0.9798"
"6047","7","4","STAN","STEPHENS","standard","permutations","alpha","0.9698"
"6048","8","4","STAN","STEPHENS","standard","permutations","alpha","0.9798"
"6049","9","4","STAN","STEPHENS","standard","permutations","alpha","0.9898"
"6050","10","4","STAN","STEPHENS","standard","permutations","alpha","0.9698"
"6051","11","4","STAN","STEPHENS","standard","permutations","alpha","0.9698"
"6052","12","4","STAN","STEPHENS","standard","permutations","alpha","0.9698"
"6053","13","4","STAN","STEPHENS","standard","permutations","alpha","0.9698"
"6054","14","4","STAN","STEPHENS","standard","permutations","alpha","0.9698"
"6055","15","4","STAN","STEPHENS","standard","permutations","alpha","0.9798"
"6056","16","4","STAN","STEPHENS","standard","permutations","alpha","0.9698"
"6057","17","4","STAN","STEPHENS","standard","permutations","alpha","0.9698"
"6058","18","4","STAN","STEPHENS","standard","permutations","alpha","0.9798"
"6059","19","4","STAN","STEPHENS","standard","permutations","alpha","0.9698"
"6060","20","4","STAN","STEPHENS","standard","permutations","alpha","0.9798"
"6061","1","5","STAN","STEPHENS","standard","permutations","alpha","0.9898"
"6062","2","5","STAN","STEPHENS","standard","permutations","alpha","0.9898"
"6063","3","5","STAN","STEPHENS","standard","permutations","alpha","0.9898"
"6064","4","5","STAN","STEPHENS","standard","permutations","alpha","0.9898"
"6065","5","5","STAN","STEPHENS","standard","permutations","alpha","0.9898"
"6066","6","5","STAN","STEPHENS","standard","permutations","alpha","0.9898"
"6067","7","5","STAN","STEPHENS","standard","permutations","alpha","0.9898"
"6068","8","5","STAN","STEPHENS","standard","permutations","alpha","0.9898"
"6069","9","5","STAN","STEPHENS","standard","permutations","alpha","0.9898"
"6070","10","5","STAN","STEPHENS","standard","permutations","alpha","0.9898"
"6071","11","5","STAN","STEPHENS","standard","permutations","alpha","0.9798"
"6072","12","5","STAN","STEPHENS","standard","permutations","alpha","0.9798"
"6073","13","5","STAN","STEPHENS","standard","permutations","alpha","0.9898"
"6074","14","5","STAN","STEPHENS","standard","permutations","alpha","0.9898"
"6075","15","5","STAN","STEPHENS","standard","permutations","alpha","0.9798"
"6076","16","5","STAN","STEPHENS","standard","permutations","alpha","0.9898"
"6077","17","5","STAN","STEPHENS","standard","permutations","alpha","0.9898"
"6078","18","5","STAN","STEPHENS","standard","permutations","alpha","0.9898"
"6079","19","5","STAN","STEPHENS","standard","permutations","alpha","0.9898"
"6080","20","5","STAN","STEPHENS","standard","permutations","alpha","0.9798"
"6081","1","6","STAN","STEPHENS","standard","permutations","alpha","0.9898"
"6082","2","6","STAN","STEPHENS","standard","permutations","alpha","0.9898"
"6083","3","6","STAN","STEPHENS","standard","permutations","alpha","0.9798"
"6084","4","6","STAN","STEPHENS","standard","permutations","alpha","0.9898"
"6085","5","6","STAN","STEPHENS","standard","permutations","alpha","0.9898"
"6086","6","6","STAN","STEPHENS","standard","permutations","alpha","0.9898"
"6087","7","6","STAN","STEPHENS","standard","permutations","alpha","0.9898"
"6088","8","6","STAN","STEPHENS","standard","permutations","alpha","0.9898"
"6089","9","6","STAN","STEPHENS","standard","permutations","alpha","0.9898"
"6090","10","6","STAN","STEPHENS","standard","permutations","alpha","0.9898"
"6091","11","6","STAN","STEPHENS","standard","permutations","alpha","0.9898"
"6092","12","6","STAN","STEPHENS","standard","permutations","alpha","0.9898"
"6093","13","6","STAN","STEPHENS","standard","permutations","alpha","0.9898"
"6094","14","6","STAN","STEPHENS","standard","permutations","alpha","0.9898"
"6095","15","6","STAN","STEPHENS","standard","permutations","alpha","0.9898"
"6096","16","6","STAN","STEPHENS","standard","permutations","alpha","0.9898"
"6097","17","6","STAN","STEPHENS","standard","permutations","alpha","0.9898"
"6098","18","6","STAN","STEPHENS","standard","permutations","alpha","0.9898"
"6099","19","6","STAN","STEPHENS","standard","permutations","alpha","0.9898"
"6100","20","6","STAN","STEPHENS","standard","permutations","alpha","0.9898"
"6101","1","2","JAGS","STEPHENS","standard","permutations","alpha","0.7498"
"6102","2","2","JAGS","STEPHENS","standard","permutations","alpha","0.7298"
"6103","3","2","JAGS","STEPHENS","standard","permutations","alpha","0.7198"
"6104","4","2","JAGS","STEPHENS","standard","permutations","alpha","0.7598"
"6105","5","2","JAGS","STEPHENS","standard","permutations","alpha","0.7198"
"6106","6","2","JAGS","STEPHENS","standard","permutations","alpha","0.7198"
"6107","7","2","JAGS","STEPHENS","standard","permutations","alpha","0.7398"
"6108","8","2","JAGS","STEPHENS","standard","permutations","alpha","0.7798"
"6109","9","2","JAGS","STEPHENS","standard","permutations","alpha","0.7398"
"6110","10","2","JAGS","STEPHENS","standard","permutations","alpha","0.7098"
"6111","11","2","JAGS","STEPHENS","standard","permutations","alpha","0.6698"
"6112","12","2","JAGS","STEPHENS","standard","permutations","alpha","0.7798"
"6113","13","2","JAGS","STEPHENS","standard","permutations","alpha","0.7298"
"6114","14","2","JAGS","STEPHENS","standard","permutations","alpha","0.7398"
"6115","15","2","JAGS","STEPHENS","standard","permutations","alpha","0.7898"
"6116","16","2","JAGS","STEPHENS","standard","permutations","alpha","0.7398"
"6117","17","2","JAGS","STEPHENS","standard","permutations","alpha","0.7498"
"6118","18","2","JAGS","STEPHENS","standard","permutations","alpha","0.6598"
"6119","19","2","JAGS","STEPHENS","standard","permutations","alpha","0.7598"
"6120","20","2","JAGS","STEPHENS","standard","permutations","alpha","0.7298"
"6121","1","3","JAGS","STEPHENS","standard","permutations","alpha","0.9098"
"6122","2","3","JAGS","STEPHENS","standard","permutations","alpha","0.8998"
"6123","3","3","JAGS","STEPHENS","standard","permutations","alpha","0.9098"
"6124","4","3","JAGS","STEPHENS","standard","permutations","alpha","0.8698"
"6125","5","3","JAGS","STEPHENS","standard","permutations","alpha","0.9098"
"6126","6","3","JAGS","STEPHENS","standard","permutations","alpha","0.8898"
"6127","7","3","JAGS","STEPHENS","standard","permutations","alpha","0.9398"
"6128","8","3","JAGS","STEPHENS","standard","permutations","alpha","0.9098"
"6129","9","3","JAGS","STEPHENS","standard","permutations","alpha","0.8898"
"6130","10","3","JAGS","STEPHENS","standard","permutations","alpha","0.9098"
"6131","11","3","JAGS","STEPHENS","standard","permutations","alpha","0.9098"
"6132","12","3","JAGS","STEPHENS","standard","permutations","alpha","0.9398"
"6133","13","3","JAGS","STEPHENS","standard","permutations","alpha","0.8898"
"6134","14","3","JAGS","STEPHENS","standard","permutations","alpha","0.9098"
"6135","15","3","JAGS","STEPHENS","standard","permutations","alpha","0.8798"
"6136","16","3","JAGS","STEPHENS","standard","permutations","alpha","0.8798"
"6137","17","3","JAGS","STEPHENS","standard","permutations","alpha","0.9298"
"6138","18","3","JAGS","STEPHENS","standard","permutations","alpha","0.8998"
"6139","19","3","JAGS","STEPHENS","standard","permutations","alpha","0.8998"
"6140","20","3","JAGS","STEPHENS","standard","permutations","alpha","0.9298"
"6141","1","4","JAGS","STEPHENS","standard","permutations","alpha","0.9598"
"6142","2","4","JAGS","STEPHENS","standard","permutations","alpha","0.9698"
"6143","3","4","JAGS","STEPHENS","standard","permutations","alpha","0.9798"
"6144","4","4","JAGS","STEPHENS","standard","permutations","alpha","0.9798"
"6145","5","4","JAGS","STEPHENS","standard","permutations","alpha","0.9698"
"6146","6","4","JAGS","STEPHENS","standard","permutations","alpha","0.9598"
"6147","7","4","JAGS","STEPHENS","standard","permutations","alpha","0.9698"
"6148","8","4","JAGS","STEPHENS","standard","permutations","alpha","0.9798"
"6149","9","4","JAGS","STEPHENS","standard","permutations","alpha","0.9698"
"6150","10","4","JAGS","STEPHENS","standard","permutations","alpha","0.9698"
"6151","11","4","JAGS","STEPHENS","standard","permutations","alpha","0.9798"
"6152","12","4","JAGS","STEPHENS","standard","permutations","alpha","0.9798"
"6153","13","4","JAGS","STEPHENS","standard","permutations","alpha","0.9698"
"6154","14","4","JAGS","STEPHENS","standard","permutations","alpha","0.9698"
"6155","15","4","JAGS","STEPHENS","standard","permutations","alpha","0.9698"
"6156","16","4","JAGS","STEPHENS","standard","permutations","alpha","0.9698"
"6157","17","4","JAGS","STEPHENS","standard","permutations","alpha","0.9698"
"6158","18","4","JAGS","STEPHENS","standard","permutations","alpha","0.9798"
"6159","19","4","JAGS","STEPHENS","standard","permutations","alpha","0.9798"
"6160","20","4","JAGS","STEPHENS","standard","permutations","alpha","0.9698"
"6161","1","5","JAGS","STEPHENS","standard","permutations","alpha","0.9898"
"6162","2","5","JAGS","STEPHENS","standard","permutations","alpha","0.9898"
"6163","3","5","JAGS","STEPHENS","standard","permutations","alpha","0.9798"
"6164","4","5","JAGS","STEPHENS","standard","permutations","alpha","0.9898"
"6165","5","5","JAGS","STEPHENS","standard","permutations","alpha","0.9798"
"6166","6","5","JAGS","STEPHENS","standard","permutations","alpha","0.9798"
"6167","7","5","JAGS","STEPHENS","standard","permutations","alpha","0.9898"
"6168","8","5","JAGS","STEPHENS","standard","permutations","alpha","0.9898"
"6169","9","5","JAGS","STEPHENS","standard","permutations","alpha","0.9798"
"6170","10","5","JAGS","STEPHENS","standard","permutations","alpha","0.9898"
"6171","11","5","JAGS","STEPHENS","standard","permutations","alpha","0.9898"
"6172","12","5","JAGS","STEPHENS","standard","permutations","alpha","0.9898"
"6173","13","5","JAGS","STEPHENS","standard","permutations","alpha","0.9998"
"6174","14","5","JAGS","STEPHENS","standard","permutations","alpha","0.9898"
"6175","15","5","JAGS","STEPHENS","standard","permutations","alpha","0.9798"
"6176","16","5","JAGS","STEPHENS","standard","permutations","alpha","0.9898"
"6177","17","5","JAGS","STEPHENS","standard","permutations","alpha","0.9898"
"6178","18","5","JAGS","STEPHENS","standard","permutations","alpha","0.9898"
"6179","19","5","JAGS","STEPHENS","standard","permutations","alpha","0.9898"
"6180","20","5","JAGS","STEPHENS","standard","permutations","alpha","0.9898"
"6181","1","6","JAGS","STEPHENS","standard","permutations","alpha","0.9898"
"6182","2","6","JAGS","STEPHENS","standard","permutations","alpha","0.9898"
"6183","3","6","JAGS","STEPHENS","standard","permutations","alpha","0.9898"
"6184","4","6","JAGS","STEPHENS","standard","permutations","alpha","0.9998"
"6185","5","6","JAGS","STEPHENS","standard","permutations","alpha","0.9898"
"6186","6","6","JAGS","STEPHENS","standard","permutations","alpha","0.9898"
"6187","7","6","JAGS","STEPHENS","standard","permutations","alpha","0.9898"
"6188","8","6","JAGS","STEPHENS","standard","permutations","alpha","0.9898"
"6189","9","6","JAGS","STEPHENS","standard","permutations","alpha","0.9898"
"6190","10","6","JAGS","STEPHENS","standard","permutations","alpha","0.9998"
"6191","11","6","JAGS","STEPHENS","standard","permutations","alpha","0.9898"
"6192","12","6","JAGS","STEPHENS","standard","permutations","alpha","0.9898"
"6193","13","6","JAGS","STEPHENS","standard","permutations","alpha","0.9898"
"6194","14","6","JAGS","STEPHENS","standard","permutations","alpha","0.9898"
"6195","15","6","JAGS","STEPHENS","standard","permutations","alpha","0.9798"
"6196","16","6","JAGS","STEPHENS","standard","permutations","alpha","0.9898"
"6197","17","6","JAGS","STEPHENS","standard","permutations","alpha","0.9898"
"6198","18","6","JAGS","STEPHENS","standard","permutations","alpha","0.9898"
"6199","19","6","JAGS","STEPHENS","standard","permutations","alpha","0.9898"
"6200","20","6","JAGS","STEPHENS","standard","permutations","alpha","0.9898"
"6201","1","2","STAN","ECR","standard","permutations","alpha",NA
"6202","2","2","STAN","ECR","standard","permutations","alpha",NA
"6203","3","2","STAN","ECR","standard","permutations","alpha",NA
"6204","4","2","STAN","ECR","standard","permutations","alpha",NA
"6205","5","2","STAN","ECR","standard","permutations","alpha",NA
"6206","6","2","STAN","ECR","standard","permutations","alpha",NA
"6207","7","2","STAN","ECR","standard","permutations","alpha",NA
"6208","8","2","STAN","ECR","standard","permutations","alpha",NA
"6209","9","2","STAN","ECR","standard","permutations","alpha",NA
"6210","10","2","STAN","ECR","standard","permutations","alpha",NA
"6211","11","2","STAN","ECR","standard","permutations","alpha",NA
"6212","12","2","STAN","ECR","standard","permutations","alpha",NA
"6213","13","2","STAN","ECR","standard","permutations","alpha",NA
"6214","14","2","STAN","ECR","standard","permutations","alpha",NA
"6215","15","2","STAN","ECR","standard","permutations","alpha",NA
"6216","16","2","STAN","ECR","standard","permutations","alpha",NA
"6217","17","2","STAN","ECR","standard","permutations","alpha",NA
"6218","18","2","STAN","ECR","standard","permutations","alpha",NA
"6219","19","2","STAN","ECR","standard","permutations","alpha",NA
"6220","20","2","STAN","ECR","standard","permutations","alpha",NA
"6221","1","3","STAN","ECR","standard","permutations","alpha",NA
"6222","2","3","STAN","ECR","standard","permutations","alpha",NA
"6223","3","3","STAN","ECR","standard","permutations","alpha",NA
"6224","4","3","STAN","ECR","standard","permutations","alpha",NA
"6225","5","3","STAN","ECR","standard","permutations","alpha",NA
"6226","6","3","STAN","ECR","standard","permutations","alpha",NA
"6227","7","3","STAN","ECR","standard","permutations","alpha",NA
"6228","8","3","STAN","ECR","standard","permutations","alpha",NA
"6229","9","3","STAN","ECR","standard","permutations","alpha",NA
"6230","10","3","STAN","ECR","standard","permutations","alpha",NA
"6231","11","3","STAN","ECR","standard","permutations","alpha",NA
"6232","12","3","STAN","ECR","standard","permutations","alpha",NA
"6233","13","3","STAN","ECR","standard","permutations","alpha",NA
"6234","14","3","STAN","ECR","standard","permutations","alpha",NA
"6235","15","3","STAN","ECR","standard","permutations","alpha",NA
"6236","16","3","STAN","ECR","standard","permutations","alpha",NA
"6237","17","3","STAN","ECR","standard","permutations","alpha",NA
"6238","18","3","STAN","ECR","standard","permutations","alpha",NA
"6239","19","3","STAN","ECR","standard","permutations","alpha",NA
"6240","20","3","STAN","ECR","standard","permutations","alpha",NA
"6241","1","4","STAN","ECR","standard","permutations","alpha",NA
"6242","2","4","STAN","ECR","standard","permutations","alpha",NA
"6243","3","4","STAN","ECR","standard","permutations","alpha",NA
"6244","4","4","STAN","ECR","standard","permutations","alpha",NA
"6245","5","4","STAN","ECR","standard","permutations","alpha",NA
"6246","6","4","STAN","ECR","standard","permutations","alpha",NA
"6247","7","4","STAN","ECR","standard","permutations","alpha",NA
"6248","8","4","STAN","ECR","standard","permutations","alpha",NA
"6249","9","4","STAN","ECR","standard","permutations","alpha",NA
"6250","10","4","STAN","ECR","standard","permutations","alpha",NA
"6251","11","4","STAN","ECR","standard","permutations","alpha",NA
"6252","12","4","STAN","ECR","standard","permutations","alpha",NA
"6253","13","4","STAN","ECR","standard","permutations","alpha",NA
"6254","14","4","STAN","ECR","standard","permutations","alpha",NA
"6255","15","4","STAN","ECR","standard","permutations","alpha",NA
"6256","16","4","STAN","ECR","standard","permutations","alpha",NA
"6257","17","4","STAN","ECR","standard","permutations","alpha",NA
"6258","18","4","STAN","ECR","standard","permutations","alpha",NA
"6259","19","4","STAN","ECR","standard","permutations","alpha",NA
"6260","20","4","STAN","ECR","standard","permutations","alpha",NA
"6261","1","5","STAN","ECR","standard","permutations","alpha",NA
"6262","2","5","STAN","ECR","standard","permutations","alpha",NA
"6263","3","5","STAN","ECR","standard","permutations","alpha",NA
"6264","4","5","STAN","ECR","standard","permutations","alpha",NA
"6265","5","5","STAN","ECR","standard","permutations","alpha",NA
"6266","6","5","STAN","ECR","standard","permutations","alpha",NA
"6267","7","5","STAN","ECR","standard","permutations","alpha",NA
"6268","8","5","STAN","ECR","standard","permutations","alpha",NA
"6269","9","5","STAN","ECR","standard","permutations","alpha",NA
"6270","10","5","STAN","ECR","standard","permutations","alpha",NA
"6271","11","5","STAN","ECR","standard","permutations","alpha",NA
"6272","12","5","STAN","ECR","standard","permutations","alpha",NA
"6273","13","5","STAN","ECR","standard","permutations","alpha",NA
"6274","14","5","STAN","ECR","standard","permutations","alpha",NA
"6275","15","5","STAN","ECR","standard","permutations","alpha",NA
"6276","16","5","STAN","ECR","standard","permutations","alpha",NA
"6277","17","5","STAN","ECR","standard","permutations","alpha",NA
"6278","18","5","STAN","ECR","standard","permutations","alpha",NA
"6279","19","5","STAN","ECR","standard","permutations","alpha",NA
"6280","20","5","STAN","ECR","standard","permutations","alpha",NA
"6281","1","6","STAN","ECR","standard","permutations","alpha",NA
"6282","2","6","STAN","ECR","standard","permutations","alpha",NA
"6283","3","6","STAN","ECR","standard","permutations","alpha",NA
"6284","4","6","STAN","ECR","standard","permutations","alpha",NA
"6285","5","6","STAN","ECR","standard","permutations","alpha",NA
"6286","6","6","STAN","ECR","standard","permutations","alpha",NA
"6287","7","6","STAN","ECR","standard","permutations","alpha",NA
"6288","8","6","STAN","ECR","standard","permutations","alpha",NA
"6289","9","6","STAN","ECR","standard","permutations","alpha",NA
"6290","10","6","STAN","ECR","standard","permutations","alpha",NA
"6291","11","6","STAN","ECR","standard","permutations","alpha",NA
"6292","12","6","STAN","ECR","standard","permutations","alpha",NA
"6293","13","6","STAN","ECR","standard","permutations","alpha",NA
"6294","14","6","STAN","ECR","standard","permutations","alpha",NA
"6295","15","6","STAN","ECR","standard","permutations","alpha",NA
"6296","16","6","STAN","ECR","standard","permutations","alpha",NA
"6297","17","6","STAN","ECR","standard","permutations","alpha",NA
"6298","18","6","STAN","ECR","standard","permutations","alpha",NA
"6299","19","6","STAN","ECR","standard","permutations","alpha",NA
"6300","20","6","STAN","ECR","standard","permutations","alpha",NA
"6301","1","2","JAGS","ECR","standard","permutations","alpha","0.7498"
"6302","2","2","JAGS","ECR","standard","permutations","alpha","0.7298"
"6303","3","2","JAGS","ECR","standard","permutations","alpha","0.7198"
"6304","4","2","JAGS","ECR","standard","permutations","alpha","0.7598"
"6305","5","2","JAGS","ECR","standard","permutations","alpha","0.7198"
"6306","6","2","JAGS","ECR","standard","permutations","alpha","0.7198"
"6307","7","2","JAGS","ECR","standard","permutations","alpha","0.7398"
"6308","8","2","JAGS","ECR","standard","permutations","alpha","0.7798"
"6309","9","2","JAGS","ECR","standard","permutations","alpha","0.7398"
"6310","10","2","JAGS","ECR","standard","permutations","alpha","0.7098"
"6311","11","2","JAGS","ECR","standard","permutations","alpha","0.6698"
"6312","12","2","JAGS","ECR","standard","permutations","alpha","0.7798"
"6313","13","2","JAGS","ECR","standard","permutations","alpha","0.7298"
"6314","14","2","JAGS","ECR","standard","permutations","alpha","0.7398"
"6315","15","2","JAGS","ECR","standard","permutations","alpha","0.7898"
"6316","16","2","JAGS","ECR","standard","permutations","alpha","0.7398"
"6317","17","2","JAGS","ECR","standard","permutations","alpha","0.7498"
"6318","18","2","JAGS","ECR","standard","permutations","alpha","0.6598"
"6319","19","2","JAGS","ECR","standard","permutations","alpha","0.7598"
"6320","20","2","JAGS","ECR","standard","permutations","alpha","0.7298"
"6321","1","3","JAGS","ECR","standard","permutations","alpha","0.9098"
"6322","2","3","JAGS","ECR","standard","permutations","alpha","0.8998"
"6323","3","3","JAGS","ECR","standard","permutations","alpha","0.9098"
"6324","4","3","JAGS","ECR","standard","permutations","alpha","0.8698"
"6325","5","3","JAGS","ECR","standard","permutations","alpha","0.9098"
"6326","6","3","JAGS","ECR","standard","permutations","alpha","0.8898"
"6327","7","3","JAGS","ECR","standard","permutations","alpha","0.9398"
"6328","8","3","JAGS","ECR","standard","permutations","alpha","0.9098"
"6329","9","3","JAGS","ECR","standard","permutations","alpha","0.8898"
"6330","10","3","JAGS","ECR","standard","permutations","alpha","0.9098"
"6331","11","3","JAGS","ECR","standard","permutations","alpha","0.9098"
"6332","12","3","JAGS","ECR","standard","permutations","alpha","0.9398"
"6333","13","3","JAGS","ECR","standard","permutations","alpha","0.8898"
"6334","14","3","JAGS","ECR","standard","permutations","alpha","0.9098"
"6335","15","3","JAGS","ECR","standard","permutations","alpha","0.8798"
"6336","16","3","JAGS","ECR","standard","permutations","alpha","0.8798"
"6337","17","3","JAGS","ECR","standard","permutations","alpha","0.9298"
"6338","18","3","JAGS","ECR","standard","permutations","alpha","0.8998"
"6339","19","3","JAGS","ECR","standard","permutations","alpha","0.8998"
"6340","20","3","JAGS","ECR","standard","permutations","alpha","0.9298"
"6341","1","4","JAGS","ECR","standard","permutations","alpha","0.9598"
"6342","2","4","JAGS","ECR","standard","permutations","alpha","0.9698"
"6343","3","4","JAGS","ECR","standard","permutations","alpha","0.9798"
"6344","4","4","JAGS","ECR","standard","permutations","alpha","0.9798"
"6345","5","4","JAGS","ECR","standard","permutations","alpha","0.9698"
"6346","6","4","JAGS","ECR","standard","permutations","alpha","0.9598"
"6347","7","4","JAGS","ECR","standard","permutations","alpha","0.9698"
"6348","8","4","JAGS","ECR","standard","permutations","alpha","0.9798"
"6349","9","4","JAGS","ECR","standard","permutations","alpha","0.9698"
"6350","10","4","JAGS","ECR","standard","permutations","alpha","0.9698"
"6351","11","4","JAGS","ECR","standard","permutations","alpha","0.9798"
"6352","12","4","JAGS","ECR","standard","permutations","alpha","0.9798"
"6353","13","4","JAGS","ECR","standard","permutations","alpha","0.9698"
"6354","14","4","JAGS","ECR","standard","permutations","alpha","0.9698"
"6355","15","4","JAGS","ECR","standard","permutations","alpha","0.9698"
"6356","16","4","JAGS","ECR","standard","permutations","alpha","0.9698"
"6357","17","4","JAGS","ECR","standard","permutations","alpha","0.9698"
"6358","18","4","JAGS","ECR","standard","permutations","alpha","0.9798"
"6359","19","4","JAGS","ECR","standard","permutations","alpha","0.9798"
"6360","20","4","JAGS","ECR","standard","permutations","alpha","0.9698"
"6361","1","5","JAGS","ECR","standard","permutations","alpha","0.9898"
"6362","2","5","JAGS","ECR","standard","permutations","alpha","0.9898"
"6363","3","5","JAGS","ECR","standard","permutations","alpha","0.9798"
"6364","4","5","JAGS","ECR","standard","permutations","alpha","0.9898"
"6365","5","5","JAGS","ECR","standard","permutations","alpha","0.9798"
"6366","6","5","JAGS","ECR","standard","permutations","alpha","0.9798"
"6367","7","5","JAGS","ECR","standard","permutations","alpha","0.9898"
"6368","8","5","JAGS","ECR","standard","permutations","alpha","0.9898"
"6369","9","5","JAGS","ECR","standard","permutations","alpha","0.9798"
"6370","10","5","JAGS","ECR","standard","permutations","alpha","0.9898"
"6371","11","5","JAGS","ECR","standard","permutations","alpha","0.9898"
"6372","12","5","JAGS","ECR","standard","permutations","alpha","0.9898"
"6373","13","5","JAGS","ECR","standard","permutations","alpha","0.9998"
"6374","14","5","JAGS","ECR","standard","permutations","alpha","0.9898"
"6375","15","5","JAGS","ECR","standard","permutations","alpha","0.9798"
"6376","16","5","JAGS","ECR","standard","permutations","alpha","0.9898"
"6377","17","5","JAGS","ECR","standard","permutations","alpha","0.9898"
"6378","18","5","JAGS","ECR","standard","permutations","alpha","0.9898"
"6379","19","5","JAGS","ECR","standard","permutations","alpha","0.9898"
"6380","20","5","JAGS","ECR","standard","permutations","alpha","0.9898"
"6381","1","6","JAGS","ECR","standard","permutations","alpha","0.9898"
"6382","2","6","JAGS","ECR","standard","permutations","alpha","0.9898"
"6383","3","6","JAGS","ECR","standard","permutations","alpha","0.9898"
"6384","4","6","JAGS","ECR","standard","permutations","alpha","0.9998"
"6385","5","6","JAGS","ECR","standard","permutations","alpha","0.9898"
"6386","6","6","JAGS","ECR","standard","permutations","alpha","0.9898"
"6387","7","6","JAGS","ECR","standard","permutations","alpha","0.9898"
"6388","8","6","JAGS","ECR","standard","permutations","alpha","0.9898"
"6389","9","6","JAGS","ECR","standard","permutations","alpha","0.9898"
"6390","10","6","JAGS","ECR","standard","permutations","alpha","0.9998"
"6391","11","6","JAGS","ECR","standard","permutations","alpha","0.9898"
"6392","12","6","JAGS","ECR","standard","permutations","alpha","0.9898"
"6393","13","6","JAGS","ECR","standard","permutations","alpha","0.9898"
"6394","14","6","JAGS","ECR","standard","permutations","alpha","0.9898"
"6395","15","6","JAGS","ECR","standard","permutations","alpha","0.9798"
"6396","16","6","JAGS","ECR","standard","permutations","alpha","0.9898"
"6397","17","6","JAGS","ECR","standard","permutations","alpha","0.9898"
"6398","18","6","JAGS","ECR","standard","permutations","alpha","0.9898"
"6399","19","6","JAGS","ECR","standard","permutations","alpha","0.9898"
"6400","20","6","JAGS","ECR","standard","permutations","alpha","0.9898"
"6401","1","2","STAN","STEPHENS","robust","permutations","alpha","0.6898"
"6402","2","2","STAN","STEPHENS","robust","permutations","alpha","0.6698"
"6403","3","2","STAN","STEPHENS","robust","permutations","alpha","0.7898"
"6404","4","2","STAN","STEPHENS","robust","permutations","alpha","0.7398"
"6405","5","2","STAN","STEPHENS","robust","permutations","alpha","0.7998"
"6406","6","2","STAN","STEPHENS","robust","permutations","alpha","0.7498"
"6407","7","2","STAN","STEPHENS","robust","permutations","alpha","0.7198"
"6408","8","2","STAN","STEPHENS","robust","permutations","alpha","0.6998"
"6409","9","2","STAN","STEPHENS","robust","permutations","alpha","0.7198"
"6410","10","2","STAN","STEPHENS","robust","permutations","alpha","0.6598"
"6411","11","2","STAN","STEPHENS","robust","permutations","alpha","0.7898"
"6412","12","2","STAN","STEPHENS","robust","permutations","alpha","0.7698"
"6413","13","2","STAN","STEPHENS","robust","permutations","alpha","0.7898"
"6414","14","2","STAN","STEPHENS","robust","permutations","alpha","0.7198"
"6415","15","2","STAN","STEPHENS","robust","permutations","alpha","0.7398"
"6416","16","2","STAN","STEPHENS","robust","permutations","alpha","0.7398"
"6417","17","2","STAN","STEPHENS","robust","permutations","alpha","0.6798"
"6418","18","2","STAN","STEPHENS","robust","permutations","alpha","0.7498"
"6419","19","2","STAN","STEPHENS","robust","permutations","alpha","0.7398"
"6420","20","2","STAN","STEPHENS","robust","permutations","alpha","0.6998"
"6421","1","3","STAN","STEPHENS","robust","permutations","alpha","0.8998"
"6422","2","3","STAN","STEPHENS","robust","permutations","alpha","0.9698"
"6423","3","3","STAN","STEPHENS","robust","permutations","alpha","0.9098"
"6424","4","3","STAN","STEPHENS","robust","permutations","alpha","0.9298"
"6425","5","3","STAN","STEPHENS","robust","permutations","alpha","0.8798"
"6426","6","3","STAN","STEPHENS","robust","permutations","alpha","0.8898"
"6427","7","3","STAN","STEPHENS","robust","permutations","alpha","0.8898"
"6428","8","3","STAN","STEPHENS","robust","permutations","alpha","0.9098"
"6429","9","3","STAN","STEPHENS","robust","permutations","alpha","0.8998"
"6430","10","3","STAN","STEPHENS","robust","permutations","alpha","0.9098"
"6431","11","3","STAN","STEPHENS","robust","permutations","alpha","0.8998"
"6432","12","3","STAN","STEPHENS","robust","permutations","alpha","0.8998"
"6433","13","3","STAN","STEPHENS","robust","permutations","alpha","0.9098"
"6434","14","3","STAN","STEPHENS","robust","permutations","alpha","0.9398"
"6435","15","3","STAN","STEPHENS","robust","permutations","alpha","0.9198"
"6436","16","3","STAN","STEPHENS","robust","permutations","alpha","0.8898"
"6437","17","3","STAN","STEPHENS","robust","permutations","alpha","0.9098"
"6438","18","3","STAN","STEPHENS","robust","permutations","alpha","0.9298"
"6439","19","3","STAN","STEPHENS","robust","permutations","alpha","0.8998"
"6440","20","3","STAN","STEPHENS","robust","permutations","alpha","0.9098"
"6441","1","4","STAN","STEPHENS","robust","permutations","alpha","0.9698"
"6442","2","4","STAN","STEPHENS","robust","permutations","alpha","0.9798"
"6443","3","4","STAN","STEPHENS","robust","permutations","alpha","0.9798"
"6444","4","4","STAN","STEPHENS","robust","permutations","alpha","0.9798"
"6445","5","4","STAN","STEPHENS","robust","permutations","alpha","0.9798"
"6446","6","4","STAN","STEPHENS","robust","permutations","alpha","0.9798"
"6447","7","4","STAN","STEPHENS","robust","permutations","alpha","0.9698"
"6448","8","4","STAN","STEPHENS","robust","permutations","alpha","0.9798"
"6449","9","4","STAN","STEPHENS","robust","permutations","alpha","0.9898"
"6450","10","4","STAN","STEPHENS","robust","permutations","alpha","0.9698"
"6451","11","4","STAN","STEPHENS","robust","permutations","alpha","0.9698"
"6452","12","4","STAN","STEPHENS","robust","permutations","alpha","0.9698"
"6453","13","4","STAN","STEPHENS","robust","permutations","alpha","0.9698"
"6454","14","4","STAN","STEPHENS","robust","permutations","alpha","0.9698"
"6455","15","4","STAN","STEPHENS","robust","permutations","alpha","0.9798"
"6456","16","4","STAN","STEPHENS","robust","permutations","alpha","0.9698"
"6457","17","4","STAN","STEPHENS","robust","permutations","alpha","0.9698"
"6458","18","4","STAN","STEPHENS","robust","permutations","alpha","0.9798"
"6459","19","4","STAN","STEPHENS","robust","permutations","alpha","0.9698"
"6460","20","4","STAN","STEPHENS","robust","permutations","alpha","0.9798"
"6461","1","5","STAN","STEPHENS","robust","permutations","alpha","0.9898"
"6462","2","5","STAN","STEPHENS","robust","permutations","alpha","0.9898"
"6463","3","5","STAN","STEPHENS","robust","permutations","alpha","0.9898"
"6464","4","5","STAN","STEPHENS","robust","permutations","alpha","0.9898"
"6465","5","5","STAN","STEPHENS","robust","permutations","alpha","0.9898"
"6466","6","5","STAN","STEPHENS","robust","permutations","alpha","0.9898"
"6467","7","5","STAN","STEPHENS","robust","permutations","alpha","0.9898"
"6468","8","5","STAN","STEPHENS","robust","permutations","alpha","0.9898"
"6469","9","5","STAN","STEPHENS","robust","permutations","alpha","0.9898"
"6470","10","5","STAN","STEPHENS","robust","permutations","alpha","0.9898"
"6471","11","5","STAN","STEPHENS","robust","permutations","alpha","0.9798"
"6472","12","5","STAN","STEPHENS","robust","permutations","alpha","0.9798"
"6473","13","5","STAN","STEPHENS","robust","permutations","alpha","0.9898"
"6474","14","5","STAN","STEPHENS","robust","permutations","alpha","0.9898"
"6475","15","5","STAN","STEPHENS","robust","permutations","alpha","0.9798"
"6476","16","5","STAN","STEPHENS","robust","permutations","alpha","0.9898"
"6477","17","5","STAN","STEPHENS","robust","permutations","alpha","0.9898"
"6478","18","5","STAN","STEPHENS","robust","permutations","alpha","0.9898"
"6479","19","5","STAN","STEPHENS","robust","permutations","alpha","0.9898"
"6480","20","5","STAN","STEPHENS","robust","permutations","alpha","0.9798"
"6481","1","6","STAN","STEPHENS","robust","permutations","alpha","0.9898"
"6482","2","6","STAN","STEPHENS","robust","permutations","alpha","0.9898"
"6483","3","6","STAN","STEPHENS","robust","permutations","alpha","0.9798"
"6484","4","6","STAN","STEPHENS","robust","permutations","alpha","0.9898"
"6485","5","6","STAN","STEPHENS","robust","permutations","alpha","0.9898"
"6486","6","6","STAN","STEPHENS","robust","permutations","alpha","0.9898"
"6487","7","6","STAN","STEPHENS","robust","permutations","alpha","0.9898"
"6488","8","6","STAN","STEPHENS","robust","permutations","alpha","0.9898"
"6489","9","6","STAN","STEPHENS","robust","permutations","alpha","0.9898"
"6490","10","6","STAN","STEPHENS","robust","permutations","alpha","0.9898"
"6491","11","6","STAN","STEPHENS","robust","permutations","alpha","0.9898"
"6492","12","6","STAN","STEPHENS","robust","permutations","alpha","0.9898"
"6493","13","6","STAN","STEPHENS","robust","permutations","alpha","0.9898"
"6494","14","6","STAN","STEPHENS","robust","permutations","alpha","0.9898"
"6495","15","6","STAN","STEPHENS","robust","permutations","alpha","0.9898"
"6496","16","6","STAN","STEPHENS","robust","permutations","alpha","0.9898"
"6497","17","6","STAN","STEPHENS","robust","permutations","alpha","0.9898"
"6498","18","6","STAN","STEPHENS","robust","permutations","alpha","0.9898"
"6499","19","6","STAN","STEPHENS","robust","permutations","alpha","0.9898"
"6500","20","6","STAN","STEPHENS","robust","permutations","alpha","0.9898"
"6501","1","2","JAGS","STEPHENS","robust","permutations","alpha","0.7498"
"6502","2","2","JAGS","STEPHENS","robust","permutations","alpha","0.7298"
"6503","3","2","JAGS","STEPHENS","robust","permutations","alpha","0.7198"
"6504","4","2","JAGS","STEPHENS","robust","permutations","alpha","0.7598"
"6505","5","2","JAGS","STEPHENS","robust","permutations","alpha","0.7198"
"6506","6","2","JAGS","STEPHENS","robust","permutations","alpha","0.7198"
"6507","7","2","JAGS","STEPHENS","robust","permutations","alpha","0.7398"
"6508","8","2","JAGS","STEPHENS","robust","permutations","alpha","0.7798"
"6509","9","2","JAGS","STEPHENS","robust","permutations","alpha","0.7398"
"6510","10","2","JAGS","STEPHENS","robust","permutations","alpha","0.7098"
"6511","11","2","JAGS","STEPHENS","robust","permutations","alpha","0.6698"
"6512","12","2","JAGS","STEPHENS","robust","permutations","alpha","0.7798"
"6513","13","2","JAGS","STEPHENS","robust","permutations","alpha","0.7298"
"6514","14","2","JAGS","STEPHENS","robust","permutations","alpha","0.7398"
"6515","15","2","JAGS","STEPHENS","robust","permutations","alpha","0.7898"
"6516","16","2","JAGS","STEPHENS","robust","permutations","alpha","0.7398"
"6517","17","2","JAGS","STEPHENS","robust","permutations","alpha","0.7498"
"6518","18","2","JAGS","STEPHENS","robust","permutations","alpha","0.6598"
"6519","19","2","JAGS","STEPHENS","robust","permutations","alpha","0.7598"
"6520","20","2","JAGS","STEPHENS","robust","permutations","alpha","0.7298"
"6521","1","3","JAGS","STEPHENS","robust","permutations","alpha","0.9098"
"6522","2","3","JAGS","STEPHENS","robust","permutations","alpha","0.8998"
"6523","3","3","JAGS","STEPHENS","robust","permutations","alpha","0.9098"
"6524","4","3","JAGS","STEPHENS","robust","permutations","alpha","0.8698"
"6525","5","3","JAGS","STEPHENS","robust","permutations","alpha","0.9098"
"6526","6","3","JAGS","STEPHENS","robust","permutations","alpha","0.8898"
"6527","7","3","JAGS","STEPHENS","robust","permutations","alpha","0.9398"
"6528","8","3","JAGS","STEPHENS","robust","permutations","alpha","0.9098"
"6529","9","3","JAGS","STEPHENS","robust","permutations","alpha","0.8898"
"6530","10","3","JAGS","STEPHENS","robust","permutations","alpha","0.9098"
"6531","11","3","JAGS","STEPHENS","robust","permutations","alpha","0.9098"
"6532","12","3","JAGS","STEPHENS","robust","permutations","alpha","0.9398"
"6533","13","3","JAGS","STEPHENS","robust","permutations","alpha","0.8898"
"6534","14","3","JAGS","STEPHENS","robust","permutations","alpha","0.9098"
"6535","15","3","JAGS","STEPHENS","robust","permutations","alpha","0.8798"
"6536","16","3","JAGS","STEPHENS","robust","permutations","alpha","0.8798"
"6537","17","3","JAGS","STEPHENS","robust","permutations","alpha","0.9298"
"6538","18","3","JAGS","STEPHENS","robust","permutations","alpha","0.8998"
"6539","19","3","JAGS","STEPHENS","robust","permutations","alpha","0.8998"
"6540","20","3","JAGS","STEPHENS","robust","permutations","alpha","0.9298"
"6541","1","4","JAGS","STEPHENS","robust","permutations","alpha","0.9598"
"6542","2","4","JAGS","STEPHENS","robust","permutations","alpha","0.9698"
"6543","3","4","JAGS","STEPHENS","robust","permutations","alpha","0.9798"
"6544","4","4","JAGS","STEPHENS","robust","permutations","alpha","0.9798"
"6545","5","4","JAGS","STEPHENS","robust","permutations","alpha","0.9698"
"6546","6","4","JAGS","STEPHENS","robust","permutations","alpha","0.9598"
"6547","7","4","JAGS","STEPHENS","robust","permutations","alpha","0.9698"
"6548","8","4","JAGS","STEPHENS","robust","permutations","alpha","0.9798"
"6549","9","4","JAGS","STEPHENS","robust","permutations","alpha","0.9698"
"6550","10","4","JAGS","STEPHENS","robust","permutations","alpha","0.9698"
"6551","11","4","JAGS","STEPHENS","robust","permutations","alpha","0.9798"
"6552","12","4","JAGS","STEPHENS","robust","permutations","alpha","0.9798"
"6553","13","4","JAGS","STEPHENS","robust","permutations","alpha","0.9698"
"6554","14","4","JAGS","STEPHENS","robust","permutations","alpha","0.9698"
"6555","15","4","JAGS","STEPHENS","robust","permutations","alpha","0.9698"
"6556","16","4","JAGS","STEPHENS","robust","permutations","alpha","0.9698"
"6557","17","4","JAGS","STEPHENS","robust","permutations","alpha","0.9698"
"6558","18","4","JAGS","STEPHENS","robust","permutations","alpha","0.9798"
"6559","19","4","JAGS","STEPHENS","robust","permutations","alpha","0.9798"
"6560","20","4","JAGS","STEPHENS","robust","permutations","alpha","0.9698"
"6561","1","5","JAGS","STEPHENS","robust","permutations","alpha","0.9898"
"6562","2","5","JAGS","STEPHENS","robust","permutations","alpha","0.9898"
"6563","3","5","JAGS","STEPHENS","robust","permutations","alpha","0.9798"
"6564","4","5","JAGS","STEPHENS","robust","permutations","alpha","0.9898"
"6565","5","5","JAGS","STEPHENS","robust","permutations","alpha","0.9798"
"6566","6","5","JAGS","STEPHENS","robust","permutations","alpha","0.9798"
"6567","7","5","JAGS","STEPHENS","robust","permutations","alpha","0.9898"
"6568","8","5","JAGS","STEPHENS","robust","permutations","alpha","0.9898"
"6569","9","5","JAGS","STEPHENS","robust","permutations","alpha","0.9798"
"6570","10","5","JAGS","STEPHENS","robust","permutations","alpha","0.9898"
"6571","11","5","JAGS","STEPHENS","robust","permutations","alpha","0.9898"
"6572","12","5","JAGS","STEPHENS","robust","permutations","alpha","0.9898"
"6573","13","5","JAGS","STEPHENS","robust","permutations","alpha","0.9998"
"6574","14","5","JAGS","STEPHENS","robust","permutations","alpha","0.9898"
"6575","15","5","JAGS","STEPHENS","robust","permutations","alpha","0.9798"
"6576","16","5","JAGS","STEPHENS","robust","permutations","alpha","0.9898"
"6577","17","5","JAGS","STEPHENS","robust","permutations","alpha","0.9898"
"6578","18","5","JAGS","STEPHENS","robust","permutations","alpha","0.9898"
"6579","19","5","JAGS","STEPHENS","robust","permutations","alpha","0.9898"
"6580","20","5","JAGS","STEPHENS","robust","permutations","alpha","0.9898"
"6581","1","6","JAGS","STEPHENS","robust","permutations","alpha","0.9898"
"6582","2","6","JAGS","STEPHENS","robust","permutations","alpha","0.9898"
"6583","3","6","JAGS","STEPHENS","robust","permutations","alpha","0.9898"
"6584","4","6","JAGS","STEPHENS","robust","permutations","alpha","0.9998"
"6585","5","6","JAGS","STEPHENS","robust","permutations","alpha","0.9898"
"6586","6","6","JAGS","STEPHENS","robust","permutations","alpha","0.9898"
"6587","7","6","JAGS","STEPHENS","robust","permutations","alpha","0.9898"
"6588","8","6","JAGS","STEPHENS","robust","permutations","alpha","0.9898"
"6589","9","6","JAGS","STEPHENS","robust","permutations","alpha","0.9898"
"6590","10","6","JAGS","STEPHENS","robust","permutations","alpha","0.9998"
"6591","11","6","JAGS","STEPHENS","robust","permutations","alpha","0.9898"
"6592","12","6","JAGS","STEPHENS","robust","permutations","alpha","0.9898"
"6593","13","6","JAGS","STEPHENS","robust","permutations","alpha","0.9898"
"6594","14","6","JAGS","STEPHENS","robust","permutations","alpha","0.9898"
"6595","15","6","JAGS","STEPHENS","robust","permutations","alpha","0.9798"
"6596","16","6","JAGS","STEPHENS","robust","permutations","alpha","0.9898"
"6597","17","6","JAGS","STEPHENS","robust","permutations","alpha","0.9898"
"6598","18","6","JAGS","STEPHENS","robust","permutations","alpha","0.9898"
"6599","19","6","JAGS","STEPHENS","robust","permutations","alpha","0.9898"
"6600","20","6","JAGS","STEPHENS","robust","permutations","alpha","0.9898"
"6601","1","2","STAN","ECR","robust","permutations","alpha",NA
"6602","2","2","STAN","ECR","robust","permutations","alpha",NA
"6603","3","2","STAN","ECR","robust","permutations","alpha",NA
"6604","4","2","STAN","ECR","robust","permutations","alpha",NA
"6605","5","2","STAN","ECR","robust","permutations","alpha",NA
"6606","6","2","STAN","ECR","robust","permutations","alpha",NA
"6607","7","2","STAN","ECR","robust","permutations","alpha",NA
"6608","8","2","STAN","ECR","robust","permutations","alpha",NA
"6609","9","2","STAN","ECR","robust","permutations","alpha",NA
"6610","10","2","STAN","ECR","robust","permutations","alpha",NA
"6611","11","2","STAN","ECR","robust","permutations","alpha",NA
"6612","12","2","STAN","ECR","robust","permutations","alpha",NA
"6613","13","2","STAN","ECR","robust","permutations","alpha",NA
"6614","14","2","STAN","ECR","robust","permutations","alpha",NA
"6615","15","2","STAN","ECR","robust","permutations","alpha",NA
"6616","16","2","STAN","ECR","robust","permutations","alpha",NA
"6617","17","2","STAN","ECR","robust","permutations","alpha",NA
"6618","18","2","STAN","ECR","robust","permutations","alpha",NA
"6619","19","2","STAN","ECR","robust","permutations","alpha",NA
"6620","20","2","STAN","ECR","robust","permutations","alpha",NA
"6621","1","3","STAN","ECR","robust","permutations","alpha",NA
"6622","2","3","STAN","ECR","robust","permutations","alpha",NA
"6623","3","3","STAN","ECR","robust","permutations","alpha",NA
"6624","4","3","STAN","ECR","robust","permutations","alpha",NA
"6625","5","3","STAN","ECR","robust","permutations","alpha",NA
"6626","6","3","STAN","ECR","robust","permutations","alpha",NA
"6627","7","3","STAN","ECR","robust","permutations","alpha",NA
"6628","8","3","STAN","ECR","robust","permutations","alpha",NA
"6629","9","3","STAN","ECR","robust","permutations","alpha",NA
"6630","10","3","STAN","ECR","robust","permutations","alpha",NA
"6631","11","3","STAN","ECR","robust","permutations","alpha",NA
"6632","12","3","STAN","ECR","robust","permutations","alpha",NA
"6633","13","3","STAN","ECR","robust","permutations","alpha",NA
"6634","14","3","STAN","ECR","robust","permutations","alpha",NA
"6635","15","3","STAN","ECR","robust","permutations","alpha",NA
"6636","16","3","STAN","ECR","robust","permutations","alpha",NA
"6637","17","3","STAN","ECR","robust","permutations","alpha",NA
"6638","18","3","STAN","ECR","robust","permutations","alpha",NA
"6639","19","3","STAN","ECR","robust","permutations","alpha",NA
"6640","20","3","STAN","ECR","robust","permutations","alpha",NA
"6641","1","4","STAN","ECR","robust","permutations","alpha",NA
"6642","2","4","STAN","ECR","robust","permutations","alpha",NA
"6643","3","4","STAN","ECR","robust","permutations","alpha",NA
"6644","4","4","STAN","ECR","robust","permutations","alpha",NA
"6645","5","4","STAN","ECR","robust","permutations","alpha",NA
"6646","6","4","STAN","ECR","robust","permutations","alpha",NA
"6647","7","4","STAN","ECR","robust","permutations","alpha",NA
"6648","8","4","STAN","ECR","robust","permutations","alpha",NA
"6649","9","4","STAN","ECR","robust","permutations","alpha",NA
"6650","10","4","STAN","ECR","robust","permutations","alpha",NA
"6651","11","4","STAN","ECR","robust","permutations","alpha",NA
"6652","12","4","STAN","ECR","robust","permutations","alpha",NA
"6653","13","4","STAN","ECR","robust","permutations","alpha",NA
"6654","14","4","STAN","ECR","robust","permutations","alpha",NA
"6655","15","4","STAN","ECR","robust","permutations","alpha",NA
"6656","16","4","STAN","ECR","robust","permutations","alpha",NA
"6657","17","4","STAN","ECR","robust","permutations","alpha",NA
"6658","18","4","STAN","ECR","robust","permutations","alpha",NA
"6659","19","4","STAN","ECR","robust","permutations","alpha",NA
"6660","20","4","STAN","ECR","robust","permutations","alpha",NA
"6661","1","5","STAN","ECR","robust","permutations","alpha",NA
"6662","2","5","STAN","ECR","robust","permutations","alpha",NA
"6663","3","5","STAN","ECR","robust","permutations","alpha",NA
"6664","4","5","STAN","ECR","robust","permutations","alpha",NA
"6665","5","5","STAN","ECR","robust","permutations","alpha",NA
"6666","6","5","STAN","ECR","robust","permutations","alpha",NA
"6667","7","5","STAN","ECR","robust","permutations","alpha",NA
"6668","8","5","STAN","ECR","robust","permutations","alpha",NA
"6669","9","5","STAN","ECR","robust","permutations","alpha",NA
"6670","10","5","STAN","ECR","robust","permutations","alpha",NA
"6671","11","5","STAN","ECR","robust","permutations","alpha",NA
"6672","12","5","STAN","ECR","robust","permutations","alpha",NA
"6673","13","5","STAN","ECR","robust","permutations","alpha",NA
"6674","14","5","STAN","ECR","robust","permutations","alpha",NA
"6675","15","5","STAN","ECR","robust","permutations","alpha",NA
"6676","16","5","STAN","ECR","robust","permutations","alpha",NA
"6677","17","5","STAN","ECR","robust","permutations","alpha",NA
"6678","18","5","STAN","ECR","robust","permutations","alpha",NA
"6679","19","5","STAN","ECR","robust","permutations","alpha",NA
"6680","20","5","STAN","ECR","robust","permutations","alpha",NA
"6681","1","6","STAN","ECR","robust","permutations","alpha",NA
"6682","2","6","STAN","ECR","robust","permutations","alpha",NA
"6683","3","6","STAN","ECR","robust","permutations","alpha",NA
"6684","4","6","STAN","ECR","robust","permutations","alpha",NA
"6685","5","6","STAN","ECR","robust","permutations","alpha",NA
"6686","6","6","STAN","ECR","robust","permutations","alpha",NA
"6687","7","6","STAN","ECR","robust","permutations","alpha",NA
"6688","8","6","STAN","ECR","robust","permutations","alpha",NA
"6689","9","6","STAN","ECR","robust","permutations","alpha",NA
"6690","10","6","STAN","ECR","robust","permutations","alpha",NA
"6691","11","6","STAN","ECR","robust","permutations","alpha",NA
"6692","12","6","STAN","ECR","robust","permutations","alpha",NA
"6693","13","6","STAN","ECR","robust","permutations","alpha",NA
"6694","14","6","STAN","ECR","robust","permutations","alpha",NA
"6695","15","6","STAN","ECR","robust","permutations","alpha",NA
"6696","16","6","STAN","ECR","robust","permutations","alpha",NA
"6697","17","6","STAN","ECR","robust","permutations","alpha",NA
"6698","18","6","STAN","ECR","robust","permutations","alpha",NA
"6699","19","6","STAN","ECR","robust","permutations","alpha",NA
"6700","20","6","STAN","ECR","robust","permutations","alpha",NA
"6701","1","2","JAGS","ECR","robust","permutations","alpha","0.7498"
"6702","2","2","JAGS","ECR","robust","permutations","alpha","0.7298"
"6703","3","2","JAGS","ECR","robust","permutations","alpha","0.7198"
"6704","4","2","JAGS","ECR","robust","permutations","alpha","0.7598"
"6705","5","2","JAGS","ECR","robust","permutations","alpha","0.7198"
"6706","6","2","JAGS","ECR","robust","permutations","alpha","0.7198"
"6707","7","2","JAGS","ECR","robust","permutations","alpha","0.7398"
"6708","8","2","JAGS","ECR","robust","permutations","alpha","0.7798"
"6709","9","2","JAGS","ECR","robust","permutations","alpha","0.7398"
"6710","10","2","JAGS","ECR","robust","permutations","alpha","0.7098"
"6711","11","2","JAGS","ECR","robust","permutations","alpha","0.6698"
"6712","12","2","JAGS","ECR","robust","permutations","alpha","0.7798"
"6713","13","2","JAGS","ECR","robust","permutations","alpha","0.7298"
"6714","14","2","JAGS","ECR","robust","permutations","alpha","0.7398"
"6715","15","2","JAGS","ECR","robust","permutations","alpha","0.7898"
"6716","16","2","JAGS","ECR","robust","permutations","alpha","0.7398"
"6717","17","2","JAGS","ECR","robust","permutations","alpha","0.7498"
"6718","18","2","JAGS","ECR","robust","permutations","alpha","0.6598"
"6719","19","2","JAGS","ECR","robust","permutations","alpha","0.7598"
"6720","20","2","JAGS","ECR","robust","permutations","alpha","0.7298"
"6721","1","3","JAGS","ECR","robust","permutations","alpha","0.9098"
"6722","2","3","JAGS","ECR","robust","permutations","alpha","0.8998"
"6723","3","3","JAGS","ECR","robust","permutations","alpha","0.9098"
"6724","4","3","JAGS","ECR","robust","permutations","alpha","0.8698"
"6725","5","3","JAGS","ECR","robust","permutations","alpha","0.9098"
"6726","6","3","JAGS","ECR","robust","permutations","alpha","0.8898"
"6727","7","3","JAGS","ECR","robust","permutations","alpha","0.9398"
"6728","8","3","JAGS","ECR","robust","permutations","alpha","0.9098"
"6729","9","3","JAGS","ECR","robust","permutations","alpha","0.8898"
"6730","10","3","JAGS","ECR","robust","permutations","alpha","0.9098"
"6731","11","3","JAGS","ECR","robust","permutations","alpha","0.9098"
"6732","12","3","JAGS","ECR","robust","permutations","alpha","0.9398"
"6733","13","3","JAGS","ECR","robust","permutations","alpha","0.8898"
"6734","14","3","JAGS","ECR","robust","permutations","alpha","0.9098"
"6735","15","3","JAGS","ECR","robust","permutations","alpha","0.8798"
"6736","16","3","JAGS","ECR","robust","permutations","alpha","0.8798"
"6737","17","3","JAGS","ECR","robust","permutations","alpha","0.9298"
"6738","18","3","JAGS","ECR","robust","permutations","alpha","0.8998"
"6739","19","3","JAGS","ECR","robust","permutations","alpha","0.8998"
"6740","20","3","JAGS","ECR","robust","permutations","alpha","0.9298"
"6741","1","4","JAGS","ECR","robust","permutations","alpha","0.9598"
"6742","2","4","JAGS","ECR","robust","permutations","alpha","0.9698"
"6743","3","4","JAGS","ECR","robust","permutations","alpha","0.9798"
"6744","4","4","JAGS","ECR","robust","permutations","alpha","0.9798"
"6745","5","4","JAGS","ECR","robust","permutations","alpha","0.9698"
"6746","6","4","JAGS","ECR","robust","permutations","alpha","0.9598"
"6747","7","4","JAGS","ECR","robust","permutations","alpha","0.9698"
"6748","8","4","JAGS","ECR","robust","permutations","alpha","0.9798"
"6749","9","4","JAGS","ECR","robust","permutations","alpha","0.9698"
"6750","10","4","JAGS","ECR","robust","permutations","alpha","0.9698"
"6751","11","4","JAGS","ECR","robust","permutations","alpha","0.9798"
"6752","12","4","JAGS","ECR","robust","permutations","alpha","0.9798"
"6753","13","4","JAGS","ECR","robust","permutations","alpha","0.9698"
"6754","14","4","JAGS","ECR","robust","permutations","alpha","0.9698"
"6755","15","4","JAGS","ECR","robust","permutations","alpha","0.9698"
"6756","16","4","JAGS","ECR","robust","permutations","alpha","0.9698"
"6757","17","4","JAGS","ECR","robust","permutations","alpha","0.9698"
"6758","18","4","JAGS","ECR","robust","permutations","alpha","0.9798"
"6759","19","4","JAGS","ECR","robust","permutations","alpha","0.9798"
"6760","20","4","JAGS","ECR","robust","permutations","alpha","0.9698"
"6761","1","5","JAGS","ECR","robust","permutations","alpha","0.9898"
"6762","2","5","JAGS","ECR","robust","permutations","alpha","0.9898"
"6763","3","5","JAGS","ECR","robust","permutations","alpha","0.9798"
"6764","4","5","JAGS","ECR","robust","permutations","alpha","0.9898"
"6765","5","5","JAGS","ECR","robust","permutations","alpha","0.9798"
"6766","6","5","JAGS","ECR","robust","permutations","alpha","0.9798"
"6767","7","5","JAGS","ECR","robust","permutations","alpha","0.9898"
"6768","8","5","JAGS","ECR","robust","permutations","alpha","0.9898"
"6769","9","5","JAGS","ECR","robust","permutations","alpha","0.9798"
"6770","10","5","JAGS","ECR","robust","permutations","alpha","0.9898"
"6771","11","5","JAGS","ECR","robust","permutations","alpha","0.9898"
"6772","12","5","JAGS","ECR","robust","permutations","alpha","0.9898"
"6773","13","5","JAGS","ECR","robust","permutations","alpha","0.9998"
"6774","14","5","JAGS","ECR","robust","permutations","alpha","0.9898"
"6775","15","5","JAGS","ECR","robust","permutations","alpha","0.9798"
"6776","16","5","JAGS","ECR","robust","permutations","alpha","0.9898"
"6777","17","5","JAGS","ECR","robust","permutations","alpha","0.9898"
"6778","18","5","JAGS","ECR","robust","permutations","alpha","0.9898"
"6779","19","5","JAGS","ECR","robust","permutations","alpha","0.9898"
"6780","20","5","JAGS","ECR","robust","permutations","alpha","0.9898"
"6781","1","6","JAGS","ECR","robust","permutations","alpha","0.9898"
"6782","2","6","JAGS","ECR","robust","permutations","alpha","0.9898"
"6783","3","6","JAGS","ECR","robust","permutations","alpha","0.9898"
"6784","4","6","JAGS","ECR","robust","permutations","alpha","0.9998"
"6785","5","6","JAGS","ECR","robust","permutations","alpha","0.9898"
"6786","6","6","JAGS","ECR","robust","permutations","alpha","0.9898"
"6787","7","6","JAGS","ECR","robust","permutations","alpha","0.9898"
"6788","8","6","JAGS","ECR","robust","permutations","alpha","0.9898"
"6789","9","6","JAGS","ECR","robust","permutations","alpha","0.9898"
"6790","10","6","JAGS","ECR","robust","permutations","alpha","0.9998"
"6791","11","6","JAGS","ECR","robust","permutations","alpha","0.9898"
"6792","12","6","JAGS","ECR","robust","permutations","alpha","0.9898"
"6793","13","6","JAGS","ECR","robust","permutations","alpha","0.9898"
"6794","14","6","JAGS","ECR","robust","permutations","alpha","0.9898"
"6795","15","6","JAGS","ECR","robust","permutations","alpha","0.9798"
"6796","16","6","JAGS","ECR","robust","permutations","alpha","0.9898"
"6797","17","6","JAGS","ECR","robust","permutations","alpha","0.9898"
"6798","18","6","JAGS","ECR","robust","permutations","alpha","0.9898"
"6799","19","6","JAGS","ECR","robust","permutations","alpha","0.9898"
"6800","20","6","JAGS","ECR","robust","permutations","alpha","0.9898"
"6801","1","2","STAN","STEPHENS","min_vol_60%HPD","permutations","alpha","0.6898"
"6802","2","2","STAN","STEPHENS","min_vol_60%HPD","permutations","alpha","0.6698"
"6803","3","2","STAN","STEPHENS","min_vol_60%HPD","permutations","alpha","0.7898"
"6804","4","2","STAN","STEPHENS","min_vol_60%HPD","permutations","alpha","0.7398"
"6805","5","2","STAN","STEPHENS","min_vol_60%HPD","permutations","alpha","0.7998"
"6806","6","2","STAN","STEPHENS","min_vol_60%HPD","permutations","alpha","0.7498"
"6807","7","2","STAN","STEPHENS","min_vol_60%HPD","permutations","alpha","0.7198"
"6808","8","2","STAN","STEPHENS","min_vol_60%HPD","permutations","alpha","0.6998"
"6809","9","2","STAN","STEPHENS","min_vol_60%HPD","permutations","alpha","0.7198"
"6810","10","2","STAN","STEPHENS","min_vol_60%HPD","permutations","alpha","0.6598"
"6811","11","2","STAN","STEPHENS","min_vol_60%HPD","permutations","alpha","0.7898"
"6812","12","2","STAN","STEPHENS","min_vol_60%HPD","permutations","alpha","0.7698"
"6813","13","2","STAN","STEPHENS","min_vol_60%HPD","permutations","alpha","0.7898"
"6814","14","2","STAN","STEPHENS","min_vol_60%HPD","permutations","alpha","0.7198"
"6815","15","2","STAN","STEPHENS","min_vol_60%HPD","permutations","alpha","0.7398"
"6816","16","2","STAN","STEPHENS","min_vol_60%HPD","permutations","alpha","0.7398"
"6817","17","2","STAN","STEPHENS","min_vol_60%HPD","permutations","alpha","0.6798"
"6818","18","2","STAN","STEPHENS","min_vol_60%HPD","permutations","alpha","0.7498"
"6819","19","2","STAN","STEPHENS","min_vol_60%HPD","permutations","alpha","0.7398"
"6820","20","2","STAN","STEPHENS","min_vol_60%HPD","permutations","alpha","0.6998"
"6821","1","3","STAN","STEPHENS","min_vol_60%HPD","permutations","alpha","0.8998"
"6822","2","3","STAN","STEPHENS","min_vol_60%HPD","permutations","alpha","0.9698"
"6823","3","3","STAN","STEPHENS","min_vol_60%HPD","permutations","alpha","0.9098"
"6824","4","3","STAN","STEPHENS","min_vol_60%HPD","permutations","alpha","0.9298"
"6825","5","3","STAN","STEPHENS","min_vol_60%HPD","permutations","alpha","0.8798"
"6826","6","3","STAN","STEPHENS","min_vol_60%HPD","permutations","alpha","0.8898"
"6827","7","3","STAN","STEPHENS","min_vol_60%HPD","permutations","alpha","0.8898"
"6828","8","3","STAN","STEPHENS","min_vol_60%HPD","permutations","alpha","0.9098"
"6829","9","3","STAN","STEPHENS","min_vol_60%HPD","permutations","alpha","0.8998"
"6830","10","3","STAN","STEPHENS","min_vol_60%HPD","permutations","alpha","0.9098"
"6831","11","3","STAN","STEPHENS","min_vol_60%HPD","permutations","alpha","0.8998"
"6832","12","3","STAN","STEPHENS","min_vol_60%HPD","permutations","alpha","0.8998"
"6833","13","3","STAN","STEPHENS","min_vol_60%HPD","permutations","alpha","0.9098"
"6834","14","3","STAN","STEPHENS","min_vol_60%HPD","permutations","alpha","0.9398"
"6835","15","3","STAN","STEPHENS","min_vol_60%HPD","permutations","alpha","0.9198"
"6836","16","3","STAN","STEPHENS","min_vol_60%HPD","permutations","alpha","0.8898"
"6837","17","3","STAN","STEPHENS","min_vol_60%HPD","permutations","alpha","0.9098"
"6838","18","3","STAN","STEPHENS","min_vol_60%HPD","permutations","alpha","0.9298"
"6839","19","3","STAN","STEPHENS","min_vol_60%HPD","permutations","alpha","0.8998"
"6840","20","3","STAN","STEPHENS","min_vol_60%HPD","permutations","alpha","0.9098"
"6841","1","4","STAN","STEPHENS","min_vol_60%HPD","permutations","alpha","0.9698"
"6842","2","4","STAN","STEPHENS","min_vol_60%HPD","permutations","alpha","0.9798"
"6843","3","4","STAN","STEPHENS","min_vol_60%HPD","permutations","alpha","0.9798"
"6844","4","4","STAN","STEPHENS","min_vol_60%HPD","permutations","alpha","0.9798"
"6845","5","4","STAN","STEPHENS","min_vol_60%HPD","permutations","alpha","0.9798"
"6846","6","4","STAN","STEPHENS","min_vol_60%HPD","permutations","alpha","0.9798"
"6847","7","4","STAN","STEPHENS","min_vol_60%HPD","permutations","alpha","0.9698"
"6848","8","4","STAN","STEPHENS","min_vol_60%HPD","permutations","alpha","0.9798"
"6849","9","4","STAN","STEPHENS","min_vol_60%HPD","permutations","alpha","0.9898"
"6850","10","4","STAN","STEPHENS","min_vol_60%HPD","permutations","alpha","0.9698"
"6851","11","4","STAN","STEPHENS","min_vol_60%HPD","permutations","alpha","0.9698"
"6852","12","4","STAN","STEPHENS","min_vol_60%HPD","permutations","alpha","0.9698"
"6853","13","4","STAN","STEPHENS","min_vol_60%HPD","permutations","alpha","0.9698"
"6854","14","4","STAN","STEPHENS","min_vol_60%HPD","permutations","alpha","0.9698"
"6855","15","4","STAN","STEPHENS","min_vol_60%HPD","permutations","alpha","0.9798"
"6856","16","4","STAN","STEPHENS","min_vol_60%HPD","permutations","alpha","0.9698"
"6857","17","4","STAN","STEPHENS","min_vol_60%HPD","permutations","alpha","0.9698"
"6858","18","4","STAN","STEPHENS","min_vol_60%HPD","permutations","alpha","0.9798"
"6859","19","4","STAN","STEPHENS","min_vol_60%HPD","permutations","alpha","0.9698"
"6860","20","4","STAN","STEPHENS","min_vol_60%HPD","permutations","alpha","0.9798"
"6861","1","5","STAN","STEPHENS","min_vol_60%HPD","permutations","alpha","0.9898"
"6862","2","5","STAN","STEPHENS","min_vol_60%HPD","permutations","alpha","0.9898"
"6863","3","5","STAN","STEPHENS","min_vol_60%HPD","permutations","alpha","0.9898"
"6864","4","5","STAN","STEPHENS","min_vol_60%HPD","permutations","alpha","0.9898"
"6865","5","5","STAN","STEPHENS","min_vol_60%HPD","permutations","alpha","0.9898"
"6866","6","5","STAN","STEPHENS","min_vol_60%HPD","permutations","alpha","0.9898"
"6867","7","5","STAN","STEPHENS","min_vol_60%HPD","permutations","alpha","0.9898"
"6868","8","5","STAN","STEPHENS","min_vol_60%HPD","permutations","alpha","0.9898"
"6869","9","5","STAN","STEPHENS","min_vol_60%HPD","permutations","alpha","0.9898"
"6870","10","5","STAN","STEPHENS","min_vol_60%HPD","permutations","alpha","0.9898"
"6871","11","5","STAN","STEPHENS","min_vol_60%HPD","permutations","alpha","0.9798"
"6872","12","5","STAN","STEPHENS","min_vol_60%HPD","permutations","alpha","0.9798"
"6873","13","5","STAN","STEPHENS","min_vol_60%HPD","permutations","alpha","0.9898"
"6874","14","5","STAN","STEPHENS","min_vol_60%HPD","permutations","alpha","0.9898"
"6875","15","5","STAN","STEPHENS","min_vol_60%HPD","permutations","alpha","0.9798"
"6876","16","5","STAN","STEPHENS","min_vol_60%HPD","permutations","alpha","0.9898"
"6877","17","5","STAN","STEPHENS","min_vol_60%HPD","permutations","alpha","0.9898"
"6878","18","5","STAN","STEPHENS","min_vol_60%HPD","permutations","alpha","0.9898"
"6879","19","5","STAN","STEPHENS","min_vol_60%HPD","permutations","alpha","0.9898"
"6880","20","5","STAN","STEPHENS","min_vol_60%HPD","permutations","alpha","0.9798"
"6881","1","6","STAN","STEPHENS","min_vol_60%HPD","permutations","alpha","0.9898"
"6882","2","6","STAN","STEPHENS","min_vol_60%HPD","permutations","alpha","0.9898"
"6883","3","6","STAN","STEPHENS","min_vol_60%HPD","permutations","alpha","0.9798"
"6884","4","6","STAN","STEPHENS","min_vol_60%HPD","permutations","alpha","0.9898"
"6885","5","6","STAN","STEPHENS","min_vol_60%HPD","permutations","alpha","0.9898"
"6886","6","6","STAN","STEPHENS","min_vol_60%HPD","permutations","alpha","0.9898"
"6887","7","6","STAN","STEPHENS","min_vol_60%HPD","permutations","alpha","0.9898"
"6888","8","6","STAN","STEPHENS","min_vol_60%HPD","permutations","alpha","0.9898"
"6889","9","6","STAN","STEPHENS","min_vol_60%HPD","permutations","alpha","0.9898"
"6890","10","6","STAN","STEPHENS","min_vol_60%HPD","permutations","alpha","0.9898"
"6891","11","6","STAN","STEPHENS","min_vol_60%HPD","permutations","alpha","0.9898"
"6892","12","6","STAN","STEPHENS","min_vol_60%HPD","permutations","alpha","0.9898"
"6893","13","6","STAN","STEPHENS","min_vol_60%HPD","permutations","alpha","0.9898"
"6894","14","6","STAN","STEPHENS","min_vol_60%HPD","permutations","alpha","0.9898"
"6895","15","6","STAN","STEPHENS","min_vol_60%HPD","permutations","alpha","0.9898"
"6896","16","6","STAN","STEPHENS","min_vol_60%HPD","permutations","alpha","0.9898"
"6897","17","6","STAN","STEPHENS","min_vol_60%HPD","permutations","alpha","0.9898"
"6898","18","6","STAN","STEPHENS","min_vol_60%HPD","permutations","alpha","0.9898"
"6899","19","6","STAN","STEPHENS","min_vol_60%HPD","permutations","alpha","0.9898"
"6900","20","6","STAN","STEPHENS","min_vol_60%HPD","permutations","alpha","0.9898"
"6901","1","2","JAGS","STEPHENS","min_vol_60%HPD","permutations","alpha","0.7498"
"6902","2","2","JAGS","STEPHENS","min_vol_60%HPD","permutations","alpha","0.7298"
"6903","3","2","JAGS","STEPHENS","min_vol_60%HPD","permutations","alpha","0.7198"
"6904","4","2","JAGS","STEPHENS","min_vol_60%HPD","permutations","alpha","0.7598"
"6905","5","2","JAGS","STEPHENS","min_vol_60%HPD","permutations","alpha","0.7198"
"6906","6","2","JAGS","STEPHENS","min_vol_60%HPD","permutations","alpha","0.7198"
"6907","7","2","JAGS","STEPHENS","min_vol_60%HPD","permutations","alpha","0.7398"
"6908","8","2","JAGS","STEPHENS","min_vol_60%HPD","permutations","alpha","0.7798"
"6909","9","2","JAGS","STEPHENS","min_vol_60%HPD","permutations","alpha","0.7398"
"6910","10","2","JAGS","STEPHENS","min_vol_60%HPD","permutations","alpha","0.7098"
"6911","11","2","JAGS","STEPHENS","min_vol_60%HPD","permutations","alpha","0.6698"
"6912","12","2","JAGS","STEPHENS","min_vol_60%HPD","permutations","alpha","0.7798"
"6913","13","2","JAGS","STEPHENS","min_vol_60%HPD","permutations","alpha","0.7298"
"6914","14","2","JAGS","STEPHENS","min_vol_60%HPD","permutations","alpha","0.7398"
"6915","15","2","JAGS","STEPHENS","min_vol_60%HPD","permutations","alpha","0.7898"
"6916","16","2","JAGS","STEPHENS","min_vol_60%HPD","permutations","alpha","0.7398"
"6917","17","2","JAGS","STEPHENS","min_vol_60%HPD","permutations","alpha","0.7498"
"6918","18","2","JAGS","STEPHENS","min_vol_60%HPD","permutations","alpha","0.6598"
"6919","19","2","JAGS","STEPHENS","min_vol_60%HPD","permutations","alpha","0.7598"
"6920","20","2","JAGS","STEPHENS","min_vol_60%HPD","permutations","alpha","0.7298"
"6921","1","3","JAGS","STEPHENS","min_vol_60%HPD","permutations","alpha","0.9098"
"6922","2","3","JAGS","STEPHENS","min_vol_60%HPD","permutations","alpha","0.8998"
"6923","3","3","JAGS","STEPHENS","min_vol_60%HPD","permutations","alpha","0.9098"
"6924","4","3","JAGS","STEPHENS","min_vol_60%HPD","permutations","alpha","0.8698"
"6925","5","3","JAGS","STEPHENS","min_vol_60%HPD","permutations","alpha","0.9098"
"6926","6","3","JAGS","STEPHENS","min_vol_60%HPD","permutations","alpha","0.8898"
"6927","7","3","JAGS","STEPHENS","min_vol_60%HPD","permutations","alpha","0.9398"
"6928","8","3","JAGS","STEPHENS","min_vol_60%HPD","permutations","alpha","0.9098"
"6929","9","3","JAGS","STEPHENS","min_vol_60%HPD","permutations","alpha","0.8898"
"6930","10","3","JAGS","STEPHENS","min_vol_60%HPD","permutations","alpha","0.9098"
"6931","11","3","JAGS","STEPHENS","min_vol_60%HPD","permutations","alpha","0.9098"
"6932","12","3","JAGS","STEPHENS","min_vol_60%HPD","permutations","alpha","0.9398"
"6933","13","3","JAGS","STEPHENS","min_vol_60%HPD","permutations","alpha","0.8898"
"6934","14","3","JAGS","STEPHENS","min_vol_60%HPD","permutations","alpha","0.9098"
"6935","15","3","JAGS","STEPHENS","min_vol_60%HPD","permutations","alpha","0.8798"
"6936","16","3","JAGS","STEPHENS","min_vol_60%HPD","permutations","alpha","0.8798"
"6937","17","3","JAGS","STEPHENS","min_vol_60%HPD","permutations","alpha","0.9298"
"6938","18","3","JAGS","STEPHENS","min_vol_60%HPD","permutations","alpha","0.8998"
"6939","19","3","JAGS","STEPHENS","min_vol_60%HPD","permutations","alpha","0.8998"
"6940","20","3","JAGS","STEPHENS","min_vol_60%HPD","permutations","alpha","0.9298"
"6941","1","4","JAGS","STEPHENS","min_vol_60%HPD","permutations","alpha","0.9598"
"6942","2","4","JAGS","STEPHENS","min_vol_60%HPD","permutations","alpha","0.9698"
"6943","3","4","JAGS","STEPHENS","min_vol_60%HPD","permutations","alpha","0.9798"
"6944","4","4","JAGS","STEPHENS","min_vol_60%HPD","permutations","alpha","0.9798"
"6945","5","4","JAGS","STEPHENS","min_vol_60%HPD","permutations","alpha","0.9698"
"6946","6","4","JAGS","STEPHENS","min_vol_60%HPD","permutations","alpha","0.9598"
"6947","7","4","JAGS","STEPHENS","min_vol_60%HPD","permutations","alpha","0.9698"
"6948","8","4","JAGS","STEPHENS","min_vol_60%HPD","permutations","alpha","0.9798"
"6949","9","4","JAGS","STEPHENS","min_vol_60%HPD","permutations","alpha","0.9698"
"6950","10","4","JAGS","STEPHENS","min_vol_60%HPD","permutations","alpha","0.9698"
"6951","11","4","JAGS","STEPHENS","min_vol_60%HPD","permutations","alpha","0.9798"
"6952","12","4","JAGS","STEPHENS","min_vol_60%HPD","permutations","alpha","0.9798"
"6953","13","4","JAGS","STEPHENS","min_vol_60%HPD","permutations","alpha","0.9698"
"6954","14","4","JAGS","STEPHENS","min_vol_60%HPD","permutations","alpha","0.9698"
"6955","15","4","JAGS","STEPHENS","min_vol_60%HPD","permutations","alpha","0.9698"
"6956","16","4","JAGS","STEPHENS","min_vol_60%HPD","permutations","alpha","0.9698"
"6957","17","4","JAGS","STEPHENS","min_vol_60%HPD","permutations","alpha","0.9698"
"6958","18","4","JAGS","STEPHENS","min_vol_60%HPD","permutations","alpha","0.9798"
"6959","19","4","JAGS","STEPHENS","min_vol_60%HPD","permutations","alpha","0.9798"
"6960","20","4","JAGS","STEPHENS","min_vol_60%HPD","permutations","alpha","0.9698"
"6961","1","5","JAGS","STEPHENS","min_vol_60%HPD","permutations","alpha","0.9898"
"6962","2","5","JAGS","STEPHENS","min_vol_60%HPD","permutations","alpha","0.9898"
"6963","3","5","JAGS","STEPHENS","min_vol_60%HPD","permutations","alpha","0.9798"
"6964","4","5","JAGS","STEPHENS","min_vol_60%HPD","permutations","alpha","0.9898"
"6965","5","5","JAGS","STEPHENS","min_vol_60%HPD","permutations","alpha","0.9798"
"6966","6","5","JAGS","STEPHENS","min_vol_60%HPD","permutations","alpha","0.9798"
"6967","7","5","JAGS","STEPHENS","min_vol_60%HPD","permutations","alpha","0.9898"
"6968","8","5","JAGS","STEPHENS","min_vol_60%HPD","permutations","alpha","0.9898"
"6969","9","5","JAGS","STEPHENS","min_vol_60%HPD","permutations","alpha","0.9798"
"6970","10","5","JAGS","STEPHENS","min_vol_60%HPD","permutations","alpha","0.9898"
"6971","11","5","JAGS","STEPHENS","min_vol_60%HPD","permutations","alpha","0.9898"
"6972","12","5","JAGS","STEPHENS","min_vol_60%HPD","permutations","alpha","0.9898"
"6973","13","5","JAGS","STEPHENS","min_vol_60%HPD","permutations","alpha","0.9998"
"6974","14","5","JAGS","STEPHENS","min_vol_60%HPD","permutations","alpha","0.9898"
"6975","15","5","JAGS","STEPHENS","min_vol_60%HPD","permutations","alpha","0.9798"
"6976","16","5","JAGS","STEPHENS","min_vol_60%HPD","permutations","alpha","0.9898"
"6977","17","5","JAGS","STEPHENS","min_vol_60%HPD","permutations","alpha","0.9898"
"6978","18","5","JAGS","STEPHENS","min_vol_60%HPD","permutations","alpha","0.9898"
"6979","19","5","JAGS","STEPHENS","min_vol_60%HPD","permutations","alpha","0.9898"
"6980","20","5","JAGS","STEPHENS","min_vol_60%HPD","permutations","alpha","0.9898"
"6981","1","6","JAGS","STEPHENS","min_vol_60%HPD","permutations","alpha","0.9898"
"6982","2","6","JAGS","STEPHENS","min_vol_60%HPD","permutations","alpha","0.9898"
"6983","3","6","JAGS","STEPHENS","min_vol_60%HPD","permutations","alpha","0.9898"
"6984","4","6","JAGS","STEPHENS","min_vol_60%HPD","permutations","alpha","0.9998"
"6985","5","6","JAGS","STEPHENS","min_vol_60%HPD","permutations","alpha","0.9898"
"6986","6","6","JAGS","STEPHENS","min_vol_60%HPD","permutations","alpha","0.9898"
"6987","7","6","JAGS","STEPHENS","min_vol_60%HPD","permutations","alpha","0.9898"
"6988","8","6","JAGS","STEPHENS","min_vol_60%HPD","permutations","alpha","0.9898"
"6989","9","6","JAGS","STEPHENS","min_vol_60%HPD","permutations","alpha","0.9898"
"6990","10","6","JAGS","STEPHENS","min_vol_60%HPD","permutations","alpha","0.9998"
"6991","11","6","JAGS","STEPHENS","min_vol_60%HPD","permutations","alpha","0.9898"
"6992","12","6","JAGS","STEPHENS","min_vol_60%HPD","permutations","alpha","0.9898"
"6993","13","6","JAGS","STEPHENS","min_vol_60%HPD","permutations","alpha","0.9898"
"6994","14","6","JAGS","STEPHENS","min_vol_60%HPD","permutations","alpha","0.9898"
"6995","15","6","JAGS","STEPHENS","min_vol_60%HPD","permutations","alpha","0.9798"
"6996","16","6","JAGS","STEPHENS","min_vol_60%HPD","permutations","alpha","0.9898"
"6997","17","6","JAGS","STEPHENS","min_vol_60%HPD","permutations","alpha","0.9898"
"6998","18","6","JAGS","STEPHENS","min_vol_60%HPD","permutations","alpha","0.9898"
"6999","19","6","JAGS","STEPHENS","min_vol_60%HPD","permutations","alpha","0.9898"
"7000","20","6","JAGS","STEPHENS","min_vol_60%HPD","permutations","alpha","0.9898"
"7001","1","2","STAN","ECR","min_vol_60%HPD","permutations","alpha",NA
"7002","2","2","STAN","ECR","min_vol_60%HPD","permutations","alpha",NA
"7003","3","2","STAN","ECR","min_vol_60%HPD","permutations","alpha",NA
"7004","4","2","STAN","ECR","min_vol_60%HPD","permutations","alpha",NA
"7005","5","2","STAN","ECR","min_vol_60%HPD","permutations","alpha",NA
"7006","6","2","STAN","ECR","min_vol_60%HPD","permutations","alpha",NA
"7007","7","2","STAN","ECR","min_vol_60%HPD","permutations","alpha",NA
"7008","8","2","STAN","ECR","min_vol_60%HPD","permutations","alpha",NA
"7009","9","2","STAN","ECR","min_vol_60%HPD","permutations","alpha",NA
"7010","10","2","STAN","ECR","min_vol_60%HPD","permutations","alpha",NA
"7011","11","2","STAN","ECR","min_vol_60%HPD","permutations","alpha",NA
"7012","12","2","STAN","ECR","min_vol_60%HPD","permutations","alpha",NA
"7013","13","2","STAN","ECR","min_vol_60%HPD","permutations","alpha",NA
"7014","14","2","STAN","ECR","min_vol_60%HPD","permutations","alpha",NA
"7015","15","2","STAN","ECR","min_vol_60%HPD","permutations","alpha",NA
"7016","16","2","STAN","ECR","min_vol_60%HPD","permutations","alpha",NA
"7017","17","2","STAN","ECR","min_vol_60%HPD","permutations","alpha",NA
"7018","18","2","STAN","ECR","min_vol_60%HPD","permutations","alpha",NA
"7019","19","2","STAN","ECR","min_vol_60%HPD","permutations","alpha",NA
"7020","20","2","STAN","ECR","min_vol_60%HPD","permutations","alpha",NA
"7021","1","3","STAN","ECR","min_vol_60%HPD","permutations","alpha",NA
"7022","2","3","STAN","ECR","min_vol_60%HPD","permutations","alpha",NA
"7023","3","3","STAN","ECR","min_vol_60%HPD","permutations","alpha",NA
"7024","4","3","STAN","ECR","min_vol_60%HPD","permutations","alpha",NA
"7025","5","3","STAN","ECR","min_vol_60%HPD","permutations","alpha",NA
"7026","6","3","STAN","ECR","min_vol_60%HPD","permutations","alpha",NA
"7027","7","3","STAN","ECR","min_vol_60%HPD","permutations","alpha",NA
"7028","8","3","STAN","ECR","min_vol_60%HPD","permutations","alpha",NA
"7029","9","3","STAN","ECR","min_vol_60%HPD","permutations","alpha",NA
"7030","10","3","STAN","ECR","min_vol_60%HPD","permutations","alpha",NA
"7031","11","3","STAN","ECR","min_vol_60%HPD","permutations","alpha",NA
"7032","12","3","STAN","ECR","min_vol_60%HPD","permutations","alpha",NA
"7033","13","3","STAN","ECR","min_vol_60%HPD","permutations","alpha",NA
"7034","14","3","STAN","ECR","min_vol_60%HPD","permutations","alpha",NA
"7035","15","3","STAN","ECR","min_vol_60%HPD","permutations","alpha",NA
"7036","16","3","STAN","ECR","min_vol_60%HPD","permutations","alpha",NA
"7037","17","3","STAN","ECR","min_vol_60%HPD","permutations","alpha",NA
"7038","18","3","STAN","ECR","min_vol_60%HPD","permutations","alpha",NA
"7039","19","3","STAN","ECR","min_vol_60%HPD","permutations","alpha",NA
"7040","20","3","STAN","ECR","min_vol_60%HPD","permutations","alpha",NA
"7041","1","4","STAN","ECR","min_vol_60%HPD","permutations","alpha",NA
"7042","2","4","STAN","ECR","min_vol_60%HPD","permutations","alpha",NA
"7043","3","4","STAN","ECR","min_vol_60%HPD","permutations","alpha",NA
"7044","4","4","STAN","ECR","min_vol_60%HPD","permutations","alpha",NA
"7045","5","4","STAN","ECR","min_vol_60%HPD","permutations","alpha",NA
"7046","6","4","STAN","ECR","min_vol_60%HPD","permutations","alpha",NA
"7047","7","4","STAN","ECR","min_vol_60%HPD","permutations","alpha",NA
"7048","8","4","STAN","ECR","min_vol_60%HPD","permutations","alpha",NA
"7049","9","4","STAN","ECR","min_vol_60%HPD","permutations","alpha",NA
"7050","10","4","STAN","ECR","min_vol_60%HPD","permutations","alpha",NA
"7051","11","4","STAN","ECR","min_vol_60%HPD","permutations","alpha",NA
"7052","12","4","STAN","ECR","min_vol_60%HPD","permutations","alpha",NA
"7053","13","4","STAN","ECR","min_vol_60%HPD","permutations","alpha",NA
"7054","14","4","STAN","ECR","min_vol_60%HPD","permutations","alpha",NA
"7055","15","4","STAN","ECR","min_vol_60%HPD","permutations","alpha",NA
"7056","16","4","STAN","ECR","min_vol_60%HPD","permutations","alpha",NA
"7057","17","4","STAN","ECR","min_vol_60%HPD","permutations","alpha",NA
"7058","18","4","STAN","ECR","min_vol_60%HPD","permutations","alpha",NA
"7059","19","4","STAN","ECR","min_vol_60%HPD","permutations","alpha",NA
"7060","20","4","STAN","ECR","min_vol_60%HPD","permutations","alpha",NA
"7061","1","5","STAN","ECR","min_vol_60%HPD","permutations","alpha",NA
"7062","2","5","STAN","ECR","min_vol_60%HPD","permutations","alpha",NA
"7063","3","5","STAN","ECR","min_vol_60%HPD","permutations","alpha",NA
"7064","4","5","STAN","ECR","min_vol_60%HPD","permutations","alpha",NA
"7065","5","5","STAN","ECR","min_vol_60%HPD","permutations","alpha",NA
"7066","6","5","STAN","ECR","min_vol_60%HPD","permutations","alpha",NA
"7067","7","5","STAN","ECR","min_vol_60%HPD","permutations","alpha",NA
"7068","8","5","STAN","ECR","min_vol_60%HPD","permutations","alpha",NA
"7069","9","5","STAN","ECR","min_vol_60%HPD","permutations","alpha",NA
"7070","10","5","STAN","ECR","min_vol_60%HPD","permutations","alpha",NA
"7071","11","5","STAN","ECR","min_vol_60%HPD","permutations","alpha",NA
"7072","12","5","STAN","ECR","min_vol_60%HPD","permutations","alpha",NA
"7073","13","5","STAN","ECR","min_vol_60%HPD","permutations","alpha",NA
"7074","14","5","STAN","ECR","min_vol_60%HPD","permutations","alpha",NA
"7075","15","5","STAN","ECR","min_vol_60%HPD","permutations","alpha",NA
"7076","16","5","STAN","ECR","min_vol_60%HPD","permutations","alpha",NA
"7077","17","5","STAN","ECR","min_vol_60%HPD","permutations","alpha",NA
"7078","18","5","STAN","ECR","min_vol_60%HPD","permutations","alpha",NA
"7079","19","5","STAN","ECR","min_vol_60%HPD","permutations","alpha",NA
"7080","20","5","STAN","ECR","min_vol_60%HPD","permutations","alpha",NA
"7081","1","6","STAN","ECR","min_vol_60%HPD","permutations","alpha",NA
"7082","2","6","STAN","ECR","min_vol_60%HPD","permutations","alpha",NA
"7083","3","6","STAN","ECR","min_vol_60%HPD","permutations","alpha",NA
"7084","4","6","STAN","ECR","min_vol_60%HPD","permutations","alpha",NA
"7085","5","6","STAN","ECR","min_vol_60%HPD","permutations","alpha",NA
"7086","6","6","STAN","ECR","min_vol_60%HPD","permutations","alpha",NA
"7087","7","6","STAN","ECR","min_vol_60%HPD","permutations","alpha",NA
"7088","8","6","STAN","ECR","min_vol_60%HPD","permutations","alpha",NA
"7089","9","6","STAN","ECR","min_vol_60%HPD","permutations","alpha",NA
"7090","10","6","STAN","ECR","min_vol_60%HPD","permutations","alpha",NA
"7091","11","6","STAN","ECR","min_vol_60%HPD","permutations","alpha",NA
"7092","12","6","STAN","ECR","min_vol_60%HPD","permutations","alpha",NA
"7093","13","6","STAN","ECR","min_vol_60%HPD","permutations","alpha",NA
"7094","14","6","STAN","ECR","min_vol_60%HPD","permutations","alpha",NA
"7095","15","6","STAN","ECR","min_vol_60%HPD","permutations","alpha",NA
"7096","16","6","STAN","ECR","min_vol_60%HPD","permutations","alpha",NA
"7097","17","6","STAN","ECR","min_vol_60%HPD","permutations","alpha",NA
"7098","18","6","STAN","ECR","min_vol_60%HPD","permutations","alpha",NA
"7099","19","6","STAN","ECR","min_vol_60%HPD","permutations","alpha",NA
"7100","20","6","STAN","ECR","min_vol_60%HPD","permutations","alpha",NA
"7101","1","2","JAGS","ECR","min_vol_60%HPD","permutations","alpha","0.7498"
"7102","2","2","JAGS","ECR","min_vol_60%HPD","permutations","alpha","0.7298"
"7103","3","2","JAGS","ECR","min_vol_60%HPD","permutations","alpha","0.7198"
"7104","4","2","JAGS","ECR","min_vol_60%HPD","permutations","alpha","0.7598"
"7105","5","2","JAGS","ECR","min_vol_60%HPD","permutations","alpha","0.7198"
"7106","6","2","JAGS","ECR","min_vol_60%HPD","permutations","alpha","0.7198"
"7107","7","2","JAGS","ECR","min_vol_60%HPD","permutations","alpha","0.7398"
"7108","8","2","JAGS","ECR","min_vol_60%HPD","permutations","alpha","0.7798"
"7109","9","2","JAGS","ECR","min_vol_60%HPD","permutations","alpha","0.7398"
"7110","10","2","JAGS","ECR","min_vol_60%HPD","permutations","alpha","0.7098"
"7111","11","2","JAGS","ECR","min_vol_60%HPD","permutations","alpha","0.6698"
"7112","12","2","JAGS","ECR","min_vol_60%HPD","permutations","alpha","0.7798"
"7113","13","2","JAGS","ECR","min_vol_60%HPD","permutations","alpha","0.7298"
"7114","14","2","JAGS","ECR","min_vol_60%HPD","permutations","alpha","0.7398"
"7115","15","2","JAGS","ECR","min_vol_60%HPD","permutations","alpha","0.7898"
"7116","16","2","JAGS","ECR","min_vol_60%HPD","permutations","alpha","0.7398"
"7117","17","2","JAGS","ECR","min_vol_60%HPD","permutations","alpha","0.7498"
"7118","18","2","JAGS","ECR","min_vol_60%HPD","permutations","alpha","0.6598"
"7119","19","2","JAGS","ECR","min_vol_60%HPD","permutations","alpha","0.7598"
"7120","20","2","JAGS","ECR","min_vol_60%HPD","permutations","alpha","0.7298"
"7121","1","3","JAGS","ECR","min_vol_60%HPD","permutations","alpha","0.9098"
"7122","2","3","JAGS","ECR","min_vol_60%HPD","permutations","alpha","0.8998"
"7123","3","3","JAGS","ECR","min_vol_60%HPD","permutations","alpha","0.9098"
"7124","4","3","JAGS","ECR","min_vol_60%HPD","permutations","alpha","0.8698"
"7125","5","3","JAGS","ECR","min_vol_60%HPD","permutations","alpha","0.9098"
"7126","6","3","JAGS","ECR","min_vol_60%HPD","permutations","alpha","0.8898"
"7127","7","3","JAGS","ECR","min_vol_60%HPD","permutations","alpha","0.9398"
"7128","8","3","JAGS","ECR","min_vol_60%HPD","permutations","alpha","0.9098"
"7129","9","3","JAGS","ECR","min_vol_60%HPD","permutations","alpha","0.8898"
"7130","10","3","JAGS","ECR","min_vol_60%HPD","permutations","alpha","0.9098"
"7131","11","3","JAGS","ECR","min_vol_60%HPD","permutations","alpha","0.9098"
"7132","12","3","JAGS","ECR","min_vol_60%HPD","permutations","alpha","0.9398"
"7133","13","3","JAGS","ECR","min_vol_60%HPD","permutations","alpha","0.8898"
"7134","14","3","JAGS","ECR","min_vol_60%HPD","permutations","alpha","0.9098"
"7135","15","3","JAGS","ECR","min_vol_60%HPD","permutations","alpha","0.8798"
"7136","16","3","JAGS","ECR","min_vol_60%HPD","permutations","alpha","0.8798"
"7137","17","3","JAGS","ECR","min_vol_60%HPD","permutations","alpha","0.9298"
"7138","18","3","JAGS","ECR","min_vol_60%HPD","permutations","alpha","0.8998"
"7139","19","3","JAGS","ECR","min_vol_60%HPD","permutations","alpha","0.8998"
"7140","20","3","JAGS","ECR","min_vol_60%HPD","permutations","alpha","0.9298"
"7141","1","4","JAGS","ECR","min_vol_60%HPD","permutations","alpha","0.9598"
"7142","2","4","JAGS","ECR","min_vol_60%HPD","permutations","alpha","0.9698"
"7143","3","4","JAGS","ECR","min_vol_60%HPD","permutations","alpha","0.9798"
"7144","4","4","JAGS","ECR","min_vol_60%HPD","permutations","alpha","0.9798"
"7145","5","4","JAGS","ECR","min_vol_60%HPD","permutations","alpha","0.9698"
"7146","6","4","JAGS","ECR","min_vol_60%HPD","permutations","alpha","0.9598"
"7147","7","4","JAGS","ECR","min_vol_60%HPD","permutations","alpha","0.9698"
"7148","8","4","JAGS","ECR","min_vol_60%HPD","permutations","alpha","0.9798"
"7149","9","4","JAGS","ECR","min_vol_60%HPD","permutations","alpha","0.9698"
"7150","10","4","JAGS","ECR","min_vol_60%HPD","permutations","alpha","0.9698"
"7151","11","4","JAGS","ECR","min_vol_60%HPD","permutations","alpha","0.9798"
"7152","12","4","JAGS","ECR","min_vol_60%HPD","permutations","alpha","0.9798"
"7153","13","4","JAGS","ECR","min_vol_60%HPD","permutations","alpha","0.9698"
"7154","14","4","JAGS","ECR","min_vol_60%HPD","permutations","alpha","0.9698"
"7155","15","4","JAGS","ECR","min_vol_60%HPD","permutations","alpha","0.9698"
"7156","16","4","JAGS","ECR","min_vol_60%HPD","permutations","alpha","0.9698"
"7157","17","4","JAGS","ECR","min_vol_60%HPD","permutations","alpha","0.9698"
"7158","18","4","JAGS","ECR","min_vol_60%HPD","permutations","alpha","0.9798"
"7159","19","4","JAGS","ECR","min_vol_60%HPD","permutations","alpha","0.9798"
"7160","20","4","JAGS","ECR","min_vol_60%HPD","permutations","alpha","0.9698"
"7161","1","5","JAGS","ECR","min_vol_60%HPD","permutations","alpha","0.9898"
"7162","2","5","JAGS","ECR","min_vol_60%HPD","permutations","alpha","0.9898"
"7163","3","5","JAGS","ECR","min_vol_60%HPD","permutations","alpha","0.9798"
"7164","4","5","JAGS","ECR","min_vol_60%HPD","permutations","alpha","0.9898"
"7165","5","5","JAGS","ECR","min_vol_60%HPD","permutations","alpha","0.9798"
"7166","6","5","JAGS","ECR","min_vol_60%HPD","permutations","alpha","0.9798"
"7167","7","5","JAGS","ECR","min_vol_60%HPD","permutations","alpha","0.9898"
"7168","8","5","JAGS","ECR","min_vol_60%HPD","permutations","alpha","0.9898"
"7169","9","5","JAGS","ECR","min_vol_60%HPD","permutations","alpha","0.9798"
"7170","10","5","JAGS","ECR","min_vol_60%HPD","permutations","alpha","0.9898"
"7171","11","5","JAGS","ECR","min_vol_60%HPD","permutations","alpha","0.9898"
"7172","12","5","JAGS","ECR","min_vol_60%HPD","permutations","alpha","0.9898"
"7173","13","5","JAGS","ECR","min_vol_60%HPD","permutations","alpha","0.9998"
"7174","14","5","JAGS","ECR","min_vol_60%HPD","permutations","alpha","0.9898"
"7175","15","5","JAGS","ECR","min_vol_60%HPD","permutations","alpha","0.9798"
"7176","16","5","JAGS","ECR","min_vol_60%HPD","permutations","alpha","0.9898"
"7177","17","5","JAGS","ECR","min_vol_60%HPD","permutations","alpha","0.9898"
"7178","18","5","JAGS","ECR","min_vol_60%HPD","permutations","alpha","0.9898"
"7179","19","5","JAGS","ECR","min_vol_60%HPD","permutations","alpha","0.9898"
"7180","20","5","JAGS","ECR","min_vol_60%HPD","permutations","alpha","0.9898"
"7181","1","6","JAGS","ECR","min_vol_60%HPD","permutations","alpha","0.9898"
"7182","2","6","JAGS","ECR","min_vol_60%HPD","permutations","alpha","0.9898"
"7183","3","6","JAGS","ECR","min_vol_60%HPD","permutations","alpha","0.9898"
"7184","4","6","JAGS","ECR","min_vol_60%HPD","permutations","alpha","0.9998"
"7185","5","6","JAGS","ECR","min_vol_60%HPD","permutations","alpha","0.9898"
"7186","6","6","JAGS","ECR","min_vol_60%HPD","permutations","alpha","0.9898"
"7187","7","6","JAGS","ECR","min_vol_60%HPD","permutations","alpha","0.9898"
"7188","8","6","JAGS","ECR","min_vol_60%HPD","permutations","alpha","0.9898"
"7189","9","6","JAGS","ECR","min_vol_60%HPD","permutations","alpha","0.9898"
"7190","10","6","JAGS","ECR","min_vol_60%HPD","permutations","alpha","0.9998"
"7191","11","6","JAGS","ECR","min_vol_60%HPD","permutations","alpha","0.9898"
"7192","12","6","JAGS","ECR","min_vol_60%HPD","permutations","alpha","0.9898"
"7193","13","6","JAGS","ECR","min_vol_60%HPD","permutations","alpha","0.9898"
"7194","14","6","JAGS","ECR","min_vol_60%HPD","permutations","alpha","0.9898"
"7195","15","6","JAGS","ECR","min_vol_60%HPD","permutations","alpha","0.9798"
"7196","16","6","JAGS","ECR","min_vol_60%HPD","permutations","alpha","0.9898"
"7197","17","6","JAGS","ECR","min_vol_60%HPD","permutations","alpha","0.9898"
"7198","18","6","JAGS","ECR","min_vol_60%HPD","permutations","alpha","0.9898"
"7199","19","6","JAGS","ECR","min_vol_60%HPD","permutations","alpha","0.9898"
"7200","20","6","JAGS","ECR","min_vol_60%HPD","permutations","alpha","0.9898"
